Price,Close,High,Low,Open,Volume
Ticker,CSCO,CSCO,CSCO,CSCO,CSCO
Date,,,,,
1995-01-03,1.2155427932739258,1.2511633471648547,1.2133166854067965,1.246710443534603,41986800
1995-01-04,1.2244484424591064,1.2378065476668285,1.2066381195906444,1.2244484424591064,54977400
1995-01-05,1.2155427932739258,1.246710443534603,1.2110905011067792,1.2333531084358342,47637000
1995-01-06,1.2155427932739258,1.2289008162686876,1.1977331660080104,1.2110905011067792,36253800
1995-01-09,1.242258071899414,1.2556154817547425,1.2110903491173364,1.2110903491173364,56772000
1995-01-10,1.2600688934326172,1.2823314305207945,1.2467107902895993,1.2511636951583638,79871400
1995-01-11,1.2689735889434814,1.273425880853157,1.2422581559619854,1.264520685570736,39054600
1995-01-12,1.2689735889434814,1.2823309997026946,1.260068470093944,1.2689735889434814,41499000
1995-01-13,1.277878761291504,1.2823309766883908,1.2600684474791912,1.2734258579986757,38547000
1995-01-16,1.304593801498413,1.3179518257250653,1.2778789759714315,1.2778789759714315,43995600
1995-01-17,1.3001413345336914,1.3134987462908199,1.2867833113134473,1.3045937032088817,33339600
1995-01-18,1.295688509941101,1.335761356758487,1.286783313974965,1.3045937059072372,46076400
1995-01-19,1.2734259366989136,1.3001412944191209,1.2734259366989136,1.2956884672839815,39724200
1995-01-20,1.2467106580734253,1.277879078026567,1.237806225072599,1.273426173630042,61133400
1995-01-23,1.2444840669631958,1.2467101743496722,1.1932800047292675,1.2244476482603455,64157400
1995-01-24,1.277878761291504,1.2867831920852777,1.2333530149771634,1.2422581336668785,70263000
1995-01-25,1.2444840669631958,1.2778785822094667,1.237805744803766,1.2778785822094667,74385000
1995-01-26,1.2066376209259033,1.2467104677627407,1.202185405105122,1.2467104677627407,61646400
1995-01-27,1.2066376209259033,1.2155428168963622,1.188827993313882,1.2155428168963622,51667200
1995-01-30,1.1598860025405884,1.2110900570561483,1.1532069934920908,1.2021849409567316,83066400
1995-01-31,1.1888281106948853,1.2066377400653714,1.1576604567511144,1.1665648892718716,65617200
1995-02-01,1.2199954986572266,1.2467102409465574,1.197732971378678,1.197732971378678,72684000
1995-02-02,1.2645206451416016,1.2689735483719793,1.2155426841172736,1.2155426841172736,49543200
1995-02-03,1.2689735889434814,1.3045936057443288,1.264520685570736,1.2823309997026946,66373200
1995-02-06,1.304593801498413,1.3179518257250653,1.268973779352787,1.268973779352787,55333800
1995-02-07,1.3134984970092773,1.3134984970092773,1.2778786371731763,1.309046282044827,41340600
1995-02-08,1.3001413345336914,1.3179517264291256,1.291236291451753,1.3134987462908199,46488600
1995-02-09,1.295688509941101,1.3513455643485597,1.2912362941224809,1.3045937059072372,85609800
1995-02-10,1.2489373683929443,1.3134988598876531,1.2467105723996512,1.3045938160355697,163787400
1995-02-13,1.2199954986572266,1.2556154352968785,1.2155425957505632,1.2378058109249932,117383400
1995-02-14,1.2289011478424072,1.2645210998809633,1.2155431212434735,1.2199960260751777,76197600
1995-02-15,1.2289011478424072,1.255615978113734,1.2155431212434735,1.2422585629780705,65197800
1995-02-16,1.2199954986572266,1.2422580259357754,1.2110903043069055,1.2333529080183299,82236600
1995-02-17,1.2021852731704712,1.215542683495793,1.1932801546102003,1.215542683495793,49010400
1995-02-21,1.1799228191375732,1.1977331338208583,1.1665647200689007,1.1888279382627727,73769400
1995-02-22,1.2088642120361328,1.2155426110693457,1.166564576555467,1.171017479518248,68263200
1995-02-23,1.2244484424591064,1.233353642109798,1.2066381195906444,1.215543319241336,91218600
1995-02-24,1.1977331638336182,1.2199956946893693,1.1843750644302187,1.2110904989081377,69784200
1995-02-27,1.1776968240737915,1.2155428769747794,1.1621126157059019,1.188828052071914,82679400
1995-02-28,1.2021852731704712,1.2110903917307418,1.1793661600436962,1.2021852731704712,60537600
1995-03-01,1.1732442378997803,1.20663800737145,1.171018052843528,1.193280667735193,70790400
1995-03-02,1.2066376209259033,1.2110905246426913,1.1710176778058539,1.1732438621491341,48956400
1995-03-03,1.2244484424591064,1.2378065476668285,1.197733684269165,1.2021859019299048,50562000
1995-03-06,1.2199954986572266,1.228900616574672,1.197732971378678,1.2199954986572266,36034200
1995-03-07,1.2244484424591064,1.2378065476668285,1.2066381195906444,1.2244484424591064,51096600
1995-03-08,1.2511632442474365,1.2689735579443153,1.2244478119185593,1.2244478119185593,60739200
1995-03-09,1.2333530187606812,1.260068451344663,1.2199956082002206,1.246710352888259,48924000
1995-03-10,1.2378060817718506,1.2511634176228237,1.2289008854729653,1.2333531778908382,43983000
1995-03-13,1.2133164405822754,1.2422579771359639,1.2110902567314603,1.2378057623000789,28551600
1995-03-14,1.222221851348877,1.246710491045409,1.2155428395969659,1.2244479593008406,39015000
1995-03-15,1.2467106580734253,1.2511635624699502,1.211090709515982,1.2199959068458215,81869400
1995-03-16,1.2556153535842896,1.268973373539089,1.2467101598134982,1.251163062430377,88036200
1995-03-17,1.2444840669631958,1.268973388334844,1.237805744803766,1.268973388334844,41711400
1995-03-20,1.2378060817718506,1.2467105137418113,1.224447981591953,1.2467105137418113,43050600
1995-03-21,1.2333530187606812,1.260068451344663,1.2199956082002206,1.2378059220671693,91911600
1995-03-22,1.2155427932739258,1.2333531084358342,1.2066375974765273,1.224447912638436,49687200
1995-03-23,1.2378060817718506,1.2422582977568308,1.2110905693080873,1.21554286172596,42674400
1995-03-24,1.295688509941101,1.3134987490075942,1.246710467157579,1.2511633708722056,137743200
1995-03-27,1.3535715341567993,1.3580245141014393,1.2956884509100506,1.3045936464704695,108478800
1995-03-28,1.3936448097229004,1.398097791043314,1.3535719523504823,1.358024933670896,98953200
1995-03-29,1.3268558979034424,1.4203595962602733,1.3090462738286726,1.3980971457860016,125359200
1995-03-30,1.3090466260910034,1.3357614515564467,1.2511634596663113,1.3268562549583156,117111600
1995-03-31,1.3580245971679688,1.3624768130560772,1.2600685865049583,1.286783334058534,108208800
1995-04-03,1.4114550352096558,1.415907251661148,1.3446667438658417,1.3491195717805375,118423800
1995-04-04,1.3802872896194458,1.4248125134683547,1.3669292638673496,1.4070021181971755,115441200
1995-04-05,1.3936448097229004,1.398097791043314,1.358024933670896,1.3802873944198535,118432800
1995-04-06,1.3891921043395996,1.393644319765671,1.3669288870885234,1.3847392774504657,56395800
1995-04-07,1.3980977535247803,1.4159073853412147,1.373608344175341,1.3891925554520248,67356000
1995-04-10,1.384739875793457,1.4025501209854006,1.3758346767645695,1.398097903635536,54775800
1995-04-11,1.4203599691390991,1.424812338110209,1.3891923162808082,1.3936445323861288,80593200
1995-04-12,1.4270381927490234,1.4292649884215676,1.3980973394286813,1.4248121614053295,61065000
1995-04-13,1.4248125553131104,1.4470750150255742,1.4203601856632675,1.4248125553131104,46753200
1995-04-17,1.4426226615905762,1.4648852720600491,1.433717464536989,1.4381704452282773,80112600
1995-04-18,1.4025495052337646,1.4515275433597448,1.3891920947192244,1.4515275433597448,63477000
1995-04-19,1.3758338689804077,1.3847390627808482,1.313498429571776,1.362476460444102,118823400
1995-04-20,1.39141845703125,1.4203599244942973,1.353571640442741,1.3758342489274753,40197600
1995-04-21,1.3891921043395996,1.4114547101276131,1.3758340822694946,1.3980972995205707,35251200
1995-04-24,1.3802872896194458,1.3936447039083106,1.3624770472140746,1.3802872896194458,29368800
1995-04-25,1.4248125553131104,1.4292653835603903,1.380287330156558,1.380287330156558,61664400
1995-04-26,1.45152747631073,1.4604325181529245,1.4203596769972917,1.4203596769972917,60633000
1995-04-27,1.4070019721984863,1.451527802890368,1.4025497560071989,1.4470748223701206,37785600
1995-04-28,1.4203599691390991,1.4292651656786857,1.3713820760674242,1.407001945031036,48749400
1995-05-01,1.4025495052337646,1.424812110867606,1.3980972898385255,1.4159069157483046,25718400
1995-05-02,1.460432529449463,1.464884897539242,1.3891920412950998,1.4025494512959544,52164000
1995-05-03,1.549483060836792,1.5628404678521692,1.4693373958187321,1.4737896100476502,162291600
1995-05-04,1.5183159112930298,1.5851035793947958,1.509410715631584,1.5628409724056158,79623000
1995-05-05,1.4826951026916504,1.5361253530216936,1.4737899081042212,1.5272201584342642,73762200
1995-05-08,1.531673789024353,1.5450312044194978,1.4737905346293751,1.482695733002506,51969600
1995-05-09,1.5361254215240479,1.5405782483149661,1.4916003637958726,1.5316732061961786,55674000
1995-05-10,1.531673789024353,1.5494840329047939,1.5005059768829467,1.5450312044194978,53127000
1995-05-11,1.5583884716033936,1.5650668703137764,1.5183156334891612,1.5316730423729108,83926800
1995-05-12,1.6029138565063477,1.6118190523825435,1.5405784025676441,1.5717462059698848,122729400
1995-05-15,1.6118193864822388,1.6207244313385043,1.589556774341575,1.5984619720636497,77889600
1995-05-16,1.6184978485107422,1.625176247715191,1.594008448461504,1.616271053024311,54441000
1995-05-17,1.6162714958190918,1.6207243236830673,1.6029140822877594,1.6162714958190918,56676600
1995-05-18,1.5672932863235474,1.642986766294984,1.5628410703781557,1.6118191145562712,66331800
1995-05-19,1.5873298645019531,1.5895566605869944,1.536125783809876,1.5539360251136494,51566400
1995-05-22,1.5672932863235474,1.598461702391178,1.5672932863235476,1.5895565061714765,43320600
1995-05-23,1.6964164972305298,1.705321690672304,1.571745776300253,1.5761979908568007,134636400
1995-05-24,1.6697026491165161,1.7142277249409867,1.6518924047745738,1.709775507803606,96859800
1995-05-25,1.6652495861053467,1.6697024140792183,1.6385347583833574,1.6652495861053467,55119600
1995-05-26,1.6340817213058472,1.6563443317509963,1.6296295049484129,1.6340817213058472,43209000
1995-05-30,1.5583884716033936,1.6385341478318587,1.5450304512566602,1.6340811686514556,67845600
1995-05-31,1.5583884716033936,1.5628406864550668,1.5049576131424278,1.5583884716033938,105800400
1995-06-01,1.6006873846054077,1.629628998488251,1.5583885143382716,1.5672929442857995,60739200
1995-06-02,1.6073658466339111,1.6429864722724026,1.5761982004728412,1.5895562217105683,50659200
1995-06-05,1.625177025794983,1.6607975158808745,1.6207246556165347,1.6251770257949831,57726000
1995-06-06,1.5940091609954834,1.6474394358299511,1.5940091609954834,1.6207246041443686,71470800
1995-06-07,1.5851032733917236,1.6029135084105883,1.571745864642628,1.5895560996614926,49568400
1995-06-08,1.6162714958190918,1.6340817372143999,1.5761986437618978,1.5806514716258733,35825400
1995-06-09,1.6296290159225464,1.6518916196870406,1.6118187800451993,1.6118187800451993,48643200
1995-06-12,1.6518914699554443,1.66524887813764,1.6385340617732487,1.6385340617732487,40267800
1995-06-13,1.714227318763733,1.7147839030987098,1.6518920133673465,1.6563442294497976,66385800
1995-06-14,1.7075477838516235,1.7275842023120065,1.6830591506721653,1.6964165591580986,45628200
1995-06-15,1.7253577709197998,1.7409418181782184,1.700868990558588,1.7097741822584993,48461400
1995-06-16,1.7409428358078003,1.745395204961731,1.7186803785749665,1.7320377917683487,38941200
1995-06-19,1.767657995223999,1.7810160223972349,1.7364903352138839,1.7364903352138839,40179600
1995-06-20,1.7854678630828857,1.7899206903530684,1.7453950163694822,1.7676574711968283,78431400
1995-06-21,1.745395541191101,1.7943734457088825,1.745395541191101,1.7810160299423554,45174600
1995-06-22,1.8032783269882202,1.8166357404041062,1.763205475277371,1.7676576916396698,60249600
1995-06-23,1.8478031158447266,1.8478031158447266,1.7810154473942132,1.794372858791696,50277600
1995-06-26,1.814408779144287,1.8745180309811902,1.798825340650539,1.8388981752084745,59212800
1995-06-27,1.7899209260940552,1.8522563887104566,1.7854680982374143,1.8077305559968306,56131200
1995-06-28,1.7587531805038452,1.794373049935351,1.7409427871907195,1.7810156371149841,62544600
1995-06-29,1.8210875988006592,1.8255399656586047,1.763204536661622,1.767656750653851,42341400
1995-06-30,1.8010516166687012,1.8344454461927515,1.794372606178686,1.821088036675734,38995200
1995-07-03,1.7943732738494873,1.8032784716173018,1.7810158593622913,1.8032784716173018,14263200
1995-07-05,1.8555963039398193,1.861162149822162,1.7832426004572308,1.8032790341702334,64576800
1995-07-06,1.8967812061309814,1.9056864020686153,1.856708359441854,1.8656135553794881,59810400
1995-07-07,1.9680224657058716,1.9769276650921235,1.8967819406767217,1.9012347696686045,81711000
1995-07-10,1.9546648263931274,1.9724752231391989,1.923497167117874,1.9724752231391989,66632400
1995-07-11,1.9190446138381958,1.945759439947191,1.9012342202128867,1.9413070708395541,88117200
1995-07-12,1.9613434076309204,1.9635695920842635,1.9101393308145844,1.927948959307117,50765400
1995-07-13,2.0303573608398438,2.0481669848024326,1.959116877734764,1.9635690926432265,59668200
1995-07-14,2.0615248680114746,2.0793352551165407,1.9947366042632968,2.00364179781583,66675600
1995-07-17,2.0526206493377686,2.0748831071044664,2.039263235824069,2.065978062851468,50389200
1995-07-18,1.9813791513442993,2.0526197809609843,1.9724741108586474,2.0526197809609843,69818400
1995-07-19,1.843351125717163,1.968021893628702,1.7008699642103595,1.9145916300376682,188251200
1995-07-20,1.827767252922058,1.8745191243295294,1.812183805338973,1.8522566632701523,95214600
1995-07-21,1.8967812061309814,1.9324018370157383,1.807730316815093,1.816635512752727,81149400
1995-07-24,1.9680224657058716,1.9724754475635922,1.8700671068471555,1.8967819406767217,81633600
1995-07-25,2.0169994831085205,2.043714914570983,1.9902846631090931,1.9902846631090931,72763200
1995-07-26,2.057072401046753,2.0659775961538966,2.0169995580947835,2.021452384947002,53908200
1995-07-27,2.088240623474121,2.0926936044173483,2.0659781646108892,2.0704309926883098,48387600
1995-07-28,1.9969638586044312,2.0926937852055514,1.9858326282111862,2.08824080387763,44438400
1995-07-31,1.9858312606811523,2.0214517237266825,1.9502112562327654,2.012546684398157,49611600
1995-08-01,1.9502109289169312,1.9947359652209338,1.9101381057985198,1.9947359652209338,60062400
1995-08-02,1.8967812061309814,2.012547530393993,1.8834237943889771,1.9591172719628613,96012000
1995-08-03,1.8611609935760498,1.8789713836031274,1.8255405192534198,1.8478029717570972,101089800
1995-08-04,1.9324026107788086,1.959118056423198,1.8789723309533897,1.8789723309533897,49966200
1995-08-07,1.9813791513442993,1.9902843446956857,1.9368534903188361,1.9413063162931308,51534000
1995-08-08,1.9813791513442993,1.9991895380470721,1.9680211320186185,1.9902843446956857,38498400
1995-08-09,2.0325839519500732,2.048167395147661,1.999190116892889,1.999190116892889,77592600
1995-08-10,2.0748822689056396,2.083787462426969,2.0303572184934144,2.0303572184934144,66528000
1995-08-11,2.0837881565093994,2.1372184182398715,2.0704307439425693,2.0926933529969327,83068200
1995-08-14,2.0971457958221436,2.1238612353074613,2.0793361652504188,2.0926935792614683,57425400
1995-08-15,2.092694044113159,2.1238617070824484,2.0837888446846664,2.1015990906758133,80821800
1995-08-16,2.212912082672119,2.226269496338636,2.101598569638737,2.101598569638737,127222200
1995-08-17,2.168386697769165,2.2262699566411928,2.1505770639744988,2.2129125402129026,115275600
1995-08-18,2.3548359870910645,2.364297613096243,2.2446356746162395,2.261889326832937,213526800
1995-08-21,2.2529845237731934,2.3598456479836747,2.2529845237731934,2.3553926680218815,87089400
1995-08-22,2.3509409427642822,2.3598461402165114,2.2218171847979122,2.2618900383026257,106225200
1995-08-23,2.3598456382751465,2.3865604606205424,2.34648761563936,2.350940442717061,78076800
1995-08-24,2.3687498569488525,2.3776550517078463,2.3064145636962046,2.359845426518651,74590200
1995-08-25,2.284151792526245,2.377654878457785,2.2752465984161363,2.3687496843476765,65682000
1995-08-28,2.230721950531006,2.2886044234089638,2.1906491047817247,2.2886044234089638,89424000
1995-08-29,2.239626407623291,2.239626407623291,2.1194079100239223,2.217363196345171,169023600
1995-08-30,2.2886054515838623,2.315320897906551,2.2440803701313703,2.2529855698608814,107731800
1995-08-31,2.3375823497772217,2.3687499982629348,2.288604310710995,2.3019623329450316,88002000
1995-09-01,2.3286776542663574,2.368750506642739,2.3197732213938744,2.3286776542663574,41205600
1995-09-05,2.426632881164551,2.426632881164551,2.328676817219301,2.333129796383913,68740200
1995-09-06,2.475611448287964,2.5023268848484053,2.435538599178877,2.4399915795810516,85811400
1995-09-07,2.502326488494873,2.5112316835597532,2.4756110561659956,2.488968466598907,72837000
1995-09-08,2.506779432296753,2.520137457259783,2.4466701543527036,2.5156844765405086,53834400
1995-09-11,2.5557568073272705,2.5780194133968166,2.5023265527603593,2.5112317480539454,55375200
1995-09-12,2.5423998832702637,2.5780199069348946,2.51123222880614,2.5691148628022877,60379200
1995-09-13,2.546851873397827,2.569114480415782,2.506779027899734,2.533494462052828,59259600
1995-09-14,2.569115161895752,2.5869252522343964,2.52013771919611,2.555757594141769,43869600
1995-09-15,2.4667060375213623,2.569114329520623,2.4667060375213623,2.5557567660943974,85521600
1995-09-18,2.4355390071868896,2.471159646190006,2.413276547299156,2.471159646190006,78346800
1995-09-19,2.569115161895752,2.5735678373462276,2.431086808905445,2.4399920069405816,102153600
1995-09-20,2.569115161895752,2.6314510895442655,2.560210575323874,2.6002832785858234,82429200
1995-09-21,2.515683889389038,2.573566969195347,2.493421436841423,2.5557567319988816,51084000
1995-09-22,2.533494472503662,2.542399515347578,2.462253824020785,2.4889686468209833,56413800
1995-09-25,2.4956471920013428,2.5579826331286615,2.4533483228281487,2.5379462140402826,61291800
1995-09-26,2.4800643920898438,2.5468520653105813,2.466706368275182,2.4978740204488927,51481800
1995-09-27,2.4221811294555664,2.457801150187469,2.3019625849660197,2.4488959539222632,142772400
1995-09-28,2.5245893001556396,2.5245893001556396,2.422181000771406,2.4399913923555987,100661400
1995-09-29,2.457801580429077,2.5429567034139318,2.4310867512859122,2.5334950740375515,85156200
1995-10-02,2.3509409427642822,2.497874331306087,2.3509409427642822,2.4578014778013735,96894000
1995-10-03,2.4221811294555664,2.4310863257207727,2.342035433129202,2.3509406293944077,100715400
1995-10-04,2.375429391860962,2.413276210423386,2.3553929667468014,2.3954658169751224,69229800
1995-10-05,2.484516143798828,2.4889683589743425,2.3553924260319743,2.3732028153916023,98805600
1995-10-06,2.388786554336548,2.542399538415402,2.382108154307453,2.4978738651945056,108603000
1995-10-09,2.295283794403076,2.355393072442906,2.2485319298843653,2.355393072442906,115506000
1995-10-10,2.3153202533721924,2.346488061584437,2.172839237485419,2.2173643065431086,200107800
1995-10-11,2.431086540222168,2.4355387565831417,2.319773182176346,2.3687504665972123,100897200
1995-10-12,2.531269073486328,2.5340516900478467,2.4355391453205115,2.4399921267212163,98620200
1995-10-13,2.5112314224243164,2.5735667113360723,2.5023262282854604,2.5646616700629643,77796000
1995-10-16,2.4667060375213623,2.5090049119381943,2.4622536692450523,2.493421470105344,43684200
1995-10-17,2.609187602996826,2.6136402777390435,2.4756114881066438,2.484516684725288,71947800
1995-10-18,2.6982386112213135,2.7472165095373824,2.635903298830069,2.6492607129052446,118002600
1995-10-19,2.751668691635132,2.7561210597904577,2.6403552075106695,2.680428049566215,105859800
1995-10-20,2.7205023765563965,2.796195428096256,2.7026922827507462,2.742765146679304,83730600
1995-10-23,2.684880495071411,2.7205009699978357,2.6670701047424332,2.6893328633550073,72860400
1995-10-24,2.684880495071411,2.7472157911624753,2.6759754527726876,2.7026908854003886,56923200
1995-10-25,2.6492602825164795,2.6893331296951453,2.6314505018867584,2.662618305884783,58255200
1995-10-26,2.6603920459747314,2.7205013184896636,2.5913777300203535,2.65371303409647,91818000
1995-10-27,2.7205023765563965,2.724954747141965,2.6492613898704165,2.6537140661876735,57375000
1995-10-30,2.8407199382781982,2.849624676220418,2.733858802729473,2.74721621537438,89449200
1995-10-31,2.7605745792388916,2.898602926036317,2.7605745792388916,2.8941505565172334,83694600
1995-11-01,2.8585293292999268,2.86298230912573,2.7338584291704273,2.756121188178689,77632200
1995-11-02,2.894151210784912,2.8986035813105224,2.8095528077497836,2.871888746693491,81669600
1995-11-03,3.001011371612549,3.009916109660826,2.894150234791079,2.9030555843025194,109521000
1995-11-06,2.9809749126434326,3.0544415994214504,2.956485813229708,2.9787482695594107,78199200
1995-11-07,2.9698431491851807,2.980974835659924,2.8451722351784676,2.9609384114685264,114705000
1995-11-08,2.9921064376831055,3.027726308378686,2.947580605685953,2.9921064376831055,83431800
1995-11-09,3.0856096744537354,3.098967088270993,3.018821382441026,3.0277264268963995,90444600
1995-11-10,3.1301352977752686,3.183566182816485,3.027726814820106,3.027726814820106,197380800
1995-11-13,3.0410845279693604,3.143493000355875,3.0410845279693604,3.1167775605923245,87589800
1995-11-14,2.8852453231811523,3.0188212917295862,2.876340278993363,3.0188212917295862,115776000
1995-11-15,2.8451714515686035,2.925317126260677,2.7650257768765303,2.903054676637368,158531400
1995-11-16,2.90305495262146,2.9564852036746267,2.8362666802077285,2.8407193539945834,128300400
1995-11-17,2.8496251106262207,2.9342234970211076,2.840720371326535,2.9075080561955513,76438800
1995-11-20,2.8229100704193115,2.9386756471797573,2.7850632496985095,2.86743498651865,102452400
1995-11-21,2.80955171585083,2.8763399993636733,2.6893331724055907,2.8229097394312777,128356200
1995-11-22,2.6982386112213135,2.8629830068873834,2.6982386112213135,2.8273622169148793,85557600
1995-11-24,2.8050990104675293,2.8050990104675293,2.693785523701029,2.7026908716860945,33019200
1995-11-27,2.778383731842041,2.8941498990121945,2.778383731842041,2.836266968292891,80699400
1995-11-28,2.9921064376831055,2.9921064376831055,2.778384156193693,2.782837136844479,90514800
1995-11-29,3.0366311073303223,3.0767039514069223,2.983200852382547,3.0054633057450175,124893000
1995-11-30,2.9965591430664062,3.0410846743274598,2.9609389626428655,3.0321796292215746,96620400
1995-12-01,2.920865058898926,3.04998831947528,2.885244585523106,3.04998831947528,101660400
1995-12-04,3.0366311073303223,3.0544411923129138,2.9030551642293463,2.9297699859716966,107447400
1995-12-05,2.925316333770752,3.054439851823963,2.869659460461625,3.0366297746576034,104324400
1995-12-06,2.842945098876953,2.9787470351240852,2.778382871069485,2.943127180904253,123152400
1995-12-07,2.827361583709717,2.8585293857909218,2.729405809015382,2.8585293857909218,107105400
1995-12-08,2.8451714515686035,2.880791921282573,2.7739308178721513,2.836266410572983,89983800
1995-12-11,2.8451714515686035,2.8763392479190197,2.8229090019452947,2.8585288601962917,60426000
1995-12-12,2.7605745792388916,2.87634046697767,2.7605745792388916,2.858530071706491,85159800
1995-12-13,2.747215509414673,2.8056551683463664,2.724953058816813,2.7783833071294763,101739600
1995-12-14,2.5958304405212402,2.7650268996024168,2.5830294580004756,2.747216504647864,187308000
1995-12-15,2.6359028816223145,2.671523360225238,2.5357206103913756,2.600282708750953,173307600
1995-12-18,2.5245893001556396,2.6269974466740966,2.4756112583293266,2.6269974466740966,183751200
1995-12-19,2.787289619445801,2.805100016069261,2.5424002582199763,2.555757673523023,147870000
1995-12-20,2.6359028816223145,2.8407197928273304,2.6269975326729114,2.83181474960949,145337400
1995-12-21,2.684880495071411,2.698237905653731,2.6359026095626663,2.6804281267878145,122274000
1995-12-22,2.7294058799743652,2.7338585542723877,2.6492601884623683,2.680428297085423,80848800
1995-12-26,2.7561211585998535,2.796194002092046,2.6759754716154687,2.7294057257840363,58204800
1995-12-27,2.733858346939087,2.78728860007395,2.7205009365211343,2.75612110527771,66178800
1995-12-28,2.684880495071411,2.711595927699112,2.6670701047424332,2.698237905653731,69967800
1995-12-29,2.6581647396087646,2.698237577951927,2.6492596983915613,2.6804278012490137,65304000
1996-01-02,2.7205023765563965,2.73385979404479,2.609188525941858,2.6537140661876735,88333200
1996-01-03,2.613640785217285,2.7115968969815154,2.5735679276828947,2.693786500286066,100152000
1996-01-04,2.515683889389038,2.6180921800221033,2.4266331620039994,2.6136398118051907,213451200
1996-01-05,2.546851873397827,2.5780195232229643,2.4355383797107297,2.47115900953678,157420800
1996-01-08,2.5223629474639893,2.560209759538637,2.511231720982098,2.5513045643410512,26875800
1996-01-09,2.3286776542663574,2.5156845025105374,2.324225437830116,2.511232286074296,172508400
1996-01-10,2.3776557445526123,2.457801450677568,2.275247427207282,2.279700408048766,219997800
1996-01-11,2.515683889389038,2.520136869069003,2.444443399200465,2.453348594231579,116902800
1996-01-12,2.515683889389038,2.586924379577611,2.4399911838493153,2.551304516647732,140331600
1996-01-15,2.39546537399292,2.5290413128980265,2.319772668060322,2.5201368821495103,128728800
1996-01-16,2.439990997314453,2.4578006216863386,2.3153194993359683,2.4266329764903443,173880000
1996-01-17,2.484516143798828,2.564661825856855,2.3821078572056593,2.4043704617408017,169282800
1996-01-18,2.5245893001556396,2.564662146189856,2.4889686698530307,2.529041515887247,98676000
1996-01-19,2.6982386112213135,2.7071436558486344,2.506779540270698,2.542400024511591,142225200
1996-01-22,2.771705389022827,2.7917418120483823,2.653712882303351,2.698238096953722,109879200
1996-01-23,2.7739317417144775,2.800647179330252,2.7427642407153874,2.756121653791687,81111600
1996-01-24,2.8763391971588135,2.8807918704437885,2.7516683196887657,2.773930768919198,103264200
1996-01-25,2.8229100704193115,2.940902290435807,2.8050996759553333,2.916413189130088,126628200
1996-01-26,2.8896968364715576,2.8896968364715576,2.7694783169481294,2.809551156789272,85789800
1996-01-29,2.8896968364715576,2.9208649404941185,2.8629820175528025,2.898601878021644,50391000
1996-01-30,2.9297707080841064,2.9520337783969213,2.894150529339474,2.911960924443403,64378800
1996-01-31,2.965390205383301,3.0010106780015073,2.8986019338734805,2.934222406491687,95049000
1996-02-01,3.0544400215148926,3.058892388188134,2.956484285926533,2.9653893250044363,79887600
1996-02-02,3.009915590286255,3.0633464552088334,3.00101085377453,3.0588934754899135,80098200
1996-02-05,3.125681161880493,3.125681161880493,3.009915023071139,3.014367696219429,111420000
1996-02-06,3.188018321990967,3.188018321990967,3.11677795554501,3.134588047156499,98733600
1996-02-07,3.1590769290924072,3.196923756918602,3.1167780368446865,3.1880184051489144,84555000
1996-02-08,3.165755271911621,3.2102804926642743,3.1301347895779044,3.174660316062152,88594200
1996-02-09,3.250354051589966,3.3394048182072034,3.205828821147178,3.2414493112330693,182057400
1996-02-12,3.2058277130126953,3.299330817487862,3.1969226700022775,3.2726159941881634,85701600
1996-02-13,3.2147319316864014,3.232542318871769,3.125681218685469,3.156849014095517,120457800
1996-02-14,3.152397632598877,3.2236382864284376,3.0856093476596547,3.2191853060749547,126838800
1996-02-15,3.1679818630218506,3.2058286895087216,3.1256829722710036,3.1434933694484455,82531800
1996-02-16,3.1702065467834473,3.2108364272664485,3.143491729285256,3.1702065467834477,62105400
1996-02-20,3.250354051589966,3.2770694955873,3.1078727027097224,3.1078727027097224,54397800
1996-02-21,3.361668348312378,3.3750257663924144,3.2325447039045785,3.3215954826088643,70398000
1996-02-22,3.521958589553833,3.5531263971497,3.366119551574497,3.428454861034635,95496300
1996-02-23,3.5353169441223145,3.6332730679564844,3.437361126019822,3.588747223597304,105448500
1996-02-26,3.562030792236328,3.597650962579498,3.4551696697437366,3.517505273575825,56470500
1996-02-27,3.4729788303375244,3.5976496881052724,3.446263406312596,3.588744342942675,55198800
1996-02-28,3.4017398357391357,3.562031233608216,3.3839297483607,3.5175057094305475,57553200
1996-02-29,3.383930206298828,3.455170565453337,3.2859741009981382,3.357214765884267,73582200
1996-03-01,3.241447687149048,3.3750236172826393,3.001010646030774,3.3483081866707147,169594200
1996-03-04,3.1434922218322754,3.2859732071137637,3.0722515763257627,3.2770681646418915,92493900
1996-03-05,3.34830904006958,3.3483090400695805,3.1167772872980612,3.125682331194536,78426900
1996-03-06,3.277068853378296,3.401740085649534,3.268163503303264,3.3750246468876393,50992200
1996-03-07,3.241447687149048,3.2948779369098813,3.16130200677629,3.285972895283076,47701800
1996-03-08,3.134587287902832,3.2058279428246665,2.983201240141958,3.063346938712575,116209800
1996-03-11,3.2681634426116943,3.2770687925213493,3.14349282411886,3.179112695099503,62648100
1996-03-12,3.232543468475342,3.285973731838653,3.143492723804904,3.232543468475342,62693100
1996-03-13,3.285973072052002,3.3483083667929683,3.2414478615227402,3.285973072052002,59913900
1996-03-14,3.272615671157837,3.383929156397966,3.2503526072319806,3.303783471483595,61593300
1996-03-15,3.383930206298828,3.3928352511931417,3.2592586605835776,3.2859741009981382,64646100
1996-03-18,3.4640748500823975,3.481884934390342,3.4106439856955113,3.4640748500823975,40056300
1996-03-19,3.4551689624786377,3.5085992070563448,3.3483078618602664,3.5085992070563448,54537300
1996-03-20,3.277068853378296,3.4462653073666893,3.1613029711820904,3.4373602630232583,87156000
1996-03-21,3.188018321990967,3.2770693915117155,3.1523984444996396,3.263711975668924,98397000
1996-03-22,3.188018321990967,3.259258994168575,3.1256830013507546,3.223639116677248,54128700
1996-03-25,3.081157684326172,3.2681639466376824,3.0544422419402624,3.232544070163636,77742000
1996-03-26,3.058894395828247,3.0633473768869486,2.8852455612412875,3.018821540811007,146252700
1996-03-27,3.2013747692108154,3.2102795048898436,3.0722512101608994,3.1167764172135426,81568800
1996-03-28,3.285973072052002,3.3215935462069353,3.1523971347326927,3.1791119553187257,67271400
1996-03-29,3.3037829399108887,3.368344255677294,3.2948775934807903,3.2948775934807903,53283600
1996-04-01,3.3661179542541504,3.3928333799342782,3.3126877143567985,3.3215927543396906,46024200
1996-04-02,3.4106435775756836,3.428453659752462,3.3839287600420045,3.401738842218783,46604700
1996-04-03,3.4818856716156006,3.490790409923462,3.339404049789602,3.4017399695289448,51848100
1996-04-04,3.4551689624786377,3.5353146350766766,3.428453534458306,3.464074308973067,52729200
1996-04-08,3.3037829399108887,3.4017386933272107,3.250352084256203,3.268162165653447,85417200
1996-04-09,3.2592573165893555,3.3572133814966754,3.223637457432001,3.3572133814966754,53234100
1996-04-10,3.294879674911499,3.39283579593982,3.2414493969669627,3.2414493969669627,58110300
1996-04-11,3.392833948135376,3.392833948135376,3.1791117298279,3.25480504095609,65956500
1996-04-12,3.2592573165893555,3.379475831686458,3.241447539876425,3.3572133814966754,61629300
1996-04-15,3.1568503379821777,3.259258502154647,3.116777485039853,3.2325436745019043,96246900
1996-04-16,3.285973072052002,3.3394033246871158,3.1523971347326927,3.170206913212873,81981000
1996-04-17,3.2681634426116943,3.303784230787124,3.2280905909446287,3.259258398433635,50190300
1996-04-18,3.285973072052002,3.357213714630345,3.2637106196531334,3.2770680299461494,44187300
1996-04-19,3.4017398357391357,3.419549617385993,3.2592582195169126,3.294878700005363,78776100
1996-04-22,3.339404344558716,3.4551705387534475,3.312689515813834,3.3839301801494495,132106500
1996-04-23,3.4640748500823975,3.4907896708127883,3.339403342732206,3.357213732771677,107806500
1996-04-24,3.664438486099243,3.677795894362006,3.464074304843029,3.5085992028732225,130923000
1996-04-25,3.651080369949341,3.6956058782665813,3.597650126846416,3.6867008377494273,83741400
1996-04-26,3.7312283515930176,3.7401333976262796,3.624367799193876,3.6421778912603995,54455400
1996-04-29,3.704512357711792,3.72232244419414,3.6777969222567073,3.7134174009529657,42867900
1996-04-30,3.695606231689453,3.7134166201584966,3.6599857604828654,3.686701190320681,29516400
1996-05-01,3.7223219871520996,3.740131765716126,3.6688911228023917,3.6956065549772457,48959100
1996-05-02,3.579841136932373,3.7223227579974867,3.5620313546801685,3.7223227579974867,55278000
1996-05-03,3.6065566539764404,3.7134177956931023,3.570936171493688,3.6332720922714037,51748200
1996-05-06,3.659987211227417,3.668892256125968,3.5709364565102857,3.659987211227417,54355500
1996-05-07,3.7223219871520996,3.740131765716126,3.642176302090589,3.68670151282947,59258700
1996-05-08,3.757941484451294,3.757941484451294,3.5976501429615775,3.704511241109036,68562000
1996-05-09,3.757941484451294,3.855897236310238,3.722321322223122,3.811371727793552,100045800
1996-05-10,3.918234348297119,3.9282525610326138,3.8469936904300885,3.900423954531669,126325800
1996-05-13,3.909329652786255,3.953855491785613,3.8737097764890347,3.918235004025111,56826000
1996-05-14,3.9983813762664795,4.007286423236818,3.891520201159037,3.9449510944444497,81181800
1996-05-15,3.9449493885040283,4.069619992176635,3.936044039652997,3.980569255250357,72589500
1996-05-16,3.980569362640381,3.998379755091382,3.8826138856834915,3.9271391024820774,55481400
1996-05-17,3.9894745349884033,4.0340003646897395,3.962759709777071,4.025095321042103,47204100
1996-05-20,4.007285118103027,4.025095511974723,3.9805696801612793,4.025095511974723,44971200
1996-05-21,3.927138566970825,4.016189294156456,3.9182335248254145,4.007284252011046,43886700
1996-05-22,3.9716625213623047,3.98056756069083,3.891516861674148,3.9093269403311983,41186700
1996-05-23,4.078524112701416,4.087429153138963,3.9716630159879163,3.9983784430320246,53501400
1996-05-24,4.0607147216796875,4.123050631488645,4.0607147216796875,4.114145588867805,38832300
1996-05-28,3.980569362640381,4.096335537779838,3.9727777936486413,4.078525451060404,45069300
1996-05-29,3.8915178775787354,3.9983789888806447,3.873708100003762,3.989473641495895,54611100
1996-05-30,3.8737101554870605,3.927140433757891,3.864805109108589,3.8915199425123332,45036000
1996-05-31,3.900421380996704,3.9360418392932983,3.8737065723041875,3.8915163428554025,38554200
1996-06-03,3.9716625213623047,3.9794543925583357,3.8636888812875063,3.900421901002673,46866600
1996-06-04,3.9716625213623047,3.989472600019355,3.936042364048203,3.9716625213623047,38531700
1996-06-05,4.069619655609131,4.069619655609131,3.918233629366543,3.980568926047565,42633900
1996-06-06,3.9627583026885986,4.105239561921969,3.9627583026885986,4.096334215704848,52195500
1996-06-07,3.980569362640381,3.989474406000098,3.8469934065130555,3.8648037989640573,47823300
1996-06-10,3.9894745349884033,4.0161899716628895,3.9716644476931307,3.9894745349884033,23925600
1996-06-11,4.056262969970703,4.060715339092313,3.971664593612635,3.9894746815622533,34408800
1996-06-12,4.051810264587402,4.105241139496835,4.034000482503568,4.069620352402822,36498600
1996-06-13,3.980569362640381,4.078525451060404,3.9716643192806633,4.06962010196912,32416200
1996-06-14,3.9360454082489014,3.9805706393280564,3.9004249176539125,3.971665593112226,45841500
1996-06-17,3.8737101554870605,3.9538558786249767,3.8737101554870605,3.944950832246505,34146000
1996-06-18,3.7668492794036865,3.9182356910331246,3.7312287853976276,3.8826155027587603,60992100
1996-06-19,3.8024675846099854,3.846992794323066,3.7401316795486355,3.7846575007247534,70388100
1996-06-20,3.7312283515930176,3.829184163690557,3.5442220791628603,3.829184163690557,111562200
1996-06-21,3.909329652786255,3.918235004025111,3.713418345895879,3.7846590156852415,67581900
1996-06-24,3.846994161605835,3.930479074139044,3.8380891164982245,3.9093294773591087,41436000
1996-06-25,3.8737101554870605,3.900424988890805,3.8069218490510166,3.851447080943375,56159100
1996-06-26,3.8024675846099854,3.900423045978763,3.722321901394922,3.8826132678250493,63302400
1996-06-27,3.909329652786255,3.9360450950395416,3.7846590156852415,3.8113738464752465,58834800
1996-06-28,4.033999919891357,4.0696197848227955,3.9271387964393267,3.936043839105072,58209300
1996-07-01,4.158670902252197,4.2121011592656235,4.033999996822655,4.042905039658226,59900400
1996-07-02,4.185388088226318,4.212102922182603,4.131957197387039,4.194293134788972,54066600
1996-07-03,4.08743143081665,4.194292587077393,4.078526385416861,4.194292587077393,44220600
1996-07-05,3.9894745349884033,4.060715189901072,3.953854666129435,4.0429054083373765,35375400
1996-07-08,4.051810264587402,4.069620352402822,3.9894746515018453,4.007285045048851,51425100
1996-07-09,4.096334934234619,4.176480618395147,4.0740724819812115,4.149765186520623,87405300
1996-07-10,4.123049736022949,4.158669898770131,4.025093982736726,4.096334308231088,73458900
1996-07-11,3.900421380996704,4.096333137299502,3.7401300829905,4.060712679002908,154605600
1996-07-12,3.9449493885040283,3.980569255250357,3.749037216949409,3.971664212130885,122734800
1996-07-15,3.695606231689453,3.936043265840802,3.597650470901459,3.900422794634214,113103000
1996-07-16,3.686702251434326,3.731227471093521,3.3126891833707424,3.6688918578390615,204732900
1996-07-17,3.811373233795166,3.8648041097127006,3.704512704886465,3.811373233795166,107568900
1996-07-18,3.838088274002075,3.8915185329192985,3.7401321878573794,3.8202778819647745,77853600
1996-07-19,3.686702251434326,3.8380886097387625,3.6332719878432926,3.8024684340114066,75823200
1996-07-22,3.6065566539764404,3.6777973132103496,3.5442213446619157,3.6777973132103496,67159800
1996-07-23,3.3572142124176025,3.642176824983493,3.3304987764073197,3.642176824983493,117464400
1996-07-24,3.499695062637329,3.5620309754064543,3.188017333181042,3.1969226819563143,153629100
1996-07-25,3.521958589553833,3.6243670565500254,3.4907904762263695,3.5787280553013536,87380100
1996-07-26,3.659987211227417,3.677797606756139,3.5531266724448036,3.5709364565102857,67193100
1996-07-29,3.562030792236328,3.7579423405868444,3.5531257496505355,3.668891303265838,61980300
1996-07-30,3.6421751976013184,3.6510799313172093,3.562029536843972,3.633270158153995,63706500
1996-07-31,3.686702251434326,3.71341768896143,3.588746156720924,3.6688918578390615,53019900
1996-08-01,3.829183340072632,3.882614216243089,3.704512722422333,3.7223228106580897,69657300
1996-08-02,3.980569362640381,4.0250951909021015,3.8648037989640573,3.909328710031076,80790300
1996-08-05,3.958305835723877,4.060713959507902,3.9360430804845947,4.025094101441724,42917400
1996-08-06,4.078524112701416,4.078524112701416,3.8826126116124446,3.918232773362633,53190000
1996-08-07,4.08743143081665,4.1319566578155955,4.016190761886701,4.123051918147444,63046800
1996-08-08,4.176482200622559,4.185387551775471,4.016190771576356,4.07852639525691,77878800
1996-08-09,4.158670902252197,4.2299112449367655,4.0963352966716515,4.131955468013936,44862300
1996-08-12,4.167576313018799,4.212101531127526,4.123051094910072,4.149765920043731,42203700
1996-08-13,4.051810264587402,4.150879222008712,3.9983800011411414,4.131955965488379,72036900
1996-08-14,4.033999919891357,4.078525133220085,3.998379443496833,4.06071474215705,51336000
1996-08-15,4.114144802093506,4.167575047600732,4.042904169019055,4.051808904205442,89188200
1996-08-16,3.9894745349884033,4.225459567442866,3.9716644476931307,4.105241019602408,109000800
1996-08-19,3.9894745349884033,4.060715189901072,3.962759709777071,4.0161899716628895,40266900
1996-08-20,3.918234348297119,4.016190138214939,3.900423954531669,4.016190138214939,52268400
1996-08-21,4.007285118103027,4.016190162173079,3.864804107250602,3.891518933729167,55157400
1996-08-22,4.105241298675537,4.123051387181534,4.002832831168654,4.0518104216943485,46675800
1996-08-23,4.051810264587402,4.158671402943096,4.016190088956561,4.105241139496835,38758500
1996-08-26,3.927138566970825,4.042904726324214,3.909328176948478,4.042904726324214,44099100
1996-08-27,3.918234348297119,3.998380050181079,3.8737091282124685,3.9538548300964287,41435100
1996-08-28,3.88261342048645,3.989473927999518,3.855897987876653,3.9360436742429843,49484700
1996-08-29,3.846994161605835,3.927139873305957,3.8202787205513764,3.855899206713446,51148800
1996-08-30,3.757941484451294,3.8648025825987524,3.7312260570486937,3.855897236310238,41520600
1996-09-03,3.829183340072632,3.846993734039982,3.633272063747712,3.704512722422333,63783000
1996-09-04,3.8737101554870605,3.8915199425123332,3.8380896642415028,3.8558997569984466,42063300
1996-09-05,3.695606231689453,3.8648029348906237,3.686701190320681,3.838087505052808,52979400
1996-09-06,3.8024675846099854,3.864803183939817,3.6956064698355546,3.7490367214912514,76297500
1996-09-09,3.8737101554870605,3.8915199425123332,3.811374219374417,3.820279265752889,33679800
1996-09-10,3.8737101554870605,3.9360454801363627,3.7846593859706728,3.864805109108589,49743000
1996-09-11,3.8737101554870605,3.8915199425123332,3.7846593859706728,3.811374219374417,46509300
1996-09-12,4.002832412719727,4.069620084769555,3.8558984335764666,3.909328693508956,61961400
1996-09-13,4.203197956085205,4.212102696438941,4.0696213476092735,4.096336791597125,94146300
1996-09-16,4.256628036499023,4.327868707631871,4.194292716772972,4.203197762448123,84052800
1996-09-17,4.247722625732422,4.345678731203046,4.203197401183611,4.336773380561663,82590300
1996-09-18,4.265532970428467,4.354583724196016,4.203197351071697,4.23881753028607,60391800
1996-09-19,4.274436950683594,4.3278672061983485,4.231024294831217,4.247721517194676,47973600
1996-09-20,4.327867031097412,4.354582463505452,4.2566263875618535,4.283341819969893,70929000
1996-09-23,4.323415756225586,4.328981294374706,4.256627464046512,4.310057730911844,40231800
1996-09-24,4.310055732727051,4.345676505586337,4.2388154099343325,4.283340917411245,61106400
1996-09-25,4.501516342163086,4.523779408940755,4.3902028426641255,4.3991081916678185,86429700
1996-09-26,4.514875411987305,4.630641001353564,4.443634743568741,4.514875411987305,78279300
1996-09-27,4.488158702850342,4.550494002598725,4.4614432686551995,4.523779179866681,39957300
1996-09-30,4.4213690757751465,4.541587575824588,4.416916708587087,4.48815733517914,39687300
1996-10-01,4.425824165344238,4.46144403703215,4.3011526271811364,4.40801377090288,49250700
1996-10-02,4.550493240356445,4.595019058467117,4.416917314681917,4.452537480000058,75239100
1996-10-03,4.603924751281738,4.666260355140874,4.549381021472109,4.550493884280718,74070000
1996-10-04,4.773120880126953,4.773120880126953,4.639544935161289,4.648449977776896,48928500
1996-10-07,4.701880931854248,4.76421685088552,4.675166105770936,4.728596369400734,60885900
1996-10-08,4.577211380004883,4.764218275836656,4.559401286801384,4.755313229234907,64857600
1996-10-09,4.586114406585693,4.64844970118589,4.5593989745969425,4.630639311282882,48204900
1996-10-10,4.630640506744385,4.701881167553572,4.577210240436195,4.577210240436195,37547100
1996-10-11,4.6840691566467285,4.701878931213716,4.617280896930378,4.675164116497506,33294600
1996-10-14,4.648449897766113,4.719690543196301,4.6395448553037815,4.718577374672067,27783900
1996-10-15,4.692976951599121,4.737502487114108,4.648451721815791,4.719692395200775,61940700
1996-10-16,4.657355785369873,4.692975961682971,4.630640347403458,4.6840712233362884,42397200
1996-10-17,4.56830358505249,4.701879509449403,4.559398543808129,4.6840697326921745,47932200
1996-10-18,4.514875411987305,4.586116080405868,4.488159970248072,4.586116080405868,61594200
1996-10-21,4.323415756225586,4.514874976822037,4.18538710822607,4.514874976822037,105988500
1996-10-22,4.3634867668151855,4.381296542518745,4.256625666742012,4.318961257496118,114825600
1996-10-23,4.479252338409424,4.488157378603157,4.265530762296913,4.336771083846777,71862300
1996-10-24,4.274436950683594,4.523779060280406,4.265531908097802,4.5059689751088206,91938600
1996-10-25,4.221004486083984,4.318960528915081,4.212099446868689,4.301150144753065,71169300
1996-10-28,4.123049736022949,4.265530998474626,4.1096917163955435,4.256625652056354,82887300
1996-10-29,4.105241298675537,4.2031970911901215,4.087430904437942,4.1853870026841244,70162200
1996-10-30,4.140860080718994,4.1664623437269395,4.087429829255618,4.140860080718994,82447200
1996-10-31,4.408013820648193,4.408013820648193,4.1497663085159395,4.1497663085159395,78299100
1996-11-01,4.292247772216797,4.461444233888289,4.221007108502755,4.452539189140486,72919800
1996-11-04,4.318962574005127,4.346790872946446,4.238816877385921,4.292247137977679,50563800
1996-11-05,4.399106979370117,4.505968080650212,4.3234139795505735,4.363486816097739,75245400
1996-11-06,4.3634867668151855,4.452537173990368,4.292245829612086,4.345676685380148,130768200
1996-11-07,4.595020294189453,4.6306401633552206,4.372392978154712,4.381298021879049,98931600
1996-11-08,4.612828731536865,4.621733772665904,4.488157849998837,4.612828731536865,65126700
1996-11-11,4.7375006675720215,4.746406015840048,4.603924723793174,4.603924723793174,49072500
1996-11-12,4.630640506744385,4.77312182836276,4.612830417974989,4.764217089709664,64980000
1996-11-13,4.710785865783691,4.710785865783691,4.586115253558874,4.639545515940938,51010200
1996-11-14,4.648449897766113,4.737500628120964,4.630639507109914,4.692975110077771,55894500
1996-11-15,4.612828731536865,4.710784489687779,4.514873279117443,4.684069672032154,70366500
1996-11-18,4.514875411987305,4.612830910681832,4.461444528508838,4.6039261710776005,53246700
1996-11-19,4.630640506744385,4.648450901245384,4.49706453524231,4.514874929743309,55745100
1996-11-20,4.7375006675720215,4.7375006675720215,4.586114638720199,4.64844993647561,51251400
1996-11-21,4.701880931854248,4.75531180694722,4.666261061832636,4.74640676300892,47608200
1996-11-22,4.817647933959961,4.871078206677835,4.692976686154977,4.710786777060935,62998200
1996-11-25,4.7998366355896,4.835457114172337,4.728595984155687,4.835457114172337,42967800
1996-11-26,4.79093074798584,4.8354565705067545,4.657354809080733,4.808741138140511,60537600
1996-11-27,4.844362258911133,4.87998243250882,4.719691039856091,4.799836736182455,46224900
1996-11-29,4.835456371307373,4.862171191110029,4.817645981886411,4.8532661492653055,10527300
1996-12-02,4.888887405395508,4.90669779766904,4.764216493870171,4.844362189040589,46579500
1996-12-03,4.666260719299316,4.90669780517855,4.6484503269985264,4.897792456162373,57721500
1996-12-04,4.505969047546387,4.6929752505858655,4.4881586563569424,4.6929752505858655,104238900
1996-12-05,4.586114406585693,4.652902069363,4.505968722082488,4.514873764168231,77749200
1996-12-06,4.630640506744385,4.737501650823967,4.416918830048424,4.416918830048424,84043800
1996-12-09,4.826551914215088,4.835456957138687,4.648450138548461,4.6573551814720595,50112900
1996-12-10,4.7998366355896,4.897792416661893,4.782026243432449,4.8888873734491,41574600
1996-12-11,4.844362258911133,4.862172039978407,4.65735543032857,4.692975603926257,70680600
1996-12-12,4.6840691566467285,4.924506157870093,4.648448690318384,4.90669607757165,46829700
1996-12-13,4.612828731536865,4.719689836548308,4.559398484762635,4.630638813794942,54043200
1996-12-16,4.514875411987305,4.692976624436262,4.488159970248072,4.657356443092797,41433300
1996-12-17,4.470349311828613,4.559400371431084,4.443634483118459,4.488159707188077,77564700
1996-12-18,4.559399604797363,4.621734908013548,4.505969344897776,4.514874388214373,57981600
1996-12-19,4.630640506744385,4.675166340131081,4.568305196051497,4.630640506744385,57612600
1996-12-20,4.630640506744385,4.719691562054571,4.595020634937194,4.719691562054571,73972800
1996-12-23,4.586114406585693,4.64844970118589,4.568304016682685,4.639544659100148,29162700
1996-12-24,4.630640506744385,4.630640506744385,4.523779974128007,4.595020634937194,16137000
1996-12-26,4.746405601501465,4.755310643260585,4.657354572447245,4.666259919937877,25933500
1996-12-27,4.67516565322876,4.773121127068256,4.67516565322876,4.7553113466471775,21191400
1996-12-30,4.621733665466309,4.737499808921632,4.621733665466309,4.701879339500192,25242300
1996-12-31,4.532684803009033,4.639545949215801,4.528232433593856,4.63064059892223,24205500
1997-01-02,4.479252338409424,4.550492659959288,4.434727137440758,4.532682579571822,54883800
1997-01-03,4.67516565322876,4.684070696305078,4.5148742663919235,4.5237793094682415,45387000
1997-01-06,4.808741092681885,4.826551482668188,4.701879975690159,4.710785017817549,60080400
1997-01-07,4.8621721267700195,4.8621721267700195,4.746406560511077,4.799836821861358,49252500
1997-01-08,4.719690322875977,4.897791775271706,4.719690322875977,4.897791775271706,50837400
1997-01-09,4.773120880126953,4.826551747283686,4.706333213375663,4.773120880126953,40568400
1997-01-10,4.888887405395508,4.90669779766904,4.719690971783687,4.719690971783687,61881300
1997-01-13,4.924506187438965,4.934524395883425,4.84436051988328,4.897790761099431,75290400
1997-01-14,5.13823127746582,5.173850849052147,4.951224093528683,4.9690344907851465,78270300
1997-01-15,5.013558864593506,5.156040489688389,5.013558864593506,5.120420006981769,65558700
1997-01-16,5.013558864593506,5.058084391543882,4.960128599130972,5.049179347300126,43832700
1997-01-17,5.173847675323486,5.191658367386209,5.004651909625404,5.013556644193841,46701000
1997-01-20,5.325236797332764,5.343046272851512,5.182754878551336,5.2005649655332284,46481400
1997-01-21,5.334140777587891,5.396476997512554,5.271805780589481,5.31633130255674,43734600
1997-01-22,5.249542713165283,5.378666597040137,5.2361853019400915,5.343045814667807,46845900
1997-01-23,5.111513614654541,5.2985207285648706,5.102608572226723,5.280710032246163,53573400
1997-01-24,4.888887405395508,5.075894231280859,4.835457145769605,5.049178795736344,121515300
1997-01-27,4.871078014373779,4.986844517887107,4.826553094598312,4.9245088964455475,54059400
1997-01-28,4.9066972732543945,5.093703467689897,4.844361671288206,4.969032569489052,81343800
1997-01-29,4.701880931854248,4.9779385168678845,4.666261061832636,4.942318035383098,147229200
1997-01-30,4.808741092681885,4.822098503007206,4.684070197166905,4.773120618440801,165497400
1997-01-31,4.969032287597656,4.977937329411714,4.835456354655288,4.835456354655288,115404300
1997-02-03,4.8621721267700195,5.093704176482626,4.817646908978118,5.03136856584239,79377300
1997-02-04,4.782026290893555,4.835457162163737,4.621734900009266,4.799836683227471,158326200
1997-02-05,4.470349311828613,4.6662615206614015,4.283343065004599,4.6662615206614015,292629600
1997-02-06,4.550493240356445,4.630638918053761,4.488157951049697,4.54158819902691,126946800
1997-02-07,4.497065544128418,4.639546897711518,4.345679449894505,4.630641545597362,156105000
1997-02-10,4.131954193115234,4.461441899295383,4.131954193115234,4.399106618679699,298277100
1997-02-11,4.314507961273193,4.336770405409094,4.185384440066761,4.238814672870616,201881700
1997-02-12,4.603924751281738,4.6128294881398535,4.336772250665883,4.34567759898708,114453000
1997-02-13,4.456991672515869,4.657355935045212,4.452538997467839,4.639545846316293,109661400
1997-02-14,4.461442947387695,4.4881583796590645,4.40801269430801,4.452537905207747,72760500
1997-02-18,4.541587829589844,4.586113644078547,4.461442158412005,4.488157585958933,64241100
1997-02-19,4.621733665466309,4.648449093965259,4.541587991432425,4.550493032354914,55054800
1997-02-20,4.488158702850342,4.612829608078657,4.4614432686551995,4.603924870989008,65496600
1997-02-21,4.158670902252197,4.470348318691829,4.123050730909914,4.470348318691829,214328700
1997-02-24,4.203197956085205,4.212102696438941,3.9538557484991186,4.007286025011498,212261400
1997-02-25,4.025094985961914,4.408013053859513,3.9716641170609415,4.301151927520673,258530400
1997-02-26,4.140860080718994,4.176480554092762,4.0250945358816805,4.096334871166181,122900400
1997-02-27,3.922686815261841,4.141974009369956,3.9182341406235803,4.114146015807125,113255100
1997-02-28,3.9627583026885986,4.082976807842105,3.838087124426533,3.936042875500174,130448700
1997-03-03,3.864805221557617,3.9627610403025653,3.838089775913228,3.909330149013787,112053600
1997-03-04,3.9716625213623047,4.007282984407834,3.900421901002673,3.9182322853911526,121943700
1997-03-05,4.051810264587402,4.078525702042119,3.9983800011411414,4.051810264587402,94077000
1997-03-06,3.8915178775787354,4.105240100182554,3.873708100003762,4.096334752797804,113434200
1997-03-07,3.659987211227417,3.927139781110431,3.6243673373648324,3.909329385581709,218188800
1997-03-10,3.8024675846099854,3.8024675846099854,3.4373593363051307,3.4996946299034435,273512700
1997-03-11,3.757941484451294,3.829181808907638,3.661098595146943,3.77575156556538,122526000
1997-03-12,3.62436580657959,3.740131341366084,3.579839989429495,3.713416523685307,122814900
1997-03-13,3.704512357711792,3.811372876605878,3.5887458783818422,3.6243666628096642,111025800
1997-03-14,3.6021032333374023,3.7045116702025713,3.5531253517348227,3.695606322882551,129303900
1997-03-17,3.499695062637329,3.6421766685314547,3.4017395891564526,3.633271625487739,161420400
1997-03-18,3.5887465476989746,3.5976518983325994,3.4818860088749246,3.5531266738225784,93579300
1997-03-19,3.562030792236328,3.5931985941523723,3.339403504665353,3.4284542362548187,198211500
1997-03-20,3.6421751976013184,3.7045107794640173,3.3516471773559373,3.5887443494545104,114648300
1997-03-21,3.508600950241089,3.7846588797043426,3.4640760300364115,3.7134182124746213,140990400
1997-03-24,3.3572142124176025,3.490790169542741,3.2726161470025583,3.4640753449955963,205107300
1997-03-25,3.4106435775756836,3.481884517745777,3.3661183721337364,3.4373590065723407,148890600
1997-03-26,3.7312283515930176,3.7401333976262796,3.4818864511983687,3.5264116813646775,162160200
1997-03-27,3.6332716941833496,3.8024681266761267,3.5620310427550916,3.7757526913083033,141010200
1997-03-31,3.428454637527466,3.624366820270986,3.428454637527466,3.588746034295612,125262000
1997-04-01,3.4462645053863525,3.4996947590131833,3.303783523316608,3.3126885655877465,113168700
1997-04-02,3.383930206298828,3.5086008348192186,3.3483094152583335,3.4818860058678975,99843300
1997-04-03,3.4462645053863525,3.481884980202436,3.3572137769434387,3.3661188192145772,124735500
1997-04-04,3.62436580657959,3.686701094541548,3.419548637492906,3.4284536786303286,138881700
1997-04-07,3.8781611919403076,3.9004236473636142,3.7534902797898417,3.7935631275759856,146371500
1997-04-08,3.9449493885040283,3.971664212130885,3.793563044009887,3.9004235614435503,109752300
1997-04-09,3.8514463901519775,4.007285438153281,3.84699402062715,3.989475042859121,97308000
1997-04-10,3.749037027359009,3.864803499252462,3.722322205083132,3.8380880655134977,85676400
1997-04-11,3.651080369949341,3.7356787134595097,3.6243655541293482,3.6332705946465023,77760000
1997-04-14,3.7935633659362793,3.7935633659362793,3.5798410900059845,3.668891834489217,80044200
1997-04-15,3.5709357261657715,3.811372806446194,3.5086001188934643,3.7935630260232513,173831400
1997-04-16,3.383930206298828,3.5264112303394657,3.357214765884267,3.472980960973584,215808300
1997-04-17,3.5264110565185547,3.5531264956162802,3.383930039500972,3.455170395143961,110210400
1997-04-18,3.4462645053863525,3.615460920001042,3.3928342517595222,3.615460920001042,97686000
1997-04-21,3.3705708980560303,3.446264209458275,3.339403099917636,3.4373591679518056,104471100
1997-04-22,3.383930206298828,3.43736047566471,3.223638786737943,3.357214765884267,151152300
1997-04-23,3.4640748500823975,3.499694712966761,3.366118774925649,3.3928342071190922,105604200
1997-04-24,3.4418137073516846,3.588747124725662,3.4373610313189364,3.490791309321897,124620300
1997-04-25,3.3037829399108887,3.464074283949043,3.3037829399108887,3.410643428294357,87183000
1997-04-28,3.312687873840332,3.392833543276284,3.268162060319352,3.348307729755304,117769500
1997-04-29,3.562030792236328,3.566483160663454,3.383929329057397,3.4284542362548187,112164300
1997-04-30,3.686702251434326,3.7846583461477286,3.5353158931298903,3.544221242793316,169065000
1997-05-01,3.8024675846099854,3.8291824047063154,3.6688910382761875,3.7045118175096894,120894300
1997-05-02,4.078524112701416,4.09633419357651,3.9538532408442886,3.962758281281836,218214900
1997-05-05,4.1942925453186035,4.274438258850403,4.0607159484567585,4.238817771874251,190603800
1997-05-06,4.114144802093506,4.2210052931079565,3.9894733120488626,4.2031955170036985,189690300
1997-05-07,4.185388088226318,4.278891230000025,4.007286239778204,4.034001685197844,253231200
1997-05-08,4.372392654418945,4.416918175475501,4.194291487387393,4.194291487387393,188520300
1997-05-09,4.390203952789307,4.434729791872069,4.256627964199227,4.416919395092636,121214700
1997-05-12,4.483705997467041,4.497063407829588,4.390202290540062,4.399107638423794,105665400
1997-05-13,4.443633079528809,4.559398931275013,4.4391804056624835,4.461442857799547,117579600
1997-05-14,4.41691780090332,4.461443012452404,4.318962029763805,4.452537970142587,104007600
1997-05-15,4.470349311828613,4.479254662374154,4.3456786844336825,4.390203602771683,84802500
1997-05-16,4.381298542022705,4.488159690864363,4.381298542022705,4.399108937317392,89848800
1997-05-19,4.341225624084473,4.399108872914467,4.2833429867177015,4.3902035225316896,65119500
1997-05-20,4.586114406585693,4.612829227111397,4.310056573270062,4.32786696317307,89322300
1997-05-21,4.6840691566467285,4.764214823721184,4.603923489572273,4.639543650169162,140703300
1997-05-22,4.666260719299316,4.746406414592394,4.595020067290851,4.684070805868541,67027500
1997-05-23,4.7998366355896,4.817646722015187,4.701880548785743,4.764216462738424,84825000
1997-05-27,4.897794246673584,4.960129878185786,4.74640814976063,4.755313196300706,108334800
1997-05-28,4.920053482055664,4.99574678187702,4.853265222378329,4.906696074705363,102305700
1997-05-29,4.755311965942383,4.906698329418296,4.746406921706341,4.897792979450656,78137100
1997-05-30,4.826551914215088,4.844362000062286,4.452538277034637,4.52377923188653,143462700
1997-06-02,4.831003665924072,4.8888868997966455,4.728595526032821,4.871076509365028,70484400
1997-06-03,4.612828731536865,4.728594877677346,4.577208567020712,4.684069672032154,111807000
1997-06-04,4.563852310180664,4.755311507111014,4.532684199764474,4.603925158242096,87584400
1997-06-05,4.612828731536865,4.639544160655471,4.577208567020712,4.577208567020712,73395000
1997-06-06,4.626187801361084,4.675165691548051,4.5326840839644635,4.586114954323424,59508900
1997-06-09,4.7375006675720215,4.799836271058971,4.639544893939123,4.652902304878084,58608900
1997-06-10,4.630640506744385,4.77312182836276,4.612830417974989,4.692976123168874,73611900
1997-06-11,4.537137031555176,4.6751659730081165,4.470348745317165,4.603925317793186,94788900
1997-06-12,4.543815612792969,4.595019838427849,4.452538235775899,4.5059691042854855,77466600
1997-06-13,4.750858783721924,4.773121546233566,4.541589488721979,4.546042469248526,101756700
1997-06-16,4.813193321228027,4.8532661625043545,4.7196902287376075,4.755310701945185,63250200
1997-06-17,4.897794246673584,4.911151663617858,4.755313196300706,4.782028030189254,81881100
1997-06-18,4.773120880126953,4.871076654630185,4.764216143242886,4.817646398936535,66360600
1997-06-19,4.9156036376953125,4.93341342139245,4.768669635579083,4.768669635579083,73839600
1997-06-20,4.94231653213501,4.977937002785523,4.879981243526727,4.92005408192637,74142900
1997-06-23,4.973484516143799,5.066988216897612,4.920054266758056,4.937864349886637,103593600
1997-06-24,5.035821437835693,5.058083893386714,4.933412674789475,5.02246341418826,97482600
1997-06-25,4.897794246673584,5.111515975098739,4.871078801321682,5.022465203966312,72214200
1997-06-26,4.817647933959961,4.924509090858987,4.773122400963428,4.879983557862453,70911000
1997-06-27,4.7375006675720215,4.906697392959896,4.728595625035534,4.835456746936459,66302100
1997-06-30,4.782026290893555,4.857719617550893,4.630639943310442,4.733048399871307,70218900
1997-07-01,4.8666253089904785,4.922281604240027,4.8087420648629315,4.8087420648629315,55438200
1997-07-02,5.026916027069092,5.031368089829716,4.879982057928159,4.933412314223458,60516900
1997-07-03,5.098154544830322,5.12932233605079,5.066987059341289,5.075892098871218,39153600
1997-07-07,5.262900352478027,5.289615787549316,5.129324400047821,5.138229748892623,91147500
1997-07-08,5.320783615112305,5.360856464469512,5.228393978172658,5.236185853162875,73672200
1997-07-09,5.436549663543701,5.5033373328024,5.343045948240552,5.351951296922036,97002000
1997-07-10,5.436549663543701,5.454359137980455,5.294067753418607,5.400928880280874,84265200
1997-07-11,5.378665924072266,5.423190826406403,5.316330327048857,5.412059753688622,44998200
1997-07-14,5.454359531402588,5.494432380433498,5.378667119465829,5.383119182664592,45450000
1997-07-15,5.554539203643799,5.592386310110986,5.494429956614098,5.494429956614098,67102200
1997-07-16,5.650272369384766,5.699250573426129,5.62800960495353,5.645820305669096,61377300
1997-07-17,5.605745792388916,5.681438190705018,5.512242087167113,5.628007938766159,65728800
1997-07-18,5.443227291107178,5.592387580111951,5.387570704135823,5.556767413367325,74917800
1997-07-21,5.467716693878174,5.5923878959892415,5.4142858292802565,5.587935222028906,60524100
1997-07-22,5.628008842468262,5.628008842468262,5.485528147752858,5.485528147752858,46543500
1997-07-23,5.725965976715088,5.766038830144476,5.619104830415647,5.672535097833759,75820500
1997-07-24,5.690342903137207,5.725963678582663,5.619102575172241,5.708152985128449,49617900
1997-07-25,5.676987171173096,5.699249933103062,5.605746822167727,5.690344583745814,50112000
1997-07-28,5.512242317199707,5.708153860614189,5.503336969106746,5.699249123984294,69614100
1997-07-29,5.645820140838623,5.663629618107795,5.449907941856075,5.467718030588452,61157700
1997-07-30,5.663629055023193,5.721511990514428,5.538958446291456,5.610198794138163,68949900
1997-07-31,5.668081760406494,5.7081546091536435,5.61019882460096,5.681439172834495,39197700
1997-08-01,5.685890197753906,5.734867153358293,5.592386513553158,5.668079506315361,49222800
1997-08-04,5.815014362335205,5.841729795120626,5.712606528161065,5.712606528161065,63159300
1997-08-05,5.837279319763184,5.930782442742094,5.837279319763184,5.8773521741060355,85293000
1997-08-06,5.725965976715088,5.752680804692535,5.636914919555017,5.7437754543912405,139983300
1997-08-07,5.614650726318359,5.761584704653856,5.610198663279142,5.761584704653856,67068000
1997-08-08,5.494431018829346,5.570124634934367,5.4231906877457945,5.565672572838895,74758500
1997-08-11,5.3742146492004395,5.485529086794295,5.3252376663368075,5.476623736118548,61700400
1997-08-12,5.289615631103516,5.485527796726797,5.289615631103516,5.40983416817405,63548100
1997-08-13,5.351951599121094,5.405382471300766,5.262900553130401,5.383119098339952,67988700
1997-08-14,5.485528469085693,5.489980532458991,5.360856630980377,5.369761980653319,57993300
1997-08-15,5.325236797332764,5.5122430163742075,5.325236797332764,5.463264818576645,55755900
1997-08-18,5.418740272521973,5.423192335970524,5.205018602853711,5.325237156691456,65782800
1997-08-19,5.396477699279785,5.476623404657885,5.35195217152235,5.467718054521115,67572900
1997-08-20,5.5834832191467285,5.596841242633234,5.396477004966926,5.414286480022678,63830700
1997-08-21,5.516696929931641,5.645820853878091,5.48552942357948,5.5656751387287855,72177300
1997-08-22,5.467716693878174,5.5033368626347485,5.338593429269824,5.378666271986734,63619200
1997-08-25,5.570125102996826,5.62355535579928,5.4543586380636,5.485527355592036,46105200
1997-08-26,5.525599479675293,5.609084353474563,5.503336112906589,5.516694132967811,43660800
1997-08-27,5.494431018829346,5.543409205046536,5.405381216437906,5.538957142951063,51393600
1997-08-28,5.34304666519165,5.441002456516529,5.200565347410957,5.378667453234215,109241100
1997-08-29,5.369760990142822,5.42764391795029,5.2985206517530345,5.316330736350481,41084100
1997-09-02,5.503336429595947,5.512241776815887,5.414285403248576,5.414285403248576,42856200
1997-09-03,5.543410778045654,5.610199065985587,5.530053365042936,5.556768802511544,53486100
1997-09-04,5.516696929931641,5.592389969469701,5.49443355187541,5.512244254320395,39959100
1997-09-05,5.579031944274902,5.610199447220253,5.521148390582312,5.538959091080472,34557300
1997-09-08,5.405381679534912,5.628008038975649,5.396476331655018,5.592387870382175,47169900
1997-09-09,5.414286136627197,5.45435898161888,5.347498469283118,5.3831186400617055,46252800
1997-09-10,5.164944171905518,5.4053812060447,5.156038824805696,5.387570511845059,129093300
1997-09-11,5.14268159866333,5.160491684151504,4.9912952605507614,5.031368105764925,97270200
1997-09-12,5.147132873535156,5.191658380881858,5.018009330253771,5.191658380881858,66121200
1997-09-15,4.969032287597656,5.173848555052481,4.951221898238028,5.173848555052481,78796800
1997-09-16,5.307425498962402,5.316330847178304,4.986843052330687,4.995748094815051,98324100
1997-09-17,5.289615631103516,5.378666671065289,5.249542785413337,5.347498562493429,62742600
1997-09-18,5.276258945465088,5.343046623160232,5.218376006113145,5.307426446861064,39763800
1997-09-19,5.218376159667969,5.271806425688948,5.182755370857447,5.253995725552087,63534600
1997-09-22,5.356403350830078,5.432096360002732,5.222826804858651,5.22727947868364,77814900
1997-09-23,5.414286136627197,5.476622352684358,5.360855880459316,5.369761228885507,76294800
1997-09-24,5.311877727508545,5.441000985566696,5.236184719874833,5.441000985566696,66800700
1997-09-25,5.1916608810424805,5.3163321170663,5.173850180356317,5.302974091551677,48997800
1997-09-26,5.245092391967773,5.289617314656733,5.147135972247499,5.2272816891362375,44867700
1997-09-29,5.280710220336914,5.302972980065194,5.169397033158612,5.26290013484691,42418800
1997-09-30,5.205018520355225,5.316331722605207,5.200565234050888,5.218375933415533,63009000
1997-10-01,5.18720817565918,5.2896166466920596,5.151587997420756,5.236186379334424,50458500
1997-10-02,5.418740272521973,5.423192335970524,5.164945751574463,5.182755228295035,62412300
1997-10-03,5.592389106750488,5.626896420219396,5.485528577345286,5.547863580433394,125300700
1997-10-06,5.668081760406494,5.703701934523261,5.592388737542577,5.619104173861725,74083500
1997-10-07,5.819467544555664,5.8506350393662725,5.6992490163495075,5.72151116323534,87268500
1997-10-08,5.757134437561035,5.806112649439401,5.70815622568267,5.797207297656673,58596300
1997-10-09,5.832823753356934,5.92187415694411,5.681437150064341,5.717057922962141,74754900
1997-10-10,5.8016581535339355,5.859541705137233,5.770490651713568,5.797206090033306,31862700
1997-10-13,5.823919773101807,5.859540554353449,5.757132107614006,5.832825121280486,29376900
1997-10-14,5.7660393714904785,5.83727973473638,5.734870642509666,5.828374383599004,40245300
1997-10-15,5.921876430511475,5.948591867575866,5.690344680830633,5.699250030339818,84862800
1997-10-16,5.819467544555664,5.930780724837044,5.6992490163495075,5.930780724837044,71765100
1997-10-17,5.699250221252441,5.815015488507587,5.592389080878424,5.77939592366716,90790200
1997-10-20,5.8016581535339355,5.8016581535339355,5.59238915632943,5.69925029814519,60944400
1997-10-21,6.006476402282715,6.019833817275638,5.832826950058399,5.859542391507508,76772700
1997-10-22,5.979761123657227,6.073264254080222,5.912972823947499,5.975307836587309,63243000
1997-10-23,5.80610990524292,5.966401269865451,5.779394473984821,5.79720455766921,79596000
1997-10-24,5.71705961227417,5.8951604720748625,5.619103833652234,5.859540911577834,101171700
1997-10-27,5.1916608810424805,5.69925056401762,5.173850180356317,5.628009595662629,122003100
1997-10-28,5.699250221252441,5.76158522405217,4.853267365262568,5.57012631782287,175880700
1997-10-29,5.734870433807373,5.815016145274002,5.552316856767387,5.676988099373977,117472500
1997-10-30,5.694797039031982,5.80611146780865,5.503338129301282,5.512243479271637,150912900
1997-10-31,5.84395694732666,5.859541308645504,5.659177063463297,5.770490261247567,110457900
1997-11-03,6.037640571594238,6.0465459176442895,5.904064049621021,5.908516722646047,80046000
1997-11-04,5.944139003753662,6.144503246705619,5.930781591377913,6.015379351708517,126705600
1997-11-05,6.086622714996338,6.1712205002395475,6.033191826832567,6.1712205002395475,121095000
1997-11-06,6.033188819885254,6.117787174427883,5.984210632056462,6.108881827017914,52224300
1997-11-07,5.9530463218688965,6.019834628763257,5.832827736337057,5.85954318138747,75590100
1997-11-10,5.828372001647949,6.002020774690151,5.823919327898989,5.948590524091711,51723900
1997-11-11,5.743775844573975,5.832826907783409,5.717061014781752,5.823921556877162,59340600
1997-11-12,5.449907302856445,5.690344389747171,5.449907302856445,5.659176890985691,84016800
1997-11-13,5.668081760406494,5.6725344350368765,5.441002080351597,5.521147777845896,98708400
1997-11-14,5.797205448150635,5.815014923107623,5.605746560537082,5.681438969225217,83467800
1997-11-17,5.917421340942383,5.988661654729606,5.832823009722918,5.912968668464969,54179100
1997-11-18,5.863994121551514,5.984212684030679,5.8506367073193495,5.912972326174831,52761600
1997-11-19,5.924100875854492,5.939685232518247,5.806109312783983,5.823918783188052,44895600
1997-11-20,6.091073036193848,6.099978385493542,5.930781640504536,5.939686989804231,66248100
1997-11-21,6.064357280731201,6.144502974359645,6.01983237096449,6.135597625528433,60798600
1997-11-24,5.930780410766602,6.082166425766569,5.895159632416885,6.024283501709933,44204400
1997-11-25,6.006476402282715,6.042095971776088,5.9129726629424635,5.957498194869891,54542700
1997-11-26,6.059905052185059,6.091072549316381,6.019832206465872,6.019832206465872,26013600
1997-11-28,6.144502639770508,6.184575484402626,6.015378757527865,6.046547476739866,18334800
1997-12-01,6.442824363708496,6.473992479808564,6.189029816857991,6.215744646128625,95917500
1997-12-02,6.1623148918151855,6.456182318627077,6.117789968816995,6.438372838598439,142086600
1997-12-03,6.19125509262085,6.193481429922083,5.966402362753921,6.117788407532696,154312200
1997-12-04,6.153407096862793,6.2335527745188015,6.077714092735006,6.22910010099058,61453800
1997-12-05,6.367131233215332,6.367131233215333,6.091073340169057,6.157861628860392,84069900
1997-12-08,6.393844127655029,6.4116542102988605,6.322603185616712,6.36267602443108,41416200
1997-12-09,6.229100227355957,6.3404140105046665,6.171217304703831,6.331508663267567,78193800
1997-12-10,6.082168102264404,6.144503717229913,5.912971957183613,6.135598367322045,106484400
1997-12-11,5.89070987701416,5.98421300457425,5.67253550506511,5.939688084260988,140383800
1997-12-12,5.454359531402588,5.921876307250927,5.414286682371677,5.912971569390252,240625800
1997-12-15,5.521148681640625,5.579032238384661,5.093704993610361,5.512243942385328,250780500
1997-12-16,5.708154201507568,5.788299893278288,5.556768166590922,5.583482989539093,132025500
1997-12-17,5.790526390075684,6.091072742501757,5.777168978233342,5.957496789688986,102418200
1997-12-18,5.723738670349121,5.770490533585806,5.496659589401058,5.757133120430973,67429200
1997-12-19,5.710381031036377,5.770490305047287,5.349725386970921,5.556768645718439,101483400
1997-12-22,5.837279319763184,5.917425028448887,5.65027246234213,5.770491025370687,62484000
1997-12-23,5.4899797439575195,5.8840291811261425,5.476622332829747,5.877350781293799,50670600
1997-12-24,5.510016441345215,5.690344252152876,5.476622606127798,5.623555970254926,32981400
1997-12-26,5.6836652755737305,5.690344287243648,5.530052898870587,5.556768334087137,20895000
1997-12-29,5.984212875366211,5.9975709014887055,5.797206624283773,5.817243052004267,55410000
1997-12-30,6.024284839630127,6.071036701216322,5.937460739994111,6.017606439020069,46771200
1997-12-31,5.957496166229248,6.117787537415119,5.904065301525254,6.0242838299146575,45040800
1998-01-02,6.204610824584961,6.238005263596192,5.9441373799048405,6.050998484107421,42853800
1998-01-05,6.19125509262085,6.318152650012335,6.064357535229364,6.211291516868814,70755000
1998-01-06,6.11110782623291,6.238005351035791,5.9975683218069555,6.117786836421374,54234000
1998-01-07,5.930780410766602,6.077714363502998,5.87067114984667,6.077714363502998,74175000
1998-01-08,5.9975690841674805,6.0643567486896535,5.71705918107778,5.870671543234453,75943800
1998-01-09,5.797205448150635,5.997569684705805,5.757132600839601,5.917423990083737,83994000
1998-01-12,5.9508161544799805,5.957495164310482,5.503335948021332,5.55676680373944,78526200
1998-01-13,5.984212875366211,6.030964743868444,5.8907097498249925,5.984212875366211,62359200
1998-01-14,6.091073036193848,6.10443044868024,5.970854489426864,6.077715623707454,52188600
1998-01-15,6.13782262802124,6.22464669427984,6.044318940794087,6.064355357848059,49991400
1998-01-16,6.184576988220215,6.278080722739883,6.151183146727894,6.224649842596293,48571800
1998-01-20,6.358222961425781,6.358222961425782,6.211289038416469,6.231325454669426,56923200
1998-01-21,6.3448662757873535,6.3582242970706515,6.064356389320457,6.278078615222967,52260600
1998-01-22,6.171219348907471,6.3248317479271705,6.151182922449979,6.258044067377671,43438800
1998-01-23,6.1645379066467285,6.264719999449563,6.0376409967384514,6.231326172336274,46768200
1998-01-26,6.051000595092773,6.19793458819865,5.964175879421593,6.191255575773732,39954600
1998-01-27,6.331510543823242,6.344867957183241,5.970854879934577,6.051000583020947,67517400
1998-01-28,6.612019062042236,6.6654493152882255,6.378261016195095,6.398297437595223,104662200
1998-01-29,6.812384128570557,6.91924525989859,6.6120198894949525,6.625377301612282,125109000
1998-01-30,6.738918304443359,6.879173289689215,6.705523852695063,6.872494277046913,51928800
1998-02-02,6.832420349121094,7.012748158921943,6.785668490907242,6.939281477268561,84201000
1998-02-03,6.732235908508301,6.925921063166244,6.638732835822209,6.832417990480151,88447200
1998-02-04,6.899208068847656,7.026104998510072,6.772310527722175,6.785667938354255,125086200
1998-02-05,6.879171371459961,7.072856569446258,6.879171371459961,7.026104716913135,75684000
1998-02-06,7.046142578125,7.052821590270175,6.785669053484341,6.865814753373774,47049000
1998-02-09,6.8391008377075195,7.092895383972067,6.77231254175864,7.092895383972067,55943400
1998-02-10,6.919246196746826,6.959319049987709,6.7723121977091845,6.86581531811684,58441200
1998-02-11,6.932600021362305,6.959315446845554,6.845775347138921,6.952636437609017,32716800
1998-02-12,6.9726762771606445,7.039464567927694,6.852457720657875,6.87249414674167,45181800
1998-02-13,6.932600021362305,7.032782102595864,6.892527188868881,6.939279030598842,30223200
1998-02-17,6.939280033111572,7.0528195377582765,6.852455346344689,7.039462128818366,41662800
1998-02-18,6.999391078948975,7.012748491301836,6.892529945736661,6.905887358089522,44554800
1998-02-19,6.992713928222656,7.079538660283391,6.986034914536968,7.02610777372449,43772400
1998-02-20,7.032782077789307,7.066175900928405,6.912563580733079,7.039461087002285,51100200
1998-02-23,7.012749195098877,7.106252313879128,6.965997329977149,7.092894900185721,38247000
1998-02-24,6.919246196746826,7.153004303497571,6.919246196746826,7.039464756469474,58074600
1998-02-25,7.132967948913574,7.153004375736365,6.925924667923661,6.986033948392034,51615000
1998-02-26,7.106249809265137,7.119607829713683,7.02610413242582,7.099571410503853,46743600
1998-02-27,7.039463520050049,7.319973443467144,7.039463520050049,7.173039470237153,58439400
1998-03-02,6.9726762771606445,7.186397951566725,6.892530572825465,7.146325099399135,45166800
1998-03-03,6.892529010772705,6.945959264399535,6.772310481515042,6.872492589229761,52573800
1998-03-04,6.9726762771606445,6.999391715760105,6.87249414674167,6.899209585341129,39176400
1998-03-05,6.612019062042236,6.905886372089761,6.531873376441724,6.77231043324326,102384000
1998-03-06,6.879171371459961,6.892528781556694,6.618697900063923,6.685485562010625,64338600
1998-03-09,6.541893005371094,6.885851443486336,6.5318747924991625,6.805705740510887,61294800
1998-03-10,6.558590412139893,6.718881822526503,6.411656415464431,6.705523797352149,88537200
1998-03-11,6.692166328430176,6.865815151095322,6.628717849496665,6.672129902297152,75829200
1998-03-12,6.832420349121094,6.852456772432299,6.678807974222889,6.75895366746771,47346600
1998-03-13,6.899208068847656,6.97267474451869,6.852456214440781,6.919244490527307,41296200
1998-03-16,6.879171371459961,6.939280634089815,6.825740508146953,6.925922612530044,33524400
1998-03-17,6.899208068847656,6.939280912206959,6.718880273730793,6.8858500467525126,54018000
1998-03-18,6.792346954345703,6.8925290628168785,6.7455950999048,6.758953122009666,57489000
1998-03-19,6.872490882873535,6.885848290097996,6.745593374120985,6.799024225944642,45343800
1998-03-20,6.799028396606445,6.879174112042029,6.7856703697249925,6.879174112042029,42997800
1998-03-23,6.919246196746826,7.039464756469474,6.7723121977091845,6.778991210403737,70598400
1998-03-24,7.246509552001953,7.286582417011113,7.026108794451574,7.039466823763557,85840800
1998-03-25,7.433510780334473,7.466904605176276,7.373401528741472,7.460226207085672,68151600
1998-03-26,7.413477420806885,7.453550271730165,7.319974305806957,7.3934409953452445,41119200
1998-03-27,7.413477420806885,7.480265709500078,7.353368144421964,7.460229284038439,50055000
1998-03-30,7.206432342529297,7.440190988468126,7.146323081252973,7.406796546783707,38302800
1998-03-31,7.306617736816406,7.37340603881518,7.2264720190031975,7.266544877909801,36589800
1998-04-01,7.40679407119751,7.433509493323296,7.226466347639803,7.340006433077277,44187600
1998-04-02,7.506979942321777,7.560410813637479,7.3734039869587855,7.400119422616637,51847800
1998-04-03,7.55372953414917,7.687305449411285,7.493620280561776,7.513656698424241,54301800
1998-04-06,7.373404502868652,7.62719901925503,7.353368077589118,7.613841606223065,43793400
1998-04-07,7.373404502868652,7.3867619159006175,7.196415875745041,7.299937813998084,52782600
1998-04-08,7.293258190155029,7.420155743438474,7.213112495757721,7.420155743438474,50500200
1998-04-09,7.1596832275390625,7.360047491262513,7.072858509437831,7.346689466038812,66436200
1998-04-13,7.106249809265137,7.173038077118898,7.059498572084195,7.11292881948941,42171600
1998-04-14,7.23314905166626,7.306615735719942,7.072857659939584,7.079536671749239,57588000
1998-04-15,7.55372953414917,7.587123360098962,7.279898693849803,7.306613510024457,66373200
1998-04-16,7.500302791595459,7.613842341997146,7.440193509948114,7.560412073242805,41025000
1998-04-17,7.52701473236084,7.533693742691318,7.4134752255207115,7.4201542358511885,30150600
1998-04-20,7.720703601837158,7.800849311851166,7.54037575430564,7.600485036816146,42646800
1998-04-21,7.894349575042725,7.901028585610806,7.640555122474878,7.76077364392223,40785600
1998-04-22,7.867636203765869,7.907709054738298,7.80084852645394,7.894351641568548,27479400
1998-04-23,7.6605939865112305,7.867636654076929,7.613842120546452,7.8609582528413995,29595600
1998-04-24,7.687304973602295,7.8308997003707335,7.600480909214258,7.613838316474823,34059600
1998-04-27,7.52701473236084,7.640554850663967,7.4134752255207115,7.513657323162883,45988800
1998-04-28,7.573766231536865,7.707342151728871,7.42015389274291,7.707342151728871,48764400
1998-04-29,7.69398832321167,7.74074019219116,7.5470543146070295,7.600485196715947,41491800
1998-04-30,7.827561855316162,7.987853228540815,7.78748901201,7.794168023048715,55056000
1998-05-01,7.867636203765869,7.921067079371228,7.820884951940155,7.880994228398799,30788400
1998-05-04,8.007890701293945,8.101394422256815,7.947781428444875,8.007890701293945,47264400
1998-05-05,7.867636203765869,8.094715896430694,7.854278790596119,8.06132205777473,47576400
1998-05-06,8.121429443359375,8.14814426347899,7.981174497610769,8.067998580194072,96796200
1998-05-07,8.054641723632812,8.181539268041751,8.041284312655112,8.174860256821361,37243200
1998-05-08,8.09471321105957,8.134786048738084,7.987852106762544,8.0078885256018,35513400
1998-05-11,7.987855434417725,8.201577732046202,7.974498020114657,8.174862291976835,38456400
1998-05-12,8.161502838134766,8.181539260313931,7.9077077495566055,7.994532449487353,36346200
1998-05-13,8.121429443359375,8.201575126644293,8.021247339253229,8.18821710512145,29213400
1998-05-14,8.128108978271484,8.201576272522455,8.021248459937,8.074678719104243,28810800
1998-05-15,8.161502838134766,8.194896671279016,8.101393571597265,8.181539260313931,42159000
1998-05-18,8.308433532714844,8.328469948478194,8.134784799920103,8.161500224758866,45171000
1998-05-19,8.590616226196289,8.622340152214106,8.341830254590162,8.368545075293266,68789400
1998-05-20,8.401941299438477,8.709166082892065,8.341832022919752,8.695808669708963,60733800
1998-05-21,8.308433532714844,8.508797690348343,8.248324285424793,8.428652027294943,46115400
1998-05-22,8.214933395385742,8.361867367254327,8.081357446436277,8.355188355794768,38740200
1998-05-26,8.121429443359375,8.335151061631478,8.067998580194072,8.29507821998902,43423200
1998-05-27,8.315116882324219,8.335153308546687,8.007891476425309,8.0145704889872,57352200
1998-05-28,8.281721115112305,8.41529705502179,8.228290249978063,8.348508779335518,34792800
1998-05-29,8.081354141235352,8.348505929871612,8.061317726514488,8.341827532606558,35964000
1998-06-01,7.860955715179443,8.194895847439934,7.794167444142139,8.094713746615486,59528400
1998-06-02,8.168182373046875,8.21493423511656,7.934424285624775,8.041285422585558,83092200
1998-06-03,7.974494934082031,8.315114064432269,7.934422095217298,8.26836221526908,58046400
1998-06-04,8.214933395385742,8.221612406845301,7.954459897483268,8.041284600605128,62507400
1998-06-05,8.275044441223145,8.31511729566006,8.068001156144668,8.208256146673873,55507800
1998-06-08,8.281721115112305,8.38858162245467,8.148144563739761,8.295078525664335,46465800
1998-06-09,8.495445251464844,8.52216069192575,8.214935266746664,8.281723562167311,36597000
1998-06-10,8.45537281036377,8.635700666508969,8.335154239600303,8.415299953442615,58495200
1998-06-11,8.448691368103027,8.575588915692087,8.415297534090367,8.482085813578783,52405200
1998-06-12,8.45537281036377,8.482088252132296,8.275044954218572,8.408620940134666,42152400
1998-06-15,8.361865997314453,8.555551183278844,8.335150567316157,8.348507976583806,46002600
1998-06-16,8.542193412780762,8.555550821483555,8.348507623543913,8.421974900066708,47940000
1998-06-17,8.622340202331543,8.73587971963731,8.57558834863479,8.602303780956229,61374600
1998-06-18,8.775954246520996,8.81435780250215,8.57558999431732,8.64237828220627,52552200
1998-06-19,8.882813453674316,8.884483359234023,8.72252208675967,8.829382590394074,56968800
1998-06-22,9.043107032775879,9.069821859488126,8.79599091117688,8.869457601830337,48966000
1998-06-23,9.28354549407959,9.29690290938117,9.083181207239479,9.1232540646075,54733200
1998-06-24,9.383726119995117,9.557374936686887,9.26350756733239,9.41044094627805,65212800
1998-06-25,9.303577423095703,9.564050870010071,9.250146564804615,9.457189764890874,61035000
1998-06-26,9.604126930236816,9.617484343559587,9.403762673079326,9.457192937833595,53716200
1998-06-29,9.811166763305664,9.831203183252144,9.61748157431069,9.710984663573262,52313400
1998-06-30,9.837883949279785,10.07164201988155,9.657556137582192,9.764417266853657,77700000
1998-07-01,10.105036735534668,10.138430571805207,9.911350895361384,9.984818191204962,49723800
1998-07-02,9.897993087768555,10.145109178396229,9.784453559813569,10.118393743569069,51744000
1998-07-06,9.938064575195312,10.004852847398011,9.824525062767451,9.951421985050642,35785800
1998-07-07,9.91135025024414,9.978138529901193,9.670913177234475,9.978138529901193,46121400
1998-07-08,10.071642875671387,10.071642875671387,9.817848359982689,9.87795763565605,42348600
1998-07-09,9.931387901306152,10.165146603285493,9.924709500538633,10.058285464910275,45988800
1998-07-10,9.931387901306152,10.018212614452464,9.777775511705606,9.938066913536845,44241000
1998-07-13,10.071642875671387,10.118394738349505,9.871278623426843,9.984818774007532,42524400
1998-07-14,10.138429641723633,10.272004974551827,10.051604941629611,10.138429641723633,46160400
1998-07-15,10.211894035339355,10.265325501738756,10.058281703188664,10.205215637069506,38209800
1998-07-16,10.231931686401367,10.318756377541492,10.138428596186397,10.245289707477088,46102200
1998-07-17,10.659375190734863,10.672731988471837,10.231931370242792,10.298719639168647,66567600
1998-07-20,11.026711463928223,11.140250370647141,10.666055876389287,10.759558361578264,92302800
1998-07-21,10.572554588317871,11.166970262424556,10.539161356212459,11.146933833990692,77262600
1998-07-22,10.525800704956055,10.846383442712561,10.325436493858236,10.525800704956055,98843400
1998-07-23,10.592584609985352,10.726162349320667,10.418936483871363,10.53247536103994,56988000
1998-07-24,10.445656776428223,10.692771047753896,10.111715349358011,10.672734623275998,80445600
1998-07-27,10.418938636779785,10.46569109979296,10.178501591315635,10.312076912400572,68089800
1998-07-28,10.258646011352539,10.619301535189152,10.231930583543658,10.405580558569909,66456000
1998-07-29,10.04492473602295,10.425617301166445,10.038245725997037,10.338792005218504,55468800
1998-07-30,10.525800704956055,10.53915750374518,10.10503525018759,10.165144513516937,58798200
1998-07-31,10.231931686401367,10.686091562252559,10.17850143648753,10.572550217497971,60683400
1998-08-03,10.312074661254883,10.579227690956841,10.231929608392345,10.272001829092167,75937800
1998-08-04,9.951424598693848,10.572553186313803,9.884636920413055,10.512443908983176,120368400
1998-08-05,10.338796615600586,10.418942325799039,9.918031637058702,10.13843234010445,144369600
1998-08-06,10.619306564331055,10.625986188775332,10.23193542923249,10.278687297173265,78819600
1998-08-07,10.352153778076172,10.702791272367415,10.318760546285167,10.672736629999594,91843800
1998-08-10,10.59926986694336,10.639342720882654,10.298723462398652,10.418942024216534,68205000
1998-08-11,10.472370147705078,10.579231891183028,10.33879480274705,10.365510850079673,81696600
1998-08-12,10.532480239868164,10.646021615482685,10.405584508326383,10.579232714877245,67734600
1998-08-13,10.332112312316895,10.57922895547495,10.312075893840616,10.499083281569835,53187600
1998-08-14,10.305400848388672,10.45901260650792,10.151787255880144,10.45233298368452,56527200
1998-08-17,10.48572826385498,10.492405440578876,10.20521774612441,10.258648000640052,45709800
1998-08-18,10.70612907409668,10.806311185064981,10.525801274353736,10.545837696547395,73733400
1998-08-19,10.81966495513916,11.133567999664875,10.812985334327418,10.879774204889934,88851000
1998-08-20,10.966602325439453,11.10685727776178,10.81298812804206,10.819667750579592,77504400
1998-08-21,10.979959487915039,11.020032332761446,10.68776206855206,10.846384153711139,83786400
1998-08-24,11.006674766540527,11.160286512469392,10.946565503457208,10.993315521953894,63400200
1998-08-25,11.106861114501953,11.227079686592102,11.006678971093498,11.15361115085716,70507200
1998-08-26,11.073465347290039,11.247116025040272,10.953246776164383,11.006678882788957,61074600
1998-08-27,10.592584609985352,11.00667217773259,10.527467479886957,10.92652651247204,109182000
1998-08-28,10.118392944335938,10.679412751150602,9.891313294899456,10.57923064279084,139294200
1998-08-31,8.749238967895508,10.245292485815883,8.70916611672734,10.118394919962292,224315400
1998-09-01,9.61748218536377,9.684270459916478,8.749237062030746,9.00303213845321,223798800
1998-09-02,9.791133880615234,10.098359301274014,9.684273343270362,9.83120673498537,108430200
1998-09-03,9.684269905090332,9.797809415008347,9.470547683351343,9.564051384660782,100256400
1998-09-04,9.537337303161621,9.831204635292345,9.283542816842498,9.777774378031241,72989400
1998-09-08,10.111715316772461,10.125073340690113,9.7176658404647,10.018212206664641,103112400
1998-09-09,9.70431137084961,10.151791244137126,9.697632356865368,10.138433827631976,78987000
1998-09-10,9.450511932373047,9.60412490477301,9.283542160930386,9.483906375832026,106532400
1998-09-11,9.91135025024414,9.92470827305341,9.363688436030852,9.497264383881857,81840600
1998-09-14,10.011533737182617,10.165146740317123,9.944746059828049,10.051606588180631,69817800
1998-09-15,10.325437545776367,10.352151146076103,9.924708471292861,10.018211575509918,75814200
1998-09-16,10.358830451965332,10.459012564653584,10.138429804051174,10.378866874502982,59553600
1998-09-17,9.857924461364746,10.138434507013336,9.837888029532705,10.018215916021084,68469600
1998-09-18,9.78779411315918,9.968121947383198,9.617484491947607,9.938067308345861,77650800
1998-09-21,9.978137969970703,9.99817439159715,9.457191007683075,9.557373115815311,52685200
1998-09-22,10.07831859588623,10.158464270605007,9.958100083808064,10.118391433245618,35666800
1998-09-23,10.619306564331055,10.659379419290794,10.158468732294047,10.248632655953461,66698400
1998-09-24,10.40892505645752,10.719489711655001,10.338797553670991,10.639343994184683,55414000
1998-09-25,10.6493558883667,10.6994469320561,10.23860933011361,10.328773208754532,44434000
1998-09-28,10.619306564331055,10.93738485057399,10.499087999451834,10.819670839129753,52792000
1998-09-29,10.358830451965332,10.819668170331294,10.098356958975874,10.689431423836565,74522800
1998-09-30,9.908013343811035,10.318760105283484,9.777776565783185,10.168486899866735,73704000
1998-10-01,9.176681518554688,9.657555659264977,8.986335504523531,9.63751923673538,146516000
1998-10-02,8.93624496459961,9.256827743598699,8.475407219788417,9.116572777786596,116840800
1998-10-05,7.744076251983643,8.335150636028965,7.3633842758188575,8.174859277643794,256038800
1998-10-06,7.4034552574157715,8.325130336823419,7.373400635261174,8.224948262974761,153998000
1998-10-07,7.032782077789307,7.533692482190254,6.762290459412795,7.333328320429875,149672800
1998-10-08,7.483604907989502,7.65391452436945,6.59198397517683,6.892530357023798,173296000
1998-10-09,8.024585723876953,8.03460393327006,7.623857348152761,7.754094070263124,106092800
1998-10-12,8.39526081085205,8.73587998456204,8.38524259986058,8.535515764732635,100177200
1998-10-13,8.12476634979248,8.495440030362545,8.004547858796785,8.495440030362545,72907600
1998-10-14,8.355186462402344,8.635696319653261,8.044621977588827,8.044621977588827,71436800
1998-10-15,9.12658977508545,9.156644406617016,8.375223986796307,8.465387881391004,94161200
1998-10-16,8.876138687133789,9.497268030928703,8.816029395798797,9.407104093926216,96420400
1998-10-19,9.01639175415039,9.32695635901557,8.928732389873929,8.94626426272922,60167200
1998-10-20,8.675772666931152,9.296901887889272,8.555554108036032,9.236792608441712,85716400
1998-10-21,9.236791610717773,9.256828035036033,8.61566245685172,8.856099548670837,68915200
1998-10-22,9.36702823638916,9.417119296476804,8.976317967705548,9.206736844108704,55034000
1998-10-23,9.407102584838867,9.567394002684896,9.316938662300474,9.346993303146606,46912000
1998-10-26,9.837883949279785,9.837883949279785,9.326955149469939,9.537337596450463,63498000
1998-10-27,9.737703323364258,10.138431855189948,9.717666896772974,9.998176869050956,71040000
1998-10-28,10.07831859588623,10.098355014565925,9.637517384932956,9.65755380361265,48567600
1998-10-29,10.048266410827637,10.16848495213365,9.717665422236099,9.958102504848126,79612000
1998-10-30,10.098357200622559,10.218575738725207,9.938065816485691,10.178502892690991,57545600
1998-11-02,10.368849754333496,10.398904391302578,10.098358021611752,10.228594781811111,58619600
1998-11-03,10.158466339111328,10.388885200846595,10.008193168414415,10.388885200846595,63931600
1998-11-04,10.50910472869873,10.556691237241457,10.338795119177398,10.398904393126104,86704400
1998-11-05,10.869759559631348,10.88228232410097,10.499085731330556,10.569213212360435,116911600
1998-11-06,10.809651374816895,10.959924563530754,10.729505674169504,10.879778862883363,55838000
1998-11-09,10.739521980285645,10.95992261794076,10.629321661458086,10.859740509915706,46023200
1998-11-10,10.739521980285645,10.869758720718213,10.629321661458086,10.699449137075623,47261600
1998-11-11,10.589252471923828,11.050090327844828,10.459015686554851,10.899817113957546,56942000
1998-11-12,10.448993682861328,10.619303263502404,10.428957261609437,10.579230420998622,33463600
1998-11-13,10.368849754333496,10.5892504254401,10.298722268072304,10.438977240594689,26124000
1998-11-16,10.729503631591797,10.739521842265553,10.499084786095429,10.57923047148547,40676400
1998-11-17,11.02003288269043,11.160287846651944,10.599267990805886,10.729504743055864,65446000
1998-11-18,11.681233406066895,11.761379089813495,11.070122567499073,11.120213619840698,97434000
1998-11-19,11.751358032226562,12.00181323325441,11.69124878397988,11.761376240267678,57859600
1998-11-20,11.961745262145996,12.001818110595398,11.711289959337245,12.001818110595398,41056800
1998-11-23,12.212203025817871,12.282330524735611,11.911656601884701,12.081966242113497,46692400
1998-11-24,12.212203025817871,12.332421595391141,12.001820529064652,12.202184811686767,40832400
1998-11-25,12.352455139160156,12.382509774535242,12.03187236182591,12.232236597659814,24982400
1998-11-27,12.823310852050781,12.823310852050781,12.342436695098877,12.45263702273369,22048000
1998-11-30,12.081962585449219,12.88341947337288,11.991798685557805,12.843346628976699,58153600
1998-12-01,12.78324031829834,12.803276745129528,11.841528257232476,11.881601110894852,71161200
1998-12-02,12.542801856994629,12.783238953294845,12.322401185386097,12.663020405144737,47871600
1998-12-03,12.212203025817871,12.763204803028687,12.142075526900133,12.482694807357726,48567600
1998-12-04,12.542801856994629,12.582874706377998,12.202182637235989,12.46265615822789,46887600
1998-12-07,12.853363990783691,12.893436832532043,12.422580941988915,12.632963361167759,51790800
1998-12-08,12.793259620666504,13.103824262984954,12.572858906763086,12.833332477739852,56120800
1998-12-09,12.943525314331055,13.033689190359675,12.683051894692813,12.883416063645306,37432000
1998-12-10,13.013656616210938,13.584694666344905,12.963565559181642,13.143893364487106,86914800
1998-12-11,13.384332656860352,13.394350869926864,12.97358592113335,13.143895543264058,48952400
1998-12-14,12.88342571258545,13.324227214415744,12.60291566596617,13.234063270859549,65190400
1998-12-15,13.42440414428711,13.424404144287111,12.89343890574441,13.143894206943799,63774400
1998-12-16,13.254091262817383,13.624765016955134,13.214018424532222,13.54461934038481,49596400
1998-12-17,13.604734420776367,13.604734420776367,13.284151577282373,13.344260860437496,38702000
1998-12-18,14.496356010437012,14.526410653167703,13.82513565611823,13.82513565611823,86427600
1998-12-21,15.177593231201172,15.45810320511116,14.96721075076868,15.027320030892248,84346400
1998-12-22,15.037339210510254,15.66848669236378,14.756829218575351,15.438067770417256,117542800
1998-12-23,15.468114852905273,15.468114852905275,15.13751395255173,15.408005598295539,48325200
1998-12-24,15.097441673278809,15.498170052131599,15.08742346380749,15.498170052131599,28090400
1998-12-28,15.097441673278809,15.42804258583236,14.907095693323734,15.307824072176523,42841200
1998-12-29,14.987242698669434,15.177588695510824,14.776860281107899,15.167570485150751,32946800
1998-12-30,14.857004165649414,15.247714322399466,14.846985956501976,15.007277302860972,31787600
1998-12-31,14.877046585083008,15.067392635666561,14.716755174065277,14.887064798271615,29021600
1999-01-04,15.2777738571167,15.48815631678847,14.967209273791704,15.147537096367508,62691200
1999-01-05,15.538240432739258,15.568295056400263,15.20763957246821,15.357912690773233,50396000
1999-01-06,15.989068031311035,16.269577996772632,15.868849474684637,16.009104457415436,81818000
1999-01-07,16.610198974609375,16.830599684767037,15.718577919880644,15.788705418567174,95150800
1999-01-08,17.101089477539062,17.311471949143233,16.640251682596592,17.271399097409105,96112800
1999-01-11,16.78050422668457,17.29143301209407,16.540067151197746,17.251360166179598,65645600
1999-01-12,15.72859001159668,16.7304110314436,15.668480750405866,16.720392821245134,99631200
1999-01-13,15.367935180664062,15.989064242724801,14.406186955537759,14.436241587572956,123995200
1999-01-14,15.448079109191895,16.1092809387682,15.408006271035754,15.9089167479875,81488800
1999-01-15,16.29963493347168,16.309653147936015,15.668487422218627,15.668487422218627,64330400
1999-01-19,17.050992965698242,17.071029385164397,16.379772913582034,16.770483093172064,70477600
1999-01-20,17.010923385620117,17.62203429641095,16.820577364226253,17.301451523537068,73077600
1999-01-21,16.239521026611328,17.010923320904404,16.029138582713216,16.880686569919856,76785600
1999-01-22,16.47995948791504,16.750451224190847,15.71857534136091,15.888884953090123,65845200
1999-01-25,16.580142974853516,16.590161188131372,15.928959111792803,16.590161188131372,46580800
1999-01-26,17.17121696472168,17.231326242311138,16.55008776296395,16.76047023452705,61173600
1999-01-27,16.580142974853516,17.311472544137082,16.4899790553528,17.29143611758137,64099600
1999-01-28,17.451725006103516,17.49179785341948,16.810559449048046,16.93077799099595,64947200
1999-01-29,17.882511138916016,17.95263863357843,17.131145124675847,17.471764384464723,76174000
1999-02-01,18.433513641357422,18.834242198778234,17.952639372452445,18.12294900935629,102006400
1999-02-02,18.015243530273438,18.714013576839026,17.8324112241828,18.653904325521555,126920400
1999-02-03,17.8123779296875,17.99270571525239,17.311467414229472,17.551904461649325,96946400
1999-02-04,16.87066650390625,17.792341871103027,16.630229451594047,17.732232608024976,94445600
1999-02-05,16.229496002197266,16.85062486154062,15.979040816978172,16.770479202270508,108850000
1999-02-08,16.339696884155273,16.740425195232042,15.728586209763199,16.570115663024414,91903200
1999-02-09,15.377955436706543,16.429867697849335,15.36793722469566,16.419849485838455,84167600
1999-02-10,15.798717498779297,15.969027072323524,15.30782519856358,15.377952670022967,80472800
1999-02-11,16.810558319091797,16.840612952558587,15.908919315088065,16.019119637799633,70136400
1999-02-12,15.878860473632812,16.650262528187845,15.78869659712638,16.64024431968713,64724000
1999-02-16,15.878860473632812,16.449898358173552,15.65845988661709,16.329679856164976,55928400
1999-02-17,15.24771785736084,15.798719488211592,15.207645011480784,15.498173144111181,75745600
1999-02-18,15.418031692504883,15.508195620531229,14.686702054068979,15.387977049829436,74250800
1999-02-19,15.568300247192383,15.688518781919738,15.327863177737674,15.508190979828706,43842000
1999-02-22,16.359743118286133,16.439888828602292,15.377958166913174,15.608377084072135,66749200
1999-02-23,16.499996185302734,16.740433288185105,16.199449806699768,16.379777633861547,66164000
1999-02-24,16.01910972595215,16.710365867972598,15.989055111081695,16.55007458866351,55276400
1999-02-25,15.78869915008545,16.18942755490995,15.56829852743197,15.888881251291574,70942400
1999-02-26,15.678497314453125,15.768661196772666,15.307823576028357,15.748624778479433,57699200
1999-03-01,15.938977241516113,16.039159373769515,15.468121219925129,15.668485484431931,49533200
1999-03-02,15.337884902954102,16.11930555770944,15.30783026238659,15.989068781916883,60816800
1999-03-03,15.24771785736084,15.508191355581195,15.067390050900594,15.317845337650935,70323200
1999-03-04,15.74863052368164,15.969031205310772,15.267756309218079,15.518211629251184,65345600
1999-03-05,16.159378051757812,16.19945090495498,15.808740586282596,16.129323411859936,48879200
1999-03-08,16.760461807250977,16.83058926251144,16.319660659899487,16.349715283582544,55211600
1999-03-09,16.880691528320312,17.31147475426558,16.690345451739848,16.720400095410447,65762800
1999-03-10,16.73041534423828,16.860652110391037,16.369759684122965,16.670306067552396,55808400
1999-03-11,16.91074562072754,17.11110990533332,16.650272050740032,16.83059990688523,44450800
1999-03-12,16.55008888244629,17.010926708470823,16.40983389191708,16.980872067643134,35631600
1999-03-15,16.830598831176758,16.830598831176758,16.319669938087465,16.570125277837118,34250800
1999-03-16,16.990890502929688,17.16120013650858,16.81056265561086,16.820580869350792,45531600
1999-03-17,17.00090217590332,17.071029645102687,16.810556188076472,16.980865756132072,28228400
1999-03-18,17.131141662597656,17.151178085594847,16.85063174063699,16.890704586631372,30107600
1999-03-19,16.750455856323242,17.471767352528552,16.58014619749699,17.431694491628257,60511200
1999-03-22,16.469940185546875,16.8305958100479,16.409830914796704,16.8305958100479,34202400
1999-03-23,16.079227447509766,16.600174380388587,15.928954293794721,16.349719124196845,53808400
1999-03-24,16.740428924560547,16.75044713456926,16.089245273994155,16.099263484002872,45670400
1999-03-25,17.22130584716797,17.2513604821543,16.810559169021438,16.950814132290986,54294400
1999-03-26,16.860652923583984,17.161199321508832,16.77048900420653,17.14116289498051,39559200
1999-03-29,17.632055282592773,17.642073495821517,16.975862316109918,17.010926062410526,51662400
1999-03-30,17.62203598022461,17.99270984677851,17.451726365862005,17.591981342395915,58505600
1999-03-31,17.561925888061523,18.03278185881959,17.531871251630157,17.842435828087606,46367600
1999-04-01,17.62203598022461,17.87249129546373,17.331507814547226,17.712199893710693,31877200
1999-04-05,18.34334945678711,18.353367670581093,17.85245698088183,17.85245698088183,40854000
1999-04-06,18.473583221435547,18.633874615981625,18.23314612961643,18.31329182688947,50344000
1999-04-07,19.034605026245117,19.234969289679277,18.353366530568977,18.73405863109388,67619600
1999-04-08,18.854267120361328,19.03459486115118,18.393429560565036,18.814194289074695,51874000
1999-04-09,18.934423446655273,19.174860569787405,18.834241312016886,18.89435059279992,36259200
1999-04-12,18.874311447143555,19.094712111600646,18.35336442206316,18.513655814395587,47398400
1999-04-13,18.29326057434082,18.924408118800553,18.27322414435797,18.91438990380913,48145200
1999-04-14,17.752277374267578,18.61384388340246,17.712204513377582,18.563752807289966,41214800
1999-04-15,17.682144165039062,17.81238092092887,17.03096038559003,17.792344496945823,66928400
1999-04-16,16.9407958984375,17.732234618707494,16.830595570298637,17.702179983760534,56689200
1999-04-19,16.02914047241211,17.491799540519715,16.026635919213295,17.06101639032364,81516400
1999-04-20,16.27959442138672,16.409831176757812,15.908920579176682,16.039157334547777,74923600
1999-04-21,17.30145263671875,17.3315072736094,16.20946749635839,16.45992280378049,58310800
1999-04-22,18.142982482910156,18.273219242864783,17.822399689175686,17.83241790147989,65308400
1999-04-23,18.814205169677734,18.844259810523866,17.812383808140048,18.06283914852447,54894800
1999-04-26,18.854267120361328,19.09470410808113,18.653902963928157,18.874303536004646,45702400
1999-04-27,18.443531036376953,18.95696447777528,18.092893564202484,18.87431421647701,55418000
1999-04-28,17.912559509277344,18.43350643012881,17.832413829146347,18.43350643012881,36496800
1999-04-29,17.501811981201172,17.9526314083071,17.1111018110427,17.932594989324613,58308000
1999-04-30,18.283231735229492,18.313286362739458,17.591975302500266,17.98268546012983,55174400
1999-05-03,18.213106155395508,18.27321541663444,17.782323116516515,18.233142575808486,41324400
1999-05-04,17.411651611328125,18.493618454839883,17.31146949618815,18.132962840335964,59052400
1999-05-05,17.78732681274414,17.942609023725574,16.790515200314942,17.331498386959932,71366000
1999-05-06,17.141164779663086,17.717212105689168,16.97085513544668,17.652093712312308,56656800
1999-05-07,17.39161491394043,17.571942718347646,16.810558655294955,17.351542068516604,63440800
1999-05-10,17.511825561523438,17.8724810078706,17.35153425203581,17.551898388895342,61404400
1999-05-11,17.932594299316406,17.962648926633694,17.59197518972045,17.79233937183572,55567600
1999-05-12,19.034605026245117,19.11475073161878,18.52367615448801,18.834240762810957,106396400
1999-05-13,18.864294052124023,19.605641773768834,18.794166564941406,19.054640088762557,88076000
1999-05-14,18.50363540649414,18.94443668309714,18.283234768192642,18.443526141502822,71554800
1999-05-17,18.663925170898438,18.673943380866714,18.082868992738423,18.40345171172326,43317200
1999-05-18,18.62385368347168,18.81419968669167,18.453544101643267,18.673944736950624,38190800
1999-05-19,18.6839599609375,18.834233097352545,18.31328622444705,18.73405100640918,34946400
1999-05-20,18.393430709838867,18.814195464639102,18.393430709838867,18.76410442240098,38444400
1999-05-21,18.152992248535156,18.563738761885013,18.012737341537644,18.393429231959463,45808800
1999-05-24,17.5318660736084,18.253177134922574,17.31146547154018,18.243158925737653,53234000
1999-05-25,16.73041534423828,17.58196343062167,16.690342493114358,17.58196343062167,64752000
1999-05-26,17.49179458618164,17.642067735547464,16.630228529817597,16.890701988718355,80338400
1999-05-27,17.31146812438965,17.652087288874167,16.990885381345397,17.45172307447151,50292400
1999-05-28,17.471759796142578,17.491796217927146,17.071031360451236,17.291432000081475,29332000
1999-06-01,17.161197662353516,17.531871517290515,17.050997327101975,17.481780455812544,37940000
1999-06-02,17.65209197998047,17.762292327188067,16.91074418967482,17.231327017915103,51811200
1999-06-03,17.441701889038086,18.132958310832244,17.391610843980537,17.632047860256765,46993200
1999-06-04,18.413471221923828,18.433507643275213,17.551905103814224,17.551905103814224,42558400
1999-06-07,18.49361228942871,18.633867203866416,18.233138876901545,18.38341199951337,43156000
1999-06-08,17.90254783630371,18.673950289239013,17.81238391323335,18.443531374725872,42976400
1999-06-09,18.233142852783203,18.273215694217892,17.79234159700163,18.032778645609763,36088400
1999-06-10,17.702180862426758,18.153000409008083,17.58196231667174,18.153000409008083,46404800
1999-06-11,17.742250442504883,18.02276033092393,17.71219581160284,17.762286863106244,42778800
1999-06-14,17.281410217285156,17.94261199951172,17.261373799641927,17.852448120117185,35985600
1999-06-15,17.82240104675293,17.872492112089503,17.291435754185247,17.371581458723767,37105600
1999-06-16,18.633869171142578,18.643887380374377,17.932594524916784,18.193067964943506,64423200
1999-06-17,18.814205169677734,18.934423733062257,18.57376804290869,18.714023033523965,71378000
1999-06-18,19.134782791137695,19.15481921290852,18.643890457752487,18.6539086686379,56777200
1999-06-21,19.73587417602539,19.88614732964995,19.144799771768795,19.244981874185168,89100000
1999-06-22,19.074674606323242,19.976313637084317,19.034601760511638,19.555548756062482,67755800
1999-06-23,19.83605194091797,19.89616118922378,18.9945224646366,19.234959457859848,49204800
1999-06-24,19.31511116027832,19.916203831241337,19.27503831554745,19.856094564145035,38008200
1999-06-25,19.655731201171875,19.775949740628583,19.395257699015673,19.63569477792909,27674200
1999-06-28,19.85609245300293,19.916201713708286,19.535509729241024,19.87612887323805,41440200
1999-06-29,20.03642463684082,20.176679609298706,19.55555044555664,19.876133239746093,39828000
1999-06-30,20.657550811767578,20.978133559573866,19.755911833562397,19.996348894417114,57262600
1999-07-01,20.63751792907715,20.877955031163484,20.357007976643093,20.857918605989624,42941400
1999-07-02,21.49908447265625,21.499084472656254,20.79780958305423,20.81784600847143,34589200
1999-07-06,21.378862380981445,22.20035568709226,21.318753114680653,21.899809355588303,51386600
1999-07-07,21.23861312866211,21.679414533219248,20.943075823334027,21.438977403460807,39944600
1999-07-08,21.2987117767334,21.438966699063723,20.99816551459699,21.218566106830355,35140800
1999-07-09,21.49908447265625,21.599266599742254,20.958100986391834,21.559193748907855,21307000
1999-07-12,21.038244247436523,21.739519055684408,20.99817140125093,21.71948263259161,29140000
1999-07-13,20.918031692504883,21.07832312309879,20.55737597366859,20.85792240603217,29620400
1999-07-14,20.938066482543945,21.138430755104174,20.49726508291144,21.11839432784815,37299600
1999-07-15,21.338788986206055,21.438971094122515,20.83787844662375,21.13341566497731,31955200
1999-07-16,21.158462524414062,21.43897244424531,20.93806187311808,21.43897244424531,34042800
1999-07-19,20.81785011291504,21.198542270899047,20.757740824812302,21.198542270899047,32816600
1999-07-20,19.956275939941406,20.637514275240612,19.836057410182722,20.637514275240612,52511400
1999-07-21,20.216751098632812,20.51228834214603,19.91620474929734,20.016386865742497,34655400
1999-07-22,19.595617294311523,20.276855523357117,19.55554445730884,20.17667343085041,36435400
1999-07-23,20.17668342590332,20.196719854330233,19.615663429949702,19.876136999499597,31477800
1999-07-26,19.57558822631836,20.03642602489085,19.55555180029347,19.876134616691722,30652200
1999-07-27,20.17668342590332,20.276865568037895,19.69580914365736,19.916209856353426,32806600
1999-07-28,20.296897888183594,20.537334980639866,19.695805157042916,20.156642917584104,26070000
1999-07-29,19.79598617553711,20.0764961011014,19.555549096482004,19.79598617553711,32851000
1999-07-30,19.916200637817383,20.457183954941197,19.876127799511917,19.936237056970118,30931600
1999-08-02,19.81602668762207,20.51730164623357,19.63569884112197,19.77595383284427,28405600
1999-08-03,19.595617294311523,20.056454919842366,19.31510743529275,20.036418501341025,32937000
1999-08-04,19.395259857177734,20.09653474870792,19.33515058076086,19.695806239262097,39040000
1999-08-05,19.715848922729492,19.735885354561535,18.714027331127387,19.59563033173724,57323800
1999-08-06,19.956275939941406,20.276858685964562,19.555547507412463,19.71583888042404,39723000
1999-08-09,19.17486000061035,20.477227712250553,19.11475072161157,20.23679059625544,43451800
1999-08-10,18.83423614501953,19.435328787945686,18.00272465563835,19.234964573636965,76086600
1999-08-11,20.17668342590332,20.196719854330233,19.27504414669215,20.016391998488,75945000
1999-08-12,19.77594566345215,20.33696539858554,19.75590924434024,20.2167468839141,43322200
1999-08-13,20.377042770385742,20.377042770385742,19.956277875422025,20.05645999327053,41463800
1999-08-16,20.357006072998047,20.65755242250097,20.076496146795318,20.437151766198827,29650400
1999-08-17,20.597442626953125,20.757734009264045,20.236787016753556,20.597442626953125,28298200
1999-08-18,20.296897888183594,20.55737140501122,20.256825039440884,20.437152858783087,22717800
1999-08-19,19.956275939941406,20.19671299945877,19.77594814530338,20.07649446970009,27059200
1999-08-20,20.557371139526367,20.557371139526367,20.036424112598798,20.156642657274393,26887800
1999-08-23,21.078311920166016,21.118384756516143,20.577401465789446,20.75772922936501,29975400
1999-08-24,21.278682708740234,21.479046952702006,20.857917796420512,20.857917796420512,37240600
1999-08-25,21.99999237060547,22.14024733107381,21.35882683703591,21.479045374580203,40614200
1999-08-26,22.100175857543945,22.54097718924473,21.759556646684246,21.759556646684246,71319400
1999-08-27,21.959918975830078,22.40072026914054,21.839700441290862,22.320574579447726,31159600
1999-08-30,21.39890480041504,22.120216198181836,21.198540523257595,22.10017977046609,30237800
1999-08-31,21.739519119262695,21.99999262023082,21.158462847872265,21.559191310900147,40630200
1999-09-01,22.100175857543945,22.160285130048596,21.599265253338505,21.859738767525332,29680800
1999-09-02,21.87977409362793,21.959919786278583,21.39889993772402,21.87977409362793,32987200
1999-09-03,22.741342544555664,22.741342544555664,22.36065046671729,22.400723317016066,41353000
1999-09-07,22.561006546020508,23.00180773963725,22.540970128128837,22.74133430704554,29664600
1999-09-08,22.100175857543945,22.721305006758687,21.999993736702855,22.40072222006721,29108600
1999-09-09,22.420751571655273,22.500897243046353,21.999986796852088,22.42075157165527,27047000
1999-09-10,22.681230545043945,22.98177688618852,22.420757049385312,22.821485504244745,26933600
1999-09-13,22.66119384765625,23.262286522660393,22.64115742515611,23.041885875158876,40052600
1999-09-14,23.061927795410156,23.122037077240073,22.60108996804749,22.74134495898395,30686800
1999-09-15,22.601089477539062,23.3224008438435,22.601089477539062,23.302364417001712,29886800
1999-09-16,22.601089477539062,22.861563026482333,22.200360940703263,22.84152659964054,35386600
1999-09-17,23.56283950805664,23.58287593620975,22.741345953779156,22.801455238238482,52056200
1999-09-20,23.462648391723633,23.56283049416481,23.1621020844001,23.56283049416481,27081800
1999-09-21,22.80144691467285,23.382503119001072,22.721301231317234,23.342430277323263,31278600
1999-09-22,23.162105560302734,23.24225125428302,22.540976431955514,22.86155920787666,34365600
1999-09-23,22.240428924560547,23.362468582015854,22.040064700014955,23.322395737106735,38786600
1999-09-24,22.120208740234375,22.36064579175866,21.378861164701156,21.99999021447223,57435400
1999-09-27,21.839704513549805,22.520943002963286,21.679413104276044,22.480870150644844,39346400
1999-09-28,21.919851303100586,22.060106293156988,21.118394217064,21.75955988589327,48341400
1999-09-29,21.418930053710938,22.280495996002397,21.398893636448346,22.040058988851293,34538000
1999-09-30,21.979955673217773,22.100174209260896,21.278680879632883,21.599263642414545,38812200
1999-10-01,22.080127716064453,22.12020054313535,21.479035310000995,21.779581513032724,34812000
1999-10-04,22.601089477539062,22.64116233122264,21.939887391759996,22.140251660177896,26348000
1999-10-05,22.96173667907715,23.36246506789176,22.520935451381078,22.801445323551306,40120200
1999-10-06,23.056913375854492,23.40254166673739,22.80144898694105,23.18214101747873,27806600
1999-10-07,22.721298217773438,23.252263299582076,22.58104329050323,23.081953745039684,29225000
1999-10-08,23.021852493286133,23.08196176872552,22.260468337720532,22.74134254123565,30828400
1999-10-11,23.222209930419922,23.322392026754777,23.021845737750205,23.142064253352036,17772200
1999-10-12,23.001813888549805,23.362469507011387,22.60108542359249,23.222214544276326,23617400
1999-10-13,22.540966033935547,23.061912804497613,22.32056547715929,22.66118451944987,33096600
1999-10-14,22.240428924560547,22.540975261378932,21.95991901019672,22.520938838924373,42707400
1999-10-15,21.539155960083008,21.99999371550804,21.31875529444495,21.919848018912383,56896000
1999-10-18,21.59926414489746,21.83970122257721,20.857916488718235,21.459009182917608,50957000
1999-10-19,21.59926414489746,22.120211146536917,21.438972759777627,22.10017472339694,40404800
1999-10-20,22.420751571655273,22.440787989503043,21.779586200526612,22.120205303938715,36908600
1999-10-21,22.180320739746094,22.220393586611035,21.65937373050183,21.87977438825902,37816000
1999-10-22,21.338788986206055,22.741338497036498,21.27867972145618,22.420755751703826,51369400
1999-10-25,21.318750381469727,21.779588030693226,20.877949151777685,21.659369513504487,74015400
1999-10-26,21.559192657470703,22.040066843139194,21.53915623306785,21.739520477096388,38695000
1999-10-27,22.180320739746094,22.280502856908452,21.3989002258797,21.719483000799247,38332600
1999-10-28,22.741342544555664,22.78141539485444,22.26046834097035,22.400723317016066,40276400
1999-10-29,23.723121643066406,23.883413005519557,23.162101874480378,23.242247555706953,56607600
1999-11-01,23.36246681213379,23.723122388993488,23.20217544464059,23.40253965400709,31411400
1999-11-02,23.56283950805664,23.88342235850639,23.302365942066217,23.56283950805664,33270200
1999-11-03,22.92167091369629,23.82331006677001,22.781415934329267,23.723127938650705,47719800
1999-11-04,22.440792083740234,23.602904530933923,22.400719240733554,23.36246747289385,63778000
1999-11-05,23.542797088623047,23.562833511677194,22.921667973944484,22.981777243106922,43893000
1999-11-08,24.143892288208008,24.344256539562434,23.482690258738412,23.562835959280182,50149600
1999-11-09,23.803264617919922,24.524575666947797,23.6029004376344,24.504539248919247,56435600
1999-11-10,25.4863338470459,25.546443124987043,24.744986085771764,24.744986085771764,84182400
1999-11-11,26.84880828857422,26.989063257245878,25.54644072233741,25.606549994625265,55408200
1999-11-12,26.748632431030273,27.06921529162689,25.806920278027707,27.06921529162689,41353200
1999-11-15,26.548261642456055,26.84880800067254,26.26775170812067,26.788698729029242,25344800
1999-11-16,27.089244842529297,27.249536232130065,26.568297826326813,26.728589215927578,37070800
1999-11-17,27.169387817382812,27.63022551635022,27.08924213060587,27.249533504159754,38131200
1999-11-18,28.191246032714844,28.211282454912933,27.24953418940454,27.570116944574004,30482600
1999-11-19,28.251371383666992,28.411662852510496,27.810569844347366,28.111116348428933,35320400
1999-11-22,28.050996780395508,28.331506748199462,27.770486812591553,28.27139746938433,27224400
1999-11-23,28.371578216552734,28.692161021259544,28.050995411845925,28.612015320082843,48103800
1999-11-24,29.63387107849121,30.11474525420709,28.571940607118638,28.73223199902393,49164200
1999-11-26,29.874300003051758,30.57557465101072,29.75408149197308,30.535501813984492,24342000
1999-11-29,29.73404312133789,30.61564547803524,29.69397028694256,30.0946986308959,46741400
1999-11-30,28.591981887817383,29.693985394355543,28.331508331726543,29.693985394355543,43533600
1999-12-01,29.313295364379883,29.41347750848234,28.59198392684217,28.972676074431515,39542400
1999-12-02,29.974485397338867,30.054631080219455,29.313283513574042,29.774121190137407,39396200
1999-12-03,30.63568687438965,31.096524544835013,30.134776363035993,30.41528624939404,49795400
1999-12-06,31.49726104736328,31.697625303389763,30.555549044038806,30.775949725667935,36850800
1999-12-07,32.53916549682617,32.83971197616878,32.07832756183418,32.35883760922061,55914600
1999-12-08,32.0382194519043,33.02000353767247,31.737673303199756,32.699420979054295,41666800
1999-12-09,31.617475509643555,32.699442352178885,30.775945743227187,32.67940592916897,48570000
1999-12-10,31.998157501220703,32.09833958481876,30.976300248520477,32.018193917940316,33256600
1999-12-13,32.438961029052734,32.619288792648454,31.49724937471952,32.05826908368399,36838200
1999-12-14,31.397069931030273,32.55918228329559,31.33696067143034,32.358818084629156,41910600
1999-12-15,30.735870361328125,30.936234574896105,29.77412213620182,30.535506147760145,90774200
1999-12-16,31.377033233642578,31.65754310929455,31.116559777680024,31.542333696080348,42678200
1999-12-17,31.95808982849121,32.30371807271784,31.657543529163707,32.29870896772905,57102400
1999-12-20,33.10017776489258,33.200359900984864,32.07831997675122,32.29872067615426,38061000
1999-12-21,33.34061050415039,33.50090190080496,32.65937206836847,33.36064692873221,39562800
1999-12-22,32.85973358154297,33.66119049816597,32.21856804824457,33.48086269192579,30393400
1999-12-23,33.480857849121094,33.66118562927794,33.080129448772546,33.30053006896424,21218200
1999-12-27,33.72130584716797,33.74134227369629,32.71948452075181,33.661196567583,26471200
1999-12-28,33.72130584716797,34.30236221648934,33.0601037717333,33.64116014105468,26290400
1999-12-29,34.021846771240234,34.30235669750488,33.561009035234036,33.801446114889444,18297400
1999-12-30,34.041893005371094,34.30236658339924,33.6812372819475,34.262293725241065,17842400
1999-12-31,34.34243392944336,34.362470355306506,33.96174183804346,34.20217894840129,10726400
2000-01-03,34.642982482910156,35.34425743195692,33.20035973058538,35.24407529637881,53076000
2000-01-04,32.6994514465332,34.30236573312797,32.619305732203465,33.82149144714954,50805600
2000-01-05,32.59926986694336,33.500909168733436,31.176683413007908,32.078322714797984,68524000
2000-01-06,32.05828094482422,32.659373712539676,31.617479581832885,32.31875447750092,48242600
2000-01-07,33.94169235229492,33.98176518860224,31.857904864314598,31.857904864314598,62260600
2000-01-10,35.20400619506836,35.26411548282317,34.02185686922372,34.78324118078468,50583000
2000-01-11,34.14207077026367,35.143892095682205,33.661196534062775,34.66301785948131,43210200
2000-01-12,33.2805061340332,34.46265535854131,33.18032399636303,34.26229108320095,40757800
2000-01-13,34.041893005371094,34.14207515076654,33.260472271286645,33.981783718133826,34494400
2000-01-14,34.4826774597168,35.02366077837592,33.66118427212331,34.70307807102236,43623000
2000-01-18,35.905269622802734,36.065561005047385,34.38250149147851,34.46264718260084,59568600
2000-01-19,36.005455017089844,36.2258556877565,34.96356093757472,35.80509077102924,45597000
2000-01-20,36.02548599243164,36.90708854174587,35.72493966880179,36.34606873763681,41731200
2000-01-21,36.947166442871094,36.98723929150761,36.0455273485494,36.826947896961535,44974600
2000-01-24,34.963558197021484,37.10745546182452,34.7832303897016,37.10745546182452,43787800
2000-01-25,35.945343017578125,36.185780094618785,34.3223927475537,34.78323047854829,55379800
2000-01-26,34.362464904785156,35.82512376079059,34.30235563673014,35.72494164736556,35308800
2000-01-27,34.1821403503418,35.464471524094364,33.260464819207144,34.88341521098773,47908600
2000-01-28,33.300533294677734,35.063738427007245,33.02002338726167,34.1620994388842,49564400
2000-01-31,35.103816986083984,35.14388983652472,32.05828035258811,32.99999233794539,66914600
2000-02-01,37.768653869628906,37.86883597538389,35.12384627769733,35.19397375172582,87263000
2000-02-02,36.5063591003418,37.74861720364652,36.22584920604719,37.227670257099376,68449200
2000-02-03,37.768653869628906,38.02912734459186,36.70672354862607,36.82694207553205,48675200
2000-02-04,38.83058166503906,39.27138290169069,38.02912487112701,38.32967116884403,52970000
2000-02-07,40.132957458496094,40.19306673077541,39.29142764658554,39.77230182482014,48933400
2000-02-08,40.33332824707031,41.034603204172875,39.65208971731354,40.9945303494813,72100800
2000-02-09,41.29506301879883,43.27866866599004,40.53367903300826,42.71764888698647,107807600
2000-02-10,43.57923126220703,43.67941340303969,41.21493273855626,41.876134868051814,64314000
2000-02-11,41.976314544677734,42.83788090526062,41.074675330114246,42.67758948933822,75471000
2000-02-14,41.836063385009766,42.617484109155065,40.69398694202818,42.617484109155065,49103800
2000-02-15,41.034584045410156,41.715822257101536,40.17301807180047,41.595603749156,61367200
2000-02-16,40.769107818603516,41.51546450431084,40.633861976227024,40.99451755589767,46274000
2000-02-17,41.836063385009766,41.87613624265825,40.9143876590948,41.33515266440381,39656600
2000-02-18,40.33332824707031,41.936242434733316,40.25318253768716,41.896169580041736,41600000
2000-02-22,39.73222732543945,40.73404848846113,38.87066112524082,40.57375710237766,61144400
2000-02-23,44.4407958984375,44.56101446263526,40.493619707277816,40.714020408307036,105707800
2000-02-24,43.99998474121094,44.16027612460333,42.47721659898324,43.99998474121094,74976000
2000-02-25,42.55736541748047,43.99998797400523,42.01638195878368,43.79962373004346,46451200
2000-02-28,41.8560905456543,42.69762036993265,40.91437859943804,41.92120892491393,52048400
2000-02-29,42.37702941894531,42.93804919375877,41.44032675921212,42.432129575400204,41688600
2000-03-01,42.216739654541016,43.39888851055331,41.675756279755724,42.53732239515452,39469400
2000-03-02,42.55736541748047,42.7978025102346,41.655726319652494,42.03641838317986,31939200
2000-03-03,44.06010437011719,44.5409786333654,42.918027994902694,43.11839227125611,38053800
2000-03-06,43.63933181762695,44.24042454238766,43.098348365342325,43.979951028324685,33787600
2000-03-07,42.33695983886719,44.180310669523024,41.91619497534792,44.16027424745068,42309600
2000-03-08,42.437129974365234,43.27865946394188,41.67574615046255,42.71763980422411,48042400
2000-03-09,44.66117858886719,44.87657009619348,42.35699037095793,42.91801011097062,67248600
2000-03-10,43.71947479248047,45.48268000867583,43.61929267792391,44.60107740057815,48013600
2000-03-13,43.659358978271484,44.89159880257791,42.95808428151173,43.278667000030474,47557200
2000-03-14,42.236778259277344,44.28049333633915,42.21674183695321,43.89980131218058,58617400
2000-03-15,41.234954833984375,43.278669796601676,40.5937893555162,42.79779568775054,62863600
2000-03-16,42.211727142333984,42.75771957837462,39.85243872604832,41.5956072374441,75486200
2000-03-17,43.27865982055664,43.57920606931051,41.996329159206816,41.996329159206816,53047600
2000-03-20,42.9981689453125,43.83969881283493,42.49725830988249,43.27867890115331,39242200
2000-03-21,45.15708923339844,45.322389726432505,42.61747256769317,43.118383152644896,57357400
2000-03-22,46.28413391113281,47.04551793218175,44.52092880975633,45.40253136044457,59111600
2000-03-23,49.89069366455078,50.61200489825513,46.163918957078316,46.885230190782664,76967200
2000-03-24,50.89250564575195,52.134763657577395,50.17119454211138,51.373379714845676,64910400
2000-03-27,51.33331298828125,52.57557114802888,50.69214748647602,52.21491555326344,47360000
2000-03-28,49.930755615234375,51.613814793275985,49.690318589799865,51.0127222296897,42658000
2000-03-29,48.76866912841797,50.481783841022626,48.087430529253545,49.97085489164931,54776100
2000-03-30,47.205810546875,49.20945276023981,45.36245971057937,48.00726743222093,67081600
2000-03-31,49.57011032104492,49.89069308787464,46.32420980689404,47.67666835445691,53212600
2000-04-03,46.76502227783203,49.36975788028197,46.163929446497434,49.28961216943736,61832400
2000-04-04,46.88523483276367,47.76683753902077,41.03459869123932,47.44625473674546,10846100
2000-04-05,46.244075775146484,48.00728143728379,44.96174438450117,45.04189009641651,64975400
2000-04-06,46.043704986572266,47.60654614799639,45.36246653159252,47.36610904623883,43823900
2000-04-07,48.047359466552734,48.08743232682509,45.923497872117956,46.80510079810975,44893800
2000-04-10,46.52458953857422,48.72859679492356,46.48451667936787,48.36794106206639,42264200
2000-04-11,44.88158416748047,47.24588190487453,43.91983593532017,46.24406082970755,58865900
2000-04-12,41.67575454711914,45.322383069992064,41.51546318347637,44.721290456331694,94231500
2000-04-13,39.19123458862305,42.6374985708537,39.19123458862305,42.38704333958694,104047300
2000-04-14,36.54642868041992,39.151163180669144,35.30417068799336,39.030944665273026,14575300
2000-04-17,42.63750076293945,42.71764644106528,36.33604682029638,36.50635638631376,12074800
2000-04-18,44.40071487426758,44.561006263705366,42.958092369327474,43.679403621797526,80723900
2000-04-19,42.39707946777344,44.881596412009685,42.23678805201626,44.721304996252506,51863900
2000-04-20,41.755897521972656,43.398883892798835,41.39524197715715,42.79779131810633,36551400
2000-04-24,40.67393493652344,40.8742991480334,37.98905450228987,39.47174966746363,58933700
2000-04-25,42.316925048828125,42.3569978945183,40.43350130138975,41.755905209165626,54357600
2000-04-26,42.79780960083008,44.24043239636367,42.23678962478923,42.51729961280965,51055200
2000-04-27,44.24041748046875,44.32056316431018,41.034590126811594,41.19488149449445,51540300
2000-04-28,44.450801849365234,44.88158491889931,43.63932676489406,44.48085648212342,34352200
2000-05-01,45.803253173828125,46.083763035785076,44.56099521373305,44.80143223826758,40694200
2000-05-02,43.59925842285156,45.9635564439437,43.35882133596084,45.52275511797737,31282300
2000-05-03,42.35700988769531,43.35883131361053,40.794168463267575,43.31875845657392,47312400
2000-05-04,40.79415512084961,42.63750594163456,40.71400943298939,41.95626759482273,40026500
2000-05-05,43.438968658447266,43.589241843381934,40.71401490496534,40.91437915154489,45085600
2000-05-08,40.2331428527832,41.435328396193064,39.83241433831326,41.074672733170104,67640000
2000-05-09,40.2331428527832,40.83423562448814,38.990884457926356,40.73405349587065,70498200
2000-05-10,37.508182525634766,39.43167906541091,37.26774545816275,38.79051355215219,91957600
2000-05-11,38.63022232055664,39.19124214678879,37.22767275497626,38.389785252171436,53912000
2000-05-12,38.42985534667969,40.39342459796989,37.66847135128145,38.55007387226888,43915500
2000-05-15,38.46992874145508,38.550074426333104,36.54643230438232,38.109273159503935,50519100
2000-05-16,38.83058166503906,39.922566546744235,37.66846931386658,39.191237222299485,50845600
2000-05-17,37.187599182128906,38.229493124731654,37.187599182128906,37.98905606105409,43334300
2000-05-18,35.504554748535156,37.3879792103649,35.34426330497518,37.18761490591493,75639200
2000-05-19,34.26228332519531,35.3041773210492,33.62111778928523,34.61292072764614,82841000
2000-05-22,35.424400329589844,35.58469173379613,32.058280841257776,34.10199624488796,92259800
2000-05-23,32.40892028808594,35.664839636966285,32.218574233843704,35.34425680876884,67684700
2000-05-24,35.344261169433594,35.58469832024607,32.178505350402695,32.37886964274642,97110300
2000-05-25,34.943519592285156,37.468108737140625,34.66300968730122,35.945340681513514,76771500
2000-05-26,35.224037170410156,35.86520280718668,33.74134163536445,35.02367290891749,36022200
2000-05-30,38.389793395996094,38.46993910245955,36.54644214733657,36.857006759882466,51328600
2000-05-31,36.5063591003418,38.63021972857244,36.14570352196301,37.788690045688604,49611300
2000-06-01,39.07101821899414,39.191236736591044,37.10744909824469,37.55826853923308,52127600
2000-06-02,41.2750358581543,42.1566385658042,40.67394310293846,41.39525440919747,61997000
2000-06-05,40.55371856689453,41.71583105547155,40.032771589256555,40.83422847793036,36758700
2000-06-06,39.31146240234375,40.914376261766535,39.19124386288704,40.23313787151185,30704100
2000-06-07,40.31327438354492,40.71400275713881,39.19123493748204,39.51181763635715,32483900
2000-06-08,40.834232330322266,41.67576214282155,40.23313960710849,40.91437802675077,36633200
2000-06-09,41.2750358581543,41.67576436163153,41.034598756067965,41.35518155884974,23956400
2000-06-12,39.832401275634766,41.515460484464406,39.832401275634766,41.35516913124253,22663400
2000-06-13,41.67575454711914,41.67575454711914,39.431675456120416,39.9926952288701,33430700
2000-06-14,41.79597473144531,42.63750442402475,41.11473640888101,41.55553767642262,33894400
2000-06-15,42.63750076293945,42.71764644106528,41.43531559105207,41.99633533793285,38430500
2000-06-16,43.47903823852539,43.55918393113097,42.186688945260464,42.79779985137799,49657300
2000-06-19,44.20035171508789,44.400715956770064,42.47721923662118,42.9580934166584,34616900
2000-06-20,43.038238525390625,44.60107958916179,42.717655743078595,44.040059720115735,34001500
2000-06-21,43.23860549926758,43.43896975088606,42.1566385405278,42.1967113908515,27600800
2000-06-22,41.39524841308594,43.03823503935556,41.315102723999615,42.9981621948124,27506900
2000-06-23,40.152992248535156,42.27685311597264,40.072846555424306,41.39525049175331,25132300
2000-06-26,40.27321243286133,40.79415945935605,39.15117268348808,40.443522037676914,40313100
2000-06-27,39.91255187988281,41.83604835602174,39.832406193377025,40.11291609614729,31635200
2000-06-28,40.754085540771484,41.31510540072311,39.83241005656525,40.27321137509867,29624000
2000-06-29,39.23131561279297,40.724029102656644,38.790514313772825,40.193063901564194,36168100
2000-06-30,40.754085540771484,40.83423123505029,38.55007894810439,38.99088026663782,34402600
2000-07-03,41.43532180786133,41.59561318816253,40.473573526054096,40.633864906355306,14879800
2000-07-05,39.67210388183594,41.51545416321417,39.39159405640881,40.914361680156055,27383000
2000-07-06,41.515472412109375,41.59561811174665,39.0309557233538,39.91255841936384,34561900
2000-07-07,41.91619873046875,42.27685436008081,40.79415899389788,41.43532455765266,30196900
2000-07-10,40.47357177734375,42.07648551109993,40.393426090655936,41.194882957534034,29138500
2000-07-11,39.832401275634766,41.395241969548,39.51181856919103,40.393421011911315,33011500
2000-07-12,40.9544563293457,41.43533057196033,39.812380003135964,40.633873500935955,32863700
2000-07-13,41.836063385009766,43.02823090005195,40.95446051674328,41.07467908968871,58366200
2000-07-14,43.75954818725586,44.080130957858465,42.35699856586945,42.67758133647206,58353300
2000-07-17,44.64114761352539,44.72129330044375,43.19852524899495,43.35881662283166,41995400
2000-07-18,43.118385314941406,44.320570779112636,42.998166768524285,43.75955089583273,29673200
2000-07-19,42.837860107421875,43.55917112887519,42.477204596695216,43.0382242800478,24010200
2000-07-20,44.56100082397461,44.721292193845024,43.07830565267329,43.118378495140895,43828700
2000-07-21,43.67940902709961,44.64115748274217,43.42895370010936,43.99999184564713,29126500
2000-07-24,42.35700988769531,44.160288454342705,42.23679131658549,43.55919559879357,29325800
2000-07-25,43.67940902709961,44.16028325492089,42.27685919595421,42.71766057145705,32776100
2000-07-26,43.95991134643555,44.32056695456492,42.55736175926577,42.998163058090555,44805400
2000-07-27,43.59925842285156,44.2404239878935,42.797801466549146,43.50909451526754,34568500
2000-07-28,40.27321243286133,44.24042440385961,39.712192558174706,43.11838465448636,56395700
2000-07-31,41.95627212524414,42.31692775955856,40.112921105414884,40.32330355876496,51109200
2000-08-01,40.51364517211914,42.07648608380326,39.95262535766843,41.51546626935255,34942900
2000-08-02,39.07101821899414,41.355170053335335,38.95079970139724,40.55371326935597,45361900
2000-08-03,41.2750358581543,41.59561866093608,37.50818792546838,38.22949923172738,61286400
2000-08-04,42.03641891479492,42.877948750076804,41.39525332600873,42.016382490145354,41593000
2000-08-07,42.47722625732422,43.118391936680055,41.83606057796838,42.44717161610441,39458000
2000-08-08,41.996341705322266,42.91801714351159,41.5956132539356,42.316924466431594,46360200
2000-08-09,43.47903823852539,44.88158785912299,43.11838262180029,44.16027662567279,94337400
2000-08-10,40.63386535644531,42.717653323442505,40.473573974368605,42.717653323442505,59673700
2000-08-11,41.234954833984375,41.59561041562272,39.75225966502672,40.27320661628212,48999400
2000-08-14,41.355186462402344,41.39525931750157,39.99270938902862,41.034603621608525,29087500
2000-08-15,40.51364517211914,41.55553911324189,40.3533537965618,41.154810674348525,33757400
2000-08-16,40.433502197265625,41.194886282248824,39.95262803832887,40.71401212331207,35195300
2000-08-17,40.67393493652344,41.35517325565733,39.92256914336106,40.31327935580549,34739500
2000-08-18,40.714012145996094,41.234959151801164,40.39342937319298,40.75408499259649,41693400
2000-08-21,41.996341705322266,41.996341705322266,41.11473911227161,41.11473911227161,41781800
2000-08-22,41.5555419921875,42.597436005492106,41.355177758859696,42.03641615217424,40985800
2000-08-23,43.078311920166016,43.11838476846385,41.154815201870235,41.355179443359376,43615700
2000-08-24,42.63750076293945,43.278666187946065,42.07648101605867,43.158447670757326,26958500
2000-08-25,41.996341705322266,42.95808998865026,41.996341705322266,42.557361537263596,21182500
2000-08-28,42.35700988769531,42.97813917176275,42.07649988843905,42.15664560251227,25397800
2000-08-29,42.67757797241211,43.1985249335777,42.15663101124652,42.35699522707944,25801700
2000-08-30,42.67757797241211,42.91801503141161,42.437140913412605,42.55735944291236,24561800
2000-08-31,43.99998474121094,44.20034897045142,42.837872211616116,42.91801790331231,46835300
2000-09-01,43.95991134643555,44.64114971734658,43.67940142900159,44.16027557317408,33141800
2000-09-05,42.316925048828125,43.799620339364715,42.076487974687055,43.318746191082575,32365000
2000-09-06,41.19488525390625,42.91801761374864,40.714011106973494,42.557362003549066,37317100
2000-09-07,42.47722625732422,42.7577362420424,41.194894898612546,41.67576915812942,30302700
2000-09-08,40.9544563293457,42.276860496535924,40.59380064738473,42.15664193588227,35967700
2000-09-11,39.23131561279297,40.95444796350808,39.03095138596563,40.714010891315276,53535500
2000-09-12,37.74862289428711,40.313285171605976,37.26774871728982,39.44170072579839,76982100
2000-09-13,39.31146240234375,39.66209980909248,37.18760153860856,37.34789292455084,75426600
2000-09-14,39.27138900756836,40.593792923129335,38.82056949089985,40.15299161794235,48069600
2000-09-15,40.2331428527832,40.87430847593513,38.34971883477443,39.35154012094931,75803700
2000-09-18,38.51001739501953,40.11293175069152,37.50819592272454,39.471766008422726,59433800
2000-09-19,39.75225830078125,39.792331141810266,37.86883477241762,38.42985454682381,50635000
2000-09-20,40.47357177734375,40.794154524094985,39.11109510365099,39.31145932037051,61998200
2000-09-21,39.19123458862305,40.31327402469814,38.50999635957745,39.47174444764182,48728100
2000-09-22,38.6702880859375,38.790506598121766,37.46810296409489,37.50817580148964,55306500
2000-09-25,36.666664123535156,39.341527325989766,36.466299838707094,38.93078054209224,59634900
2000-09-26,35.38432312011719,37.948985271518666,35.344250274001546,37.307819733668296,72577600
2000-09-27,36.74680709838867,36.94717136828174,35.46447577107303,36.22585999666669,56557200
2000-09-28,38.10927963256836,38.30964387879637,35.023670240656934,36.145710019533816,90508900
2000-09-29,35.424400329589844,38.029135647942034,35.38432747853827,37.738607477818135,44248700
2000-10-02,35.584678649902344,37.80872106552124,35.00362252329921,36.786863739426074,76637400
2000-10-03,36.06556701660156,38.06920962863498,35.86520275539822,36.54644124348958,65208200
2000-10-04,37.548248291015625,37.868830987203594,35.424387928770344,36.265917506263754,56870600
2000-10-05,36.90709686279297,37.74862675868727,36.06556696689867,37.067388271534746,47457200
2000-10-06,36.02548599243164,37.34788981640299,35.02366491366546,36.746797169143285,54803700
2000-10-09,34.42256546020508,35.624750517022484,33.90161860225087,35.54460484656799,45976900
2000-10-10,32.77958297729492,34.86337064822321,32.499073098516114,33.981768172061244,61859800
2000-10-11,32.819671630859375,34.22222170055422,30.9162108219878,31.256830124627978,93499900
2000-10-12,31.938058853149414,34.382502504394225,31.577403232473948,33.74133695652673,78347800
2000-10-13,35.945343017578125,36.025488709925014,31.45718424615254,31.45718424615254,73929500
2000-10-16,34.943519592285156,35.74497646366785,34.542791156593815,35.38432087154563,51407200
2000-10-17,34.98358917236328,35.905264488473655,34.22220521557645,35.54460892999568,52349400
2000-10-18,33.500911712646484,35.11384436388335,32.05828872023587,33.82149459984885,66281300
2000-10-19,37.34789276123047,37.90891260957513,34.78323059736915,35.30417759940348,72023700
2000-10-20,36.74680709838867,38.10928413366153,36.38615141258115,36.94717136828174,51194000
2000-10-23,35.82511901855469,37.02730422051961,35.224026417572226,36.06555605894767,45486800
2000-10-24,35.18394470214844,36.706712240510214,34.66299791270888,36.26591111098443,46524900
2000-10-25,32.45899200439453,34.342414997242116,32.37884634512442,33.06008444892036,68796400
2000-10-26,34.34243392944336,34.7030895949801,32.058281381043976,32.939884119022686,83351700
2000-10-27,32.49906539916992,35.02365371007955,32.25862841717853,35.02365371007955,71866300
2000-10-30,30.816030502319336,31.85792490161752,29.01275173430325,31.53734200952577,7360400
2000-10-31,34.54279327392578,34.94352173418014,30.89616428561111,31.01638282368742,87881100
2000-11-01,33.420745849609375,35.18395066661515,32.73950762485715,33.90161989061095,76320300
2000-11-02,35.74497985839844,35.90527124789798,33.74133748965413,33.86155603177879,57679400
2000-11-03,36.38615036010742,36.62658747702443,34.663017688868855,35.50454759807838,59242000
2000-11-06,35.344261169433594,36.546446923495964,35.18396973555861,35.865208329527285,72645200
2000-11-07,36.38615036010742,36.94717029958044,33.981779190937324,34.74316339450785,97458000
2000-11-08,33.420745849609375,36.34606293236895,33.34060017610911,35.82511605461725,59053700
2000-11-09,34.14207077026367,34.30236218233064,32.37886523752705,32.65937520864424,70492400
2000-11-10,32.09834289550781,34.061911936556356,32.058270057935395,33.30052802268039,58042300
2000-11-13,32.29871368408203,33.58104474846246,30.77594554513027,31.296892540034822,75162400
2000-11-14,34.06190872192383,34.34241855845732,33.22037921232336,33.540961882647345,59774300
2000-11-15,34.34243392944336,34.853362788953746,32.97995697074899,33.941705412180305,51065300
2000-11-16,32.73951721191406,34.10199406039029,32.57922581797568,33.90162981796731,32594500
2000-11-17,33.82149124145508,34.42258409527241,32.37886839229349,32.859742675347356,49838500
2000-11-20,32.85973358154297,33.78140903565942,32.01820381908882,32.09834951075112,51552800
2000-11-21,34.42256546020508,34.74314814202305,32.37885086361548,32.659360710206215,57419900
2000-11-22,32.41893768310547,34.94352739143135,32.29871912556614,33.70126896352497,48342200
2000-11-24,33.78141403198242,33.78141403198242,33.06010270033867,33.2604669591286,21082300
2000-11-27,32.85973358154297,34.95353977622056,32.719478621133945,34.42257456895782,40198100
2000-11-28,32.6994514465332,34.10200144730362,32.45901430354399,33.30054430400624,52037000
2000-11-29,33.140235900878906,33.98176547030872,32.25863349480958,32.89979888104182,55316000
2000-11-30,30.695798873901367,32.659368253563464,28.97266656113667,32.178494119768665,10840500
2000-12-01,31.096534729003906,33.100177430614984,30.295077648359477,31.537336123358344,70468000
2000-12-04,29.37338638305664,31.777756346199062,28.85243955770911,31.45717368444674,9501200
2000-12-05,33.420745849609375,33.420745849609375,30.33513741984928,30.615647277100194,90848900
2000-12-06,32.97994613647461,34.342422647580484,32.86974583042928,33.34060168353205,71419200
2000-12-07,32.01820373535156,32.699442112699465,31.417111049456352,32.25864080970965,46448400
2000-12-08,33.5810432434082,34.14206305893054,32.69944067615882,33.30053333564704,55400200
2000-12-11,35.143890380859375,35.74498314678058,33.741340593709914,33.90163199795557,78621500
2000-12-12,34.8633918762207,35.3442662469272,34.18215318438651,35.10382906157395,39485300
2000-12-13,32.77958297729492,35.42439040578082,32.5792187781672,35.38431756595528,54330600
2000-12-14,32.65936279296875,33.701256575321125,32.61928995518596,32.73950846853432,46244400
2000-12-15,30.886138916015625,32.17848790082458,30.21491890064973,32.098342227348056,100237900
2000-12-18,27.530048370361328,32.13842619072749,27.129319864242532,31.417114879713658,126032400
2000-12-19,26.768665313720703,29.493619267812033,26.60837390465651,27.570122359041683,99018800
2000-12-20,23.402530670166016,24.644788291356335,22.891602132418384,23.402530670166016,167411300
2000-12-21,24.92531394958496,25.8069166937825,22.540979255050708,23.081962757171926,17161000
2000-12-22,26.608379364013672,26.928962247917454,25.516393915716424,25.927140735718144,61418800
2000-12-26,26.127500534057617,27.129321873553693,25.3661163160406,26.768666191335104,39582600
2000-12-27,26.127500534057617,26.888884752074635,25.326043462460756,25.72677199825919,47381700
2000-12-28,25.366107940673828,26.648438831829537,24.604723974050128,25.8069091845086,56407400
2000-12-29,24.524580001831055,25.326036864635988,23.723123139026118,24.92530843323352,72819200
2001-01-02,21.358829498291016,24.684876118099936,20.91802813903923,24.444439013053508,17384600
2001-01-03,26.488157272338867,26.76866725858149,20.47722899571129,20.87795754748646,161938600
2001-01-04,26.84880828857422,28.531867912634098,26.227679141599744,27.20946392230134,108614900
2001-01-05,23.48269271850586,27.530051019818305,23.44261986403742,27.449905310881423,17850700
2001-01-08,23.432601928710938,23.482692997391382,21.59926881500675,22.400725913893826,92042800
2001-01-09,23.803264617919922,24.915285818504564,23.162099241006253,24.16392014243386,77470000
2001-01-10,23.24224853515625,24.04370538119612,21.56920736904802,22.080136108398435,3324100
2001-01-11,25.085603713989258,25.366113659672845,22.29052246949924,22.29052246949924,33695100
2001-01-12,24.404369354248047,25.48633646847579,24.043713649505463,25.12568076373321,66957400
2001-01-16,24.684877395629883,24.845168807289816,23.88342033733021,24.364294572310012,48381800
2001-01-17,25.005449295043945,26.478125996314564,24.564648105547978,25.60654182617481,69477200
2001-01-18,26.84880828857422,27.409828163260848,24.604728789827718,25.04553011993864,79187500
2001-01-19,25.88705062866211,28.21127498851103,25.766832127290613,28.17120215472053,78838600
2001-01-22,26.56830406188965,27.209469770773865,25.606555498563328,26.087429780226486,59726300
2001-01-23,27.329681396484375,27.489972782974018,25.927131764699983,26.728588697148208,55443000
2001-01-24,27.289602279663086,27.810549166059005,26.608364043606883,27.65025781639872,70171600
2001-01-25,25.205821990966797,27.20946443857942,25.12567629306229,27.089245891722662,65082100
2001-01-26,24.60472869873047,24.63478333476312,23.202179017206745,23.883417433946843,43833300
2001-01-29,23.88340950012207,24.36428351690305,22.761370127633114,23.1620984749506,12188100
2001-01-30,24.36429214477539,24.724947785076342,23.923490806629783,24.244073598008406,74652700
2001-01-31,24.00363540649414,25.326039360441232,23.92348971231553,24.885238042458866,83891100
2001-02-01,24.524580001831055,24.724944217532286,24.003633041007845,24.04370588414809,46785200
2001-02-02,22.761371612548828,24.765013479850662,22.561007425818644,24.56464929312048,57600300
2001-02-05,22.1602783203125,22.40071533644609,21.479040107933997,22.1602783203125,65876100
2001-02-06,22.92167091369629,23.202180872430336,22.160286739989594,22.290523506544687,91451300
2001-02-07,19.916200637817383,20.877948757148605,19.1548167100135,20.477220374093932,279312700
2001-02-08,19.23496437072754,20.357003959019977,19.194891528288522,19.996348377068834,101508200
2001-02-09,18.072851181030273,19.525491658441243,17.95263265876178,19.14479967125768,134360900
2001-02-12,18.95445442199707,19.154818633646087,17.83241483676257,18.313288944720213,97195000
2001-02-13,18.27321434020996,19.675763686498005,17.952631632486977,19.074671109517414,74303300
2001-02-14,18.83423614501953,18.994527516466505,17.95263360206117,18.553726244987324,73145200
2001-02-15,19.755916595458984,20.156645126807035,19.154823798436905,19.515479476650153,101537700
2001-02-16,18.112930297851562,18.71402311747053,17.622037828496072,17.952638879286503,86437400
2001-02-20,16.710372924804688,18.393432068310197,16.710372924804688,18.383413859122662,103669700
2001-02-21,16.109283447265625,17.111104557170204,16.029137758473258,16.46993904683127,96584700
2001-02-22,16.950807571411133,17.23131738937775,16.10927811751129,16.469933597754082,114885800
2001-02-23,17.31146812438965,17.31146812438965,16.029137152212638,16.950812538464866,100864600
2001-02-26,16.710372924804688,17.51182965980731,16.189426047052983,17.44170219549458,91552600
2001-02-27,15.38797664642334,16.990890880425773,15.187612367173037,16.550089466075104,124980300
2001-02-28,15.187613487243652,16.02914352215689,14.907103475605906,15.628414934102967,118246500
2001-03-01,15.7085542678833,15.7085542678833,14.265931937159323,14.90709741748109,119256900
2001-03-02,14.22586441040039,15.267758705246617,14.065572980424049,15.067394417776189,123632700
2001-03-05,14.796903610229492,14.947176835790389,14.466302513995522,14.706739674892955,82668400
2001-03-06,15.38797664642334,15.989069484174253,15.34790379057328,15.428049502273401,88650300
2001-03-07,15.38797664642334,15.948996628324192,15.107466655472916,15.90892377247413,74824100
2001-03-08,14.62658977508545,15.387973900363871,14.506371228988856,15.227682505568414,78985300
2001-03-09,13.224038124084473,14.235877404790935,13.023673910083193,14.185786351290616,159948800
2001-03-12,12.061928749084473,12.703094396876338,11.781418778175532,12.222220161032439,177487400
2001-03-13,13.704913139343262,13.785058830216615,12.432600296728793,12.432600296728793,135080500
2001-03-14,12.983600616455078,13.484511134065228,12.632963254127972,13.103819140681514,15405900
2001-03-15,13.023675918579102,14.025497143085186,12.983603069598857,13.744987200223482,87632100
2001-03-16,12.78324031829834,12.863386025623095,12.18214751336268,12.582876049986455,10082600
2001-03-19,13.344259262084961,13.424404963358745,12.663020801257801,13.143895008900502,67185500
2001-03-20,12.22221565246582,14.065566209886896,12.202179233363418,13.664837827838836,15255800
2001-03-21,12.3825101852417,12.823311518696904,12.021854548778348,12.342437336745771,3497900
2001-03-22,12.663021087646484,12.78323964227604,11.901636908325969,12.663021087646484,119093500
2001-03-23,11.981782913208008,13.143895637231527,11.831509716136,13.103822784678991,128395900
2001-03-26,11.460835456848145,12.302365333050282,11.22039834936182,12.222219630554841,120308100
2001-03-27,11.621124267578125,11.70126995218211,11.300541529162176,11.500905740672144,104520000
2001-03-28,10.098357200622559,10.899814121306887,9.857920124417259,10.739522737170022,185769200
2001-03-29,9.777774810791016,10.37886752456915,9.617483420450178,10.058284743887478,141756600
2001-03-30,10.138429641723633,10.418939552759465,9.61748266408566,9.978138263988871,99565700
2001-04-02,9.65755558013916,10.338793940563914,9.617482735408291,10.21857540637131,75519700
2001-04-03,8.816027641296387,9.617484699596059,8.695809082551435,9.53733899376609,138417400
2001-04-04,8.775954246520996,9.28688308964037,8.455371442995116,9.056464199606141,161707700
2001-04-05,9.577410697937012,9.737702090371103,9.096536520634734,9.457192153611443,115077200
2001-04-06,8.735879898071289,9.537336769453976,8.575588523794751,9.457191082315708,97979300
2001-04-09,9.290489196777344,9.296900999390148,8.783968408165649,9.07890460226,75640100
2001-04-10,10.16888427734375,10.418939034293492,9.37383923009341,9.585423789257403,113387300
2001-04-11,11.156280517578125,11.573037887671392,11.047282323283618,11.233220922990943,156531000
2001-04-12,11.528153419494629,11.746149749943772,10.919047032708084,11.028045197932656,87131700
2001-04-16,11.028045654296875,11.75897383785848,10.604876577190055,11.316569358000992,112225600
2001-04-17,10.681817054748535,11.002399802425083,10.162473345931842,10.194531131529043,179699500
2001-04-18,11.496100425720215,12.502730311545662,10.995990773004872,11.476865015756628,140776100
2001-04-19,12.124448776245117,12.182153813194414,11.553811436332147,11.778219777476407,94046600
2001-04-20,12.278313636779785,12.342430402938612,11.797439724976982,12.07955276232046,82599000
2001-04-23,11.111395835876465,11.951322129872649,10.829282730081038,11.893617148620724,86046500
2001-04-24,10.425352096557617,11.0344586415421,10.386882505582847,11.0344586415421,82895500
2001-04-25,10.085532188415527,10.515113086848457,9.861124648829817,10.297116737021238,91861200
2001-04-26,9.752128601074219,10.450998577156618,9.604660198128396,10.367647588948332,102367300
2001-04-27,10.002182960510254,10.226590539181979,9.745716370147122,10.181709145740259,61868800
2001-04-30,10.886988639831543,11.252452736978475,10.579229528857915,10.579229528857915,88925800
2001-05-01,11.412749290466309,11.540982923228357,10.592057954154177,10.970345825583008,84418000
2001-05-02,12.823310852050781,12.861780442187593,12.053911711757246,12.34884849727605,170728200
2001-05-03,11.964146614074707,12.457844279933308,11.656387506627523,12.457844279933308,103489100
2001-05-04,12.592494010925293,12.675846237123315,11.37427942026124,11.496101246205603,103541800
2001-05-07,12.342438697814941,13.015662137616097,12.233440488969128,12.752784320327919,123910800
2001-05-08,13.06695556640625,13.46447881228516,12.695079533841145,13.143895983421226,167326100
2001-05-09,12.265491485595703,12.656602704660463,11.957732439245927,12.182140535806457,119875800
2001-05-10,12.073145866394043,12.663018153340094,12.021852677221608,12.52196218884742,64343100
2001-05-11,12.214195251464844,12.291135605241074,11.887202110960809,12.124432524497102,45258000
2001-05-14,11.906447410583496,12.214206667485039,11.656393167216814,12.137267464722942,40417000
2001-05-15,12.015440940856934,12.61172503254835,11.803856381507668,11.944912346765145,86610500
2001-05-16,12.823310852050781,12.829722654227954,11.6692133645367,11.810269343655818,91196200
2001-05-17,12.733543395996094,13.291356528582337,12.451430318327617,12.823306147693703,101042200
2001-05-18,12.951549530029297,13.073370150401434,12.598907609517225,12.637377214743863,74267000
2001-05-21,14.663459777832031,14.695517572963453,12.957957927872142,13.0156629374499,142051000
2001-05-22,15.054563522338867,15.471320793950298,14.605748469421162,15.009682139339693,148928700
2001-05-23,14.336462020874023,15.022508960429676,14.304403009771375,14.810924378857125,76492600
2001-05-24,14.689101219177246,14.714748425678964,14.00946614492122,14.374930277087893,80093600
2001-05-25,14.137701034545898,14.78527843929949,14.105643243617301,14.74039704282892,46276500
2001-05-29,13.11824893951416,13.81711961329674,13.066955735150596,13.797885425989438,67521100
2001-05-30,12.182146072387695,12.816899852566214,12.066736071823183,12.701489852001702,82251200
2001-05-31,12.348848342895508,12.925897079438506,12.214202944710625,12.23985015309868,57099600
2001-06-01,12.085972785949707,12.82331304123546,11.848740956599222,12.560435221724248,72830000
2001-06-04,12.650196075439453,12.70148927079586,12.188557317231771,12.233438710302849,52929400
2001-06-05,13.810704231262207,14.028699356822424,12.95154243968136,12.990012023847747,88078300
2001-06-06,13.31059741973877,14.10564258216414,13.028484225676129,13.644003810637683,57377300
2001-06-07,13.990229606628418,14.060758195868162,13.079774639321773,13.14389142745554,53177400
2001-06-08,13.137484550476074,13.695299226513344,13.028486336672307,13.650417824875287,51469500
2001-06-11,13.06695556640625,13.143895983421226,12.611728536424156,13.022074166033528,50494800
2001-06-12,13.06054401397705,13.195188205074357,12.342437992679042,12.778430803153581,57859100
2001-06-13,12.19497013092041,12.98360353352872,12.182146525286207,12.964368125077417,57764900
2001-06-14,11.374279975891113,12.188560751679612,11.355044563615035,11.733332444558462,85642500
2001-06-15,10.675407409667969,11.329396640547976,10.51511600344795,11.06010702918129,116601600
2001-06-18,10.579231262207031,11.047281806366025,10.515114464517506,10.771580432349406,54183100
2001-06-19,10.668994903564453,11.233221301114284,10.470233915369677,11.201162288227192,60739500
2001-06-20,10.51511287689209,10.803637811468883,10.348409717239498,10.643346452909778,67861900
2001-06-21,11.335807800292969,11.739741582958425,10.438176220982605,10.630525408361144,82574700
2001-06-22,11.233220100402832,11.880797416387393,11.207572892834571,11.598684247767368,52644300
2001-06-25,11.86797046661377,11.89361644402538,11.393508266703693,11.540975999866456,56218100
2001-06-26,11.55380630493164,11.605099512447117,11.316574455843476,11.521747285905384,62755700
2001-06-27,11.496100425720215,11.701273240292736,11.290927611147696,11.547393629363345,44681200
2001-06-28,11.912858963012695,12.303970441393172,11.829507957959859,11.88721297027588,70696400
2001-06-29,11.669210433959961,12.823307631636919,11.605093651216594,12.034674505793467,87250800
2001-07-02,12.323203086853027,12.464260309482398,11.938504683494672,11.983386082358054,55643700
2001-07-03,12.303967475891113,12.46425886637407,12.053912075147846,12.214203465630803,26024800
2001-07-05,11.27169132232666,12.034678737088472,11.252455913862862,11.989797340265955,55909900
2001-07-06,10.765168190002441,11.278100046418599,10.707463203289873,11.072927303852136,50458300
2001-07-09,11.060104370117188,11.342217519658321,10.790814823492942,10.912636605351219,52767600
2001-07-10,10.386882781982422,11.399924339401347,10.303530572571757,11.355041721989146,68598200
2001-07-11,10.707466125488281,10.771581707843719,10.265061514262962,10.457410707181966,63929500
2001-07-12,11.451215744018555,11.605095310853299,11.213983980819517,11.348629366128725,72525600
2001-07-13,12.015440940856934,12.14367452594635,11.464038237068984,11.579448219064238,70330500
2001-07-16,11.355042457580566,11.867975683468972,11.290926874405079,11.758977479973742,49931700
2001-07-17,11.406335830688477,11.470451407961216,10.886990849710307,11.278102230290504,56759900
2001-07-18,10.995985984802246,11.399920857659069,10.784401459043023,11.060102767168113,50243200
2001-07-19,11.387100219726562,11.932091177263896,11.252454819428525,11.335807025071649,80866400
2001-07-20,11.534567832946777,11.746152410672327,11.188339079816885,11.27169006131583,46501600
2001-07-23,11.714095115661621,12.162910275475188,11.66921372197289,12.066735685724156,64946900
2001-07-24,11.784621238708496,11.912854826647129,11.489685698546216,11.630741666937812,50964300
2001-07-25,11.989798545837402,12.175735954644697,11.739743102370397,11.925681734104158,58461200
2001-07-26,12.425786018371582,12.49631460997678,11.669211806381705,11.996205113271486,68742600
2001-07-27,12.220616340637207,12.566846361474527,12.124441742491186,12.303968555843095,47793000
2001-07-30,12.111616134643555,12.502727488438783,11.893619762652069,12.214202518765884,51555900
2001-07-31,12.323203086853027,12.6630213142744,11.976974279245228,12.20779429960136,61467400
2001-08-01,13.015664100646973,13.041311317385373,12.663023430980191,12.707904837345788,80598700
2001-08-02,12.983600616455078,13.304183347725573,12.534784303505957,13.214420574306176,62708600
2001-08-03,12.855371475219727,13.002840511966042,12.470673043155223,12.73996267935627,46978900
2001-08-06,12.528372764587402,12.823308267740977,12.438608775123551,12.688664117934163,39179100
2001-08-07,12.348848342895508,12.515551528639255,12.079558769451946,12.438611126401293,77109900
2001-08-08,11.528153419494629,12.175730610190502,11.431978855573167,11.976969681696024,88371300
2001-08-09,11.726916313171387,11.867972267655952,11.2909236246769,11.419155977046685,49364900
2001-08-10,11.752559661865234,11.82950003439303,11.252450297748895,11.662796913020918,45855600
2001-08-13,11.67562484741211,11.797446652354223,11.444806065801014,11.720507466125962,32726800
2001-08-14,11.316575050354004,11.797449354671539,11.290929056712232,11.739744340319307,36460900
2001-08-15,10.89981460571289,11.464039764862237,10.8677568166313,11.284514189323305,50466900
2001-08-16,11.207575798034668,11.213987601588785,10.361237295714984,10.662584725199574,55552800
2001-08-17,10.649763107299805,11.053696976861534,10.534353080874576,10.854935944088401,46172300
2001-08-20,10.835697174072266,10.89340216940217,10.386882038416132,10.59205481162193,36904400
2001-08-21,10.26506233215332,10.899816186872986,10.24582692215826,10.835699376482562,40024600
2001-08-22,10.566412925720215,10.592060146752322,10.09836214822553,10.463826487445402,60248300
2001-08-23,10.74593448638916,10.97034266766135,10.418939917608457,10.502290898861796,59888900
2001-08-24,11.701265335083008,11.92567340801219,11.092157883264607,11.220391417202885,85966300
2001-08-27,11.547392845153809,11.75256564579258,11.425571036177153,11.669214654130462,44244000
2001-08-28,10.957517623901367,11.540978084798779,10.90622443688597,11.50892030151142,51378300
2001-08-29,10.951106071472168,11.201160210987805,10.822872489557136,11.149867022807005,57053500
2001-08-30,10.26506233215332,10.707466978628156,10.098359114308796,10.66258435530635,67105100
2001-08-31,10.470232009887695,10.899812920984724,10.098356088559377,10.181707672507178,45434400
2001-09-04,10.111183166503906,10.668996628748857,10.079124759896096,10.322767794066904,56466000
2001-09-05,9.540544509887695,10.38688354505067,8.989142296183768,10.091946723591622,115754400
2001-09-06,9.232784271240234,9.777775268495752,9.20713767204369,9.322547674159718,82669200
2001-09-07,9.207138061523438,9.55336747105454,9.11737526626997,9.136610063615258,59269400
2001-09-10,9.27766227722168,9.437953605936471,8.944256019992727,9.008372796063801,68496800
2001-09-17,8.976317405700684,9.200725585428438,8.335151876722064,8.489031456925789,112436700
2001-09-18,8.700613975524902,9.354602953965728,8.65573259477569,9.104548236656655,81039300
2001-09-19,8.649325370788574,8.886556612571596,7.963278249646775,8.848087011992336,107879900
2001-09-20,8.258212089538574,8.527501660721807,8.110743699860567,8.309505282957943,85365900
2001-09-21,7.751690864562988,8.142801592964378,7.604222484042426,7.629869079159516,132033500
2001-09-24,8.05303955078125,8.431326710418563,7.899159354571115,8.06586254377861,106555400
2001-09-25,8.078685760498047,8.373621922839101,7.82221918676582,8.09150875287996,86807900
2001-09-26,7.841451644897461,8.303090850910651,7.693983913392956,8.29026786234904,86325700
2001-09-27,7.206701278686523,7.693987286944148,7.078468279530089,7.597812690442615,103368100
2001-09-28,7.8093976974487305,7.841455490305181,7.35417006820661,7.4246980685392865,92085300
2001-10-01,7.629870414733887,7.7581040242291115,7.437521223417383,7.726045621855305,66345900
2001-10-02,7.360579490661621,7.732456035334381,7.257993110667642,7.565752862112636,75603400
2001-10-03,8.944258689880371,9.245606649027044,7.14899515009067,7.283639930861474,196280700
2001-10-04,9.245604515075684,9.636715163489718,9.072489574842349,9.200723135665381,137857300
2001-10-05,9.57901382446289,9.604660424083365,8.81602702715642,8.995553224499737,85969500
2001-10-08,9.64953899383545,9.784183746734099,9.20072335466093,9.232781134166792,70666200
2001-10-09,9.354606628417969,9.681601246080564,9.284078017865333,9.643131039282475,62928100
2001-10-10,9.713656425476074,9.745714820607166,9.207135739086516,9.341780509466677,64764600
2001-10-11,10.553581237792969,10.585640239546054,9.938063079244198,10.002179859824496,113145700
2001-10-12,10.867758750915527,11.156282572781187,10.41894228633364,10.668996509869174,125292200
2001-10-15,10.393292427062988,10.675405596514379,10.25864825571134,10.675405596514379,63245200
2001-10-16,10.880576133728027,10.98957429800021,10.41893749718309,10.592052444484661,69242700
2001-10-17,10.002182960510254,11.188339488714817,9.982947553495409,11.149868674685127,87344600
2001-10-18,10.720288276672363,10.758759092766367,9.918831896738554,10.09835809160179,72685700
2001-10-19,10.720288276672363,10.861345489831074,10.245825884516517,10.412529085478244,69947500
2001-10-22,10.790816307067871,10.944695894448413,10.354823531359877,10.592055326233787,61129000
2001-10-23,10.521522521972656,11.137041848632288,10.502287122633811,11.072925073761903,95294000
2001-10-24,11.047284126281738,11.092165527211584,10.592057090648789,10.643350294986677,77814700
2001-10-25,11.374279975891113,11.412749577516683,10.502294186200968,10.822877053242747,88659400
2001-10-26,11.085755348205566,11.431984184293528,10.963933524893829,11.14345913511481,62461100
2001-10-29,10.527935028076172,11.316568109992101,10.463818248904161,11.047278615810338,84832900
2001-10-30,10.624113082885742,10.880579061077896,10.297118502093403,10.367647104693589,76335100
2001-10-31,10.84852123260498,11.162692207603659,10.649760253100968,10.98957721436166,85724000
2001-11-01,11.322983741760254,11.348630951278096,10.707465388447158,10.995989157965324,73546100
2001-11-02,11.066516876220703,11.329394638124878,10.899813696464808,11.246043659710011,71976400
2001-11-05,11.476862907409668,11.534567903773349,11.284513734814876,11.451216921762596,103486600
2001-11-06,11.842327117919922,11.957737111123103,11.489686559066838,11.688447534624418,123928900
2001-11-07,12.137266159057617,12.483494980094674,11.694861510524177,11.733331107766862,119637700
2001-11-08,12.239851951599121,12.752783965467437,12.124441942747154,12.336026551333632,122071800
2001-11-09,12.310378074645996,12.41937625843444,12.066734500094821,12.175732683883265,61623000
2001-11-12,12.348848342895508,12.406553338842429,11.861562389858292,12.2975551490456,71411500
2001-11-13,12.554021835327148,12.797664214298463,12.24626265464982,12.752782819982137,108595300
2001-11-14,12.752782821655273,12.816899623369698,12.419377654007565,12.70790142733306,75208500
2001-11-15,12.913068771362305,12.957950146766125,12.637367496252258,12.675838294820469,80721400
2001-11-16,12.836132049560547,12.88742523443395,12.62454750909201,12.88742523443395,53364600
2001-11-19,13.278536796569824,13.284948598262329,12.861779469966091,12.913072660579994,64166100
2001-11-20,12.68867015838623,13.317012269126092,12.566848329430034,13.201602244107228,72911700
2001-11-21,12.278313636779785,12.630955239190532,11.989790023453462,12.573250271940148,69396400
2001-11-23,12.560431480407715,12.663017856346565,12.329611523082272,12.36808233125389,18581100
2001-11-26,12.77842903137207,12.932308609687107,12.412964880008087,12.69507682878923,70098900
2001-11-27,12.630961418151855,13.022071559489893,12.496316021058352,12.682254611586002,75237600
2001-11-28,12.105204582214355,12.797663300772204,12.079558597118385,12.502727746074504,59998800
2001-11-29,12.752782821655273,12.829723228297837,12.259086261184644,12.323201839972791,72872400
2001-11-30,13.105422019958496,13.143891604185603,12.70148710533275,12.791251099097378,74661300
2001-12-03,12.733543395996094,12.94512789851601,12.66301482084753,12.842541547168521,53655700
2001-12-04,13.156717300415039,13.272127294389486,12.720724533367667,12.868192315478916,98810100
2001-12-05,13.810704231262207,14.041522959186564,13.240066155318312,13.310594745395047,19234800
2001-12-06,13.970998764038086,14.041526147201461,13.656826549416564,13.855588762409985,73072500
2001-12-07,13.567062377929688,14.054348322487089,13.451652388044225,13.791470555715176,54959300
2001-12-10,13.297771453857422,13.708116955693189,13.14389189066901,13.406769630648306,61016000
2001-12-11,13.323419570922852,13.708117893756222,13.265714577912616,13.554238320037646,65695400
2001-12-12,13.143892288208008,13.656824181016418,12.810485946419492,13.42600544071568,66607700
2001-12-13,12.18856143951416,12.82331540532663,12.137268226809919,12.59249533669422,91996800
2001-12-14,12.432199478149414,12.637372256087998,12.053911710227815,12.137263915594254,65012300
2001-12-17,12.348848342895508,12.720724304038882,12.310378753239629,12.35526014499252,60579700
2001-12-18,12.579665184020996,12.727132926633189,12.457843420463751,12.579665184020994,51952500
2001-12-19,12.406557083129883,12.675846737844813,12.214206630946892,12.297558860437494,65604400
2001-12-20,11.726916313171387,12.175731380854646,11.592270936818203,12.11802639426414,100945900
2001-12-21,11.662801742553711,12.220615088397638,11.643566335725001,12.041089516367979,90588500
2001-12-24,11.611506462097168,11.861560591334928,11.5409778726502,11.688445629742931,16740600
2001-12-26,11.694857597351074,12.073145308618287,11.579447621313479,11.611506627393942,36264500
2001-12-27,11.855154037475586,11.996210055876965,11.675627195297551,11.810272632662716,38393400
2001-12-28,11.887213706970215,12.143679764865265,11.669217252027765,11.98338832581503,46191700
2001-12-31,11.611506462097168,12.13726192507196,11.579447456473083,11.829502808636864,61550500
2002-01-02,12.329608917236328,12.3744902943582,11.707678991685336,11.823088945956322,55376900
2002-01-03,13.31059741973877,13.336243406693768,12.502728652372761,12.528375862254038,91379800
2002-01-04,13.355476379394531,13.785057283182853,13.092598640665594,13.586296334542302,75753000
2002-01-07,13.163130760192871,13.624769571296236,13.022073539605392,13.464478164575103,58262400
2002-01-08,13.432419776916504,13.522182569364539,13.12465936023149,13.208011572870088,62817100
2002-01-09,13.368303298950195,14.003057110176073,13.163130498100582,13.63118110290456,87613900
2002-01-10,13.464471817016602,13.643998548163447,13.137477354709388,13.336238262922313,62846400
2002-01-11,12.957953453063965,13.297771589568528,12.804073888305126,13.182361610267881,72916400
2002-01-14,12.586078643798828,12.951544018162027,12.502727664125512,12.772017231962185,67921100
2002-01-15,12.61813735961914,12.848957333222904,12.40655279145774,12.663018749391838,53271700
2002-01-16,12.14367389678955,12.425785812688448,12.13726209557466,12.425785812688448,59639300
2002-01-17,12.48990535736084,12.496317159990262,12.194969773965207,12.329613960404176,57684100
2002-01-18,12.085972785949707,12.329615195645552,12.05391376959076,12.073149179406128,56076600
2002-01-22,11.579451560974121,12.368086257905095,11.573039757576549,12.323203634122091,67592600
2002-01-23,12.137266159057617,12.194971166384867,11.624332896473883,11.643568306558448,64877200
2002-01-24,12.214195251464844,12.714304493696757,12.085962959071706,12.323193372608,68395900
2002-01-25,12.265491485595703,12.509134981150247,12.124435561750158,12.201375934800472,55244800
2002-01-28,12.630961418151855,12.810486983708268,12.387317832145017,12.48990421901331,54156300
2002-01-29,12.18856143951416,12.816903600872768,12.079563209651818,12.669435767213908,67690500
2002-01-30,12.400139808654785,12.412963411061709,11.694857574312454,12.348846621953127,84758500
2002-01-31,12.695077896118164,12.701489698619463,12.20779313528221,12.489905107781702,62995800
2002-02-01,12.316789627075195,12.823310998521382,12.246262248173167,12.534786011884156,53772000
2002-02-04,11.73974323272705,12.310381518270109,11.540982214780797,12.18214789337973,57184800
2002-02-05,11.861560821533203,12.156496341442502,11.540978096626901,11.585859482445615,78978700
2002-02-06,11.932092666625977,12.342438275084556,11.714096256400763,12.329614669088631,112316300
2002-02-07,10.938284873962402,11.540980884810784,10.91263888569563,11.489687685350901,160137000
2002-02-08,10.74593448638916,11.09216323849883,10.431763521778572,11.066517253084804,121511000
2002-02-11,11.342215538024902,11.355037915775469,10.745931558755109,10.854929718653091,77809800
2002-02-12,11.066516876220703,11.284513247984092,10.995988278613089,11.11139826636149,62451400
2002-02-13,11.233220100402832,11.310159277255277,11.117810112197995,11.169103304408349,59732100
2002-02-14,11.194750785827637,11.329396197711228,11.104987993189463,11.290926604141486,53623000
2002-02-15,10.957517623901367,11.246042565191754,10.92545984061401,11.226807161463714,62729700
2002-02-19,10.77798843383789,10.912633783799384,10.624108907400302,10.649756106602785,58196000
2002-02-20,10.701053619384766,10.835697800993865,10.37405903457176,10.771580999925895,74671800
2002-02-21,9.688009262084961,10.40611445807254,9.617481286113472,10.40611445807254,106466000
2002-02-22,9.771363258361816,9.918831659208214,9.130197680598497,9.777775060890605,124883000
2002-02-25,10.002182960510254,10.072710951841975,9.681600181153684,9.848302761707124,70102100
2002-02-26,9.938064575195312,10.25864730342742,9.86753659511094,10.098355939311366,66791300
2002-02-27,9.130195617675781,10.07270897524129,9.072490630881138,10.040650581303932,122395000
2002-02-28,9.149434089660645,9.611072915926684,9.130198679968819,9.296901895185382,100935200
2002-03-01,9.61748218536377,9.643128780066217,9.14943167917833,9.296899445851643,82479300
2002-03-04,10.566412925720215,10.611294339599594,9.623899565472817,9.732897809005657,93030100
2002-03-05,10.585644721984863,10.675407519051369,10.32917871399028,10.470234712655703,66517800
2002-03-06,10.75234603881836,10.84852062200876,10.20735510350452,10.527937862756641,72915100
2002-03-07,10.89981460571289,11.072929601776517,10.598467230396636,10.906226408114462,74333800
2002-03-08,11.412749290466309,11.496101518639607,11.181930463591799,11.181930463591799,66457900
2002-03-11,11.169105529785156,11.425571541936225,10.912639517634087,11.322985137075799,60089900
2002-03-12,10.75234603881836,10.886990210699684,10.527937862756641,10.739522434945991,58617500
2002-03-13,10.489469528198242,10.668995112170952,10.431764526799492,10.598467728292954,50250800
2002-03-14,10.733112335205078,10.899815543205264,10.450999119902734,10.457410922855784,49705100
2002-03-15,10.604877471923828,10.822872606860402,10.44458610425576,10.6946402464816,54306800
2002-03-18,10.59205436706543,10.957518506865226,10.540761175916796,10.848520322808607,57252100
2002-03-19,10.733112335205078,10.899815543205264,10.585644536064041,10.592056339017091,50773700
2002-03-20,10.27147102355957,10.694640131832715,10.258647420781337,10.617699738089383,45891900
2002-03-21,10.572820663452148,10.668995259469094,10.239414867325324,10.316354666431515,48718500
2002-03-22,10.624113082885742,11.008812661637096,10.54717390089122,10.592055294209066,63027800
2002-03-25,10.374058723449707,10.97034287652438,10.367646921242576,10.829285673819955,56806400
2002-03-26,10.444588661193848,10.893403866783164,10.335590455578686,10.335590455578686,66280800
2002-03-27,10.476645469665527,10.617701454247012,10.29070686810577,10.489469074516464,57560200
2002-03-28,10.854937553405762,10.976759401907362,10.451002401031362,10.527942837697308,52836300
2002-04-01,11.233220100402832,11.25245428315286,10.733110559157263,10.81646276082794,55846200
2002-04-02,10.527935028076172,11.06010221622991,10.49587724995309,10.919046280392166,70833700
2002-04-03,10.643349647521973,10.816464660228696,10.450999225761263,10.643349647521973,53666700
2002-04-04,10.8164644241333,10.842110412719114,10.483058012033242,10.559997200717037,57717400
2002-04-05,10.354823112487793,10.899814060076878,10.32276532501099,10.810051276800865,57972000
2002-04-08,10.374058723449707,10.386882327863969,9.931654154567493,10.091945540967084,61387900
2002-04-09,9.502073287963867,10.341999818929,9.495662097153819,10.322765635035736,105561200
2002-04-10,9.970122337341309,10.085531696383052,9.66236261981635,9.784184391229788,87213800
2002-04-11,9.534130096435547,9.995769388174041,9.45077851518672,9.944476201476766,64249700
2002-04-12,9.809836387634277,9.957304220996493,9.630310143530567,9.700838157991193,55259200
2002-04-15,9.623894691467285,9.957300447007635,9.579012688854917,9.944477454449169,45652000
2002-04-16,9.989360809326172,10.015007410947856,9.777776193081467,9.822657593053611,51689200
2002-04-17,10.239413261413574,10.290705841309993,9.899595104328096,10.104768481229138,51955800
2002-04-18,9.899596214294434,10.354823797248434,9.732893629416528,10.079123015644702,65411400
2002-04-19,9.784185409545898,10.059886151221649,9.681599030181616,10.053474961108671,46082800
2002-04-22,9.534130096435547,9.61106987648146,9.328957349646446,9.585423283132823,48702100
2002-04-23,8.9827299118042,9.521309096193944,8.931436714382617,9.48925069493967,83697900
2002-04-24,9.252018928527832,9.489250104712763,9.014787752342901,9.149432540065495,77480200
2002-04-25,9.354606628417969,9.450781228218405,8.950672208622382,9.117375418975454,82191500
2002-04-26,8.918614387512207,9.534133456250569,8.918614387512207,9.50207505040168,58851400
2002-04-29,9.059667587280273,9.20072415290315,8.899376229992503,9.034020994572751,69059400
2002-04-30,9.393074989318848,9.604659570244007,8.98272943187035,8.989141234071262,73316700
2002-05-01,8.783966064453125,9.35460350401073,8.739084681064917,9.32895691186561,102602100
2002-05-02,8.745497703552246,9.13660844126202,8.726262298159334,8.841672284664511,80762900
2002-05-03,8.424912452697754,8.72625971026094,8.36720747655841,8.694201933706099,70750200
2002-05-06,8.264625549316406,8.71344138749178,8.238978947462478,8.49544496600177,69219600
2002-05-07,8.386446952819824,8.655736584361462,7.867103100177548,8.437740157736018,108755600
2002-05-08,10.43176555633545,10.450999743415753,9.71365948079403,9.764952684552243,194497200
2002-05-09,10.098357200622559,10.290706372416313,9.867537827592189,10.23300198775605,89850000
2002-05-10,9.886772155761719,10.034239928703947,9.707245985212852,9.893183957575662,93204200
2002-05-13,10.066300392150879,10.143240195318812,9.713659169033784,9.88036238162924,69927100
2002-05-14,10.547174453735352,10.57923224409238,10.258649448816852,10.46382224212498,73338200
2002-05-15,10.617704391479492,11.0344618810146,10.335592344274358,10.386885554941347,85240300
2002-05-16,10.906227111816406,10.93828490296646,10.483057909418704,10.515115700568758,60338800
2002-05-17,11.060104370117188,11.2139839363416,10.861343416609747,11.021634784292605,61316400
2002-05-20,10.630526542663574,10.912639774123718,10.547175545352808,10.797229760211549,56815500
2002-05-21,10.361234664916992,10.874166589744101,10.303529670508171,10.73311061614819,60334400
2002-05-22,10.617704391479492,10.64976341247549,10.143241887078197,10.18812390500929,58041400
2002-05-23,10.835697174072266,10.848520778129176,10.284295651813233,10.617700796809558,66580900
2002-05-24,10.624113082885742,10.694641685485927,10.450998089008696,10.668994476203588,41671100
2002-05-28,10.502289772033691,10.694640145168844,10.335587827413061,10.662581138183283,42942600
2002-05-29,10.03424072265625,10.36123530348364,10.02141772947683,10.30353030551844,54470200
2002-05-30,10.26506233215332,10.36764873960742,9.873950889405533,9.918832901264118,61043200
2002-05-31,10.117591857910156,10.604878417273387,10.098357063284995,10.44458703531648,50648100
2002-06-03,9.829069137573242,10.393294358397007,9.797010733524273,10.136828960394858,53377300
2002-06-04,10.309942245483398,10.309942245483398,9.797009670733038,9.822656268897399,61643900
2002-06-05,10.207352638244629,10.322762599369991,9.906004746118928,10.220175627556925,67798600
2002-06-06,9.912418365478516,10.0791215373697,9.893183572248933,9.976535158194524,45735400
2002-06-07,10.085532188415527,10.226588757973675,9.521307133108984,9.521307133108984,79538300
2002-06-10,9.918830871582031,10.168885035717222,9.893184274966547,9.995770661428482,48831700
2002-06-11,9.611067771911621,10.181705113293082,9.585421184178909,10.040648575031721,74853200
2002-06-12,9.803421020507812,9.809832822618647,9.348193465511283,9.4636034576539,87072700
2002-06-13,9.546957969665527,9.758542612309766,9.393077729272479,9.6623673856312,58413200
2002-06-14,9.168665885925293,9.611069769112797,9.066079513676772,9.29048705010466,95569800
2002-06-17,9.662362098693848,9.713655280271102,9.36101480979322,9.386661400581847,61227200
2002-06-18,9.43154239654541,9.797006453228702,9.425130596244282,9.604656724435364,54635700
2002-06-19,9.290489196777344,9.553366989270824,9.207137597200337,9.37384079635435,59354300
2002-06-20,9.027610778808594,9.39307494193327,8.989141188723423,9.245607160834929,53272400
2002-06-21,8.809613227844238,9.123784154859612,8.70702685261171,8.739085247737632,86020700
2002-06-24,9.014788627624512,9.207137818935786,8.489032418512618,8.591618816935476,93242600
2002-06-25,8.623675346374512,9.219959422032305,8.553147365642216,9.117373045889682,83539700
2002-06-26,8.610855102539062,8.809616116867975,7.944042833390319,7.9889242344071905,18704100
2002-06-27,8.860908508300781,8.905790516662876,8.399269710720858,8.822438914234041,81090400
2002-06-28,8.944258689880371,9.168666861652738,8.707027525943825,8.809613909109567,80577100
2002-07-01,8.392857551574707,8.976318132342891,8.367210952797967,8.873731737235934,60305800
2002-07-02,8.05303955078125,8.30309372312938,7.976099146944625,8.238977535216346,118532100
2002-07-03,8.360798835754395,8.367210638073193,7.8799246681807995,7.905571265992866,77171300
2002-07-05,9.008378028869629,9.040436435527322,8.591619965246126,8.655736778561511,34151500
2002-07-08,8.764732360839844,9.09813810009923,8.630087582503942,8.93143553620107,52153600
2002-07-09,8.424912452697754,8.796788286192536,8.405677053009377,8.732671510157067,64055600
2002-07-10,8.662147521972656,8.969906720706181,8.578795919449865,8.8929669210228,91014000
2002-07-11,9.008378028869629,9.104552637379458,8.392858944602281,8.521091959769802,91259500
2002-07-12,9.219958305358887,9.51489440677932,9.11737194164099,9.194311714429412,83970000
2002-07-15,9.258426666259766,9.264838466013146,8.681378140639024,9.136605528259967,86182000
2002-07-16,9.149434089660645,9.48925171186117,9.03402407736253,9.12378687673821,80100400
2002-07-17,9.489253044128418,9.655956282749697,9.175081979278291,9.431548029877721,93493300
2002-07-18,9.194318771362305,9.476431488117028,9.168672160748239,9.341786629527325,57536300
2002-07-19,8.751910209655762,9.200726619556605,8.655735614084534,8.944260012261385,71800700
2002-07-22,8.322325706481934,8.662143772312392,8.174857973790266,8.4954406394291,104148900
2002-07-23,8.014570236206055,8.540325848032953,8.001746630325798,8.3543878430115,94867400
2002-07-24,8.392857551574707,8.405680545231503,7.66192856924291,7.7645149643498685,119236300
2002-07-25,7.4439311027526855,8.290269963526102,7.366991317493841,8.200506574992586,136175000
2002-07-26,7.578578948974609,7.758105798745958,7.3413476954874435,7.57857894897461,75114200
2002-07-29,8.533915519714355,8.540326711839757,7.9055728316815586,7.969689644641542,93513800
2002-07-30,8.55314826965332,8.655734656638645,8.168448706995251,8.335151891577954,83560800
2002-07-31,8.456974029541016,8.495444234742132,8.142803031007372,8.43132742989466,79309000
2002-08-01,7.75810432434082,8.469797949547019,7.655517310483567,8.32232953750816,132743600
2002-08-02,7.623456954956055,8.008155834579327,7.3926370157191075,7.854276282730018,93706700
2002-08-05,7.283641338348389,7.501637750432637,7.142585339969448,7.424697948190524,83088100
2002-08-06,7.738867282867432,8.091508425308726,7.4759895293179595,7.482401330980888,129367900
2002-08-07,8.328737258911133,8.623673326988172,8.027390002423749,8.546733562898018,165854900
2002-08-08,8.463385581970215,8.527502384921101,7.822219998313938,8.23256619198069,98212100
2002-08-09,8.412090301513672,8.553146866204687,8.309503931361297,8.328738722899118,60819200
2002-08-12,8.598031044006348,8.623677644877693,8.335153232209244,8.335153232209244,57748500
2002-08-13,8.572381973266602,8.950669685724385,8.495442192820395,8.553147181020805,77829700
2002-08-14,9.200726509094238,9.25201970764483,8.610854114299258,8.668559115534464,76786600
2002-08-15,9.207138061523438,9.322548068521533,9.001965259271875,9.271254867958643,76148600
2002-08-16,9.264843940734863,9.444370159673786,9.00196611013706,9.130199123664863,58451400
2002-08-19,9.437954902648926,9.617481044265583,9.296898342790064,9.425131301087676,65412100
2002-08-20,9.444367408752441,9.50207240089766,9.35460463116038,9.405897821631005,60171900
2002-08-21,9.688009262084961,9.77777264088203,9.482836523649365,9.572599902446434,80219600
2002-08-22,9.681597709655762,9.803418865669235,9.579010732820821,9.681597709655762,55149500
2002-08-23,9.264843940734863,9.617485186533749,9.136610927207062,9.579014976743789,65333800
2002-08-26,9.290489196777344,9.425133994330487,9.072492799647195,9.30972460461576,47858100
2002-08-27,8.989141464233398,9.437957234915935,8.976317859503235,9.380252236556457,59156900
2002-08-28,8.796791076660156,9.00196384671676,8.758320876543,8.835260665314227,53706400
2002-08-29,9.104551315307617,9.207137712545064,8.636500725045977,8.642911916275947,61251900
2002-08-30,8.860908508300781,9.034023515990631,8.79038051153631,8.944260110729616,48710400
2002-09-03,8.380034446716309,8.732675659545402,8.36721145229402,8.719852665123113,68407800
2002-09-04,8.50826644897461,8.598029227326727,8.328739669344241,8.437737852883012,66497400
2002-09-05,8.187686920166016,8.38644796022626,8.123570100587242,8.38644796022626,64181900
2002-09-06,8.354387283325195,8.495443881242293,8.277447487587635,8.424915888015315,59676000
2002-09-09,8.309507369995117,8.469798792555622,7.828633102313602,8.277448963190366,53212100
2002-09-10,8.610855102539062,8.623678097916784,8.328741866670423,8.392858677948722,64977300
2002-09-11,8.700613975524902,8.95708049335899,8.65573259477569,8.674967384887788,48477000
2002-09-12,8.360798835754395,8.62367661619386,8.32874043562353,8.572383420569727,50396100
2002-09-13,8.36721134185791,8.41209273893832,8.187685142073095,8.219742933437287,55222300
2002-09-16,8.290271759033203,8.437739559852135,8.174861750417906,8.32874135426284,44468500
2002-09-17,8.040212631225586,8.463381620532797,8.020977843928767,8.405676647179474,77101000
2002-09-18,8.014570236206055,8.027393842086312,7.719634027055145,7.790162025007012,114958500
2002-09-19,7.69398832321167,7.790162932666514,7.610636709667953,7.668341719926161,80020200
2002-09-20,7.745281219482422,7.854279431944838,7.706811621827,7.75810482634305,93721200
2002-09-23,7.668338298797607,7.78374826782538,7.501635146082598,7.655514697144307,74956900
2002-09-24,7.32852029800415,7.674749569718987,7.322108497620205,7.4567532483683605,90919400
2002-09-25,7.668338298797607,7.841452640876284,7.379813987691158,7.411872380361426,90609200
2002-09-26,7.283641338348389,7.674752764074784,7.2579947376010185,7.674752764074784,105729400
2002-09-27,7.200288772583008,7.469578350240558,7.136172584998851,7.174642175256722,87729600
2002-09-30,6.71941614151001,7.104115800313576,6.661711743006401,7.046410790346716,103352600
2002-10-01,7.014352321624756,7.059234335349086,6.4950084594334285,6.83482610111717,109859600
2002-10-02,6.443714141845703,6.892529921412493,6.2577761498196125,6.8732951253996255,151829300
2002-10-03,6.289832592010498,6.5078283056811825,6.200069219466369,6.398830143114365,137709000
2002-10-04,6.065425395965576,6.49500631157498,6.039778801517092,6.398831123795879,103389600
2002-10-07,5.821781158447266,6.071835857744846,5.610196648065816,5.905132724879793,130579400
2002-10-08,5.5140228271484375,5.905133511133805,5.206263109230664,5.905133511133805,240948700
2002-10-09,5.917956352233887,6.065424712287734,5.417847511127792,5.417847511127792,173733800
2002-10-10,6.24495267868042,6.386009279211966,5.866664884028591,5.962840089080481,138466100
2002-10-11,6.6168293952941895,6.700181004214845,6.347539770000754,6.469361587447566,130192400
2002-10-14,6.405242443084717,6.571945600181914,6.283421281490917,6.450124438588115,69972100
2002-10-15,7.046410083770752,7.052821886782629,6.719415467723302,6.834825476084329,130800300
2002-10-16,6.289832592010498,6.713001641287342,6.25136240050217,6.623238268743212,123041400
2002-10-17,6.520654678344727,6.924589109295478,6.495008076925467,6.783532495757943,103342600
2002-10-18,6.738649845123291,6.8155896350973535,6.360362085820159,6.559123057054047,107297800
2002-10-21,7.020761966705322,7.116937156720115,6.616827636154532,6.6552978344530604,86926400
2002-10-22,7.193881034851074,7.42470052157905,6.738653255206679,6.757888059568159,123035900
2002-10-23,7.219523906707764,7.29005189382752,6.982292737527033,7.12976051372191,92556400
2002-10-24,7.533698558807373,7.706813627703672,7.2836436631116275,7.3605834899110745,122749300
2002-10-25,7.552931308746338,7.642694721334375,7.052822264814639,7.437521905662544,71731800
2002-10-28,6.988702774047852,7.764512950116094,6.950233191593916,7.758101760682431,110940500
2002-10-29,6.796354293823242,6.956645662909045,6.5014181502468436,6.886117069174941,106385800
2002-10-30,6.995114803314209,7.187464556252501,6.687355687783347,6.918175024431493,95089600
2002-10-31,7.168231010437012,7.3092869905099676,6.98870421704088,7.084879415959475,94259100
2002-11-01,7.4439311027526855,7.584987681458765,7.001527184648562,7.065643978095795,104175900
2002-11-04,7.89274787902832,8.155625646352119,7.738867688370285,7.931217468095509,111142400
2002-11-05,8.136392593383789,8.168451001186403,7.809398545894291,7.847868146086811,86969000
2002-11-06,8.309507369995117,8.636502018769729,8.014571128025258,8.322330365839067,164715800
2002-11-07,7.918397426605225,8.091511864850402,7.790163784689306,7.822222195168286,129731900
2002-11-08,8.05303955078125,8.200507333298033,7.8222195621976045,7.854277961885679,81592700
2002-11-11,7.796576499938965,8.162040832291293,7.758106892040505,8.00174937263313,63699700
2002-11-12,8.251800537109375,8.489031716715886,7.847866168115656,7.899159363086626,120669500
2002-11-13,8.604439735412598,8.66855652013561,8.155624076740448,8.206917259933666,128073100
2002-11-14,8.976317405700684,9.021198797060995,8.719851438694475,8.764732830054786,94769700
2002-11-15,9.027610778808594,9.143020771990328,8.668558417852484,8.880142997710255,93626500
2002-11-18,8.918614387512207,9.309725838234819,8.905791392050592,9.20072762522654,75782700
2002-11-19,8.758321762084961,9.149433158878963,8.655735366684288,8.873731762642292,77654600
2002-11-20,9.219958305358887,9.29689807814731,8.816024039622448,8.848082431150031,85645200
2002-11-21,9.771363258361816,9.925242850273857,9.463604074537733,9.82265645566583,118449900
2002-11-22,9.546957969665527,9.745719004167308,9.412313141486168,9.572604574487153,86739500
2002-11-25,9.546957969665527,9.668779189702429,9.476429347808587,9.617485980059177,88441900
2002-11-26,9.264843940734863,9.63030879361815,9.219962538865943,9.553368374038229,80178000
2002-11-27,9.50848388671875,9.655952263020477,9.399485707723615,9.534130481102132,68998200
2002-11-29,9.566190719604492,9.739305112172175,9.546955922977673,9.694423716221879,29261000
2002-12-02,9.655952453613281,9.912418402509322,9.585423859069579,9.841890419428674,81377000
2002-12-03,9.309721946716309,9.55977606259443,9.23278156025522,9.245605161819727,66302000
2002-12-04,9.252018928527832,9.457191705452505,8.783967766839536,9.24560712638316,84860600
2002-12-05,9.046845436096191,9.457191596689432,8.98914105184709,9.431544999868798,57950300
2002-12-06,9.091729164123535,9.207138565981719,8.764734534021715,8.835262535794117,60324400
2002-12-09,8.655734062194824,8.94425840864204,8.642910458970787,8.94425840864204,53749600
2002-12-10,8.931438446044922,9.072494460571189,8.68779540532237,8.694207209109,50054300
2002-12-11,8.880144119262695,9.06608212539308,8.72626390509778,8.796792514933461,54186000
2002-12-12,9.046845436096191,9.187902024341227,8.905789459314256,9.021198839275558,53984900
2002-12-13,8.591619491577148,9.027612330573023,8.591619491577148,8.905791125745878,61548200
2002-12-16,8.764732360839844,8.822437353192813,8.463384407142716,8.687792574856909,73134800
2002-12-17,8.758321762084961,8.886554756335803,8.668558971840946,8.745498768391451,50138500
2002-12-18,8.47620964050293,8.655735842319116,8.373623239465108,8.63650104499032,58805500
2002-12-19,8.335152626037598,8.62367701772319,8.162037624148349,8.405680620438872,84851200
2002-12-20,8.50826644897461,8.668557823418324,8.328739669344241,8.476208051793254,98243400
2002-12-23,8.617263793945312,8.732673776171378,8.418502837292701,8.463384225285926,42288900
2002-12-24,8.559563636779785,8.71344328134893,8.495446812477631,8.527505224628708,18604300
2002-12-26,8.399269104003906,8.707028280159692,8.35438709888384,8.578795290094781,38600400
2002-12-27,8.341565132141113,8.476209941144752,8.335153328983035,8.354388126994067,35355500
2002-12-30,8.315917015075684,8.450561799535123,8.27744681460309,8.347975413558997,52058300
