Price,Close,High,Low,Open,Volume
Ticker,INTC,INTC,INTC,INTC,INTC
Date,,,,,
1995-01-03,2.241335868835449,2.2506750365247834,2.2149672115550323,2.2369413608578994,41721600
1995-01-04,2.2369418144226074,2.2633104770495622,2.2237572148732223,2.2501258775001776,41865600
1995-01-05,2.2545199394226074,2.2852830974993075,2.2369408386726124,2.241335345624321,60480000
1995-01-06,2.285285234451294,2.289680281984357,2.2501270000751203,2.2545220476081833,56316800
1995-01-09,2.3204426765441895,2.3204426765441895,2.280889944611772,2.280889944611772,75056000
1995-01-10,2.342416524887085,2.368785188188974,2.320442370566263,2.3336269704531216,109320000
1995-01-11,2.3292324542999268,2.368785726476844,2.320442897868606,2.351206613614203,58468800
1995-01-12,2.359996795654297,2.3775759131769654,2.3050615169238653,2.32483856060896,85384000
1995-01-13,2.395155191421509,2.4083392622121536,2.3731810248075966,2.3775760727192305,126689600
1995-01-16,2.395155191421509,2.4083392622121536,2.381970584158736,2.4083392622121536,59564800
1995-01-17,2.3556015491485596,2.4391026185670883,2.351207038374978,2.395154828471033,118696000
1995-01-18,2.439101457595825,2.447891011431356,2.3995481971000383,2.3995481971000383,189520000
1995-01-19,2.485247850418091,2.4874449717330624,2.425918064305036,2.43470762250904,146992000
1995-01-20,2.419323205947876,2.4830479756176946,2.4132806589665567,2.474258426211033,146233600
1995-01-23,2.474260091781616,2.4830496471050467,2.3907590479730856,2.4039436491941726,105260800
1995-01-24,2.5138137340545654,2.5204061711736143,2.456681871971182,2.483050547503223,110656000
1995-01-25,2.4918391704559326,2.522602345457279,2.443496348561406,2.461075458982711,152656000
1995-01-26,2.478555202484131,2.507145186143667,2.4631601828779885,2.485152952973982,78633600
1995-01-27,2.498350143432617,2.515944158527213,2.471959120790723,2.480756128338021,80027200
1995-01-30,2.4631621837615967,2.5027489873211377,2.458763948325395,2.5027489873211377,65137600
1995-01-31,2.4411702156066895,2.4631624691896215,2.4274243524009216,2.458764233243758,84265600
1995-02-01,2.4851536750793457,2.498348911430004,2.4323716558237822,2.441168659033043,75233600
1995-02-02,2.540135145187378,2.5428842089067762,2.4807551003851183,2.4807551003851183,88065600
1995-02-03,2.586319923400879,2.6083127082196627,2.5335378841477993,2.559928903774339,142459200
1995-02-06,2.5907185077667236,2.617109525484585,2.5819215018607697,2.5819215018607697,56099200
1995-02-07,2.568725824356079,2.5951168430994636,2.5555305834477124,2.5907186084388916,44675200
1995-02-08,2.696281909942627,2.705078913666866,2.6039131023748645,2.6083118727002326,135900800
1995-02-09,2.727072238922119,2.771057275033766,2.6962829821073213,2.6962829821073213,126497600
1995-02-10,2.7226736545562744,2.7622599135159533,2.713876648462275,2.7226736545562744,88566400
1995-02-13,2.713876485824585,2.74466573684512,2.7006807090110634,2.7226734913913964,53864000
1995-02-14,2.762259006500244,2.762259006500244,2.7138757573336956,2.7138757573336956,68824000
1995-02-15,2.8062450885772705,2.815042095124535,2.7622600558409496,2.7622600558409496,113956800
1995-02-16,2.810642957687378,2.841432202251624,2.7974471836409176,2.810642957687378,94993600
1995-02-17,2.773256301879883,2.797448340584143,2.77105731850316,2.797448340584143,80916800
1995-02-21,2.7798526287078857,2.7930484001554543,2.75346162273914,2.7754543961762903,67569600
1995-02-22,2.8018455505371094,2.8150407857571365,2.7754545431706363,2.7754545431706363,44088000
1995-02-23,2.746863842010498,2.8370336571830705,2.7446648597847867,2.8150408818305506,87577600
1995-02-24,2.762259006500244,2.771056009705659,2.716075008135049,2.7446650000894146,78345600
1995-02-27,2.755662202835083,2.7798542407990587,2.740267977352297,2.75346321952565,51545600
1995-02-28,2.8062450885772705,2.8062450885772705,2.7314708013888596,2.7534630492936856,54179200
1995-03-01,2.7710556983947754,2.8331847950164324,2.7710556983947754,2.8062437072632807,65336000
1995-03-02,2.7793023586273193,2.801845211619096,2.7578602046621743,2.7710554382860737,39121600
1995-03-03,2.8810205459594727,2.8898175544403766,2.7710576714847783,2.775456444188624,140860800
1995-03-06,2.894214153289795,2.911808160300675,2.850229135762594,2.8678231427734744,80664000
1995-03-07,2.828235626220703,2.889814623123667,2.819438626663137,2.8854158548817628,85563200
1995-03-08,2.8062450885772705,2.845831886503294,2.788651075482742,2.823839101671799,85804800
1995-03-09,2.821639060974121,2.8458308199122504,2.784251797160649,2.8150410400732158,84761600
1995-03-10,2.8326354026794434,2.837034173320785,2.8150413939671486,2.8150413939671486,57476800
1995-03-13,2.8634259700775146,2.8854182185236525,2.828237943022348,2.832636177940903,73267200
1995-03-14,2.8986124992370605,2.9162065036727136,2.8722214925835807,2.8722214925835807,66921600
1995-03-15,2.8810205459594727,2.9118098071792433,2.867824764774723,2.898614562921281,34435200
1995-03-16,2.865624189376831,2.898612952856266,2.8590261682176994,2.8766201754067313,34500800
1995-03-17,2.8463807106018066,2.8766204129551194,2.8458311662950133,2.8766204129551194,38120000
1995-03-20,2.933800220489502,2.933800220489502,2.8238374350838096,2.845830206935489,66764800
1995-03-21,2.9294023513793945,2.96459036761218,2.922804329872489,2.9338011218717517,83536000
1995-03-22,2.968989372253418,2.968989372253418,2.911808572902328,2.925004348493564,69624000
1995-03-23,3.0041770935058594,3.017372330862705,2.964040226376551,2.9689890779855945,110006400
1995-03-24,3.030569076538086,3.0657571033372126,3.0129750631385233,3.0173732980250745,98563200
1995-03-27,3.078951835632324,3.0877488408769884,3.0261698041643417,3.0305685752499683,67161600
1995-03-28,3.1141397953033447,3.1493278155892583,3.100944556159417,3.1053427902318664,94750400
1995-03-29,3.063555955886841,3.1669210072247576,3.00857495686352,3.1141389904376786,160102400
1995-03-30,3.0041770935058594,3.0701543541431024,2.946996299822176,3.0657561206663226,164172800
1995-03-31,2.9865829944610596,3.0393650161281784,2.9206051989139157,2.938199206136289,150662400
1995-04-03,3.1141397953033447,3.1141397953033447,2.9733877141596907,2.9821847192311695,94400000
1995-04-04,3.0459630489349365,3.171320920945831,3.034967059934722,3.1273358910917044,100321600
1995-04-05,3.048161029815674,3.056958030569938,2.9821832556955354,3.0261682594668557,119211200
1995-04-06,3.008575201034546,3.083899543604307,2.995379964230093,3.0613572221053276,79091200
1995-04-07,3.065756320953369,3.085549580976619,2.990981514624486,3.008575523534042,85091200
1995-04-10,3.1141397953033447,3.1141397953033447,3.043763754731518,3.0613577648744745,79411200
1995-04-11,3.2109079360961914,3.237298960228489,3.188915684449324,3.193313920007993,173561600
1995-04-12,3.2284998893737793,3.232898659048669,3.175717874833609,3.2153046542019457,83680000
1995-04-13,3.342862367630005,3.347261139208632,3.241697064441369,3.241697064441369,115472000
1995-04-17,3.3076720237731934,3.4308300246583654,3.29007802364674,3.3472587925208495,156675200
1995-04-18,3.3186700344085693,3.395644100486526,3.2812830297447517,3.3912458662289895,168217600
1995-04-19,3.283482789993286,3.325268844197224,3.23290053365511,3.3076748291485614,95795200
1995-04-20,3.2724852561950684,3.3120720398542143,3.2504930162161347,3.3032750364773458,79468800
1995-04-21,3.268085479736328,3.3164687069986614,3.2504914812907115,3.276882478959136,87787200
1995-04-24,3.395643711090088,3.4044407155229637,3.250493406410906,3.2636886445969493,96052800
1995-04-25,3.45937442779541,3.4769793867154886,3.397757071575136,3.397757071575136,128708800
1995-04-26,3.5077850818634033,3.542994967065243,3.4285628401592634,3.4373653114597236,96080000
1995-04-27,3.542997121810913,3.591410474776901,3.502835284817116,3.5033857082382514,91153600
1995-04-28,3.6046156883239746,3.666233045925575,3.5694057696944888,3.6002141798649285,132334400
1995-05-01,3.6662333011627197,3.7014432222434626,3.6222208998117913,3.644226831856876,115844800
1995-05-02,3.6618294715881348,3.67943442097077,3.626619572822864,3.6530269968968168,115572800
1995-05-03,3.78066349029541,3.7894659657824072,3.6618298025907183,3.6618298025907183,89808000
1995-05-04,3.8686883449554443,3.9259041684665323,3.793867032755774,3.8114719841838753,176945600
1995-05-05,3.8246774673461914,3.93470818832217,3.8114734799630865,3.903899779862745,143638400
1995-05-08,3.9303040504455566,3.961112434080498,3.802667936717278,3.8114704087930127,117291200
1995-05-09,3.9171013832092285,3.9743177394593574,3.8510830892010897,3.9655152644409095,138131200
1995-05-10,3.8290789127349854,3.9611161166223985,3.8224767839102354,3.956715145123197,141251200
1995-05-11,3.846681594848633,3.868688051092403,3.7718608255927806,3.8070707257744614,115512000
1995-05-12,3.826878309249878,3.9083009776539743,3.807072729971226,3.8466836198981684,78270400
1995-05-15,3.8158745765686035,3.846682981704801,3.776263155952768,3.8334795330066114,72540800
1995-05-16,3.8334813117980957,3.8774937233155202,3.793869872801973,3.8114748374089427,83606400
1995-05-17,3.8994975090026855,3.9215039712503756,3.859886629121665,3.864287599214851,103816000
1995-05-18,3.8994975090026855,4.0579421030479415,3.8950965389095,3.925904941343562,170598400
1995-05-19,3.921504020690918,3.9831213635964717,3.881892603049908,3.8906950806078444,146268800
1995-05-22,4.0139288902282715,4.035935347949673,3.930305640312087,3.930305640312087,103174400
1995-05-23,4.101955413818359,4.119560372675949,4.027134607303958,4.031535578388001,122224000
1995-05-24,4.093151569366455,4.189978810792328,4.075546616379933,4.163571381312545,139008000
1995-05-25,4.137165546417236,4.159172014762589,4.05794322744329,4.093153146987266,85121600
1995-05-26,4.0799479484558105,4.137163774580393,4.057941489535237,4.119558822348136,57699200
1995-05-30,3.8906943798065186,4.110756279116842,3.8378795239720405,4.088750357816058,242369600
1995-05-31,3.9523117542266846,3.961114230294005,3.802669661082245,3.9171018499574046,163680000
1995-06-01,4.040337085723877,4.075546994967658,3.956713819900186,3.9611147899253694,117364800
1995-06-02,4.101955413818359,4.141566839878289,3.9699182223864375,3.991924689588778,120323200
1995-06-05,4.075547218322754,4.128362085082876,4.062343770263028,4.128362085082876,77616000
1995-06-06,3.9567112922668457,4.075544391421146,3.9567112922668457,4.066741919733412,96516800
1995-06-07,3.983120918273926,4.004576417662026,3.9171020753401735,3.961114458209164,117452800
1995-06-08,4.007327079772949,4.027133188771868,3.9831208071309767,3.9875217766648072,44441600
1995-06-09,3.9699149131774902,4.040334689907912,3.965513945761969,4.005124801542701,54803200
1995-06-12,3.9281036853790283,4.005125600166255,3.9215023672545053,3.9831196841801404,64686400
1995-06-13,3.908299446105957,3.996324208405641,3.899496969875989,3.991923238920913,107860800
1995-06-14,3.961113691329956,3.9787186410692006,3.855483992894491,3.8862929235683827,97881600
1995-06-15,4.053539276123047,4.071144222952549,3.9655145419755358,3.9655145419755358,91027200
1995-06-16,4.088750839233398,4.132763224277565,4.031534470045702,4.066744378081035,122411200
1995-06-19,4.348423004150391,4.374830431301102,4.1107561597939934,4.119558635510897,127876000
1995-06-20,4.5772881507873535,4.586090628000406,4.410041083739354,4.46285594701767,141030400
1995-06-21,4.482660293579102,4.660911224918464,4.462854992715032,4.656509449992607,119708800
1995-06-22,4.603694915771484,4.6345041188163,4.474958436542464,4.498065204510953,70946400
1995-06-23,4.621301174163818,4.67411604472569,4.568486303601946,4.603696217309861,52727200
1995-06-26,4.5772881507873535,4.674115400130932,4.533275764722091,4.630103014065669,57357600
1995-06-27,4.4100422859191895,4.550881959721,4.392437326693964,4.550881959721,92004800
1995-06-28,4.445249557495117,4.489261929351504,4.2956074931834,4.383632236896175,112888000
1995-06-29,4.493664741516113,4.550880572932374,4.436448372839297,4.489263234420717,60702400
1995-06-30,4.4584550857543945,4.5596833075425165,4.436448623554881,4.506868442976387,41468800
1995-07-03,4.4584550857543945,4.4892634881210105,4.436448623554881,4.462856055837945,13020800
1995-07-05,4.489262580871582,4.542077434764189,4.462855153925278,4.471657629574046,46887200
1995-07-06,4.608096599578857,4.612497300200244,4.436447784925425,4.489262639507871,52177600
1995-07-07,4.806153774261475,4.806153774261475,4.577289308820452,4.621301706020649,78961600
1995-07-10,4.948091983795166,4.964596626836511,4.806152053639601,4.832559482505753,83404000
1995-07-11,4.8501667976379395,4.9249884197987575,4.849066487565881,4.920586642249742,51932800
1995-07-12,5.087831497192383,5.105436450469865,4.9117819644175595,4.9910042541662305,84791200
1995-07-13,5.1846604347229,5.350807235580956,5.017413323925388,5.070228201019339,117482400
1995-07-14,5.3166985511779785,5.3387052910512764,5.017414195648092,5.052624119828079,87835200
1995-07-17,5.38271427154541,5.519152103674017,5.316695168451525,5.387114972007174,139681600
1995-07-18,5.1582512855529785,5.448733013237702,5.140646332359965,5.4311280600446885,137435200
1995-07-19,4.594891548156738,4.841360826601927,4.401237115092661,4.577286599696367,447652000
1995-07-20,4.542077541351318,4.718127058457958,4.533275065495986,4.612497348193974,199928000
1995-07-21,4.432047367095947,4.621300350932429,4.427645860036213,4.559683012919996,152450400
1995-07-24,4.73573112487793,4.75333607329755,4.444149166677964,4.462854424373811,122608000
1995-07-25,4.8589677810668945,4.93819008184516,4.788547958152882,4.929387603980908,140957600
1995-07-26,4.7973504066467285,4.9205850959917825,4.753338017594924,4.902980140371061,89991200
1995-07-27,4.841363906860352,4.910683435526762,4.7797465480457655,4.806153987537732,52663200
1995-07-28,4.729682445526123,4.8706040826367705,4.703259638567876,4.835373673359109,68643200
1995-07-31,4.579952239990234,4.764911849682148,4.562337039067195,4.738489048297589,64880800
1995-08-01,4.4566450119018555,4.579951395630365,4.403799418875351,4.579951395630365,94556800
1995-08-02,4.333339691162109,4.579952519114424,4.298109287168922,4.53591451412294,135620800
1995-08-03,4.377378463745117,4.421416476458851,4.165996002719196,4.21003401543293,117961600
1995-08-04,4.368570804595947,4.439031624024914,4.350955599738706,4.38618600945319,68723200
1995-08-07,4.474261283874512,4.500684086732038,4.3861852743494225,4.403800476254441,51580000
1995-08-08,4.562337875366211,4.597568283670197,4.500684660834236,4.527107467062225,58122400
1995-08-09,4.6592206954956055,4.70325869828857,4.615182692702641,4.694451097729977,70807200
1995-08-10,4.527106761932373,4.668028373198751,4.500683959819927,4.659220772494602,60408000
1995-08-11,4.6592206954956055,4.685643497171384,4.5887598910268625,4.632797893819827,68375200
1995-08-14,4.676833629608154,4.720871611054559,4.6063728592939075,4.650410840740312,50202400
1995-08-15,4.615182876586914,4.738489289320152,4.5535296702202945,4.720874087501118,67754400
1995-08-16,4.703259468078613,4.729682274079054,4.579953040076552,4.668029060078024,67332800
1995-08-17,4.623991012573242,4.729682235717774,4.610780147253536,4.720874633789062,66123200
1995-08-18,4.57114315032959,4.668026723843319,4.544720357553118,4.668026723843319,73496800
1995-08-21,4.24526309967041,4.579951891760608,4.218840300294867,4.571144291968761,175418400
1995-08-22,4.386187553405762,4.394995158934689,4.245265864942926,4.306919103645417,129546400
1995-08-23,4.394994258880615,4.456647484957097,4.367470497239329,4.4214170700562505,65648000
1995-08-24,4.300313949584961,4.40380360304332,4.262881887745934,4.394995995837233,100023200
1995-08-25,4.25407075881958,4.306916358308022,4.210032759245879,4.306916358308022,91089600
1995-08-28,4.130764961242676,4.289301782782907,4.121957360045997,4.258475447381186,77804000
1995-08-29,4.148382663726807,4.210035909259902,4.025076172660618,4.139575057222079,142798400
1995-08-30,4.25407075881958,4.289301158478541,4.165994759672177,4.227647959075359,88683200
1995-08-31,4.324531555175781,4.368569554719323,4.271685955723532,4.298108755449657,50941600
1995-09-01,4.289302349090576,4.350955565607279,4.271687144371518,4.315725156169163,34721600
1995-09-05,4.487472057342529,4.49187558815216,4.289300806725691,4.3245312034955115,59574400
1995-09-06,4.403801918029785,4.562338787078857,4.394994314193725,4.527108371734618,72960000
1995-09-07,4.579952239990234,4.650413043682392,4.527106637221117,4.578851289932545,125828000
1995-09-08,4.623991012573242,4.6327986145019535,4.535914993286133,4.615183410644532,63664000
1995-09-11,4.623991012573242,4.69445182800293,4.615183410644532,4.615183410644532,53804800
1995-09-12,4.57114315032959,4.676834321435476,4.562335552737433,4.668026723843319,52924000
1995-09-13,4.57114315032959,4.623988735882533,4.531509498737978,4.57114315032959,52886400
1995-09-14,4.487472057342529,4.597566778461623,4.47426038976725,4.597566778461623,53280800
1995-09-15,4.377378463745117,4.544722912057305,4.315725245945891,4.4918772968008245,99998400
1995-09-18,4.43022346496582,4.43903106628782,4.298109445135825,4.386185458355822,63196800
1995-09-19,4.417013168334961,4.491877524964321,4.342148274132177,4.350955877122303,69693600
1995-09-20,4.417013168334961,4.491877524964321,4.394993892072933,4.469858786275718,63268000
1995-09-21,4.308017730712891,4.421415590734211,4.298109179837241,4.368569986064081,71136800
1995-09-22,4.262877941131592,4.31132000470377,4.245262743027742,4.280493139235441,68509600
1995-09-25,4.2276482582092285,4.262878660360972,4.148379853367805,4.262878660360972,75903200
1995-09-26,4.210033416748047,4.338844854404876,4.183610612877243,4.254071423199386,70076000
1995-09-27,4.179207801818848,4.188015404628188,4.03388208667802,4.165996128818129,133321600
1995-09-28,4.3597636222839355,4.3597636222839355,4.192419160014452,4.201226763291793,83437600
1995-09-29,4.236456394195557,4.421416028869375,4.227648792544423,4.386185622264839,76591200
1995-10-02,4.165994644165039,4.316824788523022,4.1571870444945,4.270584890252692,59953600
1995-10-03,4.2144389152526855,4.236457657158024,4.148381614389666,4.182511080962405,80306400
1995-10-04,4.135168075561523,4.218839998818297,4.104341209706319,4.139571606356158,71613600
1995-10-05,4.289302349090576,4.289302349090576,4.113150301899998,4.130765506619056,79205600
1995-10-06,4.368570804595947,4.465454431310778,4.3597632021673265,4.447839226453535,116396800
1995-10-09,4.236456394195557,4.342147614009168,4.183610784288752,4.342147614009168,79104000
1995-10-10,4.342146873474121,4.342146873474121,4.069111268854044,4.104341669450183,118409600
1995-10-11,4.43022346496582,4.474261471575819,4.3685702557118224,4.456646268931819,78585600
1995-10-12,4.491875648498535,4.527106045741661,4.403799655390721,4.4214148540122835,90520000
1995-10-13,4.421417713165283,4.553531788259863,4.403802503152672,4.544724183253558,79935200
1995-10-16,4.447839260101318,4.509492477568069,4.386186042634567,4.412608850120318,55199200
1995-10-17,4.615182876586914,4.623990477496431,4.447838459306091,4.518299266582226,133656800
1995-10-18,4.773719787597656,4.80895019193417,4.676836175672243,4.720874181092885,142411200
1995-10-19,4.791335582733154,4.808950787081438,4.6856443566434525,4.747297571862445,66150400
1995-10-20,4.729682445526123,4.800143264081447,4.694452036248461,4.764912854803785,52790400
1995-10-23,4.756103038787842,4.7649106370078185,4.649310910370614,4.668027056588066,54128800
1995-10-24,4.782526016235352,4.817756410461763,4.756103220565543,4.791333614791954,56356800
1995-10-25,4.685643196105957,4.782526796025442,4.6768355961132775,4.782526796025442,47943200
1995-10-26,4.681239128112793,4.72968038216329,4.5711436095768105,4.694449988255183,47912800
1995-10-27,4.782526016235352,4.8001412133485575,4.659219636442912,4.659219636442912,61734400
1995-10-30,4.917539596557617,4.970416366413075,4.82941164679852,4.82941164679852,98684000
1995-10-31,4.926351547241211,5.032105068827785,4.926351547241211,4.988041101500046,74370400
1995-11-01,4.9924492835998535,4.996855143543305,4.864663208528932,4.98804234787568,76340800
1995-11-02,5.137859344482422,5.146672139241397,4.996854628338822,5.014480217856772,80272000
1995-11-03,5.111420631408691,5.156586201643122,5.058543866256187,5.1554846023691105,47605600
1995-11-06,4.9924492835998535,5.111421487222429,4.980331151666509,5.093795895887179,37800000
1995-11-07,4.679593086242676,4.899912911395345,4.565026777163288,4.8558489463648105,225472000
1995-11-08,4.648749351501465,4.794159913942175,4.587059793785297,4.74128315018546,101253600
1995-11-09,4.864662170410156,4.8822877579841055,4.7941598201143565,4.864662170410156,77737600
1995-11-10,4.8117876052856445,4.8822899877806725,4.77653641403813,4.829413200909402,50086400
1995-11-13,4.732470512390137,4.85584963189379,4.714844923889615,4.802972866392224,36456000
1995-11-14,4.591467380523682,4.697220947829409,4.587061519776401,4.653156961452022,53100800
1995-11-15,4.56502628326416,4.644341411737861,4.406396026316757,4.635528619685228,103201600
1995-11-16,4.432834625244141,4.582652097667898,4.432834625244141,4.503336965208262,82568800
1995-11-17,4.424023151397705,4.45927433188693,4.419617022781716,4.432835946520012,93374400
1995-11-20,4.379960060119629,4.520964810546015,4.366741133712373,4.494526419841068,71694400
1995-11-21,4.441646575927734,4.476897739228748,4.371144249325707,4.397582621801467,70495200
1995-11-22,4.362332344055176,4.49452423326897,4.3535195514409235,4.468085855426211,48664800
1995-11-24,4.441646575927734,4.441646575927734,4.388769830976214,4.388769830976214,18368000
1995-11-27,4.2301411628723145,4.490118857452307,4.222429968044161,4.4768993973732,121008000
1995-11-28,4.494524955749512,4.494524955749512,4.221328340792188,4.2389539288539515,99812000
1995-11-29,4.441646575927734,4.547400065830776,4.388769830976214,4.512148902529762,72459200
1995-11-30,4.2918314933776855,4.481306869320033,4.2477675150062515,4.388772245794841,68048000
1995-12-01,4.300645351409912,4.353522138517411,4.274206957856163,4.327083744963661,58219200
1995-12-04,4.353522300720215,4.476901475234553,4.260988188779718,4.371147897079406,56004000
1995-12-05,4.32708215713501,4.371146130221924,4.2918309786654785,4.371146130221924,52358400
1995-12-06,4.305048942565918,4.379957401821021,4.256578320079584,4.353519027162142,66432000
1995-12-07,4.335896015167236,4.344708811946032,4.25658084415808,4.3006448280520555,45921600
1995-12-08,4.459274768829346,4.459274768829346,4.327082829041915,4.397585196928545,61020000
1995-12-11,4.476900577545166,4.512151763195128,4.468087781132676,4.494526170370147,38281600
1995-12-12,4.388770580291748,4.48681289496192,4.362332203302039,4.476898503590779,38964000
1995-12-13,4.415210247039795,4.45927422156115,4.371146272518439,4.406397452135524,50386400
1995-12-14,4.2301411628723145,4.44164822101593,4.2301411628723145,4.415209838747978,76008800
1995-12-15,4.106761932373047,4.291830603145223,4.097949138526753,4.247766633913752,131205600
1995-12-18,4.036258220672607,4.124386129420918,3.8908474401829296,4.106760547671255,126525600
1995-12-19,4.256580829620361,4.296238683934708,4.053886504400344,4.071512097897736,93095200
1995-12-20,4.203701972961426,4.3094554817151725,4.168450803376843,4.283017104526736,71931200
1995-12-21,4.194891452789307,4.256581032977385,4.177265858449855,4.230142641468208,59761600
1995-12-22,4.159641265869141,4.213619661533227,4.133202867992854,4.186079663745428,41667200
1995-12-26,4.18607759475708,4.221328774502402,4.150826415011757,4.159639209948088,22500000
1995-12-27,4.150827407836914,4.238955378279312,4.142014610792674,4.194891393058112,32307200
1995-12-28,4.0274481773376465,4.097950552433272,4.018635380450693,4.089137755546319,63944800
1995-12-29,4.00100564956665,4.089133527310409,4.00100564956665,4.027444012889778,55903200
1996-01-02,4.133200645446777,4.142013439999969,4.009821521702098,4.045072699914863,62854400
1996-01-03,4.0715131759643555,4.1860795640326165,4.060497446056922,4.133202769539572,72678400
1996-01-04,4.053885459899902,4.150826199158378,3.948131926163383,4.142013404680335,100259200
1996-01-05,4.053885459899902,4.142013404680335,4.001008693031642,4.027447076465772,65434400
1996-01-08,4.062697887420654,4.115574649512897,4.045072300056574,4.097949062148817,17544000
1996-01-09,3.8776304721832275,4.071511995792389,3.8600048791278496,4.0626991992647,110116800
1996-01-10,3.8159399032592773,3.8776294628962633,3.7542503436222914,3.8247526974931327,137448000
1996-01-11,4.009820461273193,4.02744604571835,3.8335646168216244,3.9349119963263517,83769600
1996-01-12,3.9921951293945312,4.053884678855374,3.895254408813207,4.027446300515012,70219200
1996-01-15,3.7630624771118164,4.001007879645819,3.7619608780260108,3.992195086959374,106633600
1996-01-16,3.9305081367492676,3.9393209352621588,3.666124181362546,3.798316159055907,150692800
1996-01-17,3.525118112564087,3.710186813473702,3.5118991885871402,3.5912143461198323,546630400
1996-01-18,3.5956194400787354,3.6396834038051904,3.5427426836069893,3.5779938545881533,132712000
1996-01-19,3.622058153152466,3.639683740272429,3.5691813917925757,3.6220581531524654,128462400
1996-01-22,3.6661243438720703,3.7024771393491673,3.5956219526437616,3.6220603493543773,106812800
1996-01-23,3.7145931720733643,3.727812094954297,3.6837481222007002,3.6837481222007002,69244800
1996-01-24,3.8600032329559326,3.877628818494544,3.7366241341856514,3.763062512493569,94037600
1996-01-25,3.851191759109497,4.0098220832833436,3.8335661675346255,3.9128813296215488,115267200
1996-01-26,3.8776304721832275,3.8776304721832275,3.780689710378647,3.8159408964894035,66812800
1996-01-29,3.8379738330841064,3.9128823478246857,3.8247543670178232,3.9128823478246857,39158400
1996-01-30,3.8187472820281982,3.8628436709661687,3.7922894486654166,3.8452051153909808,43040000
1996-01-31,3.897017002105713,3.911348592614211,3.792288115203296,3.8363844886358924,72689600
1996-02-01,3.968675374984741,3.9863139322068957,3.8705609004365074,3.880482588873969,66874400
1996-02-02,4.003951549530029,4.030409379152474,3.951035890285139,3.977493719907584,51456000
1996-02-05,4.127421855926514,4.127421855926514,4.012771248817444,4.0304098037573,67600800
1996-02-06,4.197973728179932,4.233250818332704,4.118600275336194,4.153877365488966,85640000
1996-02-07,4.109781265258789,4.202383901966488,4.056865626650307,4.171516176968685,70611200
1996-02-08,4.08332633972168,4.110886587694963,4.021591384261525,4.100964898424581,48796800
1996-02-09,4.0921430587768555,4.13623942794471,4.048046689609001,4.083323784943285,50028800
1996-02-12,4.108677864074707,4.162695898778131,4.09214173100223,4.09214173100223,46727200
1996-02-13,4.030409336090088,4.083324994769608,3.9510358480708083,3.986312953857155,77997600
1996-02-14,4.0921430587768555,4.0921430587768555,4.012769594274718,4.03040814194186,49426400
1996-02-15,4.056867599487305,4.109783263828443,4.048048322097115,4.074506154267684,48066400
1996-02-16,4.061275482177734,4.1450583064633975,4.039227030553693,4.074504122523595,48668000
1996-02-20,4.08332633972168,4.127422736478933,4.030410663612975,4.039229942964426,41164800
1996-02-21,4.180335521697998,4.180335521697998,4.074504242667669,4.109781335677779,48394400
1996-02-22,4.30380392074585,4.321442461404644,4.171514865804891,4.197972676793083,89480800
1996-02-23,4.290578842163086,4.347903877695591,4.249789413924063,4.312626767126053,57186400
1996-02-26,4.259712219238281,4.312627898980372,4.233254379367237,4.286170059109327,35695200
1996-02-27,4.250888824462891,4.286165910143081,4.233250281622796,4.259708095882939,36168000
1996-02-28,4.286167144775391,4.33908278853805,4.268528596854504,4.268528596854504,42570400
1996-02-29,4.149471759796143,4.242073936246805,4.145061850386691,4.233254655714068,73402400
1996-03-01,3.9554443359375,4.07450425609615,3.880480243901095,4.065684982814556,145034400
1996-03-04,3.8716626167297363,3.968674664073762,3.8628433396984616,3.9598553870424866,70285600
1996-03-05,3.9069371223449707,3.9422142069711104,3.862840766562296,3.880479308875366,59856800
1996-03-06,3.757009983062744,3.924576156016247,3.7526006160752194,3.8892990669734044,67897600
1996-03-07,3.7481915950775146,3.792287966784309,3.721733772053438,3.7658301437602324,74715200
1996-03-08,3.7746505737304688,3.8187469589376,3.633542141067647,3.6423614181090733,111921600
1996-03-11,3.898120403289795,3.9069396802203147,3.800005947437761,3.809927633984596,75256000
1996-03-12,3.8716626167297363,3.898120447823562,3.8143375851694246,3.8893011707922867,48633600
1996-03-13,3.9598538875579834,4.012769529707978,3.8716611506413243,3.9245767927913198,69127200
1996-03-14,3.9598538875579834,4.048046624474642,3.959853887557983,3.986311708632981,57525600
1996-03-15,4.153879642486572,4.171518197231738,3.9686748176623303,3.9863133724074964,87536800
1996-03-18,4.197973728179932,4.25088936340909,4.185847497582754,4.215612273256318,62223200
1996-03-19,4.145060062408447,4.224433552965205,4.1186022322228615,4.220024183743908,44320000
1996-03-20,3.9157588481903076,4.109782935262801,3.889301018134968,4.083325105207461,118391200
1996-03-21,3.942214250564575,3.9863106068348726,3.8892986230402187,3.9245757080564565,47616800
1996-03-22,3.9598538875579834,3.986311708632981,3.9157575190996536,3.968673161249649,30303200
1996-03-25,3.8727643489837646,4.003951071878461,3.862842664058956,3.9774932454123038,45829600
1996-03-26,3.9598538875579834,3.9774924349413148,3.818745508491329,3.845203329566327,49976800
1996-03-27,3.995131254196167,4.04804689994711,3.959854157028872,3.9774927056125198,51588800
1996-03-28,3.9774932861328125,4.048047490764881,3.9642646419072314,3.9774932861328125,32305600
1996-03-29,4.01276969909668,4.048046795352474,3.968673328776936,4.002848015774737,36318400
1996-04-01,4.030409336090088,4.056867165429848,3.9951322303037418,4.030409336090088,28519200
1996-04-02,4.01276969909668,4.039227521288526,3.9951311509687817,4.030408247224577,17644800
1996-04-03,4.065684795379639,4.083323341129659,3.977492066629538,4.003949885254568,33368800
1996-04-04,4.180335521697998,4.189154794950525,4.048046422910087,4.074504242667669,72766400
1996-04-08,4.277346611022949,4.294985153748817,4.109780455127205,4.118599726490139,115408800
1996-04-09,4.365541458129883,4.383180009475862,4.277348701399986,4.339083631110913,115986400
1996-04-10,4.356722354888916,4.453734391131381,4.321445250800746,4.330264526822789,131409600
1996-04-11,4.264120101928711,4.374360779858829,4.224433091839474,4.330264401029607,105884000
1996-04-12,4.206793308258057,4.268528220538573,4.197974035075126,4.259708947355643,48440800
1996-04-15,4.277346611022949,4.294985153748817,4.206792440119478,4.215611711482412,42540800
1996-04-16,4.577205181121826,4.586024458927456,4.497831680871159,4.515470236482418,191147200
1996-04-17,4.5286970138549805,4.583816929264155,4.496726612426284,4.5595639296384185,70596000
1996-04-18,4.6389384269714355,4.647757701547427,4.5331071320595395,4.541926406635531,73107200
1996-04-19,4.6036601066589355,4.691852829008724,4.594840834423956,4.691852829008724,62551200
1996-04-22,4.7800469398498535,4.7800469398498535,4.630119268304748,4.630119268304748,83480800
1996-04-23,4.8054022789001465,4.80650468823231,4.709492667001933,4.763510724277938,63572000
1996-04-24,4.956430435180664,4.96524970641764,4.797683552915091,4.8682377228109015,163722400
1996-04-25,4.912333011627197,4.938790819589283,4.850598126382331,4.938790819589283,77232800
1996-04-26,4.885878562927246,4.9652520413863535,4.868240012158556,4.912336389080282,73344800
1996-04-29,4.809283256530762,4.871053867165101,4.791634510635236,4.862229494217338,35319200
1996-04-30,4.782809734344482,4.800458478751658,4.746409199004684,4.79163410654807,46836800
1996-05-01,4.7916340827941895,4.86664178474978,4.74751222199498,4.7563365941548215,52056800
1996-05-02,4.80045747756958,4.862228070111835,4.782808736843221,4.791633107206401,63019200
1996-05-03,4.848992347717285,4.897525849066128,4.800457769174728,4.8181065109731644,61840800
1996-05-06,4.853404521942139,4.871053265658292,4.791633918935602,4.844580150084062,40720800
1996-05-07,4.7916340827941895,4.888702176552451,4.782809710634348,4.862229060072925,42147200
1996-05-08,4.853404521942139,4.871053265658292,4.69456582849676,4.773985175219449,64528800
1996-05-09,4.844579696655273,4.915174664912545,4.826930954590956,4.862228438719591,50893600
1996-05-10,4.87987756729126,4.906350682484522,4.862228823829086,4.888701939022347,48227200
1996-05-13,5.065188407897949,5.06518840789795,4.87105226682869,4.879876636877293,76656800
1996-05-14,5.144609451293945,5.188731316227856,5.074014467399689,5.082838840386471,114499200
1996-05-15,5.109313011169434,5.197556759203448,5.100488636366032,5.126961760776237,60852000
1996-05-16,5.074012756347656,5.100485866380774,5.029890906292459,5.065188386336617,40033600
1996-05-17,5.021068096160889,5.109311823685684,5.0122437234084085,5.100487450933205,40084000
1996-05-20,5.01224422454834,5.065190466356949,5.003419850913572,5.038717345452644,33077600
1996-05-21,4.959296226501465,5.029891190579778,4.950471855991676,5.012242449560199,39953600
1996-05-22,4.932823181152344,4.9504719224087035,4.879876957383267,4.923998810524164,45796800
1996-05-23,5.003418922424316,5.065189526404864,4.915175202452106,4.95047269044099,45295200
1996-05-24,5.01224422454834,5.038717345452644,4.985771103644034,5.003419850913572,33536800
1996-05-28,5.118137359619141,5.153434858650996,5.0210692372815355,5.0210692372815355,53196800
1996-05-29,5.038716793060303,5.153433637735932,5.029892420392947,5.1269605197338635,59422400
1996-05-30,5.047540187835693,5.056364558793448,4.994593962089165,5.0387158168779385,61696800
1996-05-31,5.329919338226318,5.338743707991593,5.199759884188507,5.215202531277738,145089600
1996-06-03,5.409341335296631,5.435814457655342,5.276975723503075,5.303448845861786,69614400
1996-06-04,5.387279987335205,5.471110988071602,5.3563941447733265,5.435813497825978,56274400
1996-06-05,5.426987648010254,5.43581201816962,5.338743946416591,5.36521705689469,35413600
1996-06-06,5.312271595001221,5.471110280566041,5.303447223580952,5.453461537725505,51574400
1996-06-07,5.312271595001221,5.329920337841756,5.188730395117471,5.20748218438554,70562400
1996-06-10,5.232855319976807,5.312274709318782,5.232855319976807,5.312274709318782,36408000
1996-06-11,5.312271595001221,5.35639345210256,5.224027880798542,5.250500995059346,42351200
1996-06-12,5.418164253234863,5.488759227218379,5.356393650999287,5.391691137991045,66422400
1996-06-13,5.294623374938965,5.418164587020874,5.276974630355835,5.418164587020874,62036000
1996-06-14,5.153432369232178,5.294622297156347,5.135783628241657,5.285797926661087,61307200
1996-06-17,5.082841396331787,5.171085170573659,5.029895131786665,5.162260793149472,70758400
1996-06-18,4.9681220054626465,5.091663227623352,4.959297632451168,5.0828388546118735,60051200
1996-06-19,5.038716793060303,5.0651899110623715,4.9681218117214545,4.994594929723523,71435200
1996-06-20,5.021068096160889,5.074014332675766,4.959297486893531,5.047541214418327,73817600
1996-06-21,5.038716793060303,5.056365538395015,4.9681218117214545,5.038716793060304,54253600
1996-06-24,5.19645357131958,5.241678490959594,5.029893501425873,5.038717875989778,57836800
1996-06-25,5.144609451293945,5.259326300122113,5.091663213373253,5.224028808174984,34814400
1996-06-26,5.118137359619141,5.153434858650996,5.0210692372815355,5.153434858650996,59177600
1996-06-27,5.215203762054443,5.224028133902251,5.051953421466912,5.109311299880749,46257600
1996-06-28,5.184317111968994,5.25049933813873,5.171080020418985,5.232850600867676,32252800
1996-07-01,5.3034467697143555,5.32109551104452,5.179905580403206,5.206378692398452,35018400
1996-07-02,5.2769775390625,5.357499980607559,5.259328784751254,5.285801916218123,51651200
1996-07-03,5.285800933837891,5.29462530935348,5.197557178682,5.268152182806713,60736000
1996-07-05,5.091663837432861,5.2593269447313435,5.08283946336452,5.15343445591125,39507200
1996-07-08,5.153432369232178,5.259324815175305,5.0828374052700935,5.100486146260614,65053600
1996-07-09,5.17990779876709,5.241678419876749,5.162259049878616,5.215205296544037,35956800
1996-07-10,5.144609451293945,5.1622581972675095,5.047541348439343,5.153433824280728,91695200
1996-07-11,4.906350612640381,5.082838044749747,4.844580011402102,5.056364929933341,145704000
1996-07-12,5.029891014099121,5.06739458744986,4.950471682297556,5.003417903498599,141623200
1996-07-15,4.87987756729126,5.003418771526482,4.844580080366911,4.97694565633322,97682400
1996-07-16,4.941650390625,4.950474766322545,4.526904732840402,4.844582257952009,200755200
1996-07-17,5.0563645362854,5.241676325573347,4.994593939856085,5.224027583736399,199531200
1996-07-18,5.118137359619141,5.1357861091350685,5.0298936120394995,5.091664235345248,80169600
1996-07-19,5.135784149169922,5.179906006121554,5.056364806656985,5.100486663608616,76216000
1996-07-22,5.1004838943481445,5.135781360745018,5.037610282328714,5.126956994145799,52232000
1996-07-23,4.906350612640381,5.135784274382557,4.8710531262185075,5.135784274382557,105624000
1996-07-24,4.8710551261901855,4.959298878476239,4.660373167607231,4.685743246389472,133832000
1996-07-25,5.091663837432861,5.100488211501203,4.924000730134379,4.98687439537131,74887200
1996-07-26,5.2416768074035645,5.250501179133201,5.1093112314590305,5.126959974918301,82870400
1996-07-29,5.144609451293945,5.303448165056023,5.144609451293945,5.224028808174984,70988800
1996-07-30,5.254106521606445,5.271767383863946,5.16138753372131,5.201123934833943,58967200
1996-07-31,5.307087421417236,5.324748278060888,5.23644399484263,5.264039083348336,64205600
1996-08-01,5.43954610824585,5.441753716244326,5.289428764349454,5.324750492325077,81130400
1996-08-02,5.563170909881592,5.589662199928647,5.500254096019836,5.510188329787481,107475200
1996-08-05,5.519019603729248,5.624984780120849,5.519019603729248,5.563171760559082,60604800
1996-08-06,5.6426472663879395,5.64264726638794,5.474869022160442,5.492529889973864,64801600
1996-08-07,5.818149566650391,5.836914230401682,5.65147520038892,5.6691360603901355,109771200
1996-08-08,5.7044596672058105,5.8026982334560655,5.686798801363068,5.77510313057678,86504800
1996-08-09,5.819253921508789,5.836914783182563,5.616154012260378,5.642645304771041,121416800
1996-08-12,5.801593780517578,5.881067667921928,5.739780756980861,5.801593780517578,53275200
1996-08-13,5.669137001037598,5.783932610092876,5.616154412242854,5.748610884229714,60300000
1996-08-14,5.775104522705078,5.7927653928050935,5.686800172205,5.6956306072550085,50572800
1996-08-15,5.775104522705078,5.810426262905109,5.739782782505047,5.76627408765507,30832000
1996-08-16,5.722119331359863,5.801593210962083,5.71328890029295,5.766271486694429,44319200
1996-08-19,5.7044596672058105,5.730950965969924,5.63381620383484,5.7044596672058105,30192000
1996-08-20,5.616153717041016,5.713288451140782,5.616153717041016,5.704458020768076,33337600
1996-08-21,5.669137001037598,5.669137001037598,5.545510960516529,5.56317182344811,45863200
1996-08-22,5.863406658172607,5.863406658172607,5.695628455604416,5.713289319032646,58090400
1996-08-23,5.766273498535156,5.872238708309156,5.761858820428167,5.836916971717822,32100800
1996-08-26,5.739782333374023,5.757443202092098,5.686799727219802,5.748612767733061,32749600
1996-08-27,5.757436752319336,5.766267176786084,5.669132507651861,5.748606327852588,41030400
1996-08-28,5.739782333374023,5.810425808246319,5.730951899014987,5.775104070810172,32015200
1996-08-29,5.748611927032471,5.783933659303024,5.713290194761918,5.730951060897195,37079200
1996-08-30,5.638232231140137,5.757442542360162,5.6338164754996685,5.739781675665806,26062400
1996-09-03,5.766273498535156,5.783934366830822,5.545512644839323,5.589664815578489,50458400
1996-09-04,5.810423851013184,5.8280847137822205,5.748610831321554,5.775102125475109,39469600
1996-09-05,5.695628643035889,5.792763395087663,5.677967779026475,5.766272099073543,54436000
1996-09-06,5.739782333374023,5.801595373887283,5.686799727219802,5.748612767733061,39244000
1996-09-09,5.898731708526611,5.907562145216023,5.739783848117211,5.748614284806623,56342400
1996-09-10,5.95612907409668,5.970477992312173,5.845748095264423,5.8899002712105295,77851200
1996-09-11,6.004692077636719,6.013522507162655,5.916387782377355,5.9252182119032915,46831200
1996-09-12,6.031184196472168,6.0488450579552495,5.978201612022925,6.022353765730628,49197600
1996-09-13,6.225452423095703,6.250839906381376,6.040013414748171,6.115072599950689,82940000
1996-09-16,6.260776519775391,6.313759113736818,6.190133061160154,6.225454790467772,70357600
1996-09-17,6.658145427703857,6.711128017314233,6.5256889536779195,6.675806290907317,152990400
1996-09-18,6.7552809715271,6.887737461164885,6.596333183961756,6.702298375671985,103812000
1996-09-19,6.852412700653076,6.887734415604896,6.7111258408457966,6.728786698321707,66176000
1996-09-20,6.878907680511475,6.931890281388329,6.781772912237244,6.8612468135525235,81262400
1996-09-23,6.764110565185547,6.8524148806579435,6.728788838996588,6.825923586016224,48962400
1996-09-24,6.817089557647705,6.905393826529152,6.790598276983271,6.790598276983271,63469600
1996-09-25,6.870073318481445,6.887734175341295,6.799429891042048,6.861242890051521,46242400
1996-09-26,6.878907680511475,7.02902504966256,6.817094646155146,6.896568547470427,82620800
1996-09-27,6.843585968017578,6.905399002567415,6.81709466749622,6.905399002567415,33680000
1996-09-30,6.742035865783691,6.852415734917982,6.72878967784472,6.8347548696218015,42668000
1996-10-01,6.764110565185547,6.790601859827266,6.6581453866186715,6.684636681260391,55946400
1996-10-02,6.9937005043029785,7.020191794092005,6.772939756061092,6.7817701859907675,71916800
1996-10-03,7.029024124145508,7.082006718046102,6.931889368661085,6.984871962561679,71356000
1996-10-04,7.183553695678711,7.187968370699076,7.0643423790654305,7.117324946908421,44334400
1996-10-07,7.373405456542969,7.417557585025262,7.187966516917338,7.187966516917338,52123200
1996-10-08,7.1791462898254395,7.55885513418275,7.161485413343703,7.452889875292337,112148800
1996-10-09,7.126159191131592,7.346920008700724,7.117328758428826,7.329259143295193,105073600
1996-10-10,7.055515289306641,7.1968022037358095,7.0025326963957015,7.011363128547525,67277600
1996-10-11,7.444054126739502,7.444054126739502,7.240954192083501,7.249784624025066,88411200
1996-10-14,7.60300350189209,7.647155670892625,7.461716561090379,7.532360031491234,89480800
1996-10-15,7.850245952606201,8.071006524951706,7.75200749791245,8.062176102057887,160209600
1996-10-16,7.956216335296631,7.981603818053543,7.7023415077275095,7.806099045951411,87092000
1996-10-17,7.823758125305176,8.044518794755096,7.823758125305175,8.000366660865112,67586400
1996-10-18,7.770781517028809,7.823764118281278,7.717798915776339,7.823764118281278,62257600
1996-10-21,7.611831188201904,7.857979441532678,7.567679035138087,7.744287647393352,66499200
1996-10-22,7.452883720397949,7.611831477468047,7.399901134707916,7.558848891778014,97193600
1996-10-23,7.726624965667725,7.735455394199917,7.399899109976633,7.4352208241054,83144800
1996-10-24,7.594169616699219,7.859082510305006,7.59416961669922,7.761947782649551,69354400
1996-10-25,7.444054126739502,7.72662794886959,7.444054126739502,7.576510605862981,56904800
1996-10-28,7.488208293914795,7.594173505621137,7.46171699098821,7.4793778596059335,61611200
1996-10-29,7.373405456542969,7.576505247561518,7.329253328060676,7.532353119079224,77648000
1996-10-30,7.544803142547607,7.588976463054326,7.403448516926106,7.41228318102745,69940000
1996-10-31,7.765663146972656,7.783332460162582,7.571300701883465,7.580135358478429,66129600
1996-11-01,7.6861572265625,7.765669197871767,7.633149245689655,7.765669197871767,61486400
1996-11-04,7.801005840301514,7.827509823903897,7.659651261088802,7.694989905891981,46838400
1996-11-05,8.057212829589844,8.083716819160864,7.801007597069992,7.801007597069992,82406400
1996-11-06,8.401763916015625,8.437102565504649,8.004204109264096,8.057212083497634,111770400
1996-11-07,8.631468772888184,8.816996760841768,8.392932788376433,8.48127944930671,129250400
1996-11-08,8.640304565429688,8.693312568898582,8.507784556757453,8.613800563695241,69125600
1996-11-11,8.755147933959961,8.763982593832777,8.56962007663084,8.622628035867733,49158400
1996-11-12,8.55195426940918,8.84349816495722,8.490111624898988,8.834663501455763,98851200
1996-11-13,8.445937156677246,8.578457091143939,8.376364191082232,8.56078776654838,72973600
1996-11-14,8.472441673278809,8.569622964630286,8.348756393376927,8.384095044777466,77549600
1996-11-15,8.18973445892334,8.49894773407147,8.15439579890641,8.49894773407147,121340000
1996-11-18,8.154394149780273,8.269244771608165,8.030708864734853,8.216236792302984,98204800
1996-11-19,8.534285545349121,8.55195487360036,8.12789099557059,8.13672565969621,89967200
1996-11-20,8.543116569519043,8.799321720001,8.52655158134133,8.57845521096483,99407200
1996-11-21,8.401763916015625,8.613795812949773,8.322251954665319,8.604961150577516,95869600
1996-11-22,8.657968521118164,8.666803182874409,8.428267315455846,8.463605962480818,76026400
1996-11-25,8.587289810180664,8.66680175286752,8.437100585105487,8.613793791076283,62263200
1996-11-26,8.746316909790039,8.799324891061493,8.445938349251795,8.613796956611402,124950400
1996-11-27,8.949511528015137,8.993684832694383,8.72864500461891,8.790487631169853,85092800
1996-11-29,8.967181205749512,8.99368518960887,8.949511883176607,8.967181205749512,19584800
1996-12-02,8.984851837158203,9.011355824878434,8.790489260543177,8.90533987399751,62268000
1996-12-03,8.896507263183594,9.143877872288996,8.878837933961778,9.00252323851448,75824000
1996-12-04,9.152711868286133,9.161546532251661,8.896506613285846,8.97601858897559,97301600
1996-12-05,9.064360618591309,9.214549829620598,8.993683342812817,9.214549829620598,82200800
1996-12-06,8.883255004882812,9.02019175478522,8.7198131850862,8.799325159418295,104533600
1996-12-09,9.196883201599121,9.196883201599121,8.887670029595307,8.887670029595307,59799200
1996-12-10,9.126208305358887,9.426586894305839,9.117373640978094,9.382413572401875,86302400
1996-12-11,9.673957824707031,9.682792489387129,9.046696632420092,9.09970462050068,168052000
1996-12-12,9.673957824707031,10.000840417870648,9.665123160026935,9.974336423830355,151984800
1996-12-13,9.35590934753418,9.691626585689326,9.329405355048248,9.656287929041415,125048800
1996-12-16,8.993687629699707,9.46192480491983,8.967183638649512,9.426586150186235,118759200
1996-12-17,9.18804931640625,9.249891956035908,8.931844095083385,8.949513420691858,119589600
1996-12-18,9.594444274902344,9.603278938138903,9.276396398386245,9.347073704278712,85812000
1996-12-19,9.71812915802002,9.81531044960022,9.612113203568892,9.709294495149091,89845600
1996-12-20,9.514930725097656,9.753466592857764,9.488426739790977,9.753466592857764,107156000
1996-12-23,9.347075462341309,9.532603425204416,9.338240797443065,9.532603425204416,57603200
1996-12-24,9.576775550842285,9.585610214634576,9.249892990527558,9.355908956035037,34854400
1996-12-26,9.65628433227539,9.77113492360163,9.5502684018204,9.603276367047895,49676800
1996-12-27,9.567939758300781,9.700459699551484,9.532601107300593,9.691625036801437,33370400
1996-12-30,9.417752265930176,9.65628820512353,9.417752265930176,9.620949547465255,45784000
1996-12-31,9.25430965423584,9.470758901518684,9.241057659504238,9.426585585746674,51322400
1997-01-02,9.214555740356445,9.329406387168175,9.020193107290442,9.311737056889447,97639200
1997-01-03,9.779972076416016,9.788806739538343,9.373577572788973,9.400081562155954,95648000
1997-01-06,9.815315246582031,10.018512591920814,9.735803241884247,9.832984580959318,120549600
1997-01-07,10.1333589553833,10.142193618814325,9.682791120401133,9.793224413288918,96153600
1997-01-08,10.053848266601562,10.292384209658014,10.019613941440683,10.177533570408611,125510400
1997-01-09,10.106857299804688,10.177534623579545,10.018510645086115,10.13336129622026,77420000
1997-01-10,10.212868690490723,10.23053801348465,10.00083681456358,10.045010122048401,111907200
1997-01-13,10.38072681427002,10.44367377473953,10.177529608543884,10.30121486420327,116600000
1997-01-14,10.398399353027344,10.583927293905486,10.354226033770642,10.451407336135384,113872800
1997-01-15,10.03618049621582,10.45140979491489,10.00084183249675,10.424905797125588,227419200
1997-01-16,10.062686920166016,10.318892293901586,10.040600250016396,10.159868268824335,133381600
1997-01-17,10.1819486618042,10.274712619243632,10.036176728685094,10.036176728685094,97962400
1997-01-20,10.265876770019531,10.314467408776077,10.176425821399524,10.204034138874835,58668800
1997-01-21,10.464653015136719,10.486739661432914,10.23936922291554,10.257038539952495,64573600
1997-01-22,10.75178050994873,10.760615169365286,10.37189015503682,10.495575386868603,88490400
1997-01-23,10.7252779006958,11.016821698655406,10.71644324015157,10.831293827226565,99123200
1997-01-24,10.63693618774414,10.92848011980025,10.62810152313638,10.742952163037272,114352000
1997-01-27,10.610433578491211,10.76062289642156,10.54859091816695,10.66454590627494,69532000
1997-01-28,10.672266006469727,10.866628466852454,10.583919433568488,10.787116551241338,58843200
1997-01-29,10.94094467163086,10.94094467163086,10.711167158333282,10.781867931655613,74363200
1997-01-30,11.32094955444336,11.329787141917555,11.011633992846546,11.07349710516591,88168000
1997-01-31,11.471187591552734,11.594913805945444,11.329786203675349,11.35629896390236,100647200
1997-02-03,11.586076736450195,11.66561502068212,11.45351292939699,11.559563975039554,77328000
1997-02-04,11.64794635772705,11.656783949804234,11.480032108260577,11.61259598941832,89346400
1997-02-05,11.117685317993164,11.524214351878447,10.958608739516315,11.515376764185289,187991200
1997-02-06,10.826042175292969,11.126520080566404,10.658128051757812,11.09116973876953,180376800
1997-02-07,11.05582046508789,11.117683569209087,10.905581497936417,10.97628218836064,117951200
1997-02-10,10.71999454498291,11.214899486878247,10.674701905211238,11.15303636914133,126322400
1997-02-11,10.728833198547363,10.940935337563126,10.357654455269776,10.896747391934841,151842400
1997-02-12,11.082340240478516,11.100015424275133,10.640460645563106,10.728836564546187,112742400
1997-02-13,11.100007057189941,11.241408420975802,11.029306375297011,11.170707739082872,96499200
1997-02-14,10.923266410827637,11.100018294497987,10.852565657359497,11.038155135213364,69313600
1997-02-18,10.932098388671875,10.967448747244784,10.755346595807334,10.905585619742194,60033600
1997-02-19,10.879075050354004,11.011638921804296,10.834887093203907,10.896750233214043,55190400
1997-02-20,10.596271514892578,10.817211287930371,10.559816452341343,10.7641857424013,128985600
1997-02-21,10.348817825317383,10.579699862624313,10.278117105759279,10.569757573936455,127490400
1997-02-24,10.54324722290039,10.569759998817155,10.057179664426357,10.172068360065674,131964800
1997-02-25,10.525564193725586,10.702315901428786,10.428350754488827,10.658127974502987,99163200
1997-02-26,10.348817825317383,10.516732034267877,10.233929156035463,10.499056854378352,94690400
1997-02-27,9.87932014465332,10.339979487191666,9.871587254011189,10.331141897886374,101312000
1997-02-28,10.030661582946777,10.225088503497288,9.685995678334509,9.862747424289518,149775200
1997-03-03,10.31346607208252,10.322303660833233,9.933449755801844,9.97763769955541,82524000
1997-03-04,10.348817825317383,10.578595163881218,10.322305055483094,10.366493005206907,120270400
1997-03-05,10.569762229919434,10.578599823757159,10.437198322353554,10.46371110386673,99617600
1997-03-06,10.278116226196289,10.622782204546809,10.26044104781934,10.56975666941596,115592000
1997-03-07,10.145551681518555,10.463704870137603,10.074850972936543,10.357653807264587,86213600
1997-03-10,10.233930587768555,10.304631317217732,10.004153217058725,10.127879493594786,82115200
1997-03-11,10.1720609664917,10.33113750636733,10.145548209845762,10.225086479783577,80986400
1997-03-12,10.092528343200684,10.172066657639219,9.898101352350933,10.119041114680195,98388000
1997-03-13,9.986479759216309,10.145556427947188,9.898103832143597,10.012992537338123,90898400
1997-03-14,9.747858047485352,10.127874272364652,9.72134528761005,10.048335992738753,81598400
1997-03-17,9.641806602478027,9.668319361238279,9.288303152341344,9.624131429971193,161466400
1997-03-18,9.66832447052002,9.75670037975695,9.535760606664628,9.703674834214793,95223200
1997-03-19,9.429708480834961,9.615297869867327,9.332494991341818,9.579947510051639,134926400
1997-03-20,9.420870780944824,9.562272218557505,9.279469343332144,9.447383550497202,107778400
1997-03-21,9.226442337036133,9.487151196176521,9.217604748590695,9.447382048172054,82396800
1997-03-24,9.235283851623535,9.270634220433578,8.890617755725623,9.16458311400345,169920800
1997-03-25,9.420870780944824,9.544597038855919,9.191093444824219,9.279469343332144,115583200
1997-03-26,9.94228744506836,9.95112503390842,9.491570414225261,9.526920769585503,127732800
1997-03-27,9.836237907409668,10.172066335515298,9.703674054210076,10.074852843168932,140616000
1997-03-31,9.836237907409668,9.915776219329421,9.685998873783465,9.80972513676975,107790400
1997-04-01,9.849492073059082,9.880423631834953,9.712509455623088,9.730184632066441,90782400
1997-04-02,9.685998916625977,9.8539131314215,9.650648555616394,9.818562770411917,102557600
1997-04-03,9.94228744506836,9.968800211588542,9.624134246826172,9.632971835666233,102904800
1997-04-04,10.251603126525879,10.278115893232412,9.871586803732248,9.889261981536603,125324800
1997-04-07,10.260440826416016,10.543243674344795,10.247184442919355,10.322303949400437,98964000
1997-04-08,10.365389823913574,10.375332114056942,10.207417880524504,10.28695620167145,84747200
1997-04-09,10.05717658996582,10.481380874955592,10.039501411424581,10.42835533933187,81705600
1997-04-10,9.703670501708984,10.092524328735573,9.687100026125464,10.092524328735573,123181600
1997-04-11,9.226442337036133,9.562270697962735,9.17341680636351,9.562270697962735,192564000
1997-04-14,9.456223487854004,9.465061079898726,9.222027298668834,9.3413347912726,154790400
1997-04-15,9.261789321899414,9.438541026515814,9.067362446821372,9.341327588976794,199704800
1997-04-16,9.473893165588379,9.509243513221172,9.252953492883426,9.261791079791625,100414400
1997-04-17,9.756697654724121,9.822979568139367,9.509245177973872,9.56227070870607,130948000
1997-04-18,9.694836616516113,9.924613965676931,9.685999026163774,9.924613965676931,106872000
1997-04-21,9.783208847045898,9.908039763906354,9.632969867461634,9.685995389667847,89620000
1997-04-22,9.9599609375,9.98647369953416,9.721346079192546,9.80088436529503,81165600
1997-04-23,10.339980125427246,10.366492894979624,9.959963761843168,9.986476531395546,121205600
1997-04-24,10.331141471862793,10.54324360644338,10.331141471862793,10.481380483857375,118114400
1997-04-25,10.1720609664917,10.313462335270039,10.172060966491701,10.198573723137638,79637600
1997-04-28,10.348817825317383,10.393005775041196,10.127878076698309,10.198578796256413,80194400
1997-04-29,10.608734130859375,10.61757474263509,10.467284342447917,10.546849848429362,84341600
1997-04-30,10.829742431640625,10.856264249840562,10.564524249641263,10.57336485570791,122580000
1997-05-01,10.873945236206055,10.953510689153905,10.74133614795964,10.847423418556772,96868000
1997-05-02,11.148014068603516,11.148014068603516,10.891636266867195,10.944679949985055,77264000
1997-05-05,11.492795944213867,11.492795944213865,11.14359175975506,11.209896351740909,104702400
1997-05-06,11.174530029296875,11.38670465010631,11.130326983294909,11.36018282250513,103409600
1997-05-07,11.024236679077148,11.315976703463313,11.015396072277568,11.03307728587673,81708000
1997-05-08,11.227571487426758,11.341394308608349,10.962353263314315,10.97119387078473,99770400
1997-05-09,11.280621528625488,11.42207132835747,11.156852953860005,11.377868265941226,93159200
1997-05-12,11.254093170166016,11.351339851133671,11.183368311280448,11.324818029051585,68047200
1997-05-13,10.776703834533691,11.209893734363183,10.67945712232707,11.174531293560776,153694400
1997-05-14,10.803226470947266,10.812067081807289,10.334674095366083,10.573370588586686,192022400
1997-05-15,11.183370590209961,11.218733026858848,10.812065005396667,10.865108660369994,92104800
1997-05-16,10.97119140625,11.178945635135475,10.962350800765511,11.086119277548347,85354400
1997-05-19,10.944681167602539,11.08613100498674,10.820912559891363,10.98004362694859,53624000
1997-05-20,11.386702537536621,11.39554314509682,10.997715804887854,10.997715804887854,94090400
1997-05-21,11.492795944213867,11.678448801774245,11.457433495154747,11.563520842332105,105252800
1997-05-22,11.413224220275879,11.58119576186011,11.298296323402457,11.510470902245697,71460000
1997-05-23,11.541418075561523,11.598882049128088,11.422069822769428,11.510475935948758,43351200
1997-05-27,11.974607467651367,11.979027773102697,11.492794173456462,11.554678449775073,106044800
1997-05-28,11.819893836975098,12.00554661975481,11.704965923825752,12.001126315402912,110245600
1997-05-29,11.58230209350586,11.845310193711411,11.51931275858268,11.837574661352424,93404800
1997-05-30,10.714823722839355,10.865114154595354,9.901487268630428,10.078299541284542,459014400
1997-06-02,10.591052055358887,10.935835886877246,10.546849000036019,10.89163283155438,186443200
1997-06-03,10.255105972290039,10.502643013000487,10.242950135469435,10.502643013000487,178820800
1997-06-04,10.078291893005371,10.467278597647683,9.989885823768482,10.308147673021283,173323200
1997-06-05,10.123601913452148,10.289363324544585,10.087134403011811,10.210902923294165,112872000
1997-06-06,10.325830459594727,10.387714717486132,10.113655861109903,10.17554011900131,85673600
1997-06-09,10.555686950683594,10.591049386029267,10.45844025348299,10.45844025348299,95966400
1997-06-10,10.2683687210083,10.538007331417903,10.228585975210162,10.498224585619765,109618400
1997-06-11,10.431917190551758,10.458439013917568,10.05177105564182,10.272786250356901,104075200
1997-06-12,10.16007137298584,10.290470374727446,10.042933286675584,10.113658168976116,147144800
1997-06-13,10.237427711486816,10.396558712183504,10.0606154884905,10.175543433438106,120024800
1997-06-16,10.414237976074219,10.423078585561548,10.228585176840298,10.299310052738935,54288800
1997-06-17,10.586631774902344,10.61757391370164,10.361196192221751,10.41866016427759,84719200
1997-06-18,10.365617752075195,10.50264724048216,10.330255303454043,10.427502037162212,77522400
1997-06-19,10.35677433013916,10.431919513072309,10.237426098421809,10.361194635017581,67169600
1997-06-20,10.37887954711914,10.5159090471024,10.325835869706266,10.352357708412704,70870400
1997-06-23,10.2683687210083,10.414238788934806,10.26394841591962,10.325832687161167,55217600
1997-06-24,10.467278480529785,10.507061211241258,10.26836482697242,10.361191198632524,59868800
1997-06-25,10.3744478225708,10.529158378084212,10.316983901951533,10.520317774912018,71621600
1997-06-26,10.162280082702637,10.370034394963195,10.157859778186454,10.281628304639554,89320800
1997-06-27,10.060614585876465,10.263948624079593,10.04293336516315,10.255108013722934,83198400
1997-06-30,10.029674530029297,10.15344310069515,9.954529326410743,10.087138509267014,73996800
1997-07-01,9.835180282592773,10.051775264097063,9.804238142377875,10.042934652607093,120094400
1997-07-02,10.11366081237793,10.122501424976162,9.830761209234492,9.90148611002035,126900000
1997-07-03,10.25068473815918,10.277206561543808,10.113655317338594,10.228583218671988,69645600
1997-07-07,10.423076629638672,10.538004531407378,10.281626904384883,10.303728423955787,81052800
1997-07-08,10.582209587097168,10.635253244175349,10.343513130245352,10.454020749158229,88640800
1997-07-09,10.794382095336914,10.931411515875588,10.679454194239959,10.679454194239959,134427200
1997-07-10,10.617571830749512,10.856268283230975,10.591050002696017,10.785543408421653,104671200
1997-07-11,10.87836742401123,10.891628335133552,10.599888290442475,10.64409132751688,88641600
1997-07-14,11.139169692993164,11.17232198374612,10.856270145234607,10.926995032174245,91014800
1997-07-15,11.444169998168945,11.59004006767052,11.271778097848903,11.422068472486888,137650400
1997-07-16,12.500612258911133,12.571337080743726,11.98785730062482,12.217712971580752,188827600
1997-07-17,12.42105770111084,12.686276015013563,12.182361218598391,12.482941974354809,102946400
1997-07-18,12.226564407348633,12.394536008028043,11.98786792217263,12.270767460159004,89768400
1997-07-21,12.120478630065918,12.235406582065083,11.961347619605533,12.191203523603866,57112400
1997-07-22,12.553664207458496,12.5801860332489,12.0784814953804,12.102793169021606,63344000
1997-07-23,12.633224487304688,12.83655840137607,12.58902146250656,12.677427512102813,66578000
1997-07-24,12.69511604309082,12.8188845839009,12.500622621817842,12.589028722396469,48846000
1997-07-25,12.615545272827148,12.889604069924305,12.500617390173502,12.695110730048903,49560000
1997-07-28,12.527143478393555,12.69511505643835,12.438737384685766,12.62439018147212,31066400
1997-07-29,12.465255737304688,12.518299378740029,12.288443599186891,12.39453088205757,38321200
1997-07-30,12.646376609802246,12.787874529911923,12.345693529569186,12.381068009596605,42040800
1997-07-31,12.9912748336792,13.035492923650878,12.6198428779171,12.761340765826471,71150800
1997-08-01,13.247737884521484,13.34501766872024,12.805557047254412,13.123927250086705,87386800
1997-08-04,13.689918518066406,13.725292984521356,13.14161428801465,13.23005045415203,69578400
1997-08-05,14.105569839477539,14.167475161657064,13.707607054037734,13.822574080942566,86284400
1997-08-06,14.158639907836914,14.432792210861862,13.928705718203084,14.19401439854981,74238000
1997-08-07,14.158639907836914,14.40626134282719,14.14979628515869,14.36204322943607,62813600
1997-08-08,13.840262413024902,14.116625480377637,13.566110250210992,13.91985497642249,83373600
1997-08-11,13.601487159729004,13.849108512441884,13.265429609618664,13.760672315044427,73399600
1997-08-12,13.486519813537598,13.955231649680217,13.442301715788295,13.742984780483559,47946800
1997-08-13,13.63686466217041,13.8844860697844,13.336181524353425,13.760675365977406,63879200
1997-08-14,13.566112518310547,13.760672150255026,13.451145463070628,13.707610432451986,48156400
1997-08-15,13.03549575805664,13.548425713258325,13.017808518222099,13.495363993754703,66631600
1997-08-18,13.380395889282227,13.40692674696091,12.717124447315163,12.982433024101988,80085600
1997-08-19,13.853530883789062,13.902170794329018,13.493153364788485,13.583800470794767,68073600
1997-08-20,14.22054386138916,14.255918348606547,13.778362771171837,13.937547963650074,62654800
1997-08-21,13.9198579788208,14.27360278133213,13.822578158130186,14.27360278133213,62813200
1997-08-22,13.610328674316406,13.619172292688281,12.97358815154137,12.982431769913244,120192400
1997-08-25,13.32733154296875,13.672232624704506,13.230051750684307,13.521891127537637,65676400
1997-08-26,13.11508846282959,13.33617896287729,13.097401222825773,13.230055522854393,46042800
1997-08-27,13.309645652770996,13.31848927114493,13.000119009683297,13.026649864805101,44534400
1997-08-28,13.070871353149414,13.336179973308061,12.88515531903836,13.070871353149414,58621600
1997-08-29,13.03549575805664,13.212368156402048,12.947059558883936,12.982434038553016,38895600
1997-09-02,13.45114517211914,13.513050508216995,13.15930573051498,13.17699296940008,50916400
1997-09-03,13.274276733398438,13.583803505996002,13.26543311132422,13.442305552808545,46066400
1997-09-04,13.38923168182373,13.566103962957465,13.230046628803368,13.265421085030114,46934400
1997-09-05,13.380395889282227,13.61917360839037,13.353865031603544,13.54842465458055,39409200
1997-09-08,13.574956893920898,13.698767575689558,13.477677072531238,13.539582413415568,40360400
1997-09-09,13.831426620483398,13.840270243642275,13.583805172034847,13.610336041511477,56717600
1997-09-10,13.513050079345703,13.89111479851588,13.513050079345703,13.778358654201966,55259200
1997-09-11,13.477678298950195,13.58380175012303,13.194682429155964,13.424616573363776,51296000
1997-09-12,13.336175918579102,13.406924862444242,13.230052502781389,13.327332300595959,42529600
1997-09-15,13.02664566040039,13.504200898459876,13.01780204488077,13.327328588067473,33224000
1997-09-16,13.557270050048828,13.636862633512912,13.088558169649229,13.159307132728413,59700400
1997-09-17,13.535163879394531,13.831425225333582,13.44230584559274,13.74298900266521,70784000
1997-09-18,13.442296981811523,13.796041639227617,13.42460974894072,13.592638461213363,37023200
1997-09-19,13.504206657409668,13.53073751528277,13.415770464499323,13.477675799536563,45282400
1997-09-22,13.63686466217041,13.822580717880903,13.495366714962417,13.521897580063916,43994000
1997-09-23,14.025980949401855,14.04366818893452,13.672236158748593,13.70761063781392,57432000
1997-09-24,13.530738830566406,14.025981559005439,13.49536434996362,14.008294318704046,60664800
1997-09-25,13.176993370056152,13.61033073591706,13.159306130633258,13.406927482553776,54458400
1997-09-26,13.168140411376953,13.318481839848012,13.14160957105853,13.318481839848012,52354800
1997-09-29,13.495363235473633,13.583799429677262,13.212367414022024,13.256585511123838,27963200
1997-09-30,13.062024116516113,13.44229970013845,13.053180498292337,13.424612463690899,62021200
1997-10-01,13.19467544555664,13.212362678057387,12.823243563040972,13.123926515553656,74075600
1997-10-02,13.176993370056152,13.27427318688207,12.97359011669287,13.238898708036283,28330400
1997-10-03,13.20352840423584,13.406931721916632,13.053186821602209,13.406931721916632,43604000
1997-10-06,13.230058670043945,13.406931112156832,13.185840559515723,13.318494891100388,39713600
1997-10-07,13.477678298950195,13.530740024536613,13.247744154742383,13.31849312219094,42537600
1997-10-08,13.380395889282227,13.442301223865819,13.238897981662587,13.371552270056,48621600
1997-10-09,13.39808177947998,13.477674344506594,13.247740267763044,13.318489214453367,42205600
1997-10-10,13.159313201904297,13.333974785061294,13.159313201904297,13.318498442249915,39668000
1997-10-13,13.097393989562988,13.247735446566749,12.9824269930307,13.230048216331012,46409600
1997-10-14,12.9912748336792,13.15930357557158,12.743653529837799,13.106241867605565,87709200
1997-10-15,12.266097068786621,12.345689623666997,12.098068341816942,12.106911959025872,265154400
1997-10-16,12.080381393432617,12.389908003074009,11.974257984412711,12.381064385655684,90182000
1997-10-17,11.744322776794434,12.045005739453327,11.585137678916196,11.974256807062998,98338400
1997-10-20,11.894664764404297,12.045006252132827,11.762010510526181,11.92119561517992,74026800
1997-10-21,12.045005798339844,12.159972814036186,12.00963133197174,12.159972814036186,60264800
1997-10-22,11.876983642578125,12.18651039424621,11.868140021101896,12.151135908341285,50656400
1997-10-23,11.585149765014648,11.832771286709619,11.425964501067883,11.602837016564289,93489600
1997-10-24,11.319830894470215,11.815073496103286,11.07220959365368,11.779699024558068,122778800
1997-10-27,10.576974868774414,11.284464826551966,10.46200775063556,11.127490492170072,105164000
1997-10-28,12.027324676513672,12.274946066912483,9.798732162924374,11.275616884231567,207800400
1997-10-29,11.359216690063477,11.78386030464529,11.217668818536207,11.766166820704381,131943200
1997-10-30,10.722251892089844,11.18228250132142,10.704558407119398,11.005347651616967,106263200
1997-10-31,10.899182319641113,11.093810575348991,10.793021452891363,11.076117097557365,87862000
1997-11-03,11.111505508422852,11.182279428858667,10.985439462646559,11.102658768368375,66579600
1997-11-04,10.74878978729248,11.253053999535831,10.633782159938734,11.129199631616412,99530800
1997-11-05,10.563009262084961,10.89918543625517,10.527622296382834,10.89918543625517,101704800
1997-11-06,10.403767585754395,10.607242632074422,10.324146915455254,10.607242632074422,91430800
1997-11-07,10.961114883422852,11.040735572648684,10.193659906718306,10.23568193714305,159223600
1997-11-10,10.633790016174316,11.076127371256442,10.600614714543157,10.943426164731806,79038800
1997-11-11,10.79302978515625,10.952271208215933,10.616094870645492,10.633788362096569,41917600
1997-11-12,10.607239723205566,11.04072992040079,10.580699507050756,10.739940803979614,80271200
1997-11-13,11.031885147094727,11.040731887389109,10.58070139208123,10.766482938263257,71534400
1997-11-14,11.146888732910156,11.199969155447825,10.88148662022182,11.084961573282879,51246800
1997-11-17,11.385754585266113,11.483068727020523,11.253053482873733,11.323827404149668,56116800
1997-11-18,11.146888732910156,11.412290845598493,11.120348521641324,11.359210423060826,44351600
1997-11-19,11.191129684448242,11.297290598450914,11.06727528477846,11.129202484613351,43050000
1997-11-20,11.44767951965332,11.518453427039121,11.146890413263666,11.253051274342369,53910800
1997-11-21,11.359216690063477,11.571538497354384,11.279596012329387,11.571538497354384,57960800
1997-11-24,11.058428764343262,11.447685456848145,11.058428764343263,11.279597339630127,56716000
1997-11-25,10.81956672668457,11.058428788516528,10.757639525468878,11.049582045485716,70640800
1997-11-26,10.84610652923584,10.969960926796444,10.810719558504239,10.87264675728454,33229600
1997-11-28,10.987651824951172,11.02303878735037,10.79302353175558,10.881490937753576,13943200
1997-12-01,11.536147117614746,11.571534071963256,11.067269972496968,11.111503665432608,69122000
1997-12-02,11.049581527709961,11.465378430674226,10.919092074120112,11.456531688057966,68329600
1997-12-03,11.111505508422852,11.208819649022097,10.775329386352734,11.005344627769132,55119600
1997-12-04,10.85495376586914,11.199976746202388,10.757639591928992,11.182283260031452,82224000
1997-12-05,10.978804588317871,11.076118730518916,10.810716524516067,10.846103485316446,53776400
1997-12-08,11.102659225463867,11.208820110488224,10.97880485960212,11.058425523370387,40209600
1997-12-09,10.70455551147461,11.129199035896743,10.680226976221258,11.040731634975465,64254800
1997-12-10,10.571856498718262,10.686864142637372,10.315300985360246,10.624936949757851,81685200
1997-12-11,10.16490650177002,10.439155502252936,10.156059759818957,10.341841340791255,90031600
1997-12-12,9.979119300842285,10.297601831720229,9.917192142060461,10.226827935969576,78581200
1997-12-15,10.209138870239258,10.448000871536017,9.784495312378354,9.943736646576193,108536400
1997-12-16,10.07643985748291,10.43030956275009,9.979125688534436,10.315301908538256,61343200
1997-12-17,9.83757495880127,10.27991196234449,9.811034738588676,10.253371742131899,77272800
1997-12-18,9.784494400024414,9.908348759518393,9.6075596007473,9.890655279590682,93845600
1997-12-19,9.908352851867676,9.926046339103154,9.536789619922638,9.625257056100027,109067600
1997-12-22,10.111825942993164,10.394921682429544,10.049898749991456,10.297607521998287,75592000
1997-12-23,9.934891700744629,10.29539645302009,9.910563159180027,10.111826548487187,44389200
1997-12-24,9.94373607635498,10.098554031280436,9.892867319736617,10.05874370001389,22021600
1997-12-26,10.032205581665039,10.05874580807156,9.90835119176794,9.961431644580983,14815600
1997-12-29,10.023361206054688,10.17375585786663,9.943740508036601,10.138368880969702,40644000
1997-12-30,10.147212982177734,10.209140175617355,10.058745562978277,10.067592304898223,41157200
1997-12-31,9.94373607635498,10.164904583391346,9.92604259579207,10.15605784310989,42123600
1998-01-02,10.279912948608398,10.279912948608398,9.979123757341027,10.005663980099913,40927200
1998-01-05,10.54531478881836,10.635993879913485,10.191445165032508,10.341839755141496,78368400
1998-01-06,10.350688934326172,10.518777045225486,10.288761735573793,10.456849846473107,48313600
1998-01-07,10.297606468200684,10.421460841529559,10.129518390111498,10.297606468200684,55380800
1998-01-08,10.518776893615723,10.58955083402693,10.209140904316689,10.22683438941949,75730400
1998-01-09,10.17375373840332,10.616090857464334,10.083074628995814,10.554163660795792,88028800
1998-01-12,10.70455551147461,10.713402251566738,10.005663044196515,10.023356524380771,123747600
1998-01-13,10.890339851379395,10.934573563204657,10.79302568536382,10.810719170093924,97348000
1998-01-14,10.678017616271973,10.908032908751732,10.527623001958283,10.89918616673328,123962000
1998-01-15,10.660325050354004,10.810719677620408,10.563010879769859,10.598397850891367,53458400
1998-01-16,10.589553833007812,10.739948498973671,10.563013597837367,10.731101753916857,59281200
1998-01-20,10.79302978515625,10.801876530881788,10.598401379194417,10.633788362096569,49972000
1998-01-21,10.85495376586914,10.996501655236626,10.669172161074313,10.678018904159781,69415200
1998-01-22,10.828413963317871,10.969961858263202,10.748793272411122,10.757640015845206,49898000
1998-01-23,10.925727844238281,11.023042019369148,10.828413669107414,10.881494128269706,56184800
1998-01-26,10.996501922607422,11.040735639110267,10.89918774630116,10.89918774630116,44695200
1998-01-27,11.208819389343262,11.26189982844039,10.952263933707151,11.02303785250332,58713200
1998-01-28,11.452017784118652,11.531668603328134,11.25731578160659,11.292716145699691,67063600
1998-01-29,11.61132526397705,11.735226600635341,11.363522590660468,11.372372686136059,72366400
1998-01-30,11.469721794128418,11.717524425483045,11.452021606174517,11.682124049575242,45384000
1998-02-02,11.761772155761719,11.839210460022754,11.637870868944063,11.682121328521797,62426000
1998-02-03,12.221981048583984,12.337032282205703,11.841426968142919,11.89452753750679,99884400
1998-02-04,12.398981094360352,12.50518221722425,12.124628193628608,12.195428942204542,75391600
1998-02-05,12.248530387878418,12.752985757899424,12.19542982261305,12.567133779470632,97320800
1998-02-06,12.396773338317871,12.460936541389657,12.124632856323743,12.142333050274582,52042800
1998-02-09,12.151187896728516,12.44324121107086,12.098087294120816,12.381290508028545,45804400
1998-02-10,12.213129043579102,12.4343813813251,12.044977266892143,12.098077827951183,59575200
1998-02-11,12.044976234436035,12.186577718455856,11.929925028669931,12.133477161948424,64918000
1998-02-12,12.036130905151367,12.071531290166519,11.717527440015008,11.876829172583188,70388800
1998-02-13,11.867982864379883,12.02728464779438,11.867982864379885,11.947633756087132,39093600
1998-02-17,11.983030319213867,12.027280800451733,11.885679260490566,11.983030319213869,41481600
1998-02-18,12.3104829788208,12.319333074420241,11.929928868044888,11.947629059243768,65802800
1998-02-19,12.823785781860352,12.903436625225943,12.478632127276118,12.60253343917815,136295200
1998-02-20,13.0007963180542,13.08044721448884,12.81494422637337,12.921145421619558,98482000
1998-02-23,13.337092399597168,13.39904306104188,13.080439659326222,13.168940604247238,68921200
1998-02-24,13.080435752868652,13.540640529018294,13.06273556917059,13.328238324641536,75785200
1998-02-25,13.310539245605469,13.363639801106553,13.115837208768154,13.124687301351669,49980000
1998-02-26,13.071586608886719,13.319389198628647,13.062736516395935,13.275138736174732,55918800
1998-02-27,12.699881553649902,13.08043549567565,12.67333127862485,13.018484853950527,73563600
1998-03-02,12.407829284667969,12.938834817535357,12.390129100239056,12.717582512173946,71733600
1998-03-03,12.080379486083984,12.221981003869585,11.912227683713585,12.168880434699984,116639200
1998-03-04,12.239675521850586,12.310476247935044,12.0095731620761,12.027273343597214,54200000
1998-03-05,10.699764251708984,10.956416992237985,10.620113401199985,10.628963495700985,369330400
1998-03-06,11.062620162963867,11.08032035522461,10.779417086791993,10.956419009399415,128355600
1998-03-09,10.628959655761719,11.098014494858615,10.61125947315429,11.080314312251184,107076800
1998-03-10,10.690917015075684,10.832518564944237,10.611266143274625,10.832518564944237,68406000
1998-03-11,10.744012832641602,10.850213947956016,10.628961624384319,10.841363855013148,56479200
1998-03-12,10.81481647491455,10.859066951489488,10.664364854559766,10.779416093654602,39483600
1998-03-13,10.850217819213867,10.974119164620877,10.841367723113366,10.903318395816871,33584400
1998-03-16,11.000665664672852,11.027215943831353,10.903314641091676,10.91216473414451,36159600
1998-03-17,10.867913246154785,11.000664629454722,10.708611586194861,10.974114352794734,55440400
1998-03-18,10.903314590454102,10.965265241536228,10.744012916242923,10.752863009254655,32528000
1998-03-19,10.947566986083984,11.036067931808187,10.8679161349322,10.956417080656404,34558000
1998-03-20,10.726316452026367,10.974119142337207,10.664365779448657,10.974119142337207,64090800
1998-03-23,10.628959655761719,10.690910294887724,10.540458742724569,10.690910294887724,73635600
1998-03-24,10.540459632873535,10.744011750049095,10.478508988515756,10.64666073748687,62888800
1998-03-25,10.770572662353516,10.823673267098068,10.65552135207365,10.744022359981239,66587600
1998-03-26,11.071470260620117,11.08032035675171,10.867918049593529,10.894468337988302,55606400
1998-03-27,11.168815612792969,11.266166620511449,11.080314696685258,11.08916478829603,72785200
1998-03-30,10.956419944763184,11.151122076253321,10.921019557219523,11.13342188248149,44500400
1998-03-31,11.05377197265625,11.080322265625,10.8502197265625,10.85906982421875,57452000
1998-04-01,10.974116325378418,11.036066982053942,10.823664730595004,10.974116325378418,60100800
1998-04-02,10.81481647491455,10.974118190584324,10.770565998339615,10.894467332749437,44330800
1998-04-03,10.867913246154785,11.027214906114708,10.779412323954826,10.850213061714793,74411200
1998-04-06,10.460811614990234,10.797115203289414,10.460811614990234,10.788265108860488,71554000
1998-04-07,10.283809661865234,10.531612304319818,10.21300890687821,10.47851173807955,73555200
1998-04-08,10.274958610534668,10.398859920222424,10.097956739552158,10.336909265378546,80134000
1998-04-09,10.443114280700684,10.575865733421454,10.398863796460425,10.49621486178899,58564000
1998-04-13,10.797118186950684,10.832518574448882,10.407713924470494,10.460814505717792,63446000
1998-04-14,10.761717796325684,10.894469249405358,10.628966343246008,10.708617215093813,69982000
1998-04-15,10.60241413116455,11.257321181002762,10.584713940628383,11.071469180372999,142813200
1998-04-16,10.531612396240234,10.60241315184521,10.374523219741693,10.398860979480904,72342800
1998-04-17,10.646662712097168,10.664362899482201,10.469660838246842,10.487361025631875,45112800
1998-04-20,10.832512855529785,10.850213039934246,10.6024104582718,10.61126055047403,40400400
1998-04-21,11.17766284942627,11.186512938776568,10.991810973070013,11.00951115177061,93195600
1998-04-22,11.903374671936035,11.965325320786258,11.204217349197783,11.221917534583563,151875200
1998-04-23,11.788325309753418,12.04497803796877,11.62017352230198,11.788325309753418,98472000
1998-04-24,11.620170593261719,11.806022522019143,11.505119399269029,11.593620317724945,68476800
1998-04-27,11.32812213897705,11.522824238240718,11.151120230555534,11.363522520661354,83156000
1998-04-28,11.230764389038086,11.522817363693923,11.080312856639624,11.434316462283062,61831600
1998-04-29,11.350115776062012,11.40323644272065,11.155339998313679,11.261581331630952,41810400
1998-04-30,11.447501182556152,11.553742492835095,11.24387200452151,11.420940854986416,50554000
1998-05-01,11.633426666259766,11.686547335968713,11.35011642781204,11.465211212181428,45786400
1998-05-04,11.615720748901367,11.828203445527613,11.509479400588246,11.651134531672408,36578000
1998-05-05,11.598013877868652,11.721962117784805,11.55374664932717,11.58030698645206,34794800
1998-05-06,11.527185440063477,11.651133670601793,11.438650989678964,11.642280225563342,32992800
1998-05-07,11.474064826965332,11.651133728616031,11.429797601552657,11.536038942543078,39124400
1998-05-08,11.90787410736084,11.925580983356914,11.412081579470723,11.42093501746876,68384800
1998-05-11,11.686539649963379,12.022970336856265,11.686539649963379,11.881315310796102,47877600
1998-05-12,11.978713035583496,11.99641992846684,11.624575177916578,11.677695856566615,48472800
1998-05-13,12.014121055603027,12.08494859314527,11.86361253832576,11.987560729024686,52413200
1998-05-14,11.978713035583496,12.102661285766917,11.819350999633382,11.87247167828342,56047600
1998-05-15,11.37667465209961,11.792786487623875,11.31470054893642,11.783933044314848,98584000
1998-05-18,11.243877410888672,11.518334261075717,11.102222262405034,11.332411878690944,44609200
1998-05-19,11.27043342590332,11.429795406788049,11.19960587884344,11.28814031266829,36790800
1998-05-20,10.907437324523926,11.243868021221903,10.836609809429614,11.226161142448326,69038000
1998-05-21,10.500184059143066,10.845468357883858,10.455916841355785,10.810054583654033,95151600
1998-05-22,10.526745796203613,10.588719909385636,10.47362512776188,10.588719909385636,41110800
1998-05-26,10.579867362976074,10.748082827324648,10.47362601707171,10.686108708880436,51538000
1998-05-27,10.526745796203613,10.544452685684192,10.323116567176967,10.411651014579856,65520000
1998-05-28,10.41165542602539,10.60643129283879,10.358534735076281,10.429362323008426,45670800
1998-05-29,10.11948299407959,10.482474072607378,10.092922671260483,10.429353426969165,77225200
1998-06-01,9.632546424865723,9.827322179780287,9.579425764434477,9.791908406159457,108380000
1998-06-02,9.809612274169922,9.836172596211899,9.659103782598724,9.774198511447286,72040400
1998-06-03,9.340384483337402,10.013246303938011,9.30054398080184,9.933565298866887,104560000
1998-06-04,9.659109115600586,9.77420390799546,9.464333313086183,9.579428105481057,82716000
1998-06-05,9.88929557800293,9.907002463549935,9.597131966477328,9.800761150267899,59046000
1998-06-08,9.818465232849121,9.91585307555547,9.59712922669833,9.906999635309438,70268800
1998-06-09,9.942415237426758,9.968975563083285,9.72107919028903,9.800760167258613,51892800
1998-06-10,9.712224960327148,9.951267871839303,9.676811195658681,9.889293783669485,48955600
1998-06-11,9.712224960327148,9.827319695499666,9.650250872157331,9.747638724995616,43135600
1998-06-12,9.694522857666016,9.70337630319813,9.340385036381413,9.694522857666016,72079600
1998-06-15,9.473183631896973,9.738786911295954,9.46433018925034,9.52630428777677,53234000
1998-06-16,9.88929557800293,9.898149020776433,9.508597538742297,9.597131966477328,68256000
1998-06-17,9.809612274169922,10.04865517254771,9.721077867363334,9.89814668097651,69139200
1998-06-18,9.87159252166748,9.924713198914121,9.667963258888689,9.791911505797518,41916400
1998-06-19,9.915854454040527,10.006602229177952,9.73878562450409,10.004388868808746,68891600
1998-06-22,10.464767456054688,10.535594985368087,9.871586898054971,9.898147221547497,80072000
1998-06-23,10.659547805786133,10.73037536595747,10.526746130464877,10.588720245614796,75155200
1998-06-24,10.960563659667969,10.978270547648044,10.37844971732292,10.632986232036535,76740400
1998-06-25,10.712661743164062,10.995971805793195,10.641834227506779,10.942851169050233,55333600
1998-06-26,10.818904876708984,10.925146168460628,10.624129175164306,10.703810143978039,42892800
1998-06-29,10.739227294921875,10.942856501668127,10.58871875080508,10.88973583903867,44950000
1998-06-30,10.500184059143066,10.67725293029219,10.411649623568504,10.597571938275085,50669200
1998-07-01,10.6506929397583,10.677253271278895,10.261141410789586,10.579865389036716,69999600
1998-07-02,10.376236915588379,10.641840249605147,10.367383471121153,10.562159249400116,40194000
1998-07-06,10.409439086914062,10.473626570120635,10.2345835292134,10.278850759011037,35581600
1998-07-07,10.641838073730469,10.668398401701511,10.278846924792907,10.358527908706032,54239600
1998-07-08,11.093369483947754,11.093369483947754,10.70381780214911,10.712671249462716,87268000
1998-07-09,11.296993255615234,11.385527685518174,10.951708978993764,10.987122750954942,96395200
1998-07-10,11.296993255615234,11.403234571498762,11.084510623848177,11.261579483654057,57320000
1998-07-13,11.668839454650879,11.686546343049438,11.261581021484004,11.296994798281125,77118400
1998-07-14,11.429798126220703,11.810496282245095,11.385530898776008,11.713108381866762,88694000
1998-07-15,11.934444427490234,12.040685772542076,11.456358374756947,11.489558795085648,168073200
1998-07-16,11.934444427490234,12.022978881700103,11.757375519070498,11.899030645806288,67307200
1998-07-17,11.775079727172852,11.890174491423414,11.677691849730069,11.881321048019524,50119200
1998-07-20,11.580301284790039,11.766223553123824,11.553740960742356,11.668835698282317,37541600
1998-07-21,11.56259822845459,12.014123886686738,11.50062411850116,11.527184451338345,79948000
1998-07-22,11.668839454650879,11.757373896643678,11.420943017071043,11.420943017071043,65818400
1998-07-23,11.695399284362793,12.03183014946937,11.5360372956281,11.571451070902476,85404000
1998-07-24,11.766227722167969,11.899029389461061,11.562598498985228,11.721960499736939,58984800
1998-07-27,12.191197395324707,12.200050842961108,11.580309508413011,11.651137089504223,84463600
1998-07-28,12.129219055175781,12.501063726940295,12.111512166044138,12.297434501926395,118007600
1998-07-29,11.98756217956543,12.297432693808258,11.961001849773186,12.235458590959691,57039600
1998-07-30,12.41252613067627,12.430233015313467,12.040681553295096,12.13806941879969,58014400
1998-07-31,11.960996627807617,12.44793579474279,11.934436309611153,12.368254840153398,48032800
1998-08-03,12.014121055603027,12.200043341651416,11.775078116397955,11.8459056539402,55863600
1998-08-04,11.606864929199219,12.182338781524123,11.56259770978961,12.093804342704907,77434000
1998-08-05,11.921095848083496,11.9853068026887,11.495975045180073,11.628825296087394,91450400
1998-08-06,12.328510284423828,12.408220480228293,11.76168222536986,11.76168222536986,94552800
1998-08-07,12.284217834472656,12.603058383889394,12.239934424831443,12.452494791109267,81810000
1998-08-10,12.275367736816406,12.4347880970348,12.14251743663441,12.222227616743607,49170800
1998-08-11,11.983098983764648,12.09823592891538,11.876818726702433,11.938815543322058,72920000
1998-08-12,12.133662223815918,12.18680235034358,11.956528468723715,12.115948848306697,55206000
1998-08-13,12.08051872253418,12.328505910386788,11.974238499168777,12.169085575338682,65314000
1998-08-14,12.213363647460938,12.293073780040451,12.124796833483702,12.177936921870044,62301600
1998-08-17,12.691633224487305,12.718203287064737,12.151375285412826,12.151375285412826,95816400
1998-08-18,12.957332611083984,13.125609657981178,12.665061950683592,12.673918637362393,119604800
1998-08-19,12.691633224487305,13.072470788097181,12.647349786858248,13.028187350468125,67748800
1998-08-20,12.186800956726074,12.505641679431116,12.098234089308008,12.328507944594982,134286800
1998-08-21,12.036234855651855,12.142515075127811,11.673110772442346,11.98309474591388,116136000
1998-08-24,11.991952896118164,12.2554393057633,11.828104204406062,12.071663070464592,84328800
1998-08-25,11.963164329528809,12.169082205273057,11.859098306303219,12.115942108306799,52442400
1998-08-26,11.761674880981445,11.974235270396774,11.646538003381476,11.717391466519919,52515200
1998-08-27,11.301130294799805,11.628827646608263,10.87600940596721,11.531404109584127,133454800
1998-08-28,10.9114351272583,11.416266135581127,10.734301440127483,11.106282183102199,94445200
1998-08-31,10.08776569366455,10.973434323485845,10.052338948471698,10.893724146801928,104269200
1998-09-01,10.769732475280762,10.876012729971032,9.884063686195173,10.052340756121435,109021200
1998-09-02,10.610309600830078,11.044287205538486,10.495172685295195,10.81401337446872,84881200
1998-09-03,10.876008987426758,11.159422902408561,10.566025017915408,10.63687849666086,107758800
1998-09-04,11.088568687438965,11.177135529990395,10.787441422764106,11.008858529142678,64649200
1998-09-08,11.60668659210205,11.619971620631738,11.247990821800538,11.504834706707793,83092800
1998-09-09,11.513689994812012,11.99195096382728,11.495976625589226,11.735107110096859,94456000
1998-09-10,11.20370864868164,11.425125815651633,10.973434795032848,11.301132202148436,76448800
1998-09-11,12.036234855651855,12.053948225564517,11.619970662704368,11.797104361830959,150086000
1998-09-14,12.160233497619629,12.266513761255052,11.983099724893924,12.00966979080278,67960000
1998-09-15,12.177938461303711,12.204508508855646,11.983091445922852,12.045088223544035,47313200
1998-09-16,12.053953170776367,12.301940451291971,11.85910602179982,12.195660188213855,45172000
1998-09-17,11.761674880981445,11.938808538827551,11.673108052058392,11.743961515196835,56430800
1998-09-18,11.761674880981445,11.832528344119888,11.619967954704562,11.788244929658362,50604800
1998-09-21,11.991952896118164,11.991952896118164,11.425124989654677,11.513691850039596,39437600
1998-09-22,11.84139347076416,12.08052407937346,11.814823403140904,12.053954011750204,40890800
1998-09-23,12.33736515045166,12.337365150451658,11.885674107613873,11.921100856071739,67808400
1998-09-24,12.089374542236328,12.487925351321042,11.956524272541422,12.293078289101848,62723200
1998-09-25,12.514495849609375,12.576492644334971,11.903384587314227,11.99195143692222,69451200
1998-09-28,12.328510284423828,12.611924313950814,12.213373334928491,12.53221411814635,60137200
1998-09-29,12.541065216064453,12.558778585013696,12.293078050775042,12.38164489552126,52740000
1998-09-30,12.151371002197266,12.470211640738885,12.133657633389399,12.372788112295613,45350000
1998-10-01,11.8236722946167,12.10708616235283,11.62882526054811,11.938809178384503,61390000
1998-10-02,11.885672569274902,12.045092916701838,11.513691758612053,11.73510890781613,59275600
1998-10-05,11.416272163391113,11.859106615035452,11.026577845944091,11.69968621244349,78511200
1998-10-06,11.28342056274414,11.797108469054313,11.132856866067021,11.699684900616177,82609600
1998-10-07,11.20370864868164,11.49597930908203,11.123998468572442,11.17713858864524,82892800
1998-10-08,11.115139961242676,11.389697203313212,10.74315918166324,10.884866145312548,120596800
1998-10-09,11.876818656921387,11.938815473176755,11.247993806331216,11.292277246513622,87274400
1998-10-12,12.107086181640625,12.16908296530667,11.938809197404215,12.027376031212851,62548400
1998-10-13,11.84139347076416,12.107094146996715,11.611119551362613,11.974243808880438,100670000
1998-10-14,11.69968032836914,11.938810811992129,11.637683536318738,11.726250382105029,110875600
1998-10-15,11.983098983764648,12.080522552738344,11.549121267427273,11.664258212578005,73935600
1998-10-16,11.867960929870605,12.115948173181335,11.841390868087313,12.071664736875848,76712800
1998-10-19,12.045090675354004,12.06280404399423,11.7085366711897,11.779390145750607,59394800
1998-10-20,11.983098983764648,12.363936571570914,11.97424229567613,12.151376057446486,83388000
1998-10-21,12.33736515045166,12.346221837566125,11.99195435298747,12.071664537017668,57402000
1998-10-22,12.381647109985352,12.452500598454511,12.124803214284656,12.213370074871102,48283600
1998-10-23,12.363937377929688,12.603067971915433,12.239943736603745,12.26651380260216,56905200
1998-10-26,12.60306453704834,12.620777909552976,12.257653773207942,12.337363949478803,49700400
1998-10-27,12.372791290283203,12.71820207075639,12.363934603604402,12.673918637362393,52743200
1998-10-28,12.642921447753906,12.682776541634741,12.29308229035546,12.301938977884536,48941600
1998-10-29,12.718201637268066,12.842195246545055,12.549924596106443,12.55878128248337,73024000
1998-10-30,12.6384916305542,12.868765479464086,12.629634944057665,12.753628555009143,47807600
1998-11-02,13.010467529296875,13.037037578710006,12.691626936339294,12.718196985752424,52581200
1998-11-03,12.815627098083496,13.01047422742547,12.709346845715148,12.921907350451846,51115600
1998-11-04,13.441539764404297,13.46812158331874,12.9099033861154,12.989648842858733,109783600
1998-11-05,13.3263521194458,13.39723697114498,13.220024841897033,13.3263521194458,58649600
1998-11-06,13.530143737792969,13.592167972347356,13.264325589702732,13.299768009448098,65113200
1998-11-09,13.609889030456543,13.61874963529408,13.246604232117534,13.45039814338088,47542000
1998-11-10,13.831401824951172,14.106080528713816,13.565583724535712,13.663050361354713,85904400
1998-11-11,14.699743270874023,14.797209923061857,14.407343314310527,14.425064523799223,126148400
1998-11-12,14.557974815368652,14.894677823879919,14.371902100138744,14.549114209881514,72308800
1998-11-13,14.708603858947754,14.86809474416526,14.37190087904413,14.37190087904413,59891600
1998-11-16,15.151639938354492,15.169361154656661,14.894682301973042,14.91240351827521,49532000
1998-11-17,15.382006645202637,15.594661114951982,14.974418911516391,15.06302494057862,58458400
1998-11-18,15.576933860778809,15.71870345223072,15.346558274669452,15.36427947360094,51899200
1998-11-19,16.00225257873535,16.33009496268508,15.700992009700467,15.709852614672082,94157600
1998-11-20,15.887066841125488,16.179466844336385,15.745297142598991,16.144024419704763,67536400
1998-11-23,16.099720001220703,16.427562400805275,15.67441094230018,15.860483655577909,57492000
1998-11-24,15.656689643859863,16.197186569878795,15.647829038515292,15.949089620230762,46309600
1998-11-25,15.559220314025879,15.895923259318012,15.27568099167461,15.736432390495423,58885200
1998-11-27,15.594664573669434,15.630106993155048,15.452894895726985,15.497197920084,17278400
1998-11-30,15.25796127319336,15.911430868952948,15.24024006381683,15.692130902918375,63109600
1998-12-01,16.303512573242188,16.303512573242188,14.983282478995944,15.001003688314686,76924400
1998-12-02,16.099720001220703,16.30351392528679,15.789598812424488,16.15288363358577,64597200
1998-12-03,15.523784637451172,16.604778773164096,15.435178560753391,16.099724135986747,78229200
1998-12-04,16.48958396911621,16.48958396911621,16.037693167168374,16.055414375087896,70552400
1998-12-07,16.86172866821289,16.941474100695242,16.498443920237733,16.53388633467433,51056000
1998-12-08,17.021217346191406,17.579435301844743,16.897168911601778,17.04779915360347,99456000
1998-12-09,16.89717674255371,17.225019185906877,16.773128250474134,17.189576759598424,50258800
1998-12-10,16.250349044799805,17.03008225959936,16.197185416518018,16.808567141758576,61700800
1998-12-11,16.50731086730957,16.62249875849316,16.09086233764583,16.232632049871782,54904800
1998-12-14,15.816177368164062,16.374395392922793,15.763013746758467,16.23262573584121,61902800
1998-12-15,16.43641471862793,16.47850257302873,15.878196860259434,16.002245273230212,70154000
1998-12-16,16.179466247558594,16.587054115788437,16.07313897758559,16.51616926913977,44630800
1998-12-17,16.569332122802734,16.649077571522106,16.268071538751776,16.285792749578302,39876800
1998-12-18,17.012357711791992,17.092103138566017,16.852866858243942,16.985775902867317,63221600
1998-12-21,17.393362045288086,17.579434690703803,17.003495550131348,17.083240969595227,38856400
1998-12-22,16.87944793701172,17.402223489916544,16.764260103320826,17.3490598743669,46193200
1998-12-23,17.721208572387695,17.721208572387695,17.20729352378845,17.721208572387695,79884400
1998-12-24,17.721208572387695,17.889560053825377,17.517414673805238,17.694626759529115,17430800
1998-12-28,17.313623428344727,17.818677950051814,17.29590221705676,17.818677950051814,27864400
1998-12-29,17.162986755371094,17.579435065904104,17.065520129501664,17.31361699535112,40452000
1998-12-30,16.89717674255371,17.428813137180466,16.879455529399486,17.083249480673075,41480400
1998-12-31,16.808563232421875,17.10096311996532,16.764260219157716,16.97691468282568,29049600
1999-01-04,17.127552032470703,17.455394466615253,16.968061118562545,17.003503543875468,65404800
1999-01-05,17.473114013671875,17.738932178180068,17.012362528524342,17.083247372393192,65518800
1999-01-06,18.359174728393555,18.39461715064914,17.614883861026247,17.845259605687556,107730400
1999-01-07,18.32373046875,18.571827399661508,18.075633537838492,18.093354747189313,54466400
1999-01-08,18.38574981689453,18.642707284214985,18.164234758859656,18.589543670286613,43911200
1999-01-11,19.81231117248535,20.04268688379332,18.554105364572596,18.970553765783155,105812800
1999-01-12,19.21865463256836,20.202181909753737,19.06802432885528,20.16673948535066,103578000
1999-01-13,19.705984115600586,20.14901433402686,18.57182675642933,18.616129778271958,118809200
1999-01-14,18.96169090270996,19.847751225266503,18.9262484898077,19.847751225266503,82390800
1999-01-15,19.192068099975586,19.387001386309592,18.997134813641576,19.032577229338667,63951200
1999-01-19,19.759151458740234,19.794593882881475,19.13890903626857,19.48447267164564,43302400
1999-01-20,19.599653244018555,20.37052568173538,19.511047216694784,19.971798558778403,61501200
1999-01-21,18.926246643066406,19.511046398891494,18.749034595846684,19.42244037528163,63926400
1999-01-22,18.270565032958984,18.819922468479575,18.21740141016667,18.53638314692056,87440800
1999-01-25,18.518661499023438,18.60726753490393,17.94272226580022,18.412334255966844,59519200
1999-01-26,19.413589477539062,19.42245008432936,18.66043790036388,18.837650036169805,68130000
1999-01-27,18.819929122924805,19.493335249733793,18.802207909061412,19.36928675269003,57336000
1999-01-28,19.449031829833984,19.652825785226323,19.13891059336738,19.440171223077794,83802000
1999-01-29,19.980663299560547,20.007245113262847,19.333839166137967,19.546493675756352,57248400
1999-02-01,19.546483993530273,19.945211001557862,19.4224355910328,19.945211001557862,52246000
1999-02-02,19.08574676513672,19.573080131934546,18.819928565065176,19.564219525265493,59669200
1999-02-03,19.67044448852539,19.71476725663834,18.83717644800201,18.93468653785049,57020000
1999-02-04,18.45599937438965,19.43110020588958,18.438270268362377,19.39564199383504,86413200
1999-02-05,18.092559814453125,18.7928597778739,17.401124407531352,18.686485099885935,135059600
1999-02-08,18.72194480895996,18.952423296191476,18.065967576070264,18.42054986411875,69630800
1999-02-09,17.773433685302734,18.801722117968627,17.693652686216588,18.659889230704366,80440000
1999-02-10,18.26984977722168,18.38508900434632,17.596143526339173,17.79116375685779,67522400
1999-02-11,18.89923667907715,18.943559466786056,18.1280201729422,18.38509234165385,54106800
1999-02-12,17.94185447692871,18.615560475074254,17.835479845642574,18.615560475074254,73194800
1999-02-16,17.924131393432617,18.50919206206098,17.746840281727053,18.32303639477014,59492800
1999-02-17,17.675922393798828,18.216660240349345,17.534089516015086,17.578412290322504,81443200
1999-02-18,18.17233657836914,18.420544102366378,17.693650639231613,17.870941727801068,71698800
1999-02-19,18.16347312927246,18.52691988295727,18.06596302462532,18.20779590411207,50430400
1999-02-22,18.837177276611328,18.84604183062385,17.782295349121092,18.119148401596966,60588800
1999-02-23,19.041065216064453,19.50202210211443,18.651024774022165,18.757399440033698,73702800
1999-02-24,18.49146270751953,19.413376476254925,18.473733596582314,18.996742369230276,65650400
1999-02-25,18.11915397644043,18.43827801907832,17.737978036622945,18.296445111239258,79470000
1999-02-26,17.01108169555664,17.58727779259217,16.8603842547935,17.569548681914156,167201200
1999-03-01,16.603315353393555,16.878116621922757,16.266462185519046,16.851522950774772,128595600
1999-03-02,15.575020790100098,16.426017941978078,15.539562575438515,16.39942428098189,134460000
1999-03-03,16.26645851135254,16.310781286587833,15.601616882823144,16.00938641498784,136544000
1999-03-04,16.08030891418457,16.718557118055184,15.654810111604164,16.42602669128115,105008400
1999-03-05,16.257593154907227,16.612175339310873,15.92074007972376,16.488071574769595,87876400
1999-03-08,16.966764450073242,17.026600218118173,16.594453004460348,16.70082770320689,73882400
1999-03-09,16.3551082611084,17.04654373230973,16.27532724520055,16.904710815140223,90112800
1999-03-10,16.576723098754883,16.78947248611858,16.34624459577754,16.585587656561703,80239200
1999-03-11,16.754011154174805,16.931302277499405,16.470345356855443,16.727417485676114,60116000
1999-03-12,16.771732330322266,17.00221068158462,16.594441290889684,16.860377850038557,68498000
1999-03-15,16.718549728393555,16.86038259989636,16.558987747952894,16.86038259989636,44557200
1999-03-16,17.073135375976562,17.374530289155796,16.718553125177465,16.798334131607263,84968800
1999-03-17,17.090862274169922,17.356798927813646,16.966758502469517,17.12632049465575,58679200
1999-03-18,17.277023315429688,17.445449915220948,17.108596715638427,17.277023315429688,54057600
1999-03-19,16.87811279296875,17.64046452626461,16.864815960411264,17.57841264099634,71022800
1999-03-22,16.32851219177246,16.913572889197532,16.310783079729276,16.895843777154347,49174000
1999-03-23,16.248733520507812,16.5944512549867,16.133494275681514,16.3905664372171,66840000
1999-03-24,16.913570404052734,16.94016406821005,16.204406026524317,16.27532246427716,64180000
1999-03-25,16.7274227142334,17.064275953841705,16.558996094429247,17.046546835967582,60403200
1999-03-26,16.55013084411621,17.179514502355232,16.541266285549465,16.736286574017893,53682400
1999-03-29,17.24156379699707,17.250428354219174,16.470347318673806,16.674232134782255,44410400
1999-03-30,17.24156379699707,17.445448613105516,17.10859543866547,17.11745999588758,50729200
1999-03-31,16.860383987426758,17.516361072111078,16.842654877029883,17.285882636951722,38569200
1999-04-01,17.14405632019043,17.214972788939924,16.86039044519245,17.011087941285126,32888800
1999-04-05,18.083688735961914,18.083688735961914,17.268149832183237,17.285878938787125,56909600
1999-04-06,18.50032615661621,18.60670081587802,17.870942755983844,17.97731741524565,70669200
1999-04-07,18.739665985107422,18.934686160922162,18.225521885232194,18.642155897200052,65404400
1999-04-08,18.588973999023438,18.916962572206014,18.21666264568105,18.72194233950286,54526400
1999-04-09,18.55352210998535,18.81945888174816,18.447147401280226,18.77513608645436,44679200
1999-04-12,17.37452507019043,17.720242660872792,17.019942925900832,17.48089971347731,83342600
1999-04-13,17.161779403686523,17.870943841855386,16.966759183190085,17.853214730901165,71036800
1999-04-14,16.168947219848633,17.445443052994577,15.95619791432431,17.40998483540719,104478400
1999-04-15,16.576723098754883,16.629910445595808,16.027120514731994,16.594452214368523,63876800
1999-04-16,16.239866256713867,16.558990266125274,16.013820083380786,16.417157373053538,34904400
1999-04-19,15.743443489074707,16.736273258655995,15.60161066484881,16.204400167808878,64349400
1999-04-20,16.04484748840332,16.1689512811313,15.743452563206793,15.956201922169047,39453400
1999-04-21,16.576723098754883,16.87811806418679,15.920745821050144,16.3285154801639,43047400
1999-04-22,17.4454402923584,17.480898504334736,16.878108900736986,17.01994174864234,56996800
1999-04-23,17.516353607177734,18.01276848673338,17.303604373082457,17.569540915701552,44717000
1999-04-26,18.278718948364258,18.33190629738957,17.72911634176941,17.782303690794716,37821600
1999-04-27,17.658191680908203,18.38508511355603,17.60500435656812,18.17233581619569,36775400
1999-04-28,17.356801986694336,17.977320954553683,17.268156419857284,17.711384254042535,29094000
1999-04-29,17.25042152404785,17.48089992056648,16.98448491268021,17.44544170571746,29336200
1999-04-30,17.356801986694336,17.658196913940305,16.824928585672037,17.463176666898796,28045000
1999-05-03,17.906404495239258,17.906404495239258,17.28588552758245,17.356801981028944,29665000
1999-05-04,17.498632431030273,18.136880422435635,17.463174209285533,17.817756426732952,29221200
1999-05-05,18.163440704345703,18.447244465351105,17.205603010952473,17.507144507020712,35256800
1999-05-06,16.939533233642578,18.14569895080247,16.6025163420832,18.02153483285954,58030600
1999-05-07,17.29429054260254,17.507143349280724,16.921798130915715,17.223339607043144,38797800
1999-05-10,17.20560646057129,17.542623494335057,17.063704551618123,17.347508369524455,21220200
1999-05-11,17.68452262878418,17.773211307965646,17.22334149704056,17.365243383730906,28584200
1999-05-12,17.73773765563965,17.87963955688477,17.205605525970462,17.649048967361452,23681000
1999-05-13,17.045963287353516,17.879636830023248,17.028225552403093,17.86189909507283,27664200
1999-05-14,16.46061897277832,16.921800107791505,16.30097934911991,16.850849163943323,45267200
1999-05-17,16.86858558654785,16.886323321128867,16.23002714163121,16.33645354911732,30004600
1999-05-18,16.726682662963867,16.99274866502586,16.478354394372676,16.97501093155506,32767400
1999-05-19,16.939533233642578,16.97500869591199,16.389663568466748,16.762155922295538,34605800
1999-05-20,16.371929168701172,17.063700823716715,16.354191433957183,17.01048761948475,42619000
1999-05-21,16.17681121826172,16.425139460647316,16.017171633870976,16.380795131649887,39350400
1999-05-24,15.875274658203125,16.24776713621683,15.751110498865222,16.24776713621683,35671000
1999-05-25,15.006126403808594,15.981701997436813,14.97065092767666,15.981701997436813,66201200
1999-05-26,14.669110298156738,15.254455690948966,14.473995167225997,15.254455690948966,73240000
1999-05-27,15.077071189880371,15.431825806112851,14.686841112024643,14.828742958517635,55010800
1999-05-28,15.343145370483398,15.378620851108794,14.89970186266596,15.218981188294515,34955400
1999-06-01,14.385302543640137,15.289926994596545,14.225662934647831,15.272189260264067,57058600
1999-06-02,14.740059852600098,14.859789580644682,14.296616415397928,14.615895690183489,57670600
1999-06-03,14.3320894241333,14.93517239495079,14.278876220825875,14.899696926079173,49020400
1999-06-04,15.094819068908691,15.130294554382038,14.580424529545176,14.633637757755194,50203800
1999-06-07,15.165772438049316,15.467314112256144,15.077083710341425,15.30767440238194,37754200
1999-06-08,14.669110298156738,15.289931169300012,14.615897080630173,15.11255377754479,32770200
1999-06-09,15.077071189880371,15.236710767184986,14.75779203527114,14.93516934338738,44114800
1999-06-10,15.71563720703125,15.733374946542572,15.148029542668947,15.183505021691591,61884400
1999-06-11,15.449573516845703,16.088132238552298,15.396360290036819,15.92849255812565,45783200
1999-06-14,15.431832313537598,15.751111602783201,15.325405883789061,15.555996481577553,24989400
1999-06-15,15.804320335388184,15.928484468213904,15.520516603215107,15.538254336475925,27586800
1999-06-16,16.939533233642578,16.957270964777283,16.247761719389114,16.31871264392793,61416000
1999-06-17,16.46061897277832,16.575914256531618,16.1413397254615,16.24776614123377,46763200
1999-06-18,15.591476440429688,15.928493564853083,15.431836749913344,15.857542591290263,80073000
1999-06-21,16.12360382080078,16.194554772707495,15.733373585313853,15.822062275197245,31147400
1999-06-22,15.804320335388184,16.212288200386983,15.626943002780012,15.822058068649001,32863600
1999-06-23,16.052648544311523,16.17681267669846,15.751107079943239,15.857533479132044,22939200
1999-06-24,15.626948356628418,16.017178622060683,15.609210617290588,15.999440882722853,26697400
1999-06-25,15.697896003723145,15.981699773281981,15.573731854541153,15.751109210515427,23760600
1999-06-28,16.17681121826172,16.17681121826172,15.697892465089495,15.76884339148538,23692000
1999-06-29,16.81538200378418,16.81538200378418,16.088134469865246,16.176823193513894,43264600
1999-06-30,16.886327743530273,16.99275417888866,16.0526539998896,16.797639047398288,38437200
1999-07-01,17.844165802001953,17.932854498830988,16.81537691878514,16.957278833711598,61648600
1999-07-02,18.02153778076172,18.16343965305118,17.808684972327526,17.826422706363708,37455600
1999-07-06,18.127971649169922,18.66010388936082,18.07475842515083,18.411775510605064,57441400
1999-07-07,18.269866943359375,18.394031087634634,17.98606318501593,18.21665373866998,34634200
1999-07-08,18.66008949279785,18.695564948107354,18.057006752536324,18.110219935500577,37003000
1999-07-09,18.80200958251953,18.83305063607558,18.26987723584445,18.624632133627838,35534000
1999-07-12,18.571407318115234,18.92616199467904,18.4472431813179,18.837473325538088,41699000
1999-07-13,18.553668975830078,18.76652177478798,18.3053407103792,18.411767109858147,46768600
1999-07-14,19.298667907714844,19.316405653953552,18.620199114084244,18.97938847541809,89826200
1999-07-15,19.2099666595459,19.49377041444224,19.085802516778752,19.440557210399174,47663000
1999-07-16,19.05033302307129,19.334136866990413,19.014857542581396,19.298661386500523,32286600
1999-07-19,19.174497604370117,19.298661788672234,19.01485793883882,19.050333420067997,33173000
1999-07-20,18.42951011657715,19.06806869616981,18.340821424967054,19.06806869616981,42724000
1999-07-21,18.606889724731445,18.73105390783261,18.323085877643074,18.500463282073305,28579200
1999-07-22,18.127971649169922,18.589152924002033,18.092496166490527,18.48272647596385,29924600
1999-07-23,18.216657638549805,18.447248241569422,17.91511608075492,18.25213311593744,27393200
1999-07-26,17.844165802001953,18.500462158536816,17.808690323270337,17.844165802001953,35694200
1999-07-27,19.174497604370117,19.33413726990141,18.32308605486987,18.340823795484457,77952200
1999-07-28,19.954946517944336,20.096848359849716,19.014846815321178,19.139010926988387,83384400
1999-07-29,19.724355697631836,20.15449564877174,19.369601098753567,19.529240668248786,72512000
1999-07-30,19.58246612548828,20.362926731938902,19.58246612548828,19.90174546449081,58118000
1999-08-02,20.238758087158203,20.80636567593039,19.724363709833412,19.830790132728197,77483200
1999-08-03,20.69994354248047,20.877320950727945,20.00817165031531,20.522566134232992,75450600
1999-08-04,20.6729679107666,21.098848794765228,20.619732800266775,20.708457984433156,53272800
1999-08-05,20.282567977905273,20.584233468390302,19.732472083491395,20.424528208721757,59293200
1999-08-06,20.318077087402344,20.814938361155413,20.016411314052267,20.08739149601699,42893200
1999-08-09,20.850421905517578,21.13434254423101,20.051895109136055,20.406795907527844,54494600
1999-08-10,20.371307373046875,21.13434414747285,20.318072249249717,20.70846315709556,67205200
1999-08-11,21.577966690063477,21.64894684364921,20.88591019260256,20.99238042298116,80989400
1999-08-12,21.56022834777832,21.790913918577594,21.311797733071412,21.41826799651723,48030000
1999-08-13,22.64266586303711,22.66041089897993,21.84413924561025,21.84413924561025,46873400
1999-08-16,22.305505752563477,22.55393620645042,22.039330266256037,22.50070110918893,35343600
1999-08-17,22.429716110229492,22.571676338775248,22.00383542459222,22.518441253070588,32726200
1999-08-18,22.28775405883789,22.660399628292982,22.163538869019526,22.27000903172098,32524600
1999-08-19,21.950611114501953,22.234531710970852,21.8086508162675,22.00384622633987,32120600
1999-08-20,22.695899963378906,22.731390033689117,21.861883311088985,22.128058838415555,35718000
1999-08-23,23.547651290893555,23.56539631824163,22.695889978186024,22.855595224318687,49839000
1999-08-24,23.60090446472168,23.99129536564189,23.35247389140882,23.370218932359737,61735000
1999-08-25,23.760595321655273,23.955790652901136,23.104029207464652,23.494419869956374,48070800
1999-08-26,23.015304565429688,23.813830938170117,22.96206947391366,23.689615724632716,43461800
1999-08-27,23.565397262573242,23.707357487046576,23.228241729449078,23.387946981981578,40881200
1999-08-30,23.352460861206055,23.884811792692513,23.033050302314177,23.583146264850186,34043600
1999-08-31,23.33472442626953,23.707370215586383,22.802373298674027,23.370214501442565,43185000
1999-09-01,23.68960952758789,24.16872522589866,23.618629424134443,23.760589631041338,53947000
1999-09-02,24.22196388244629,24.417159195784684,23.281477372724932,23.352457486666164,50979600
1999-09-03,25.357646942138672,25.41088203019075,24.701080856163074,24.718825885513766,48828400
1999-09-07,24.878543853759766,25.370968669695454,24.772073623287184,25.268934698825895,39605600
1999-09-08,24.399417877197266,25.16245421808416,24.292947690096767,24.70108340731534,44545800
1999-09-09,24.914020538330078,24.93176556720353,24.275199498885716,24.505884874240625,39662000
1999-09-10,24.807558059692383,24.94951833471208,24.381677234633287,24.93177330033462,32576600
1999-09-13,23.955806732177734,24.878548917417174,23.86708152205856,24.576883203011974,36046600
1999-09-14,24.36393928527832,24.38168432481603,23.86707817822239,23.955803375910946,36912800
1999-09-15,23.565397262573242,24.594608890004906,23.494417150336577,24.594608890004906,46949000
1999-09-16,23.458934783935547,23.689620224322205,22.82011356440326,23.387954648431958,56585200
1999-09-17,24.026777267456055,24.097757407094036,23.334720905985755,23.441191115442724,51575200
1999-09-20,23.867069244384766,24.3106950667711,23.72510898122114,24.0445195733393,20707200
1999-09-21,23.2814884185791,23.778349451902436,23.263743381674697,23.778349451902436,38608600
1999-09-22,23.51216697692871,23.760597420458524,23.10403124827259,23.370206723483104,42055400
1999-09-23,22.003847122192383,23.618645580353277,21.719926514164097,23.60090054235151,73686000
1999-09-24,21.484804153442383,21.613455675319287,20.619733575304604,21.347280112815355,124564000
1999-09-27,22.199033737182617,22.642659511306967,21.506977529548625,21.773152994023235,71235400
1999-09-28,22.003847122192383,22.2167875782136,21.365025754128734,22.145807426206527,50034400
1999-09-29,21.347278594970703,22.12806018946672,21.25855341377797,22.0038449357969,46331800
1999-09-30,21.09885025024414,21.648946430023422,20.832674679383196,21.347280783047687,46111600
1999-10-01,21.27629852294922,21.436003849643583,20.885907724362994,21.081103123656106,37753600
1999-10-04,21.86188316345215,21.9506083386285,20.90365127154759,21.06335658686502,41334800
1999-10-05,21.631189346313477,22.199030247939422,21.29403381097307,22.039324994357123,39542200
1999-10-06,21.844135284423828,22.16354587347308,21.61344985899937,21.82639025169887,36667600
1999-10-07,21.471492767333984,22.09256900440563,21.205317237160422,21.80864843888716,35291000
1999-10-08,21.489238739013672,21.808649389139394,21.240808233360337,21.54247384736796,36361800
1999-10-11,21.719921112060547,22.057076750237957,21.595705876942557,21.631195944119124,24459000
1999-10-12,21.773160934448242,22.66041280626765,21.50698537290242,22.234531907794334,88521800
1999-10-13,20.477764129638672,21.01455127428475,20.26482377473775,20.619724366239286,120722000
1999-10-14,20.823795318603516,20.868157899171482,20.016396352266526,20.55318357713892,51861200
1999-10-15,20.122882843017578,20.814939660370033,20.105137796418795,20.477783774993195,48653200
1999-10-18,19.696990966796875,20.158361926379506,19.040424601236978,20.034146668030335,58185800
1999-10-19,18.490320205688477,19.803452350814144,18.454830147712105,19.767962292837776,84401400
1999-10-20,19.856700897216797,19.874445938233077,19.04042901046794,19.164644297581894,65099000
1999-10-21,20.353557586669922,20.51326292082862,19.271110321816508,19.43081565597521,53021200
1999-10-22,20.850421905517578,21.11659750431142,20.56650126680415,20.690716546241276,61746200
1999-10-25,20.229337692260742,20.76168868416234,20.105122460817036,20.726198618035568,35013800
1999-10-26,20.282567977905273,21.187564449360362,20.22933289134909,21.081094276248,56708600
1999-10-27,19.714736938476562,20.087382731193042,19.28885603251487,20.069637693444637,72186600
1999-10-28,20.495519638061523,20.5132646767092,19.90993336268834,20.193853981051095,73409000
1999-10-29,21.986101150512695,22.163551522994638,21.489240107563255,21.560220256556033,84593000
1999-11-01,21.577966690063477,22.234533110731526,21.560221651667042,22.039337688370754,45868200
1999-11-02,22.003847122192383,22.199042540211835,21.737671552165864,21.87963185618001,40676400
1999-11-03,22.651437759399414,22.917716416445643,22.083376624367453,22.26089572906494,50480200
1999-11-04,23.166248321533203,23.219504064801093,22.775706204235323,22.846713861925846,43687000
1999-11-05,23.397014617919922,23.82306040762408,23.237247446780863,23.397014617919922,39674400
1999-11-08,23.32599639892578,23.61002679647739,22.93545460229232,23.166229300303,26942400
1999-11-09,22.740188598632812,23.36150522701076,22.54491765828546,23.36150522701076,33702800
1999-11-10,22.438400268554688,23.148476226420343,22.225377481194993,22.438400268554688,34175200
1999-11-11,22.562681198120117,22.846711803289214,22.189891028835678,22.66919267505853,32186200
1999-11-12,21.639570236206055,22.54491730925487,21.160268844591975,22.473909695682416,87515200
1999-11-15,21.036012649536133,21.652891501495102,21.01826074012724,21.639577569438433,39333800
1999-11-16,21.74607276916504,21.870336042131697,20.911733650674627,21.160260196607943,55737400
1999-11-17,21.231287002563477,22.367409383971555,21.16027935372547,21.888107754315023,47086400
1999-11-18,22.2963809967041,22.296380996704105,21.48423176852002,21.497545690293528,37706400
1999-11-19,22.68693733215332,22.828952589318597,22.083372489200883,22.15438011778352,46497200
1999-11-22,22.86446189880371,23.112988658573315,22.40291220208873,22.970973367276397,36870800
1999-11-23,22.438400268554688,23.148476226420343,22.15436988540843,22.908825590640685,41043600
1999-11-24,23.34376335144043,23.361515262734297,22.473919698040746,22.70469454486107,33626800
1999-11-26,22.793445587158203,23.361506536370868,22.775693682495305,23.290498917719283,14182200
1999-11-29,22.420650482177734,22.811192295802364,22.225379575365416,22.793440395183065,32651200
1999-11-30,21.781587600708008,22.633679047190473,21.746083790437904,22.278640944489446,34865800
1999-12-01,21.67508316040039,22.03012137760597,21.30229303233454,21.604075516959277,45556600
1999-12-02,22.03011703491211,22.189884201160464,21.444304092001474,21.47980790672333,31118400
1999-12-03,22.34965705871582,22.722447208225773,22.29640132307154,22.43841661812295,36542200
1999-12-06,22.118871688842773,22.544917371452907,21.923600750979794,22.385150240474108,28640000
1999-12-07,21.923603057861328,22.27864116406151,21.6750763835212,22.225385448131483,33654200
1999-12-08,21.160274505615234,22.012366096445376,21.018259240476876,21.71058365802637,52680200
1999-12-09,20.805234909057617,21.47980737197928,20.485700584515776,21.47980737197928,53826600
1999-12-10,20.52120018005371,21.018253471612105,20.343681147354285,20.876238245452566,56234800
1999-12-13,21.036012649536133,21.355547018896175,20.041905722638223,20.237176726136024,47804800
1999-12-14,20.57445526123047,21.30228327306002,20.55670335850292,21.19577185669472,41743400
1999-12-15,22.420650482177734,22.504972010119413,20.485693314673874,20.507883190448002,82046800
1999-12-16,22.793445587158203,23.041972252438743,22.54491892187766,22.651430349855037,50160200
1999-12-17,23.30825424194336,23.574532850952615,22.86445656026127,23.11298326200324,69469600
1999-12-20,23.024221420288086,23.627786206941746,22.47391235010387,23.53902667949268,36251400
1999-12-21,23.53902816772461,23.64553960739757,22.72244046356523,22.882207623074674,34670400
1999-12-22,23.432512283325195,23.752046541734174,23.183985637895987,23.592279412529685,24926600
1999-12-23,23.61003303527832,23.840807794269764,23.43251398990029,23.681040653429534,21641600
1999-12-27,24.160356521606445,24.178108436758247,23.46803183068605,23.698806727659516,28611000
1999-12-28,23.574527740478516,24.28460387723992,23.539023933640447,23.982821519116325,23457400
1999-12-29,23.823062896728516,24.10709345287431,23.414768972268938,23.468024701546273,16024200
1999-12-30,23.769798278808594,24.249099663071352,23.50351973199595,23.947317310017024,14885400
1999-12-31,23.37925910949707,23.823056738758595,23.272747678474303,23.80530483358813,11572000
2000-01-03,24.71065330505371,24.817164741713427,23.645538938456568,23.649976914984055,57710200
2000-01-04,23.556774139404297,24.95917440844193,23.36150321586741,24.26685022499297,51019600
2000-01-05,23.752038955688477,24.391107268397583,22.864444076925828,23.57451997993595,52389000
2000-01-06,22.367399215698242,23.681040122017027,22.207632078443254,23.21949061439151,55171200
2000-01-07,23.29050064086914,23.29050064086914,21.976859598624998,22.012363410577542,41096400
2000-01-10,24.355606079101562,24.781651666491094,23.894056692762902,24.355606079101562,53619800
2000-01-11,25.47398567199707,26.2373176468374,25.07456777818527,25.154451356947632,105481800
2000-01-12,25.917795181274414,26.911902393706857,25.349733917027304,25.81128369422808,97326600
2000-01-13,25.864517211914062,26.4148260887633,25.367464032824433,26.326066592497295,76104200
2000-01-14,29.272886276245117,30.28474468603649,27.90598982793046,27.976997435635116,184405200
2000-01-18,29.006616592407227,30.03622721808631,28.474059372228393,28.487373302732866,102100600
2000-01-19,28.420804977416992,29.00661794697025,28.367549252912152,28.6870835999412,45568000
2000-01-20,27.160411834716797,28.633819796992285,27.10715612523696,28.332037443273208,70002000
2000-01-21,27.817237854003906,27.905997387679733,27.160417304802795,27.266928745213786,55558200
2000-01-24,28.065773010253906,29.78770848273628,27.906005801466886,29.037690197041638,74832600
2000-01-25,28.846843719482422,28.917851334791916,27.67521806687575,28.225527085524337,51382600
2000-01-26,27.408952713012695,28.740346141429765,27.37344888825491,28.616082754777505,49306200
2000-01-27,27.870506286621094,28.722598198568743,27.124925863666896,28.225544583265947,61482000
2000-01-28,26.69886589050293,28.048010709437918,26.43258730781839,27.62196497714266,53922800
2000-01-31,28.10125732421875,28.136761123743977,26.379323047245144,26.59234584439652,68453200
2000-02-01,28.811344146728516,28.82909605316519,27.4444473511043,27.94150073133129,48051400
2000-02-02,28.420804977416992,29.237392753157895,28.314293528407312,28.6870835999412,52080600
2000-02-03,29.60131072998047,29.725611374917396,28.624662805476014,28.891021330340863,56126000
2000-02-04,29.761119842529297,30.75552480146822,29.619061991252305,29.654576454071552,55953800
2000-02-07,30.666736602783203,30.720008293465515,29.583545558909567,29.814389551866242,42810000
2000-02-08,30.91535186767578,31.270496633530758,30.684507769870045,30.91535186767578,38026000
2000-02-09,29.72560691833496,30.93309871669026,29.69009245367745,30.72001192874521,38615200
2000-02-10,30.577951431274414,30.720009277645026,29.317188044735225,29.654575429865428,43539200
2000-02-11,30.080760955810547,30.89759389793999,29.903188577086752,30.471420189002888,37756000
2000-02-14,31.217220306396484,31.234977542065653,30.014167589810388,30.20505787325394,34374200
2000-02-15,31.820960998535156,32.06956225633621,29.90317986692701,31.234972319432668,62771400
2000-02-16,30.45366668701172,32.06957553162867,30.400394966859515,31.643401770411014,46050000
2000-02-17,31.252735137939453,31.927510101144964,30.64898911822926,30.933104892210526,48669600
2000-02-18,29.938692092895508,31.39478506538509,29.885420398780038,31.2527272144105,50370000
2000-02-22,30.329347610473633,30.347104839753772,28.85549758022228,29.79663073206953,45793600
2000-02-23,30.986371994018555,31.572360690753577,29.63682226820457,29.92093799995488,40842000
2000-02-24,32.46021270751953,33.09947291401335,31.323750118197182,31.94525309673284,85347800
2000-02-25,32.17609786987305,32.779843635643296,32.051797271038,32.35367015392312,46299000
2000-02-28,31.92750358581543,32.54900671457157,30.755526257303853,31.714416798813325,47422200
2000-02-29,32.105072021484375,32.850875685700274,31.625626808774157,32.15834371178551,44414200
2000-03-01,32.92190933227539,33.206025054668274,31.963018769199408,32.06956216509674,40813000
2000-03-02,32.88639450073242,33.25929638222021,32.42470645698564,32.779851106021624,36469800
2000-03-03,33.88078689575195,34.02284470244274,32.85086779724377,33.24152676564343,34285000
2000-03-06,33.34806823730469,33.77424163330858,33.15273876413624,33.52564048563964,28032000
2000-03-07,32.88639450073242,34.093886307454774,32.726579408666225,33.4723831716418,39924200
2000-03-08,32.65555191040039,33.081725507926,31.891990881500323,32.992939341774836,46391200
2000-03-09,33.63219451904297,33.667708979992334,31.820957010625662,32.30040223344201,38375800
2000-03-10,34.147159576416016,34.27146020929949,33.348084079308,33.490141945460536,43497600
2000-03-13,34.69762420654297,35.65651453773709,33.73873387534884,33.75649110370429,67439200
2000-03-14,33.49013900756836,35.69203573977328,33.47238177585703,35.30137664212402,56785000
2000-03-15,34.147159576416016,34.981749540062175,33.72098597795841,33.82752937757281,48895600
2000-03-16,35.53221893310547,35.621005087361105,33.987339849057406,35.01725923842278,54972800
2000-03-17,36.89952087402344,36.93503533107255,35.23034139271535,35.31912753533812,60851000
2000-03-20,38.35561752319336,39.030392275916206,36.91728186607361,36.91728186607361,65163600
2000-03-21,39.3322639465332,39.45656455494211,38.10701509221682,38.35561630903464,51231000
2000-03-22,40.93042755126953,41.30332949425289,39.634149368517825,39.88275066384007,53693200
2000-03-23,40.521995544433594,40.823868429733935,39.616376888532585,40.45096663024528,45593800
2000-03-24,39.50983810424805,41.05471716720067,39.101421800249085,39.81171102459511,46898000
2000-03-27,40.53975296020508,40.841625846899554,39.509833699718044,39.669648757379825,35766200
2000-03-28,38.55094909667969,40.50424453686152,38.39113401521026,39.95377036735573,44857800
2000-03-29,37.46775817871094,39.11918069559251,37.36121479052503,38.78179329967047,61325400
2000-03-30,36.08268737792969,37.8939246380423,34.96398201138954,36.86400541170375,71646800
2000-03-31,37.485511779785156,38.32010157308213,36.43783523075279,36.82849428293435,58442200
2000-04-03,37.11262893676758,37.78740400834517,35.72756431616094,37.32571580147629,50071600
2000-04-04,37.71635055541992,38.07149509925627,33.80976057322012,37.361206011583576,87341800
2000-04-05,36.89952087402344,38.07149795664401,36.2957751041886,36.89952087402344,62101800
2000-04-06,36.88175964355469,37.39671921488983,36.082684446655335,36.721944604174816,55134000
2000-04-07,38.870574951171875,38.923846639090335,37.307938772230294,37.32569600153645,51357200
2000-04-10,37.25467300415039,39.50984148438256,37.18364407563914,39.065910681187255,44849000
2000-04-11,37.14812088012695,38.14252564556056,36.220305719521484,36.93503414467689,53071200
2000-04-12,34.62660217285156,37.46775927421374,34.59108770908453,36.91728508582482,60169600
2000-04-13,34.41352462768555,36.72196539218458,34.30698120778559,35.052785147085274,69414600
2000-04-14,31.394779205322266,34.30696460672094,30.79103345137376,33.86303390528821,92800400
2000-04-17,34.94621276855469,35.01724165629565,31.128410052477832,31.252710606024518,88873400
2000-04-18,36.65092468261719,37.21915607304536,35.585490825564364,35.976149906483734,98558000
2000-04-19,33.82753372192383,35.72755792572742,33.792019250824694,35.6876041457409,87377800
2000-04-20,32.779850006103516,33.916312844885006,32.67330661496775,33.50789651219791,45799000
2000-04-24,32.99293518066406,33.09947856660808,31.35926992952246,31.536842239429156,58320200
2000-04-25,35.51445007324219,35.58547897338867,33.95181427001953,34.01840386390686,51342400
2000-04-26,34.324729919433594,35.51446447949674,34.27145822271435,35.30137769261976,47572000
2000-04-27,35.603240966796875,35.9583855150941,33.24152972062033,33.401344767354075,61088400
2000-04-28,36.02942657470703,36.66868697721539,35.763068073661884,36.36681400936422,44336400
2000-05-01,36.11819839477539,37.21914642844111,35.869597225883126,36.3490423373182,42389800
2000-05-02,34.4312744140625,36.260269393251995,34.342488250024175,35.763066874637374,43871400
2000-05-03,33.835899353027344,34.279940026951586,32.93005637822189,34.13784701129583,58988600
2000-05-04,33.977989196777344,34.27993682685848,33.26752418482173,33.74708806789177,40984800
2000-05-05,35.06145095825195,35.203543971253985,33.81813709448415,33.81813709448415,34217400
2000-05-08,33.427391052246094,34.866083228246055,33.39186778864116,34.74175180562877,40937800
2000-05-09,33.23199462890625,33.88917464027425,32.68138434911143,33.64051193327014,43054000
2000-05-10,30.141483306884766,33.107675241033114,29.875058881661857,32.53930313389092,97225600
2000-05-11,32.84124755859375,32.965578944699836,30.230288450365908,30.443427969404915,70267600
2000-05-12,32.681400299072266,33.96023770207944,32.61035377668298,33.143202694602635,38429400
2000-05-15,33.569480895996094,33.6050041562035,32.041980707077755,32.5570679800851,41105400
2000-05-16,34.63518142700195,34.91936753101838,33.7293382204496,34.03128595596705,44468400
2000-05-17,35.00816345214844,35.64758196268996,34.20889031397154,34.77726232334178,65543200
2000-05-18,35.2213249206543,35.949552011802474,34.990423647851216,35.20356328428483,50141400
2000-05-19,33.498435974121094,35.132506021639195,33.054395200339,34.63518035500325,71968000
2000-05-22,33.640533447265625,33.693818347129294,31.651230519021826,33.391870581235146,59249600
2000-05-23,31.224945068359375,34.06680582543418,31.20718343862766,33.462910414555786,50385800
2000-05-24,33.35633087158203,33.58279158436833,31.118366180517423,31.15388942958194,75482200
2000-05-25,32.734683990478516,34.741748174376546,32.272881611882504,33.72933526745453,50488800
2000-05-26,33.409629821777344,34.06681020636308,32.50378658896999,32.681402909128295,30851000
2000-05-30,35.736385345458984,35.77190859132922,33.85365331433639,33.88917656020663,41768000
2000-05-31,35.43444061279297,36.35804507989334,35.381155739691025,35.87848122197584,54089600
2000-06-01,36.85537338256836,36.94418151120105,35.84296071615564,35.86072234188217,45978400
2000-06-02,38.134220123291016,38.24078990472546,37.51256306492344,37.743464258031395,42657400
2000-06-05,37.67240905761719,38.36511247734706,37.28165328238495,37.69017068376411,39176000
2000-06-06,36.81985855102539,38.38288197239068,36.80209692123715,37.31718418509617,47425200
2000-06-07,36.64223098754883,36.766562357841046,35.718626522520935,36.73103910918613,39753400
2000-06-08,35.86073684692383,37.37047564434261,35.8074519481914,36.83762665701833,34394000
2000-06-09,36.1093864440918,36.375810839891784,35.66534578442515,36.35804921350512,27519200
2000-06-12,35.541011810302734,36.375808189655174,35.4166804346545,36.32252331437736,25947000
2000-06-13,37.37045669555664,37.47258603300885,35.27458507479824,35.38115481822663,39126600
2000-06-14,35.9317741394043,37.31718115021672,35.807442740998056,37.19284975181048,37008800
2000-06-15,36.446861267089844,36.961948487726104,35.94953567475139,36.016141780868146,33411000
2000-06-16,35.825199127197266,36.85537342039382,35.77191424996296,36.73104204018044,44086200
2000-06-19,38.79140853881836,38.844693440657394,36.48239612579346,36.50015775973981,61221200
2000-06-20,39.30647277832031,39.857083106439575,38.631531085787024,38.631531085787024,58579400
2000-06-21,39.50183868408203,39.57288515653542,38.64928101464142,38.755850723321494,32891400
2000-06-22,38.09869384765625,39.324246237161276,38.08093221882284,39.21767646416084,29696200
2000-06-23,38.187503814697266,39.07558529876,38.11645729597225,38.43616663023483,30321600
2000-06-26,38.134220123291016,38.991218782326314,37.69017936731417,38.59602250950693,29904800
2000-06-27,37.33495330810547,38.791407243055346,37.29943004139937,38.06318027558041,33370400
2000-06-28,37.61912155151367,38.560487671546824,37.22836580357538,37.49479017716967,30631800
2000-06-29,37.441505432128906,38.18749368077664,37.08627293277285,37.24612755748308,47136200
2000-06-30,37.99211502075195,38.11644639295638,36.837609421710866,37.192841913723505,41431200
2000-07-03,38.8979606628418,38.8979606628418,38.000998556232894,38.11644912441027,15083800
2000-07-05,37.405975341796875,38.22300994090545,37.33492885491787,37.832254263070915,42005200
2000-07-06,38.826900482177734,38.88018534102793,37.10402337935466,37.370447673605646,44906200
2000-07-07,39.590660095214844,39.75051471201921,38.684817266656765,39.14661949298049,37286800
2000-07-10,39.16438674926758,39.78604368179563,38.933485602900014,39.14662512262392,31349400
2000-07-11,39.44856643676758,40.141269764563134,38.96900259444757,39.28871182266091,42782000
2000-07-12,40.12352752685547,40.42547527716824,39.43082386437324,39.85710304128538,29824200
2000-07-13,40.691890716552734,41.2069779408129,39.85709418068282,39.892617437528344,45176000
2000-07-14,41.686546325683594,41.79311610751321,40.656371767997335,40.92279622257137,37471800
2000-07-17,41.579959869384766,41.917430709845384,41.02934955073849,41.66876798529545,46580000
2000-07-18,40.63859176635742,41.15811921791597,40.19455120946977,41.15367881234709,50683600
2000-07-19,39.25320053100586,41.52668906854828,39.21767727260676,41.18921811375682,72188400
2000-07-20,40.549800872802734,40.70965554115807,39.18215537687378,39.48410308376718,60488400
2000-07-21,39.27096176147461,40.4254676477233,39.23543850343619,40.38994438968488,32086600
2000-07-24,39.217674255371094,40.3544184366862,39.1111044883728,39.27095913887024,39835400
2000-07-25,40.034698486328125,40.33664607917088,39.12885570779984,39.426362894865505,29623200
2000-07-26,39.50183868408203,39.82154781012227,38.80913557766153,39.50183868408203,46639800
2000-07-27,38.93351364135742,39.892642170843416,38.649327410398605,39.35979298779564,39223800
2000-07-28,36.695526123046875,39.608433327393286,36.588956347278106,39.217677482907796,55433800
2000-07-31,37.93883514404297,38.40063744448544,36.659998004356126,37.192846812558976,30470700
2000-08-01,36.731048583984375,38.29407192798371,36.51790903707537,38.11645563889287,25001100
2000-08-02,35.98505401611328,37.58360034456847,35.914007512626384,37.086274820160185,33226800
2000-08-03,36.99140167236328,37.1690741107512,34.361849584222185,35.143608313129,34941100
2000-08-04,35.570011138916016,37.666545261988986,34.93039055899545,37.64877802365786,34939700
2000-08-07,35.78322982788086,36.600523061288264,34.75272966401934,35.605557385835766,30634400
2000-08-08,35.03700637817383,36.031972076539816,34.96593739971912,35.67662718426625,24900100
2000-08-09,36.1385498046875,36.88477354696718,35.729903469629576,35.74767070158862,30071900
2000-08-10,35.250205993652344,36.84925767683213,35.250205993652344,35.9253611487727,16678400
2000-08-11,36.280704498291016,36.45837690033945,34.57504943862601,35.1791356055907,22509600
2000-08-14,38.05742263793945,38.09295711285816,36.17409546724777,36.63604364119101,25665000
2000-08-15,38.59043502807617,39.08791761591509,37.524400911278484,37.986349028557484,34464300
2000-08-16,38.69704818725586,39.51434121600415,38.412772351169494,39.01685850285301,24609500
2000-08-17,39.834144592285156,40.65143747865675,38.91024828595205,38.945782759272554,40495900
2000-08-18,40.118431091308594,41.46874143804883,39.94075867726383,40.36717247097127,35795600
2000-08-21,40.97125244140625,42.10835571818422,40.11842498382277,41.317713596049536,46024300
2000-08-22,41.00678253173828,41.85960989808292,41.00678253173828,41.20222213652559,31693500
2000-08-23,42.428165435791016,42.57030334344861,40.189493390183955,40.61590711315673,36177000
2000-08-24,42.2149543762207,43.11219982908229,41.50426490860756,42.392626743123984,23352900
2000-08-25,41.46875,42.321577763496144,41.291077549271634,42.00176735218509,20844200
2000-08-28,42.00175476074219,43.10332362502561,41.50427204783999,41.64640996581205,42760500
2000-08-29,42.10836410522461,42.605846887902366,41.57534683806987,41.68195029150081,23023100
2000-08-30,41.78857421875,42.28605724516369,41.36216019610969,41.93071222629676,21770400
2000-08-31,42.57033157348633,42.99674557923076,41.85964156391226,42.00177956582707,28530700
2000-09-01,42.037288665771484,43.0322540779791,41.75301283371217,42.99671959897168,18322000
2000-09-05,39.372196197509766,40.58036828299292,38.80364462787064,40.40269591748069,58396000
2000-09-06,37.355628967285156,38.94579723961429,36.95586599379459,38.69705583388683,62344900
2000-09-07,38.341712951660156,39.05240271906813,37.66655767262258,37.87088098075237,34716000
2000-09-08,37.16905975341797,38.341697393822166,36.92031843575647,38.199559498015596,29681800
2000-09-11,36.7781982421875,38.021905429121375,36.35178434952446,37.27568111696105,30507800
2000-09-12,36.920310974121094,38.0574139107639,36.70710417350057,36.99137990766127,28997300
2000-09-13,34.823795318603516,35.99643332422996,34.39738149837572,35.0725367137364,70068400
2000-09-14,33.8998908996582,35.74768369502742,33.686684038654064,35.53447683402327,50489200
2000-09-15,32.70060348510742,34.04203003393959,32.1942371719721,33.93542659959531,75675900
2000-09-18,31.732295989990234,33.68669271949691,31.554623560035083,33.189209915622484,50767100
2000-09-19,34.3263053894043,34.39737434466186,32.300840164563674,32.51404703033637,58855100
2000-09-20,35.85429763793945,36.10303904870811,34.3618491733275,34.823797507612156,70335900
2000-09-21,34.9570426940918,35.78321930668406,34.32630571028481,35.285736615230654,57112300
2000-09-22,27.254953384399414,28.143315619875278,26.437660127761625,26.579798085437762,308734400
2000-09-25,25.798030853271484,28.543069260179507,25.442686075678214,28.46311668522102,130214700
2000-09-26,24.625391006469727,26.437649219067062,24.34111520841524,26.402114744310254,112681600
2000-09-27,24.945209503173828,25.975709610854796,24.696468097871524,25.37162334083492,80365100
2000-09-28,25.26502227783203,25.336091257516507,24.723121307737884,25.087349828620834,66739000
2000-09-29,23.63043785095215,24.94521409228332,23.523834371925297,24.90967959927437,72985600
2000-10-02,22.813138961791992,24.412190758179282,22.671001024335347,24.412190758179282,66785700
2000-10-03,22.91975212097168,24.163459600404252,22.8131486227346,23.74592923230903,81206500
2000-10-04,23.879169464111328,24.305583204541886,23.168479896727064,23.310617810203915,63726000
2000-10-05,23.310623168945312,24.092381872781893,23.0263472766411,23.95024392662979,52072400
2000-10-06,22.706527709960938,24.02130317986478,22.31564851620574,23.523820569630892,69734600
2000-10-09,22.20905113220215,23.04411145477295,21.60496494140625,22.990809732055666,56544700
2000-10-10,21.356225967407227,22.848674371119543,21.285156995801877,22.280122598276755,68882800
2000-10-11,20.11252212524414,21.676039746287856,19.89931517692,21.03641890131543,122056600
2000-10-12,21.10747718811035,21.889235602484806,19.899305093168007,21.10747718811035,100212800
2000-10-13,22.95528221130371,23.168489166826657,21.000885119010054,21.098604973624735,80908800
2000-10-16,20.290185928344727,22.280116597324245,20.11251354718584,22.24458212109247,92057900
2000-10-17,20.574459075927734,20.823200377363822,19.89930411488693,20.681062490828914,78642100
2000-10-18,21.711570739746094,22.63546736696933,20.04144991361178,20.610001684210694,16790000
2000-10-19,23.843639373779297,24.05684628323187,23.239553130330343,23.88805747991525,64250700
2000-10-20,24.483253479003906,25.229477460221734,23.52382264600956,23.665960547193908,59899600
2000-10-23,24.625391006469727,25.58482182490361,24.092373885117567,24.838597855010587,43746200
2000-10-24,23.879169464111328,25.30054859887986,23.665962593896047,24.803065901710873,46937000
2000-10-25,23.488296508789062,24.767538073564264,23.390576667035404,23.87917587580371,53225900
2000-10-26,25.407163619995117,25.584836092862215,23.701507880470967,23.879180353338068,50811900
2000-10-27,26.366588592529297,26.72193345226689,25.4959936861722,26.082312704739223,50197800
2000-10-30,25.5848331451416,26.224453973770142,24.94521231651306,26.12673412495189,49111200
2000-10-31,25.5848331451416,26.686402350001867,25.407160692744785,25.975712540414598,55793900
2000-11-01,25.513755798339844,26.473186726689672,25.12287653123436,25.193945488889902,47654600
2000-11-02,26.544254302978516,27.219409365571007,26.366581918085753,26.43765087204286,65511800
2000-11-03,26.1290283203125,26.875571986607145,25.880180431547622,26.804472589817177,31103600
2000-11-06,26.484540939331055,26.946687291292537,26.3778917811861,26.52009065871271,24583500
2000-11-07,26.271238327026367,26.62673546271008,25.77354233706917,26.59118574914171,21043200
2000-11-08,24.28044891357422,26.342331837420932,24.138250091239964,26.306782131837366,38074100
2000-11-09,23.533899307250977,24.102694456670942,22.716256279959783,24.067144759832193,48864700
2000-11-10,21.045427322387695,22.183017988462705,21.045427322387695,21.614222655425202,94080100
2000-11-13,21.720874786376953,22.60961761724344,20.47663482316387,21.04543023491842,81393300
2000-11-14,23.285057067871094,23.462805595106754,22.43186413713994,23.036209129741177,48677100
2000-11-15,23.605005264282227,24.387098812195195,23.17840878360243,23.711654384452178,41961500
2000-11-16,22.751815795898438,24.422652268409728,22.618504375219345,23.46281003952026,39523700
2000-11-17,23.605005264282227,23.747204091175494,22.467414649136096,22.822911716369262,40986100
2000-11-20,23.39171028137207,24.422651919912784,23.10731258798153,23.320610858024434,37495900
2000-11-21,24.244918823242188,24.671515635381347,23.569473870688523,24.1382696202074,36760300
2000-11-22,23.427257537841797,24.955894979612964,23.356158121945466,24.031602572960633,36702700
2000-11-24,24.991451263427734,25.027000980729905,23.889410027060364,24.351556351988616,20684000
2000-11-27,24.991451263427734,26.591188542025527,24.884802111521214,25.84464447867989,52923300
2000-11-28,23.907182693481445,25.382495826239037,23.88940783646027,24.56485240326495,49700800
2000-11-29,24.31599998474121,24.742596475701582,23.28505846492031,24.102701739261025,61411300
2000-11-30,21.649765014648438,22.14746076211162,20.938771089701035,21.89861288838003,78955300
2000-12-01,19.41014289855957,21.89862275734926,19.23239433721745,21.89862275734926,1155400
2000-12-04,18.73470115661621,20.10336528285857,18.237005110709898,19.97894127138199,82755800
2000-12-05,20.476627349853516,20.761024951934814,19.33903694152832,19.694533944129944,75071400
2000-12-06,18.059246063232422,20.08557879079984,17.774848487433484,20.08557879079984,102012000
2000-12-07,18.37920570373535,18.912451517189954,17.88150961117772,18.4503051455293,68263600
2000-12-08,19.33905029296875,19.83674644021427,18.77025469611673,19.765646990607767,88021400
2000-12-11,21.294282913208008,21.72087956589331,19.51679686035258,19.97894323409499,73069600
2000-12-12,20.761028289794922,21.569784100741554,20.68992887784357,21.009876231624656,48167200
2000-12-13,20.19223403930664,21.543122936302506,20.014485500228236,21.472023520671144,48719800
2000-12-14,19.978933334350586,20.832126216956308,19.623436299931537,20.227781258443922,33708000
2000-12-15,18.450302124023438,19.765641581805458,18.379202693873058,19.658992436579886,80843900
2000-12-18,18.912446975708008,19.623441222915076,18.441413286933326,19.44569266111331,38556100
2000-12-19,19.01909065246582,20.618827249402198,18.94799124815754,19.19683916323653,54732300
2000-12-20,18.16590118408203,19.410140991210938,17.91705322265625,18.734696524483816,63150800
2000-12-21,18.841344833374023,19.596776112070625,17.988151859787276,18.201450103183962,51590000
2000-12-22,18.73470115661621,19.90784183625252,18.20145539314516,19.125748049828314,45424100
2000-12-26,18.69914436340332,19.267939629210264,18.201448505822242,18.841343179855055,28436200
2000-12-27,18.521398544311523,19.161293311677372,18.37919970711911,18.59249796290773,33621500
2000-12-28,17.597108840942383,18.59250085618761,17.099412833319768,18.272553422715927,49339500
2000-12-29,17.099407196044922,17.881500664471094,16.9572083836038,17.59710303958885,54053600
2001-01-02,17.668210983276367,18.130357347024038,17.206064619528693,17.454912661546672,50342900
2001-01-03,19.472352981567383,19.69453866141183,17.134959629603795,17.134959629603795,78291900
2001-01-04,19.22350311279297,20.121133170302024,18.592495844643036,19.33903965484859,68769000
2001-01-05,18.236995697021484,19.694533364814625,18.059247200949148,19.374586071884423,44974700
2001-01-08,18.16590118408203,18.3791994367327,17.419357299804688,17.91705322265625,45070800
2001-01-09,18.343652725219727,18.734699585641078,18.130354437717173,18.503626440846645,40814400
2001-01-10,18.770240783691406,18.983538974415172,17.703749830072578,17.988147417704266,51494300
2001-01-11,18.98354721069336,19.4812432049812,18.201453505383896,18.41475178865011,64954600
2001-01-12,18.272552490234375,19.23239474166692,18.094803925154274,19.09019588960284,51374500
2001-01-16,17.845958709716797,18.414754206440836,17.632660398445278,18.30810505080508,60301100
2001-01-17,17.348243713378906,18.80578058274066,17.134945634935725,18.77023090300013,7427400
2001-01-18,18.3080997467041,18.379199163196155,17.06385995809314,17.597105581783552,86633300
2001-01-19,19.090198516845703,19.69454372128961,18.379204158676405,18.98354936312031,81348900
2001-01-22,18.98354721069336,19.26794492171498,18.485851216405518,18.592500358038627,45756600
2001-01-23,20.121135711669922,20.41442081700787,18.628047902676748,19.019094709794008,84553900
2001-01-24,20.61883544921875,21.080981761011586,20.014490272258893,20.298888002592943,73579100
2001-01-25,19.62343978881836,20.51218253287716,19.516790659531303,20.369983693827752,45890400
2001-01-26,20.405534744262695,20.51218388055675,19.19684453293006,19.410142805518174,48063700
2001-01-29,21.08098030090332,21.258728870050906,19.76564088921121,20.05003859984734,49092800
2001-01-30,21.045427322387695,21.720871780369734,20.938778197443163,21.25872557227676,60806400
2001-01-31,21.045427322387695,21.95194488441622,20.761029655868942,21.223175863961917,71894200
2001-02-01,21.507570266723633,21.578669672564043,20.761026505399343,21.08097383168118,50297000
2001-02-02,20.298885345458984,21.74753609471897,20.192236210544138,21.427588689974435,47151200
2001-02-05,19.741153717041016,20.096850180411124,19.16314696406459,19.95457159506308,39185100
2001-02-06,20.16799545288086,20.45255270794796,19.625558185409194,19.67002025651343,40329200
2001-02-07,19.88343620300293,20.52368996267029,19.278752096650425,19.919005856317785,53148000
2001-02-08,19.705583572387695,20.559255062888248,19.670013926950173,20.13241931763797,42899000
2001-02-09,19.065326690673828,20.239124789166805,19.029757051325554,19.527732002201365,40892100
2001-02-12,19.67000389099121,20.025700163884363,19.136459481651485,19.1720291089408,30482000
2001-02-13,18.460647583007812,20.0612817665056,18.42507793448564,19.421028093106486,41910800
2001-02-14,19.421018600463867,19.661113610634438,18.176081510690544,18.531777822054348,47442300
2001-02-15,20.381412506103516,20.77267871477217,19.990146297434862,20.16799457410243,58334500
2001-02-16,19.563308715820312,20.096853498979048,19.136472889293323,19.776726629083807,41543900
2001-02-20,17.891525268554688,19.4210194764033,17.85595563581402,19.38544984366263,52397300
2001-02-21,17.500259399414062,18.638487653034492,17.35798086771151,17.642537931116618,51582200
2001-02-22,17.073429107666016,17.96267020702362,16.86001124382019,17.60697376728058,58517400
2001-02-23,17.037866592407227,17.500272157545627,16.219764438700828,17.28685420440483,63558300
2001-02-26,16.788869857788086,17.47358541872542,16.184185985791483,17.393553729784692,60349600
2001-02-27,16.50431251525879,17.57140168650397,16.50431251525879,16.788869627590838,40787300
2001-02-28,16.255319595336914,17.180129900542077,15.935192951227434,16.717724747939496,48601400
2001-03-01,16.57545280456543,16.64659208698846,15.401654644585475,16.077477827604238,56268300
2001-03-02,16.682165145874023,17.713684952335317,16.148620418394042,16.219759715391373,54626200
2001-03-05,17.28685188293457,17.500269807415243,16.788876725812997,17.00229465029367,33275700
2001-03-06,17.927099227905273,18.709631337059868,17.891529586580063,17.99823851055569,59734200
2001-03-07,18.74520492553711,19.17204071131784,18.033811949235893,18.63849597909193,77832700
2001-03-08,18.923053741455078,19.17204129068475,18.6029268924455,18.74520549200531,64903100
2001-03-09,16.75330924987793,17.411347935913476,16.504321638945562,17.18014515433342,95273400
2001-03-12,15.792926788330078,16.717737816475534,15.686217823544064,16.219762647474134,59597600
2001-03-13,16.717744827270508,16.860023506651533,15.792933411293841,16.077490770055892,52027200
2001-03-14,16.53988265991211,17.002287981587074,15.935198777721775,16.148616618494835,57451000
2001-03-15,16.219749450683594,17.03785084841544,16.184179824695253,16.93114197045042,40752100
2001-03-16,15.86406135559082,16.397606020016518,15.75735242270568,16.18418815424624,59068600
2001-03-19,15.401656150817871,15.792922242409087,14.441275744184885,15.650643663648644,76656300
2001-03-20,14.014432907104492,15.615066107154496,13.978863280436713,15.579496480486718,64431100
2001-03-21,14.547982215881348,15.223805350604442,14.0144376358368,14.085576913176073,68549500
2001-03-22,16.326457977294922,16.39759722774065,14.832533717934602,14.868103343157468,94022700
2001-03-23,16.397598266601562,16.93114267874695,15.757344972027099,16.895573051270592,84795800
2001-03-26,16.113046646118164,16.82443943402625,15.864059170350334,16.788869794630845,64433900
2001-03-27,16.717744827270508,16.904485593958103,15.970781760520122,16.148630109746403,72645800
2001-03-28,15.330525398254395,16.682172649144572,15.259386069260175,16.326476004173475,73000000
2001-03-29,15.117096900939941,15.686211137210622,14.654691583970013,15.294945099774528,64852600
2001-03-30,14.97481918334961,15.22380667570934,14.405704915098791,15.152667392177989,47297100
2001-04-02,14.681371688842773,15.294948094978539,14.263428339735801,14.832542687455932,44925500
2001-04-03,14.227863311767578,15.010395793914794,14.13893916606903,14.405711603164672,57239500
2001-04-04,12.876213073730469,14.281214224040838,12.769504125605632,14.05001150310369,84555800
2001-04-05,14.583550453186035,14.690259358941054,13.71209438952004,13.801018477649222,67714900
2001-04-06,13.44532585144043,14.361244213013421,13.089629400344123,14.263427688961938,73965900
2001-04-09,13.203457832336426,13.77257237535955,12.66279858226452,13.482323828157776,60543900
2001-04-10,14.096960067749023,14.28476772462722,13.2888177988036,13.362802172816531,55847600
2001-04-11,15.662032127380371,16.100250576035595,15.468533100324814,15.878295171177854,91360800
2001-04-12,16.003494262695312,16.225448487745883,14.973396619436384,15.627877833802975,54027200
2001-04-16,14.967707633972168,15.252264821579999,14.523799116023646,15.235192085043225,59342200
2001-04-17,14.81972885131836,15.212416723672149,14.33029047154554,14.370128277248202,74191900
2001-04-18,17.801895141601562,18.319787966169166,16.27666869131673,16.629518938472565,49959200
2001-04-19,18.490528106689453,18.50760084424252,17.329534191098784,17.523033177030563,85981400
2001-04-20,18.45637321472168,18.53604885335473,17.79050957407634,18.194580124857268,62659300
2001-04-23,17.25554847717285,17.813280330038037,16.87424178480592,17.682384278232863,58508800
2001-04-24,16.58399772644043,17.665316245499923,16.44741036398552,17.03929002012334,50134100
2001-04-25,16.521387100219727,16.709194759662832,15.650641905256613,16.504313281906974,64640600
2001-04-26,16.299434661865234,17.278312040099816,16.276670652289734,17.20432656660561,53730100
2001-04-27,17.175865173339844,17.204320446561777,16.532765577732857,16.845779010669588,42007500
2001-04-30,17.591320037841797,18.012464420434192,17.375057116969728,17.557173489388145,41266300
2001-05-01,17.74498176574707,17.87587777739452,17.141720989263792,17.511645019593182,37209500
2001-05-02,18.177513122558594,18.496216863027826,17.756368622706514,18.14905675300808,45022200
2001-05-03,17.311912536621094,17.76748983974601,17.146766565295604,17.73332080884056,37080900
2001-05-04,17.585264205932617,17.68207432050205,16.68550005894957,17.02718288014637,35393400
2001-05-07,17.744718551635742,18.040843770343162,17.2777524454632,17.68207638601459,33647800
2001-05-08,17.92694854736328,18.109179111140417,17.59665537897226,17.932643388253794,41514400
2001-05-09,17.044265747070312,17.647904651348917,16.685498439472347,17.647904651348917,61622800
2001-05-10,16.520355224609375,17.391646318640994,16.457713061782968,17.357477273728506,49116200
2001-05-11,15.911017417907715,16.651329161242288,15.825596999242888,16.531740792347442,47531600
2001-05-14,15.609193801879883,16.03060204358116,15.210563826286602,15.973654749042218,41994500
2001-05-15,15.489616394042969,16.00214023429276,15.335858916114013,15.728794330983547,47310800
2001-05-16,16.150188446044922,16.22991399176047,15.090972659005347,15.375707992194128,59906400
2001-05-17,16.286861419677734,16.622849202706355,15.945178799593482,16.38936631432092,56376100
2001-05-18,16.37798309326172,16.59438155574292,15.939490242820337,16.24700504791311,34775000
2001-05-21,17.027170181274414,17.08981229285957,16.05337600760845,16.155880886137272,44417800
2001-05-22,16.81647491455078,17.32899847215991,16.74244309436822,17.192325595876106,39665300
2001-05-23,16.4007625579834,17.226495851450387,16.264089663387825,16.72536190459995,53488500
2001-05-24,16.634244918823242,16.742444696888338,16.013522620271868,16.423541288368632,47217900
2001-05-25,16.571598052978516,16.827859223473205,16.332420308809287,16.765218183314516,29592100
2001-05-29,15.859760284423828,16.526041091914443,15.819897506517599,16.491872065555473,37797600
2001-05-30,15.147927284240723,15.774345538082109,15.034032661295152,15.569335651251933,47272800
2001-05-31,15.381410598754883,15.706008868764568,15.2846004931222,15.392800278518644,38761100
2001-06-01,16.366596221923828,16.55452160632102,15.483916616520581,15.523779412274575,60601900
2001-06-04,16.229915618896484,16.79938634236654,15.979348196439485,16.582987945366767,37894700
2001-06-05,16.930368423461914,17.055652707937725,16.429234544097074,16.434929383044107,51625800
2001-06-06,16.981616973876953,17.47705698628505,16.543124251634502,16.770913412297066,72646300
2001-06-07,17.73331642150879,17.784568869007412,16.896194922663113,16.91897318478522,75686000
2001-06-08,17.465673446655273,18.183206947979617,17.08412788054264,18.160427589439355,68334700
2001-06-11,17.272050857543945,17.374555784454266,16.7538324703235,17.180935608330206,41072800
2001-06-12,17.158157348632812,17.20371497614893,16.514655724195226,16.913285779595885,54088900
2001-06-13,16.548826217651367,17.15815998668114,16.514658263305872,17.015792243031953,41032400
2001-06-14,15.723092079162598,16.571603599674432,15.694617882124213,16.264088788737222,41913100
2001-06-15,15.762958526611328,16.11602996238062,15.438360208308014,15.569338286539208,54910400
2001-06-18,15.688920974731445,16.252698053803854,15.620585083205912,15.87115255321816,27854300
2001-06-19,15.187793731689453,16.395072897987813,14.885973668569891,16.24701028699595,60427600
2001-06-20,15.654757499694824,15.751567612152789,14.954308437535298,14.98278155277246,43070200
2001-06-21,15.529475212097168,15.996441281805264,15.347244656716425,15.575032850942351,45895500
2001-06-22,15.666143417358398,16.116024829889437,15.529470541924432,15.643364061696339,30366800
2001-06-25,16.275482177734375,16.338124339319258,15.643368979719066,15.94518902005192,28358600
2001-06-26,16.497577667236328,16.554524995477706,15.962275605835234,15.996443568308083,34780200
2001-06-27,16.315343856811523,16.634247311196614,16.138808151763673,16.5146589231196,33729600
2001-06-28,16.87912368774414,17.36886919963943,16.628557176421868,16.64564061490568,54522800
2001-06-29,16.657024383544922,17.522620441253263,16.372288923997147,16.975927794108152,49436600
2001-07-02,17.118303298950195,17.391650289765703,16.605779456213735,16.84495739431476,38578300
2001-07-03,17.346088409423828,17.477067582067015,16.88481714316877,17.049964276154583,22120800
2001-07-05,16.993017196655273,17.653603565770354,16.970237831978256,17.129690126177714,35630900
2001-07-06,16.190053939819336,16.998702465424913,16.116022132488098,16.594377659532483,37375700
2001-07-09,16.45769691467285,16.759516664863693,16.007815793181038,16.246993442005408,30139400
2001-07-10,15.825593948364258,16.61146316923115,15.63766754287896,15.825593948364258,41241500
2001-07-11,15.979351043701172,16.229918510805238,15.375712273394436,15.745868092369903,50333800
2001-07-12,17.141063690185547,17.192316126334525,16.543118963840442,16.713960779729987,49223400
2001-07-13,17.19232749938965,17.300526192898452,16.657024526708724,17.089822559282705,42796300
2001-07-16,16.58868980407715,17.511233304887885,16.38368098203678,17.101214574627413,65739200
2001-07-17,17.027170181274414,17.0499495259159,15.990733896023292,16.269774350807907,104487600
2001-07-18,16.452009201049805,17.169542458122717,16.24130563717476,16.440620611835996,71663500
2001-07-19,17.06134033203125,17.20940283292959,16.759521579512274,16.850636797576012,54602300
2001-07-20,17.044265747070312,17.101213059439157,16.474794795741158,16.74814059169604,50444200
2001-07-23,16.514646530151367,17.21509507057485,16.463394091956587,17.067032592032024,35057400
2001-07-24,16.44631576538086,16.850640586868025,16.19005456426695,16.349505688645564,38032700
2001-07-25,16.753835678100586,16.78800363155285,16.053386658341022,16.49757331175945,35538100
2001-07-26,16.95884132385254,17.02717721364243,16.4007590976117,16.571600994445202,46221000
2001-07-27,16.639934539794922,16.99870171227214,16.520346206422005,16.862028865769133,35482900
2001-07-30,16.537445068359375,16.93607427832121,16.40077101709113,16.80509615588433,30514600
2001-07-31,16.975929260253906,17.32330689848133,16.531742600151613,16.60577334810877,50354000
2001-08-01,17.511234283447266,17.642212360493964,17.243583288676213,17.437203526997333,45023900
2001-08-02,18.28571319580078,18.354049103945858,17.841525448139098,17.887083082295703,74140400
2001-08-03,18.052078247070312,18.280009395257007,17.807053023569,18.262913146229863,35671500
2001-08-06,17.254331588745117,17.482261770283614,17.11757347982202,17.33980527096495,54176800
2001-08-07,17.44806480407715,17.664598109133603,16.963712703068342,17.066281511147427,44101300
2001-08-08,16.87254524230957,17.772870120596007,16.747182848754633,17.31700874860318,49096000
2001-08-09,16.895336151123047,17.111870581686084,16.62751839422303,16.809862491419345,35734300
2001-08-10,17.0662841796875,17.2030422495581,16.51925081334858,16.82125889693148,33800700
2001-08-13,17.413875579833984,17.505047617933396,17.14035946553575,17.476556763598488,30830500
2001-08-14,17.294208526611328,17.579121348839337,17.231527357927195,17.499345019553303,27561900
2001-08-15,16.969411849975586,17.522142456522797,16.923825831774337,17.254324735447504,33348300
2001-08-16,17.185949325561523,17.19734610458518,16.570537387420707,16.758579893884384,38692500
2001-08-17,15.99501895904541,16.741490869337287,15.835468341587125,16.62182790624357,60330900
2001-08-20,16.0690860748291,16.342602165304207,15.898137703139914,15.995008121040222,36548500
2001-08-21,15.425193786621094,16.245743751197697,15.413797002716263,16.14317486976848,35088800
2001-08-22,15.932332038879395,15.95512559713794,15.385299682954441,15.72149705927124,42316100
2001-08-23,15.767080307006836,16.165958811300307,15.738589451067224,15.892441594740205,32548500
2001-08-24,16.570533752441406,16.604722995155818,15.869648299085565,15.98361280375242,38858200
2001-08-27,16.610416412353516,17.03208723582431,16.29701275974266,16.53633956083215,27995600
2001-08-28,16.24574089050293,16.90104063363986,16.200154849767934,16.650316866168907,54856600
2001-08-29,16.012104034423828,16.47936098259026,15.806966413528755,16.44517174139321,37922200
2001-08-30,15.459371566772461,15.858250012259278,15.31691513436379,15.670207564954083,44788800
2001-08-31,15.932332038879395,16.029202487764856,15.390998072519077,15.396696462083714,38127600
2001-09-04,15.29983139038086,16.006415641877258,15.29983139038086,15.704407409949683,54390700
2001-09-05,15.65311050415039,15.778472845060236,15.009207985941085,15.35110359964473,71243200
2001-09-06,14.872448921203613,15.738584125720546,14.701500582838994,15.248533744007208,81642600
2001-09-07,14.752788543701172,15.373898707580148,14.661616509265393,14.90664175938269,72749200
2001-09-10,14.855359077453613,14.872454243464594,14.507764976559267,14.547653697251551,51654400
2001-09-17,13.44218635559082,14.2456403864374,13.390901963251157,13.823969561421587,81412400
2001-09-18,13.37380599975586,13.949329967201775,13.219953918839462,13.60743440110392,56115100
2001-09-19,12.695720672607422,13.499175055887262,11.886567900250686,13.42509708474425,86255200
2001-09-20,11.778302192687988,12.690023911691744,11.681431739665275,12.228464118953495,70338800
2001-09-21,10.997637748718262,11.823885611751956,10.803896885480796,10.832388828225413,116397800
2001-09-24,12.142987251281738,12.376615737669526,11.111602878190055,11.396515772502621,79136200
2001-09-25,12.353824615478516,12.513375158065726,11.846679956215072,12.285445035186456,65914600
2001-09-26,11.909354209899902,12.450688936791,11.80678543328003,12.376611003962859,48082100
2001-09-27,11.709914207458496,12.171473669322404,11.1514854488705,11.915051746064679,58791700
2001-09-28,11.647235870361328,11.954941137175727,11.453495074388664,11.818183120051982,72640600
2001-10-01,11.402216911315918,11.556070172203562,11.225571178550494,11.51618144441822,44631700
2001-10-02,11.134395599365234,11.44210093706298,11.037525179063723,11.39651492085382,52207600
2001-10-03,12.09740161895752,12.33672850131625,10.872276351563078,10.99763763780566,75582600
2001-10-04,12.279743194580078,12.866664047017807,11.966339499571886,12.382311992759123,67181500
2001-10-05,12.513381004333496,12.564665441798557,11.709926266523633,12.256959903865258,49112300
2001-10-08,12.672924995422363,12.832476602303826,12.120194389745084,12.182874485387899,36853400
2001-10-09,12.222761154174805,12.667224484748,12.023321950705597,12.558958389117013,42528700
2001-10-10,13.140180587768555,13.219956926349148,12.177175918976843,12.211365157307789,52538600
2001-10-11,13.96642780303955,14.063298213888132,13.30543008908085,13.32822255153309,76342800
2001-10-12,14.257044792175293,14.319724904369588,13.80688179327583,13.852467823442904,64736500
2001-10-15,13.892353057861328,13.972129411979163,13.46498369149305,13.95503424605609,44391600
2001-10-16,14.222851753234863,14.302628106018814,13.772689926685832,13.977827566906724,53540600
2001-10-17,14.000622749328613,14.946533694230082,13.9607351086296,14.895249274229439,91448800
2001-10-18,13.70430850982666,14.023411704378141,13.504870371802408,14.01771331659797,49862900
2001-10-19,13.761290550231934,13.99491900219512,13.453585234879363,13.67011852443441,42197000
2001-10-22,14.41659164428711,14.456480361417723,13.53906051768542,13.74419814407436,46022200
2001-10-23,14.245649337768555,14.815475311279297,14.182968132888199,14.484976290117338,41881700
2001-10-24,14.519161224365234,14.775583270895297,14.200059078460631,14.35391230637867,41092700
2001-10-25,14.872448921203613,14.940827387064566,13.85246053821536,14.24564052091225,56318500
2001-10-26,14.735695838928223,15.10038401063631,14.559049054757697,14.821169493315246,45505200
2001-10-29,13.778377532958984,14.752778387777635,13.772679148872513,14.58752959669244,46369900
2001-10-30,13.413695335388184,13.903744619256354,13.242747000856975,13.544754964396176,52532700
2001-10-31,13.915144920349121,14.41089380327031,13.356715943711547,13.635930432030335,64549300
2001-11-01,14.781271934509277,14.798366001793827,13.818266655053948,13.977818166462848,54534000
2001-11-02,14.986413955688477,15.231439155740796,14.530553876653572,14.786975850395805,49877700
2001-11-05,15.37419319152832,15.556677116620051,15.197413078749545,15.25443923736049,42474800
2001-11-06,16.10982894897461,16.12693712349535,15.225927264723756,15.27725070060243,63152300
2001-11-07,16.13263702392578,16.583141330598085,15.82469646256621,15.91593786866904,59713700
2001-11-08,16.12693977355957,16.765629833050482,15.927348722087261,16.46339298063707,64845900
2001-11-09,15.898831367492676,16.13834035559653,15.739159433879088,16.0699098376717,40852500
2001-11-12,16.183958053588867,16.406359914691507,15.265841343009372,15.74485923013053,47878400
2001-11-13,17.13629722595215,17.1419999513697,16.50901265759231,16.571740461818102,68022300
2001-11-14,17.86052703857422,18.014497361795915,17.050758519910516,17.375806254922768,78499200
2001-11-15,17.552595138549805,17.9517763027973,17.370111108617202,17.575404962488797,58207300
2001-11-16,17.467039108276367,17.649522968968853,17.193314948762325,17.467039108276367,39647000
2001-11-19,17.672334671020508,17.849114740411704,17.056454702082988,17.56968782825038,47857300
2001-11-20,17.079269409179688,17.558287390626727,17.010837802822902,17.512665594599884,41297200
2001-11-21,17.569692611694336,17.586800786041564,16.811247618570494,16.845463967264948,55275700
2001-11-23,17.71225929260254,17.82060889926147,17.290267404390065,17.43853500095396,17574100
2001-11-26,18.17416763305664,18.316731395973054,17.85482158458074,17.92325319144943,53246100
2001-11-27,18.42508316040039,18.812859750912036,17.621016354966795,17.968874958987577,80781000
2001-11-28,18.111440658569336,18.561945068325162,18.025901956735556,18.20268208554985,61282400
2001-11-29,18.430788040161133,18.48781312364715,17.769287065032856,18.242602436679533,45961000
2001-11-30,18.62466812133789,18.76723294228364,18.06581428427454,18.379456455281883,42399600
2001-12-03,18.2711181640625,18.750136316597132,18.23119907828139,18.413683064514856,43008300
2001-12-04,18.738725662231445,18.76153656206049,18.157060768793713,18.36235451652081,44357600
2001-12-05,19.736679077148438,19.873540121149798,18.841371952574196,18.852777402135487,75429600
2001-12-06,19.48006820678711,19.833628556178194,19.246261853507363,19.67395656136308,58338000
2001-12-07,18.95543098449707,19.67395715833529,18.676002809724082,19.480068797876115,59279300
2001-12-10,18.79004669189453,19.172119425929978,18.733019449627918,18.755830346534562,41557600
2001-12-11,18.92691421508789,19.46866123793813,18.8470782238954,19.01815565864611,46751600
2001-12-12,19.434438705444336,19.46865287247246,18.881286467911792,18.983933319729516,50047800
2001-12-13,18.573348999023438,19.22914819735603,18.53343101394584,18.97823266216309,51006500
2001-12-14,18.9725399017334,19.263371382706456,18.40228021911575,18.58476314352395,46155500
2001-12-17,19.371715545654297,19.440146075260436,18.818563144972416,18.87558822374965,39108700
2001-12-18,19.28047752380371,19.57701277169046,19.023860273193286,19.474365871446288,39780800
2001-12-19,18.847076416015625,19.36601248435618,18.841374778063486,19.00675055845169,39961400
2001-12-20,18.23689842224121,18.93261570352474,18.225492971276374,18.733023574691142,49423400
2001-12-21,18.48211097717285,18.670297663162916,18.231196483536483,18.373762451382092,57817500
2001-12-24,18.25970458984375,18.476403751255752,18.24829914183609,18.339540550530597,8673800
2001-12-26,18.413679122924805,18.886993359918844,18.259708802350662,18.276815890625365,23231600
2001-12-27,18.630374908447266,18.807156118433223,18.45359587382844,18.482108410828207,22443900
2001-12-28,18.385164260864258,18.995341653055803,18.316731565678044,18.784344105948815,27584200
2001-12-31,17.93465805053711,18.482106536743014,17.91184715310347,18.333840054158173,27975400
2002-01-02,18.818561553955078,18.818561553955078,18.094331802804266,18.191275951286528,42357300
2002-01-03,20.255613327026367,20.312638394565376,19.04666405719096,19.103689124729968,91464500
2002-01-04,20.40958023071289,20.72892403648977,20.141557671978845,20.643386449385186,65032900
2002-01-07,20.11304473876953,20.671898563015347,19.970479921093563,20.54073919179743,48808800
2002-01-08,20.28982925415039,20.512230058477584,19.9305652450397,20.152966049366892,35636600
2002-01-09,20.164377212524414,20.974144696276234,19.976190524533735,20.50653205840343,59083800
2002-01-10,19.75949478149414,20.227107450388388,19.673954976665943,20.20429654571852,51679400
2002-01-11,19.702457427978516,20.021803403680902,19.537081716880863,19.856427692583246,39583200
2002-01-14,19.86783790588379,20.067427828980502,19.44584498586458,19.55989730279142,58696400
2002-01-15,19.77659034729004,19.947667681881654,19.440137313267776,19.924856790505086,57115500
2002-01-16,19.22344398498535,19.72527286956199,19.206336898984357,19.36600883597225,76428600
2002-01-17,19.691059112548828,19.81651689403869,19.16071762308186,19.417334823689632,50498800
2002-01-18,19.09229278564453,19.559905523750245,18.90980987201147,19.132210787041267,51643600
2002-01-22,18.077220916748047,19.1550106857356,17.99738387215699,19.132199790800062,52957100
2002-01-23,18.50492286682129,18.59616430797545,18.031607482952655,18.054417299399308,49429000
2002-01-24,18.932615280151367,19.16071776824518,18.567649558907426,18.772941145581672,53902500
2002-01-25,19.206342697143555,19.48006703262838,18.676001117339318,18.74443165736861,35832800
2002-01-28,19.343202590942383,19.565605639291668,19.00104773641158,19.29188132059352,29919400
2002-01-29,18.636083602905273,19.559903530974253,18.53343670252342,19.326097185741745,44733000
2002-01-30,19.308984756469727,19.326091843348483,18.510620679832176,18.74442696043263,47008900
2002-01-31,19.981887817382812,20.044616692909596,19.57130039601967,19.73667612688724,63035000
2002-02-01,19.770885467529297,19.998990018226174,19.42302918199757,19.85642521788218,39369800
2002-02-04,19.377416610717773,19.74808613791721,19.194933753582827,19.74808613791721,38594200
2002-02-05,19.286123275756836,19.622774634702697,19.057886431318952,19.28612327575684,40974500
2002-02-06,18.783992767333984,19.286117148200933,18.56146098963384,19.2689999888849,51612200
2002-02-07,18.435935974121094,19.00082413429491,18.316109300059825,18.715526468084327,46596000
2002-02-08,18.55575180053711,18.601398273943268,17.905272685481687,18.55004463095669,60722800
2002-02-11,19.154882431030273,19.189118929735603,18.32751888049406,18.39599187790472,37651700
2002-02-12,18.81252670288086,19.103529332151105,18.6242292194456,18.892409692223744,37593400
2002-02-13,19.04647445678711,19.229064804858456,18.86388410871576,18.943767113915893,36786800
2002-02-14,19.023643493652344,19.599943670919846,19.00652633468484,19.189116619164515,44874100
2002-02-15,18.424524307250977,19.211944320215807,18.230521801886773,19.06929548323179,47587600
2002-02-19,17.882457733154297,18.356050725300083,17.791162567400384,18.11069564753908,44224000
2002-02-20,17.93950843811035,18.02509747680716,17.089321955517853,17.973743835924342,63430900
2002-02-21,16.821151733398438,17.50586663255163,16.821151733398438,17.311864114069035,76409400
2002-02-22,16.84968376159668,17.174922988778214,16.644269054608582,16.838271591580803,56059600
2002-02-25,17.69986915588379,17.979460764756055,16.96380058467622,16.980918838073254,52400300
2002-02-26,17.129268646240234,17.93951389652737,16.975207676715975,17.831100500752076,61576000
2002-02-27,17.055091857910156,17.7283944342931,16.707029491722086,17.431684639899927,57714000
2002-02-28,16.290494918823242,17.180624345235483,16.261965589959985,17.180624345235483,64454700
2002-03-01,17.677047729492188,17.694165985708658,16.541562853587795,16.598622619318192,58489400
2002-03-04,18.173460006713867,18.190577168700436,17.049386601099243,17.659924468958156,57664400
2002-03-05,18.658466339111328,18.995117645847937,18.48728818816776,18.550051841416717,68035700
2002-03-06,18.80681800842285,18.87529100229931,18.333225105674877,18.73834719119443,44898700
2002-03-07,18.8182315826416,19.17770720913217,18.28187281701697,19.1206463766307,55171900
2002-03-08,19.497238159179688,19.542886822827008,18.738347627551732,18.93805508938854,70218400
2002-03-11,19.069297790527344,19.44589285531395,18.920943939839194,19.297536827977027,40275400
2002-03-12,18.823936462402344,18.84105362174467,18.43593155522472,18.527226699463693,37674800
2002-03-13,17.882457733154297,18.29328706737113,17.71698456502269,18.26475555954617,56552400
2002-03-14,17.671335220336914,18.059340180269576,17.57433398035375,17.836808371971067,39862300
2002-03-15,18.11069679260254,18.173462631148357,17.574336843643337,17.614279433469772,49693300
2002-03-18,18.04222297668457,18.401697519125815,17.825396163896936,18.219107206246193,38894600
2002-03-19,18.09928321838379,18.350345464743803,17.836809892712477,18.093577134566036,33498000
2002-03-20,17.420272827148438,17.522979054730346,17.1292691281896,17.44880215342274,51105500
2002-03-21,17.91669464111328,17.968048312169355,17.380334681374464,17.454512689932933,36841700
2002-03-22,17.454505920410156,17.808274307897893,17.380327940620734,17.74550958075749,33576400
2002-03-25,17.11785316467285,17.67133002520071,17.095028838057868,17.517270173844736,42929400
2002-03-26,17.557214736938477,17.71127570364322,17.089326842493538,17.12356225009771,37563100
2002-03-27,17.351802825927734,17.403156489520118,17.08932951274368,17.386038238881273,38028800
2002-03-28,17.351802825927734,17.831102960573894,17.334684575288886,17.58004072615825,33005100
2002-04-01,17.785451889038086,17.945218931997406,17.129267646570348,17.19773845903581,32592200
2002-04-02,17.134979248046875,17.631396607447662,17.129273163782877,17.44880626429683,37849000
2002-04-03,17.043684005737305,17.283334102209256,16.76409131958312,17.163508509811138,42763300
2002-04-04,17.454505920410156,17.505859571549326,17.089325368597294,17.146384013575137,43744800
2002-04-05,17.146385192871094,17.517272940679366,17.003736393967593,17.50586077556933,32757200
2002-04-08,17.077913284301758,17.140679100060183,16.261962032737827,16.57008394101675,45247300
2002-04-09,16.239137649536133,17.254797421024872,16.21060832700917,17.06650106270479,61982800
2002-04-10,16.695621490478516,16.769798413419775,15.982377242363357,16.347557949134526,60569500
2002-04-11,16.513019561767578,16.7983170610253,16.267663538274164,16.45025376366733,42024500
2002-04-12,16.199199676513672,16.632852220597275,16.016609360757236,16.632852220597275,40682600
2002-04-15,16.03944206237793,16.387504625255932,15.839733392207124,16.096500749576993,42941400
2002-04-16,16.838266372680664,17.0037384333263,16.535850490938095,16.5929102350078,60448200
2002-04-17,17.483036041259766,17.848217698072492,17.294739674592243,17.802570127011393,63790400
2002-04-18,17.374624252319336,17.64850968675886,17.037972997699267,17.425977907317243,45465200
2002-04-19,17.174917221069336,17.602863658031243,17.15209288870248,17.5857454087561,34806900
2002-04-22,17.15209197998047,17.24338712796291,16.849677210410132,17.08362116315564,34145800
2002-04-23,16.85538101196289,17.311856690094885,16.752673712302226,17.214855472451355,42582500
2002-04-24,16.495906829833984,17.112149590529732,16.47878858236434,16.923853221659474,38224600
2002-04-25,16.598609924316406,16.82114164331057,16.073662440072887,16.35325388115685,49886000
2002-04-26,16.045137405395508,16.809733967492868,16.033725240267078,16.79261680812419,39343600
2002-04-29,15.999490737915039,16.233434694656644,15.697074874855003,16.073667638796316,40652200
2002-04-30,16.324731826782227,16.689912469299752,15.919608599205702,15.982374430259963,45052800
2002-05-01,16.33614730834961,16.575797441670545,15.714199267063174,16.301911885967893,46014800
2002-05-02,15.902491569519043,16.672794357718196,15.845431821568395,16.26767221508452,41815600
2002-05-03,15.165900230407715,15.959598325824711,15.125930034277841,15.902497578879393,50945400
2002-05-06,14.720512390136719,15.417138244669614,14.703381844453428,15.13163568458314,44269700
2002-05-07,14.931777000427246,15.405710994765368,14.594884042982699,14.931777000427246,55914400
2002-05-08,16.547719955444336,16.59340029895212,15.457100801228918,15.554171667321116,58152400
2002-05-09,16.125186920166016,16.4735004450618,15.873944324055646,16.359298967982724,41394900
2002-05-10,15.422849655151367,16.33645813802749,15.371459103113553,16.25080649189385,43997500
2002-05-13,16.28506851196289,16.307908153552855,15.479951269732528,15.53134182469242,40695200
2002-05-14,17.215801239013672,17.33000267934472,16.770418017755013,17.08447034500692,57087400
2002-05-15,17.26719093322754,17.701154860500214,16.844647367250204,16.947428440697102,53419600
2002-05-16,17.5698299407959,17.581250305970354,17.07876512935404,17.255776433134212,37284100
2002-05-17,17.81535530090332,17.9067160079557,17.46704192457515,17.701153872535073,53195200
2002-05-20,17.2386474609375,17.586959895739675,17.084475794049684,17.472759508090405,37234800
2002-05-21,16.599109649658203,17.324286019621795,16.536298772055062,17.244345694748883,48063600
2002-05-22,16.89604949951172,16.94172988693735,16.393564148723446,16.50776566184069,41216600
2002-05-23,16.781837463378906,17.015949438274134,16.239383338982552,16.93029890169636,42332100
2002-05-24,16.365001678466797,16.55914344739225,16.216540261694067,16.43923293140591,26029600
2002-05-28,16.187990188598633,16.34216178303897,15.799706657017989,16.30790070264857,42888200
2002-05-29,15.571296691894531,15.982419637916019,15.559876337784372,15.91960877941506,35346600
2002-05-30,15.656954765319824,15.822545623832156,15.188730910698519,15.422842838009172,40982400
2002-05-31,15.771157264709473,16.233670971210238,15.651245658368971,15.942458314789604,38515500
2002-06-03,15.200156211853027,15.828260949355435,15.097375119794584,15.662670037010228,34869600
2002-06-04,15.702638626098633,15.714058988302977,14.971751781605812,14.977461962707984,49303700
2002-06-05,16.09092140197754,16.102341763595483,15.354324414204724,15.75973853879663,41646700
2002-06-06,15.417139053344727,15.74832199685234,15.245837943949919,15.702641628406665,53854700
2002-06-07,12.562111854553223,12.99036566777663,12.390810764906167,12.75625367034296,151697500
2002-06-10,12.031078338623047,12.727705318788624,11.985397970178244,12.721995136594787,67962100
2002-06-11,11.545724868774414,12.499303605989683,11.52288522687837,12.242351916852705,69932400
2002-06-12,12.32229232788086,12.333712693410364,11.420104144064041,11.482915065370314,76957400
2002-06-13,12.053918838500977,12.544982517681078,11.99110792466741,12.339421408135914,49372400
2002-06-14,12.150992393493652,12.208092048531206,11.454365275331961,11.73415772361919,50410100
2002-06-17,12.881866455078125,12.887576633093444,12.190951251800993,12.36796241385549,53044600
2002-06-18,12.57353401184082,13.127408630568397,12.567823829490317,12.642054021834992,51943800
2002-06-19,11.4714937210083,12.11101888860752,11.431523534171587,11.968267598987312,65481800
2002-06-20,10.986138343811035,11.762705653100632,10.974717980061286,11.488623457741657,76656900
2002-06-21,10.694925308227539,11.214539864363772,10.506493667970508,10.894777311919738,80815300
2002-06-24,11.037525177001953,11.39725780120769,10.500780241564467,10.517910781423964,70345000
2002-06-25,10.460807800292969,11.4086756846576,10.449387442865628,11.300185556413558,68249700
2002-06-26,10.626408576965332,10.786289357850698,9.964042541310182,9.992592369580814,84988500
2002-06-27,10.649243354797363,10.826254605210345,10.203860138332082,10.791994609122009,72620200
2002-06-28,10.432260513305664,11.03181526455544,10.340899810050564,10.68350190270444,63858200
2002-07-01,10.015430450439453,10.717766495270265,9.986879540625692,10.477944298363909,48681300
2002-07-02,9.46155071258545,10.169596634981787,9.398739827104157,9.96974470862753,77807700
2002-07-03,10.135337829589844,10.152468370112205,9.284540587545104,9.290250767719224,63562800
2002-07-05,11.157439231872559,11.197409411230646,10.620694178378656,10.677794901364084,34149100
2002-07-08,10.563592910766602,11.180278291182264,10.31806057696215,10.997556858334015,57648600
2002-07-09,10.255253791809082,10.53504732339305,10.135343211792597,10.437976387096144,53507600
2002-07-10,9.598592758178711,10.437970718906318,9.575753126861864,10.426550358695147,73848000
2002-07-11,10.420841217041016,10.449391031308476,9.42729265087608,9.558623539075361,89828400
2002-07-12,10.272380828857422,10.780574980287986,10.112499021066522,10.73489461936283,74887900
2002-07-15,10.917613983154297,10.934743432838058,9.952615413472987,10.30092874511476,79892000
2002-07-16,10.483656883239746,11.106052701460342,10.358035029477655,10.59785728135262,98863000
2002-07-17,11.100343704223633,11.351585260379942,10.740609743421757,11.02040221898643,96553800
2002-07-18,10.957584381103516,11.277346821471676,10.849093144706929,10.997554550011358,57109500
2002-07-19,10.649243354797363,11.111757113859634,10.563592820023706,10.677794259125676,62042100
2002-07-22,10.426557540893555,10.963302860388142,10.420847356854583,10.546468138393212,77366100
2002-07-23,10.169598579406738,10.700633395014073,10.141048765514004,10.506491611047831,71030900
2002-07-24,10.67779541015625,10.689214684012896,9.724216884910827,9.849837610179978,83101300
2002-07-25,9.981171607971191,10.677798716933594,9.764190090017944,10.42655609948292,80606500
2002-07-26,10.169598579406738,10.392291266371304,9.718505203089117,10.095368409822274,57020100
2002-07-29,10.78628158569336,10.79199176505419,10.278087602738342,10.466519165224332,55085100
2002-07-30,10.831966400146484,10.91190785507219,10.42084311850809,10.603564577014044,60407100
2002-07-31,10.729186058044434,10.831966058381818,10.28380170015936,10.803416239805728,54030300
2002-08-01,10.026845932006836,10.763442789952485,9.969745223086909,10.68921154162495,55134100
2002-08-02,9.541495323181152,10.026849907792222,9.4330051312314,10.026849907792222,55576300
2002-08-05,9.078425407409668,9.724434329033498,9.044123812322894,9.535776919069633,59625800
2002-08-06,9.793039321899414,10.250391513877748,9.244218000018659,9.335688220332118,83272800
2002-08-07,10.130337715148926,10.376164378684114,9.507196062600585,10.284694144402817,71381700
2002-08-08,10.50765323638916,10.530521341323388,9.735873231850395,10.056019068050762,60914400
2002-08-09,10.210371971130371,10.439047489267654,10.073166660248,10.244673026248241,45576200
2002-08-12,10.021716117858887,10.067451228721902,9.718720326884508,9.83305864924757,35477300
2002-08-13,9.547209739685059,10.284688214680056,9.541492717037276,9.947391511334796,48730600
2002-08-14,10.45620346069336,10.47335345108151,9.558649859588984,9.672988217429822,55038600
2002-08-15,10.639135360717773,10.747755513410459,10.30183867719509,10.484779029530678,51558800
2002-08-16,10.719175338745117,10.873531725321662,10.2789742764687,10.324709380964244,54921500
2002-08-19,11.12507438659668,11.222261621102065,10.541952069975276,10.639139304480661,51720400
2002-08-20,10.844944953918457,11.045036414555334,10.719173708289064,10.965000266464878,45347100
2002-08-21,11.199393272399902,11.245128371959241,10.747758210141981,10.993584779177478,57883400
2002-08-22,10.947846412658691,11.147937822425341,10.799207110843765,11.107919758554104,55744000
2002-08-23,10.267536163330078,10.770623204044567,10.227518099039022,10.770623204044567,48371600
2002-08-26,10.364725112915039,10.416177230117148,10.067447546249213,10.34757513412144,46069000
2002-08-27,9.821624755859375,10.26754182129588,9.804473680107558,10.238957785453927,60623500
2002-08-28,9.627248764038086,9.970262592932803,9.587230683909034,9.781605150602344,55663700
2002-08-29,9.79875659942627,9.97598110995928,9.438592733964114,9.478610820080902,50516700
2002-08-30,9.530062675476074,9.764455250454496,9.518628625376875,9.655833955334169,32857100
2002-09-03,9.06699275970459,9.432874134530016,9.061276280645858,9.415723061737497,58140400
2002-09-04,9.20991325378418,9.244214300070153,8.906917588761381,9.038406386738412,66790200
2002-09-05,8.638225555419922,9.049842024504947,8.592490452766633,9.038408521444339,86969600
2002-09-06,9.27280330657959,9.461460798148845,9.209918202997295,9.375707591146671,77957400
2002-09-09,9.192764282226562,9.341403637249943,8.969805249691492,9.164180252203579,51444400
2002-09-10,9.415722846984863,9.512910076437398,9.204198406089315,9.255650532882472,57279400
2002-09-11,9.501474380493164,9.741583872864053,9.478606290548058,9.564359447021117,45864800
2002-09-12,8.975520133972168,9.364268410700655,8.958369611006058,9.352835455663643,48750200
2002-09-13,9.164183616638184,9.261370880971747,8.941224502248428,8.975525568951083,44670900
2002-09-16,8.975520133972168,9.227063136561188,8.884049951212523,9.141309976525346,41224000
2002-09-17,8.901202201843262,9.347120247154221,8.861184125419998,9.2384989751405,55756400
2002-09-18,8.7354097366333,8.946934648894379,8.575336933204289,8.701108694215419,51894800
2002-09-19,8.563901901245117,8.889765037864333,8.518166819825783,8.58676998715996,56278400
2002-09-20,8.518170356750488,8.678243753389193,8.472435256340972,8.638225131626815,76653900
2002-09-23,8.077971458435059,8.420984778573342,8.060820928729521,8.4152682988085,62986100
2002-09-24,8.19802474975586,8.575339605149574,7.946481149356442,8.003650298139604,84156500
2002-09-25,8.689678192138672,8.855468085287173,8.249477666967326,8.323797349441545,72720800
2002-09-26,8.66109561920166,8.969807924266922,8.420985988016946,8.941223885720884,72311200
2002-09-27,8.358097076416016,8.741128931594227,8.283777405762965,8.569622041256832,65195700
2002-09-30,7.940767288208008,8.169442868309616,7.814995446549328,8.146575310299456,76123100
2002-10-01,8.38668155670166,8.403832081985026,7.9178965341169425,8.032234278014998,68218600
2002-10-02,8.17516040802002,8.695397794358504,8.140858796245718,8.443854640434242,78381500
2002-10-03,7.9121809005737305,8.340947924418069,7.889313347776917,8.169441005839241,61416800
2002-10-04,7.8378586769104,8.192305902963763,7.7692560407586475,8.089401676133491,65440500
2002-10-07,7.900745391845703,8.15228897134139,7.797841695875072,7.8492932712577055,56912400
2002-10-08,7.557735919952393,8.055105757519131,7.483416213850838,8.026521171294588,85399200
2002-10-09,7.6949381828308105,7.895029660672109,7.403376502046777,7.431961076767736,81753200
2002-10-10,8.10655689239502,8.243762234909788,7.712090851158098,7.712090851158098,83505000
2002-10-11,8.701108932495117,8.718259454173724,8.089401177102044,8.226606986146672,77757500
2002-10-14,8.632506370544434,8.683957935997288,8.346661795959587,8.529602149228205,48236600
2002-10-15,9.444303512573242,9.461453486473712,8.643938503172617,9.112723356898082,109131100
2002-10-16,7.740670204162598,8.072249830491755,7.672067579253654,7.7349531824522195,155210300
2002-10-17,8.135138511657715,8.169440109692955,7.95219810935085,8.12942203298968,103266700
2002-10-18,8.266630172729492,8.289497730868492,7.826428997046756,8.140858330362198,73323700
2002-10-21,8.832599639892578,8.878334740607194,8.089403435471965,8.129422057501309,87945600
2002-10-22,8.643940925598145,8.84403237032432,8.426698956959969,8.489585119979507,74188700
2002-10-23,9.238500595092773,9.307103802712662,8.586775029553298,8.61535906332184,91799700
2002-10-24,8.935501098632812,9.524340745348631,8.901199511206201,9.347117421725972,86356300
2002-10-25,9.484326362609863,9.490043386934383,8.912637015088647,8.9698056227175,69819200
2002-10-28,9.61009407043457,9.878788662205807,9.455738832433138,9.793034419481076,85986500
2002-10-29,9.37570571899414,9.678701486337848,9.175614215669464,9.54721318916285,79050400
2002-10-30,9.713003158569336,9.935961684439055,9.369989286946739,9.478610582549619,80766700
2002-10-31,9.89022445678711,10.010279776836555,9.615813854403813,9.781604274850475,77160500
2002-11-01,10.461910247802734,10.564814461782834,9.667262736039321,9.775883971952808,85017800
2002-11-04,10.730606079101562,10.993582576269509,10.53623167232066,10.78777521469781,80962600
2002-11-05,10.501687049865723,10.742052677684061,10.13541494126356,10.507410170953507,71532500
2002-11-06,10.959527969360352,11.005311855463138,10.438735855600921,10.581810636118872,81286600
2002-11-07,10.55319595336914,10.919467036524605,10.415844297185842,10.690547609552441,66486000
2002-11-08,10.387229919433594,10.805008059690326,10.329999783004464,10.513136437892488,49747500
2002-11-11,9.923666954040527,10.392952063743133,9.883606189784054,10.278491801661248,40879200
2002-11-12,10.181201934814453,10.478796649549146,10.01523466498211,10.026680909434123,54639500
2002-11-13,10.370059967041016,10.433012124524767,10.032403417398239,10.083910422704689,65938300
2002-11-14,10.993865013122559,11.039649988309193,10.644763309915572,10.7992843264488,64924500
2002-11-15,10.759222984313965,10.827899358782735,10.358614256563623,10.576087441162501,73472600
2002-11-18,10.616148948669434,10.976698029640286,10.576088182244677,10.919467895501766,52772600
2002-11-19,10.387229919433594,10.633318741977002,10.30710838337725,10.478797701090574,51321400
2002-11-20,10.959527969360352,10.970974213779535,10.347168083395347,10.438735855600921,64934300
2002-11-21,11.56616497039795,11.657733836056025,11.07398845758938,11.102602977650424,90938900
2002-11-22,11.474595069885254,11.669176826648314,11.222784283605575,11.337243434212583,59559700
2002-11-25,11.720685005187988,11.766468888349898,11.388751579370663,11.474596223852512,53680200
2002-11-26,11.560440063476562,11.8465895591906,11.445979828561468,11.737852445178628,70854100
2002-11-27,11.961050033569336,12.075510281221678,11.6749005060123,11.772191389044645,50910900
2002-11-29,11.949603080749512,12.189968713283998,11.78936005344236,12.127016563230654,20667400
2002-12-02,12.046894073486328,12.642085585114918,11.886651044643067,12.521902221908705,83017000
2002-12-03,11.62339973449707,11.966779569950443,11.531831923919425,11.961056445342539,53659700
2002-12-04,11.257125854492188,11.474599080763623,11.0453746599135,11.102604801008347,75039800
2002-12-05,10.85079288482666,11.531829274668418,10.805008990055946,11.486045379897705,87944700
2002-12-06,10.707714080810547,10.885127561958901,10.518855448921771,10.650485052387204,71640400
2002-12-09,10.118249893188477,10.587535056161059,10.09535740154392,10.558920533179446,71922900
2002-12-10,10.37578296661377,10.587534129496248,10.141140405664366,10.204093660602885,58576400
2002-12-11,10.392950057983398,10.536024812186444,10.164030669573272,10.267044667251266,55585900
2002-12-12,10.410125732421875,10.633322134984178,10.272774016108581,10.536031199482126,54295800
2002-12-13,10.061017990112305,10.301383652329617,10.049571746298648,10.215539006874982,53468200
2002-12-16,10.427285194396973,10.438731433967764,10.072460500290346,10.123967486785418,51245600
2002-12-17,10.23843002319336,10.478795676495706,10.158308502617194,10.410120399308664,52191400
2002-12-18,9.803483009338379,10.07246428238388,9.740530851208195,10.038126642351608,54053300
2002-12-19,9.729084968566895,10.003788282172215,9.528780059722788,9.717638724273188,59466800
2002-12-20,9.7348051071167,9.963724464960189,9.700467476333575,9.820649729861307,69088400
2002-12-23,9.849266052246094,9.958003176566496,9.63179289517909,9.648962259516145,35447500
2002-12-24,9.603184700012207,9.814934875000247,9.603184700012207,9.740536430387442,21515900
2002-12-26,9.551671028137207,9.866435055101057,9.517332300721186,9.666130178135987,29989200
2002-12-27,9.38570499420166,9.63751690310499,9.322752835656255,9.488719006551836,31252300
2002-12-30,9.019434928894043,9.471550699495415,9.007988683670204,9.408598533912352,56796600
