Price,Close,High,Low,Open,Volume
Ticker,MSFT,MSFT,MSFT,MSFT,MSFT
Date,,,,,
1995-01-03,2.2876806259155273,2.337567594212955,2.2853051940858427,2.337567594212955,39545600
1995-01-04,2.3043105602264404,2.3090614254353095,2.26154987347162,2.2900568046498337,51611200
1995-01-05,2.2663004398345947,2.3185628367409583,2.25679813312664,2.313811973374368,39824000
1995-01-06,2.3043105602264404,2.328066046220785,2.271052183864358,2.2758036290482266,46681600
1995-01-09,2.2900569438934326,2.3185638768049692,2.2710523219524084,2.3138130113072304,46000000
1995-01-10,2.3185644149780273,2.337569041330306,2.299559788625748,2.3043112352014026,42184000
1995-01-11,2.332817316055298,2.347070490585546,2.30906125187161,2.3233150063768138,31512000
1995-01-12,2.328066110610962,2.361324487892912,2.318563799955407,2.328066110610962,26996800
1995-01-13,2.385080099105835,2.3945824102576507,2.3518223000620013,2.3565731656503863,41307200
1995-01-16,2.437343120574951,2.451596297432966,2.394582430050804,2.4040847412811646,74648000
1995-01-17,2.4563465118408203,2.4753511247758566,2.446844205373302,2.461097375087199,73932800
1995-01-18,2.472975015640259,2.4801020356150443,2.44209280901558,2.4658488656276307,50504000
1995-01-19,2.4135870933532715,2.470600961700199,2.411211660499248,2.4515963389178896,67108800
1995-01-20,2.3423192501068115,2.4135862712791987,2.3280654978874162,2.389830790880024,82388800
1995-01-23,2.3874552249908447,2.394582102432303,2.2995590031294335,2.3185636229900073,53843200
1995-01-24,2.357166051864624,2.3993325343774194,2.356571867757362,2.3945810914308683,36739200
1995-01-25,2.3470699787139893,2.3660745939262484,2.3185630558956007,2.342319114898339,52459200
1995-01-26,2.2758028507232666,2.318562942879129,2.271051407164393,2.313812079295056,80836800
1995-01-27,2.2758028507232666,2.290056021450287,2.271051407164393,2.285305157866214,58376000
1995-01-30,2.242544651031494,2.2853053263140084,2.2377937870972393,2.2853053263140084,55164800
1995-01-31,2.2567989826202393,2.2710521580598972,2.2140382963512804,2.24729667233547,59945600
1995-02-01,2.2472965717315674,2.3090612958300736,2.2419509424606976,2.2567988815909503,66705600
1995-02-02,2.242544651031494,2.256798402783947,2.2187891714105317,2.2330423431881403,46312000
1995-02-03,2.285305976867676,2.2995591527027086,2.252047599960917,2.261549910509275,60332800
1995-02-06,2.313812732696533,2.3233150425228537,2.2853058032175717,2.2853058032175717,48345600
1995-02-07,2.3185644149780273,2.3233158615536817,2.3043112352014026,2.3090621018018878,33152000
1995-02-08,2.3518226146698,2.3565734808937173,2.318564231201883,2.3280665436248413,49150400
1995-02-09,2.3518226146698,2.3755781057396343,2.347071168470759,2.3613249270927583,42398400
1995-02-10,2.356572389602661,2.380328449646567,2.3375677735574785,2.356572389602661,49862400
1995-02-13,2.356572389602661,2.3850793136704356,2.3423192175562018,2.356572389602661,38160000
1995-02-14,2.3518226146698,2.366075793316676,2.3375688560478,2.3613249270927583,31121600
1995-02-15,2.3090603351593018,2.332816389911678,2.2663002485696406,2.2853048603816513,147001600
1995-02-16,2.313812732696533,2.3233150425228537,2.2900566681432495,2.313812732696533,56744000
1995-02-17,2.294808864593506,2.3138134904701593,2.2900574181367648,2.3090620440134186,37824000
1995-02-21,2.271052360534668,2.309061605062445,2.261550049402724,2.2995592939305007,55392000
1995-02-22,2.337568759918213,2.3565733839825884,2.266301709664354,2.271052575692898,60902400
1995-02-23,2.3423192501068115,2.3613238664160963,2.3185631897327736,2.3280654978874162,59939200
1995-02-24,2.328066110610962,2.351822177237357,2.328066110610962,2.332817555926247,34177600
1995-02-27,2.3470699787139893,2.3565722863201186,2.32331449968608,2.3328168072922097,28592000
1995-02-28,2.3945817947387695,2.4040841034480502,2.347070251192365,2.351821695534454,52544000
1995-03-01,2.4040842056274414,2.4325911329668974,2.3850795874011377,2.3993333410583264,52032000
1995-03-02,2.4230880737304688,2.4230880737304688,2.3993325982891096,2.4040834613874846,26038400
1995-03-03,2.41833758354187,2.4278398911786265,2.3993329682683577,2.41833758354187,31776000
1995-03-06,2.444467782974243,2.446843939307503,2.389830106701985,2.404083274866016,45156800
1995-03-07,2.48366641998291,2.509204462542571,2.4420940964606612,2.44684554227789,91750400
1995-03-08,2.6036317348480225,2.6083831776361937,2.4991063732300365,2.4991063732300365,140096000
1995-03-09,2.579876661300659,2.6131344460815713,2.541867432994018,2.6036321390049113,58238400
1995-03-10,2.6060078144073486,2.613134835765059,2.527614059321839,2.579877046024582,44324800
1995-03-13,2.622636079788208,2.6487677075270453,2.5941291658774666,2.6083829128201614,34550400
1995-03-14,2.7271623611450195,2.7366646690235736,2.632139282359479,2.636890726286179,78643200
1995-03-15,2.6796507835388184,2.7319137661129873,2.6748999196547145,2.7271623222540455,57294400
1995-03-16,2.6653976440429688,2.67965081584194,2.6463930283277777,2.660646200126749,47510400
1995-03-17,2.658271551132202,2.727163009646226,2.655895973597667,2.6796514589555254,59868800
1995-03-20,2.70340633392334,2.7176595028670967,2.6606456671426124,2.665397110107017,37772800
1995-03-21,2.6772758960723877,2.717660420018771,2.6749003187821616,2.708158110857866,74772800
1995-03-22,2.696279525756836,2.69865481218866,2.6558947266307733,2.679650200835219,52464000
1995-03-23,2.765172243118286,2.7841768633459036,2.708158382435435,2.7129098274798307,105286400
1995-03-24,2.8079326152801514,2.8174349243335954,2.7794256881198196,2.784176552659083,65683200
1995-03-27,2.7746737003326416,2.807932065495264,2.760420529530664,2.7651713931397217,61008000
1995-03-28,2.7984299659729004,2.8126831378326016,2.769923042278651,2.769923042278651,47603200
1995-03-29,2.746166944503784,2.812683098868928,2.739039923691528,2.798429927206674,65763200
1995-03-30,2.7414159774780273,2.765171456013068,2.67489982561517,2.755669148604088,75011200
1995-03-31,2.70340633392334,2.741415557739663,2.6796502790507737,2.7271618088211773,63080000
1995-04-03,2.6606459617614746,2.7129089402834716,2.6416413477488927,2.698655189786639,65617600
1995-04-04,2.6558942794799805,2.717658965992503,2.6511428374542247,2.6701474456080185,66689600
1995-04-05,2.6844022274017334,2.6844022274017334,2.613134629341368,2.655895304172555,65792000
1995-04-06,2.6606459617614746,2.6939043262708897,2.6392660609847165,2.6844020192645988,35414400
1995-04-07,2.646392583847046,2.689152672036938,2.641641140728865,2.670148059513709,43148800
1995-04-10,2.696279525756836,2.708157117865381,2.6368901152773323,2.6416409781283368,43169600
1995-04-11,2.7414159774780273,2.74200958170368,2.703406747842109,2.722411362660068,43624000
1995-04-12,2.722411870956421,2.784176590659353,2.689153498827976,2.741416489322696,40430400
1995-04-13,2.755669116973877,2.7556691169738774,2.703406716811778,2.7271621950741474,32814400
1995-04-17,2.9409661293029785,2.9694730679716255,2.8696984926437854,2.8696984926437854,187913600
1995-04-18,2.9172096252441406,2.9457165596927806,2.8887026907955007,2.9409656939388733,75609600
1995-04-19,2.893454074859619,2.9267118743533804,2.8696980066711717,2.9124586974203552,59163200
1995-04-20,2.8601949214935303,2.921960218091304,2.812683377947126,2.9077064650399342,83913600
1995-04-21,2.8506925106048584,2.8839508798826863,2.845941646407955,2.8744485715140033,53555200
1995-04-24,2.9552178382873535,2.955812022534891,2.8554438925769805,2.864946200738676,68089600
1995-04-25,3.0407392978668213,3.0454907430072353,2.950467639948897,2.950467639948897,69371200
1995-04-26,3.0264856815338135,3.0502411638504903,3.0074810636905087,3.031236546007185,44305600
1995-04-27,2.988475799560547,3.05974281107331,2.9029550377603615,3.026485027027296,128844800
1995-04-28,3.107255458831787,3.1215092142267684,2.9884768704235727,2.9979791806952294,92104000
1995-05-01,3.1215083599090576,3.1832730697831044,3.1072546084151496,3.1120060522380637,65550400
1995-05-02,3.0241103172302246,3.126260454908536,3.0217350293644816,3.121509589189519,78099200
1995-05-03,3.073997974395752,3.0787488400255496,3.0502419063216095,3.0502419063216095,61566400
1995-05-04,3.0977532863616943,3.1642694612222213,3.0787486649729723,3.0977532863616943,66524800
1995-05-05,3.0407392978668213,3.1025046048422382,3.0359884327014015,3.0930022945364044,43707200
1995-05-08,3.035987377166748,3.054991991171001,3.007480456160369,3.035987377166748,43988800
1995-05-09,3.03361177444458,3.054992549078749,3.0074810053914813,3.0407387959851198,36748800
1995-05-10,3.012230396270752,3.054991054659379,2.997977230124286,3.045488750570197,38688000
1995-05-11,3.0930020809173584,3.097752945754658,3.0027298492591163,3.0074812940713707,38673600
1995-05-12,3.0692458152770996,3.1262596694308535,3.054992641726119,3.093001877828622,36192000
1995-05-15,3.0906245708465576,3.116756200933195,3.0359868942500206,3.06449381072197,35232000
1995-05-16,3.2260353565216064,3.2313804072577637,3.0977538488662697,3.0977538488662697,86708800
1995-05-17,3.268793821334839,3.3020521879928117,3.235536034651696,3.2402868984743605,66515200
1995-05-18,3.2165327072143555,3.297302064335917,3.2165327072143555,3.254541952912752,58326400
1995-05-19,3.24504017829895,3.2497910448096308,3.1927771668305147,3.202279479827034,45190400
1995-05-22,3.3163061141967773,3.325808423979576,3.1927760870203934,3.245039080813268,91382400
1995-05-23,3.3638176918029785,3.363817691802978,3.2699823818974574,3.3258084523475775,55516800
1995-05-24,3.3258087635040283,3.4018272495269777,3.306804141998291,3.3875740733851853,68684800
1995-05-25,3.392324209213257,3.3970756535553455,3.3115548751718182,3.340061801299661,43440000
1995-05-26,3.3258087635040283,3.392324938774109,3.306804141998291,3.389949651073403,52934400
1995-05-30,3.154766082763672,3.359065983532465,3.1405129115337767,3.3448122323277483,99612800
1995-05-31,3.218906879425049,3.221282166256417,3.078747557130027,3.164268322605861,119756800
1995-06-01,3.1975297927856445,3.254543691795415,3.188027476284016,3.230787610553658,61153600
1995-06-02,3.1595184803009033,3.197527721688132,3.140513859607289,3.1832739661804226,55556800
1995-06-05,3.221282958984375,3.2450390230056594,3.1072552436220966,3.1405136172569037,55852800
1995-06-06,3.1595184803009033,3.2693889436858616,3.159518480300903,3.2260346527285537,49036800
1995-06-07,3.1927764415740967,3.221283374088151,3.121509400276474,3.1500163327905284,64590400
1995-06-08,3.1975297927856445,3.2165344257889017,3.178525159782388,3.1975297927856445,29320000
1995-06-09,3.2260353565216064,3.264044606200947,3.1405145447430898,3.1832746606447864,81214400
1995-06-12,3.1832728385925293,3.221282066516022,3.1642682246307827,3.2165312030129813,45832000
1995-06-13,3.188025712966919,3.221283512339834,3.1690210904752383,3.197528024212759,37691200
1995-06-14,3.1856510639190674,3.1975295385771183,3.1452665119854673,3.1690225913385794,43096000
1995-06-15,3.2260353565216064,3.230786222743962,3.1880261068422655,3.1927769730646216,43912000
1995-06-16,3.306802988052368,3.3258076029262322,3.226033664825855,3.2307845285569115,92278400
1995-06-19,3.4137043952941895,3.416674156998156,3.3020528387289545,3.316306012980654,78982400
1995-06-20,3.4730918407440186,3.4730918407440186,3.411326584737831,3.4350826308862157,56670400
1995-06-21,3.4398348331451416,3.5111024193993314,3.420830220807323,3.492097807061513,57224000
1995-06-22,3.4920990467071533,3.496849911490727,3.4445874989966816,3.4445874989966816,46296000
1995-06-23,3.4635913372039795,3.5039761436530066,3.430332971317372,3.4493375861169144,46356800
1995-06-26,3.4113290309906006,3.4635920220099554,3.401826721712075,3.458840577383227,41048000
1995-06-27,3.3020520210266113,3.4398351845645885,3.2973005774693704,3.4018259560058635,66004800
1995-06-28,3.340061902999878,3.382822003506179,3.2260341950165237,3.297301222518663,107286400
1995-06-29,3.397075891494751,3.41132906556955,3.3448128999456315,3.3448128999456315,57643200
1995-06-30,3.435084104537964,3.458839580902937,3.406577184915138,3.406577184915138,53342400
1995-07-03,3.4564669132232666,3.463593648528907,3.4350867073063447,3.454091334788053,16763200
1995-07-05,3.446962833404541,3.496849664996522,3.4350849473141998,3.4825964916755656,48547200
1995-07-06,3.5253567695617676,3.534859078913686,3.4350851207060096,3.4445874300579282,47070400
1995-07-07,3.634631633758545,3.6346316337585445,3.5253548458539297,3.5301062879246006,66699200
1995-07-10,3.758164644241333,3.7914224458843515,3.6393854555732,3.648887767467647,111982400
1995-07-11,3.66789174079895,3.7676662879843437,3.6678917407989506,3.7629148428921875,78227200
1995-07-12,3.796170234680176,3.8009210960629884,3.677391160440941,3.677391160440941,94675200
1995-07-13,3.8056743144989014,3.8579367139866885,3.729655857080444,3.8056743144989014,84811200
1995-07-14,3.9387078285217285,3.9387078285217285,3.7249055611711004,3.7344078712761286,89905600
1995-07-17,4.143006324768066,4.152508632852396,4.047983243924762,4.095494784346414,155830400
1995-07-18,3.872190475463867,4.071738926739955,3.8484344174674066,4.066987483150741,289624000
1995-07-19,3.5918729305267334,3.7534121893070362,3.363817506366306,3.6868960239269115,305092800
1995-07-20,3.653636932373047,3.7011484621830038,3.5728670417087556,3.6203785715187125,177848000
1995-07-21,3.496849298477173,3.6488862244979194,3.487346990600876,3.572867761487546,169257600
1995-07-24,3.5586130619049072,3.5633639238160297,3.5015992391238506,3.520603846717536,94811200
1995-07-25,3.6631405353546143,3.7106520819871323,3.6108775440713767,3.629882162724384,109422400
1995-07-26,3.6488869190216064,3.729656841331178,3.6061268154268005,3.7106522219612734,77470400
1995-07-27,3.66789174079895,3.710652426728401,3.6583894305896267,3.6678917407989506,52916800
1995-07-28,3.5206055641174316,3.6488864379646877,3.4968495030494924,3.6488864379646877,158468800
1995-07-31,3.4398348331451416,3.5538625071720524,3.420830220807323,3.539609337906059,101435200
1995-08-01,3.401827812194824,3.4546844245002255,3.3400630720727005,3.449339373817657,166144000
1995-08-02,3.382822275161743,3.5206060566937327,3.344813036114982,3.458840753255265,129804800
1995-08-03,3.4635913372039795,3.4730936446037504,3.3258075899198896,3.3448122047194317,113536000
1995-08-04,3.56811785697937,3.5681178569793697,3.468343307462136,3.4730947526653386,77705600
1995-08-07,3.5586130619049072,3.629880050393929,3.4873454934412877,3.5918708352065583,64273600
1995-08-08,3.553863763809204,3.6061267562056365,3.549112899032227,3.5776198276189315,43913600
1995-08-09,3.66789174079895,3.729657047147049,3.6488871203803033,3.715403291845569,144384000
1995-08-10,3.577620029449463,3.6916477502291274,3.5681177193844906,3.6868963052091512,71883200
1995-08-11,3.66789174079895,3.6726431858911064,3.5016016021232796,3.6013755693336846,97195200
1995-08-14,3.7534117698669434,3.7724163864232314,3.6393840705292133,3.682144747768297,88872000
1995-08-15,3.7391598224639893,3.777169068029188,3.6821459541161903,3.772417622346008,63267200
1995-08-16,3.7534117698669434,3.75816321399345,3.6916470560464414,3.739158597437162,38118400
1995-08-17,3.7676656246185303,3.829430340116843,3.749254611842064,3.7581633160822605,74564800
1995-08-18,3.6916468143463135,3.7914207547469756,3.686895370530894,3.78904546782039,77502400
1995-08-21,3.5918729305267334,3.7344075706270004,3.5871220658441922,3.705900642606947,110491200
1995-08-22,3.7747914791107178,3.777167636032757,3.587121480256891,3.615628403623271,94320000
1995-08-23,3.720154285430908,3.819928240531971,3.705900531859375,3.8009236224198717,111188800
1995-08-24,3.653636932373047,3.729655380068978,3.6298808774807036,3.729655380068978,95275200
1995-08-25,3.587120771408081,3.6773923875756767,3.587120771408081,3.6631392186964673,73489600
1995-08-28,3.423205852508545,3.587121230423817,3.4160797021381075,3.587121230423817,112622400
1995-08-29,3.4920990467071533,3.4920990467071533,3.3068037206488397,3.425582879912493,163929600
1995-08-30,3.5443613529205322,3.5633659714348513,3.4778451881204147,3.5301081790222577,79499200
1995-08-31,3.5158541202545166,3.5728679708532383,3.477844886522035,3.5491124897578774,38764800
1995-09-01,3.4113290309906006,3.4968498144973283,3.397075857060278,3.487347505218803,80262400
1995-09-05,3.6108763217926025,3.615627764834962,3.4303325057029728,3.454088560965293,92052800
1995-09-06,3.553863763809204,3.6678914781560237,3.534859144751401,3.6203799305115156,100265600
1995-09-07,3.5966243743896484,3.672642849092997,3.5443613830436287,3.582370620395303,93932800
1995-09-08,3.629880666732788,3.6346321094252834,3.5443599180401306,3.5633645288607214,64417600
1995-09-11,3.7106516361236572,3.720153944308385,3.6108771101965824,3.6251308624611065,77408000
1995-09-12,3.6583900451660156,3.715403915999772,3.6346345556394937,3.715403915999772,71155200
1995-09-13,3.653636932373047,3.686894713252652,3.615627708525081,3.653636932373047,61208000
1995-09-14,3.6061251163482666,3.6678898102116393,3.601373673757024,3.6536366423872773,54230400
1995-09-15,3.55148983001709,3.6251327569340894,3.5158558657148284,3.601376684070054,88316800
1995-09-18,3.496849298477173,3.5491122817842276,3.454089203021261,3.544360837858656,76827200
1995-09-19,3.5467350482940674,3.591871286993624,3.4778436270890642,3.4968482370731575,58011200
1995-09-20,3.539611339569092,3.5966252088240966,3.5206067164840897,3.553864516895308,44652800
1995-09-21,3.444587469100952,3.5372344063573378,3.439836024383669,3.4683429527625393,83836800
1995-09-22,3.4113290309906006,3.4493382681047016,3.382822103155024,3.4160804756173286,99899200
1995-09-25,3.429738759994507,3.444586695164046,3.3638167929173255,3.439835251514327,57878400
1995-09-26,3.3543150424957275,3.4920988115658673,3.349564178032055,3.435084958152342,76548800
1995-09-27,3.36857008934021,3.373320955628177,3.169021525767839,3.3448140179749815,140756800
1995-09-28,3.4778449535369873,3.4778449535369873,3.3780710030541092,3.3828218673747745,105510400
1995-09-29,3.4398348331451416,3.5253555886653247,3.4232055073621797,3.4825955008926037,95158400
1995-10-02,3.3543150424957275,3.454089575956851,3.349564178032055,3.4398358226160153,67731200
1995-10-03,3.378070116043091,3.3923232852373912,3.316304836268486,3.3495631976797515,80736000
1995-10-04,3.273545742034912,3.3495642140708473,3.2497896795362253,3.3495642140708473,73473600
1995-10-05,3.3258087635040283,3.3258087635040283,3.230785655975342,3.2687948989868167,101289600
1995-10-06,3.2640421390533447,3.3828206645341976,3.2497883912098193,3.325806833109464,76616000
1995-10-09,3.1595184803009033,3.2592924489548807,3.145264724793194,3.2260346527285537,108614400
1995-10-10,3.1832728385925293,3.1975265890512348,3.0549919843381366,3.088249768783797,157644800
1995-10-11,3.2925498485565186,3.3210567711415324,3.2307845596349094,3.2640429259715047,107009600
1995-10-12,3.3305604457855225,3.349565068643143,3.2925512000702812,3.306804377225965,78700800
1995-10-13,3.2782976627349854,3.3733207833939702,3.2687953506690866,3.363818471328072,68644800
1995-10-16,3.297301769256592,3.3210578356796634,3.2497902163854593,3.259292526959686,61067200
1995-10-17,3.4635913372039795,3.4778445083162275,3.2973006677205765,3.3163052825201187,123140800
1995-10-18,3.634631633758545,3.7486592837592108,3.6061247212583782,3.734405537521818,294329600
1995-10-19,3.6773927211761475,3.6868950279492125,3.6013742669916278,3.6203788805377575,95840000
1995-10-20,3.629880666732788,3.6821436364767597,3.606125193194398,3.6678898883739692,79984000
1995-10-23,3.6631405353546143,3.691647463334125,3.5918729254183694,3.6108775440713767,93473600
1995-10-24,3.705900192260742,3.7296562527113846,3.6631400954143967,3.6631400954143967,68681600
1995-10-25,3.644136667251587,3.715403711891128,3.6441366672515874,3.7106528462368504,60211200
1995-10-26,3.724905490875244,3.729656935825581,3.6251315266428574,3.639384701543925,82841600
1995-10-27,3.8009226322174072,3.806267679668963,3.7011487031090837,3.705899566411972,130683200
1995-10-30,3.9054489135742188,3.929204975542048,3.7439096641076453,3.772416590484099,125464000
1995-10-31,3.8009226322174072,3.929204061042128,3.7914203256368637,3.9149503111839294,91958400
1995-11-01,3.7391598224639893,3.8389338020851063,3.734408376780809,3.8056760022030875,72819200
1995-11-02,3.8009226322174072,3.815176382075606,3.7344064861536026,3.7486602360118013,63504000
1995-11-03,3.781919479370117,3.805675544981797,3.7534125486210965,3.800924099869465,40635200
1995-11-06,3.7011497020721436,3.7581635569437943,3.682145083781593,3.686895948366769,87729600
1995-11-07,3.534860372543335,3.7011511370457164,3.5301095061162,3.6678927521551805,115921600
1995-11-08,3.62037992477417,3.629882234288013,3.5491128934078207,3.5681175124355065,71280000
1995-11-09,3.762913227081299,3.7635074112017306,3.648885553533381,3.667890165791367,99814400
1995-11-10,3.682145357131958,3.762914700875386,3.672048862928111,3.743910081173995,60819200
1995-11-13,3.660764455795288,3.696398406513937,3.6512621462669745,3.6726429226806268,59003200
1995-11-14,3.5728702545166016,3.6488887705701467,3.5681193872508805,3.644137903304425,75657600
1995-11-15,3.5728702545166016,3.5966263307709596,3.492100871197336,3.5871240162642666,108686400
1995-11-16,3.416081666946411,3.4909117986362315,3.406579354354036,3.439837158439782,195126400
1995-11-17,3.321056604385376,3.4445865960511086,3.3210566043853755,3.4208305384356854,143803200
1995-11-20,3.268793821334839,3.397075264194406,3.2592915137146794,3.3590660337137686,115296000
1995-11-21,3.344813585281372,3.3733205192468385,3.202278915454041,3.264044229033413,130163200
1995-11-22,3.321056604385376,3.401825924333265,3.3163051608723726,3.3590658325902165,65428800
1995-11-24,3.344813585281372,3.3543158966031945,3.3210580969643453,3.3305604082861673,15014400
1995-11-27,3.3163061141967773,3.4018269022419667,3.312148853666803,3.3685691079896523,79100800
1995-11-28,3.4778449535369873,3.4778449535369873,3.2877987812125617,3.306803398445004,86537600
1995-11-29,3.4113290309906006,3.515854433054379,3.3923244124335494,3.4920989498455315,91067200
1995-11-30,3.3115546703338623,3.411328615622293,3.302052362212352,3.401826307500782,93512000
1995-12-01,3.2782976627349854,3.340062981150876,3.2640444846236885,3.3115560449531807,96124800
1995-12-04,3.340061902999878,3.406578065990168,3.2402873685269857,3.273545740009588,130436800
1995-12-05,3.268793821334839,3.349563726093609,3.235536034651696,3.3400614184734496,104528000
1995-12-06,3.444587469100952,3.4588406433029157,3.268794454110448,3.273545898827731,145272000
1995-12-07,3.4398348331451416,3.496848670158597,3.3774759489116746,3.4635908885547853,132876800
1995-12-08,3.5918729305267334,3.5966243751842097,3.505757962145354,3.5206059004640675,147041600
1995-12-11,3.539611339569092,3.601376074607812,3.534859893810306,3.591873763065311,61924800
1995-12-12,3.4730918407440186,3.539607957995174,3.463589538279568,3.534856516775691,44739200
1995-12-13,3.48734712600708,3.50160087836239,3.4398355847808255,3.4635916453813866,39577600
1995-12-14,3.373319625854492,3.5538634931537465,3.3685687614393314,3.506351949127627,92822400
1995-12-15,3.359065055847168,3.4113274425563835,3.3163043940172083,3.38757197040892,115470400
1995-12-18,3.306802988052368,3.382821447547825,3.245038279699719,3.3590659689429043,99460800
1995-12-19,3.454089641571045,3.459434690430098,3.3210573144123923,3.3210573144123923,84340800
1995-12-20,3.3115546703338623,3.473093908399542,3.3068032262856764,3.4635916002780314,84980800
1995-12-21,3.420830488204956,3.4208304882049556,3.321056555619705,3.335309725999832,60593600
1995-12-22,3.4398348331451416,3.454088582385876,3.387572439203512,3.4255816638791483,36057600
1995-12-26,3.4303336143493652,3.468342851073458,3.416080440565293,3.4303336143493652,34707200
1995-12-27,3.378070116043091,3.444586258890883,3.3590655038008648,3.43508395276977,40539200
1995-12-28,3.321056604385376,3.363816696128424,3.3163051608723726,3.3543143890772136,49777600
1995-12-29,3.3353114128112793,3.3733206596809233,3.278297542506813,3.316306789376457,52342400
1996-01-02,3.4113290309906006,3.4113290309906,3.321057382832075,3.340062001389126,57779200
1996-01-03,3.3020520210266113,3.425582013842467,3.2973005774693704,3.387572785283742,62857600
1996-01-04,3.321056604385376,3.325807467923583,3.2260335338732733,3.3163051608723726,102353600
1996-01-05,3.283048391342163,3.330559941289409,3.2735460813527144,3.2782969463599514,62083200
1996-01-08,3.2782976627349854,3.330560669084978,3.273546796689587,3.2877999748008837,11377600
1996-01-09,3.047865867614746,3.268794259403861,3.035987981497726,3.268794259403861,177424000
1996-01-10,3.1310110092163086,3.1642687997062535,3.0591492196384733,3.059743403920161,181571200
1996-01-11,3.2925498485565186,3.3020521560848564,3.159517543159787,3.1737707144648817,116617600
1996-01-12,3.2592923641204834,3.302053049555619,3.1880253283618996,3.2877992944189134,80544000
1996-01-15,3.1357617378234863,3.2640431898127917,3.112006257069835,3.2640431898127917,84572800
1996-01-16,3.283048391342163,3.2872050719875725,3.1642692264865615,3.1785229814582228,122006400
1996-01-17,3.2260353565216064,3.325809346942314,3.216533044101771,3.221283910324127,143078400
1996-01-18,3.3305604457855225,3.3780720029295734,3.2307858857954836,3.249790508653104,121331200
1996-01-19,3.4920990467071533,3.5443614592011987,3.406578260828304,3.4303337446960662,227440000
1996-01-22,3.496849298477173,3.525356222106063,3.454089203021261,3.482596126650151,82643200
1996-01-23,3.401827812194824,3.487348623115923,3.3923254998702577,3.4730954446166318,66473600
1996-01-24,3.4683423042297363,3.515853842643842,3.401826150449988,3.416079901961637,92217600
1996-01-25,3.397075891494751,3.4825966758683604,3.3828221374450136,3.473094366493515,59881600
1996-01-26,3.4398348331451416,3.454088582385876,3.382820996131686,3.387572439203512,50881600
1996-01-29,3.435084104537964,3.4683418874438794,3.3964806942280044,3.449337274361995,39587200
1996-01-30,3.451714038848877,3.473094817694865,3.4445878858668975,3.45409019647622,45120000
1996-01-31,3.5158541202545166,3.5206055644585166,3.4255824801273134,3.449337961222674,68774400
1996-02-01,3.577620029449463,3.582370894494459,3.496850103909711,3.5063524139746827,78587200
1996-02-02,3.534860372543335,3.577621070263288,3.5016025676279474,3.572869623861005,44686400
1996-02-05,3.6916468143463135,3.6963976781869015,3.5253561403787668,3.5253561403787668,126480000
1996-02-06,3.66789174079895,3.7059009816362454,3.6346339450538117,3.6678917407989506,98158400
1996-02-07,3.682145357131958,3.6916476669826537,3.6292881786124984,3.648886982667041,65555200
1996-02-08,3.758164644241333,3.781920133989905,3.629883143678753,3.67264383719131,103924800
1996-02-09,3.8056743144989014,3.8104251781001532,3.7439090278590035,3.7534113350363105,122832000
1996-02-12,3.781919479370117,3.8436847859804915,3.7676663039831024,3.791421789619791,87779200
1996-02-13,3.786669969558716,3.8104254492047396,3.705900062817577,3.7154023706709554,114513600
1996-02-14,3.7534117698669434,3.8056747553841714,3.739158597437162,3.8056747553841714,80212800
1996-02-15,3.7439076900482178,3.7676637394901364,3.715400778702673,3.7439076900482178,52195200
1996-02-16,3.720154285430908,3.7724166952517226,3.720154285430908,3.753412077139623,62206400
1996-02-20,3.7154018878936768,3.7439088077496385,3.6821441047157726,3.696397274656369,64182400
1996-02-21,3.796170234680176,3.805672537420333,3.7058980686614134,3.715400371401571,80046400
1996-02-22,3.8959474563598633,3.900698901781963,3.8009243476681593,3.8009243476681593,106500800
1996-02-23,3.933954954147339,3.9387063974609897,3.872190250893281,3.9006971708508704,102640000
1996-02-26,3.8246774673461914,3.92445136459435,3.819926025585784,3.914949061048117,63696000
1996-02-27,3.8056743144989014,3.8318050792616924,3.7908263795595554,3.8294297924547673,60958400
1996-02-28,3.8056743144989014,3.876941328341303,3.796172007321594,3.8294297924547673,60051200
1996-02-29,3.7510361671447754,3.805674435146434,3.746284433430679,3.7629137615055512,61723200
1996-03-01,3.629880666732788,3.748659774348827,3.5966228877841027,3.739157468938531,157652800
1996-03-04,3.6583900451660156,3.7011507382788755,3.6298831097491377,3.6488877333603895,72564800
1996-03-05,3.7296574115753174,3.735002461590332,3.6393851657786636,3.648887476916467,57369600
1996-03-06,3.6868953704833984,3.7581629678899526,3.6868953704833984,3.7344069087628236,44256000
1996-03-07,3.6987736225128174,3.710652089168871,3.672642851789292,3.6916474704790816,44291200
1996-03-08,3.615628957748413,3.7059006055894086,3.601375203893297,3.6298821316286003,108524800
1996-03-11,3.66789174079895,3.6726431858911064,3.6156293246351643,3.6156293246351643,74592000
1996-03-12,3.6393849849700928,3.672643362287615,3.6013757423072197,3.6583896063015295,76888000
1996-03-13,3.83418345451355,3.8389343208636832,3.715404256083416,3.733814696904444,156710400
1996-03-14,3.786669969558716,3.8721907402391214,3.786669969558716,3.843683816678986,60640000
1996-03-15,3.891195774078369,3.9197027007017455,3.786670376459321,3.800923549783556,121721600
1996-03-18,4.000471115112305,4.02422717181651,3.8911948782023242,3.8911948782023242,119472000
1996-03-19,4.06223726272583,4.069363414282053,3.981467348719022,4.04323264530951,92491200
1996-03-20,3.9767162799835205,4.052734745742107,3.9428637269755327,4.0384809934249395,92944000
1996-03-21,3.8294310569763184,3.967214846532443,3.819928746661241,3.9624634013874065,66313600
1996-03-22,3.8436825275421143,3.855560408375102,3.791419561889644,3.8436825275421143,48046400
1996-03-25,3.796170234680176,3.8911932620817504,3.755784868059974,3.857934912503933,63379200
1996-03-26,3.9054489135742188,3.9102003579577453,3.7534119728997966,3.7771680348676258,79899200
1996-03-27,3.8959474563598633,3.952961321574886,3.843685036566941,3.9244543889673746,52729600
1996-03-28,3.8864433765411377,3.9339549092616894,3.8436832870800233,3.8721902067123546,54955200
1996-03-29,3.9197041988372803,3.95771344886249,3.881694948812071,3.8911972613183736,53508800
1996-04-01,3.9054489135742188,3.9339558399506727,3.881693431581291,3.920296271061955,31692800
1996-04-02,3.9767162799835205,3.9909694523258223,3.9006978142249333,3.905448678347412,54396800
1996-04-03,3.971966505050659,3.995722575570814,3.9292063900795346,3.9577133267186544,46072000
1996-04-04,3.967214345932007,3.986218964164076,3.933955974038424,3.9767166550480413,28961600
1996-04-08,3.9434587955474854,3.9482102407103423,3.8721917579046075,3.895947243793901,73753600
1996-04-09,3.862689733505249,3.9529613985322887,3.857938287990647,3.9529613985322887,66942400
1996-04-10,3.862689733505249,3.914952154315632,3.8484359769364826,3.857938287990647,51910400
1996-04-11,3.8436825275421143,3.891194050874065,3.7866686995437737,3.8579356945543744,62465600
1996-04-12,3.8436825275421143,3.8626871368748947,3.8199264758888143,3.8436825275421143,33737600
1996-04-15,3.9345507621765137,3.938708023052789,3.8389334720346793,3.8389334720346793,50102400
1996-04-16,4.000471115112305,4.009973421799032,3.9529595816786665,3.9624618883653944,80116800
1996-04-17,4.0266032218933105,4.028978508856866,3.9648376411930686,4.000471585445143,62630400
1996-04-18,4.143006324768066,4.152508632852396,4.00997401158744,4.028978627756101,133958400
1996-04-19,4.171513080596924,4.2617852937407665,4.162010772896247,4.242780678339414,169492800
1996-04-22,4.285541534423828,4.309297597883713,4.190518440534165,4.200020749923131,92758400
1996-04-23,4.280789375305176,4.304544851607017,4.233277842726732,4.285540238575639,57139200
1996-04-24,4.238030910491943,4.2997962249597395,4.228528599033441,4.295044779242956,69251200
1996-04-25,4.285541534423828,4.3235507719796935,4.190518440534165,4.238029987478996,63896000
1996-04-26,4.314047813415527,4.328301565341551,4.27128771758716,4.285540889538333,54296000
1996-04-29,4.280789375305176,4.314047158122706,4.257033319028572,4.309296294852243,34267200
1996-04-30,4.30454683303833,4.30454683303833,4.252284413132443,4.280791345801571,28441600
1996-05-01,4.375814437866211,4.380565303305275,4.280791329334643,4.2902936401878,65014400
1996-05-02,4.242781639099121,4.3805648419719265,4.223777019394254,4.375813977033193,87340800
1996-05-03,4.214273929595947,4.3520571069688865,4.185767005314491,4.276038642218338,75300800
1996-05-06,4.247533321380615,4.271289390570507,4.1667639620801555,4.219026386337792,75852800
1996-05-07,4.299794673919678,4.314047845978434,4.242780825734941,4.242780825734941,47366400
1996-05-08,4.342555999755859,4.3473074451041525,4.209523649653929,4.290293580774754,77851200
1996-05-09,4.314047813415527,4.375813105136876,4.3045455054564625,4.342554737292723,47776000
1996-05-10,4.366310119628906,4.3764060302813395,4.337803200175316,4.347305506659847,43913600
1996-05-13,4.508845329284668,4.518347637059794,4.371061576557922,4.371061576557922,95606400
1996-05-14,4.523098468780518,4.561107699610607,4.493997361438813,4.53260077648804,76832000
1996-05-15,4.470837116241455,4.5516064607346465,4.461334806302552,4.5230995309179365,56323200
1996-05-16,4.451832294464111,4.461334603972066,4.394818437416385,4.409071611690844,67092800
1996-05-17,4.447079658508301,4.485088886358799,4.423324181089134,4.480338022864882,35392000
1996-05-20,4.437580108642578,4.480340806529279,4.4328292421969175,4.4613361807963345,38457600
1996-05-21,4.375814437866211,4.442330613838308,4.375814437866211,4.437579168424216,42113600
1996-05-22,4.442330837249756,4.456584014258791,4.356810035270376,4.371063212279411,45646400
1996-05-23,4.504093170166016,4.527849225818822,4.4423284694232645,4.4423284694232645,51976000
1996-05-24,4.504093170166016,4.523097782698361,4.494590863899842,4.504093170166016,26443200
1996-05-28,4.456583023071289,4.528444236529661,4.4518321584499345,4.513596878377105,43376000
1996-05-29,4.451832294464111,4.4945923972624335,4.432827675448203,4.461334603972066,33569600
1996-05-30,4.494592666625977,4.494592666625977,4.43282794111015,4.456583426316244,33824000
1996-05-31,4.51359748840332,4.537353554645578,4.485090556897615,4.50647046553939,40259200
1996-06-03,4.499344348907471,4.542104456523217,4.48984203832897,4.513597524787715,31684800
1996-06-04,4.480337619781494,4.5183468442124095,4.418572340093888,4.508844538104681,65852800
1996-06-05,4.59436559677124,4.608618766887628,4.480337915941031,4.485088779321568,50968000
1996-06-06,4.553980350494385,4.67513505501729,4.551605063726183,4.627623519905326,88136000
1996-06-07,4.6086201667785645,4.6086201667785645,4.470836967243795,4.470836967243795,70198400
1996-06-10,4.584864139556885,4.608619620810735,4.560513894059676,4.599117312314218,45819200
1996-06-11,4.641877174377441,4.684637265106028,4.584863333422804,4.5896141968482995,65259200
1996-06-12,4.751153945922852,4.765407697748043,4.66563317489624,4.670384618829586,88844800
1996-06-13,4.736900329589844,4.784411864590871,4.703641965101728,4.755904943590254,62577600
1996-06-14,4.675137519836426,4.751156016093929,4.670386653807881,4.741653704061741,55944000
1996-06-17,4.736900329589844,4.751153500102755,4.651379566587994,4.67988648758861,57499200
1996-06-18,4.6513800621032715,4.732149390222044,4.637126310097103,4.732149390222044,74585600
1996-06-19,4.627624988555908,4.679887983752961,4.613371813486244,4.656131918670216,73409600
1996-06-20,4.627624988555908,4.655537734305345,4.523099578136781,4.63712729859401,102228800
1996-06-21,4.7083964347839355,4.717898747891496,4.618124170274526,4.651382556138571,56806400
1996-06-24,4.717896461486816,4.755905695496882,4.6751357832380505,4.713145017248116,48102400
1996-06-25,4.637128829956055,4.722649648541309,4.61337333700329,4.722649648541309,41145600
1996-06-26,4.580113887786865,4.6371277536099385,4.523100021963792,4.6323768881122,71457600
1996-06-27,4.5587310791015625,4.599115585057398,4.523097145634963,4.58011097520179,77582400
1996-06-28,4.565858840942383,4.5991166257278095,4.5278496126305825,4.580112011571909,52000000
1996-07-01,4.6490020751953125,4.656129093386789,4.565857492788032,4.5706083549368275,47862400
1996-07-02,4.622873783111572,4.660883020465111,4.608620029116528,4.651380711126726,38548800
1996-07-03,4.6038689613342285,4.670385123768548,4.584864343495852,4.622873579172605,44243200
1996-07-05,4.499344348907471,4.5658605229569735,4.499344348907471,4.5658605229569735,35331200
1996-07-08,4.572987079620361,4.589616414588284,4.489842434693461,4.504095611831981,64432000
1996-07-09,4.56110954284668,4.613372546346,4.56110954284668,4.594367923250806,35571200
1996-07-10,4.542104721069336,4.561109343333224,4.489842299831165,4.561109343333224,77980800
1996-07-11,4.352056980133057,4.499343041282186,4.323550056682404,4.494591597386323,140915200
1996-07-12,4.271287441253662,4.378188398877122,4.199425661987522,4.378188398877122,139478400
1996-07-15,4.204770565032959,4.323549096374574,4.176263647914006,4.271286704977183,111832000
1996-07-16,4.38531494140625,4.3948172483432355,4.085991982903809,4.19051735921065,182100800
1996-07-17,4.451832294464111,4.489841532495929,4.394818437416385,4.475587778246525,126208000
1996-07-18,4.5563578605651855,4.561108725500099,4.404320903048516,4.4565833172073885,98537600
1996-07-19,4.598522186279297,4.622872426789634,4.475586385270011,4.475586385270011,99208000
1996-07-22,4.551604747772217,4.618120892311686,4.480337740038735,4.599710463721173,144475200
1996-07-23,4.261786937713623,4.561109455760367,4.190519312479838,4.561109455760367,257678400
1996-07-24,4.361560344696045,4.399569585172699,4.1620118321936115,4.1620118321936115,192225600
1996-07-25,4.504093170166016,4.513595476432188,4.375812325560053,4.409070107504285,100920000
1996-07-26,4.527849197387695,4.542102366710083,4.494590835677551,4.542102366710083,59304000
1996-07-29,4.442330837249756,4.556358573222263,4.437579391596707,4.532602504907128,56748800
1996-07-30,4.508845329284668,4.513596193184811,4.413822251533409,4.48033840595929,66976000
1996-07-31,4.480337619781494,4.546853762535596,4.470835313673765,4.523097707278905,56320000
1996-08-01,4.584864139556885,4.594366448053401,4.4613341291021635,4.480338746095198,96025600
1996-08-02,4.689389705657959,4.708394323350645,4.58486430834818,4.641878161426241,109289600
1996-08-05,4.627624988555908,4.7036434688607285,4.608620368479704,4.694141158822625,55072000
1996-08-06,4.713144779205322,4.717896223204046,4.594366218910357,4.622873142978132,67388800
1996-08-07,4.74165153503418,4.755905286549756,4.6703845173808025,4.727398363493438,76790400
1996-08-08,4.760656833648682,4.784412896259138,4.7036429793534875,4.7178967329147445,54379200
1996-08-09,4.732149600982666,4.770158834725499,4.708394119880836,4.7416519094183744,44313600
1996-08-12,4.760656833648682,4.793915205308337,4.7131452884026865,4.722647597451886,66187200
1996-08-13,4.6941399574279785,4.784412169673623,4.689389093612329,4.7511538030647555,72508800
1996-08-14,4.746401786804199,4.7559040921031315,4.703641122971658,4.708392565608468,52032000
1996-08-15,4.755906105041504,4.779661588356005,4.727399177079142,4.741652351072855,35556800
1996-08-16,4.7226481437683105,4.760657384362019,4.703643523471456,4.755906519275298,47598400
1996-08-19,4.6941399574279785,4.717896016430717,4.646628419397331,4.7083937088245875,43131200
1996-08-20,4.689389705657959,4.717896632196989,4.6846382612473345,4.7036428789400215,25678400
1996-08-21,4.6941399574279785,4.6941399574279785,4.627623804185072,4.65613072700346,49345600
1996-08-22,4.751153945922852,4.755905389856197,4.694140098571777,4.717896158288815,50236800
1996-08-23,4.684637546539307,4.7511536983157265,4.684637546539307,4.746402834604819,44006400
1996-08-26,4.67038631439209,4.703644114100219,4.665634868733752,4.689390937075323,31944000
1996-08-27,4.74165153503418,4.74165153503418,4.675135381236105,4.679886825066242,28038400
1996-08-28,4.774910926818848,4.779661791693887,4.7464039976437356,4.751154862518775,32070400
1996-08-29,4.717896461486816,4.760656559760697,4.698891844481784,4.760656559760697,34182400
1996-08-30,4.656132221221924,4.7226483958108085,4.656132221221924,4.7226483958108085,28088000
1996-09-03,4.689389705657959,4.689389705657959,4.58486430834818,4.637126717015617,48524800
1996-09-04,4.689389705657959,4.6988920145043025,4.672760665176858,4.689389705657959,27126400
1996-09-05,4.6181206703186035,4.6656321998486305,4.6181206703186035,4.6656321998486305,40372800
1996-09-06,4.656132221221924,4.665634531877479,4.62287442391499,4.637127599910814,41921600
1996-09-09,4.746401786804199,4.751152649466321,4.646627291178062,4.656129596476994,41747200
1996-09-10,4.727397918701172,4.755904839075325,4.698890998327018,4.741651088900858,38904000
1996-09-11,4.755906105041504,4.770159279035218,4.69889224911678,4.710770135767764,36387200
1996-09-12,4.888936996459961,4.922194487345675,4.758279999520853,4.770157591983646,95944000
1996-09-13,4.979212284088135,4.993466334342203,4.898443199149682,4.926950139707438,80137600
1996-09-16,4.9982147216796875,5.05998031247386,4.979210102966077,4.9839618376194155,62409600
1996-09-17,5.088486671447754,5.116993596329955,5.026721087561447,5.0504774382714865,75624000
1996-09-18,5.188260555267334,5.240523833143275,5.064730542046683,5.093237468174525,86049600
1996-09-19,5.235770225524902,5.254774836143867,5.159751783049042,5.1882586989774895,75912000
1996-09-20,5.250027179718018,5.269031800893558,5.164506384428086,5.20726620209804,104849600
1996-09-23,5.235770225524902,5.250024263463815,5.1787563936680066,5.23101965284485,46385600
1996-09-24,5.202513217926025,5.259527055054258,5.174006299361908,5.226268403421379,72520000
1996-09-25,5.155004978179932,5.2405257884727305,5.145502665925176,5.226271740115484,44067200
1996-09-26,5.017219066619873,5.174007742426649,5.007716757781577,5.159753699194301,92604800
1996-09-27,5.107490062713623,5.140747553789284,4.988710657558917,5.036222187630906,98372800
1996-09-30,5.012469291687012,5.126497015934488,5.007717556535036,5.074233729012731,89574400
1996-10-01,5.021970272064209,5.08848642692632,4.974458732876987,5.007716230333199,69124800
1996-10-02,5.121744632720947,5.15975386932741,5.031473275755521,5.050477894058752,68760000
1996-10-03,5.0932393074035645,5.136000292011723,5.078986419167654,5.1217462438256,58294400
1996-10-04,5.183509826660156,5.19301213508671,5.1027396250595665,5.1169936676742775,45166400
1996-10-07,5.226269721984863,5.25002607342332,5.164505296154477,5.183509913325331,42432000
1996-10-08,5.145500183105469,5.235771525992576,5.131246141626118,5.235771525992576,48465600
1996-10-09,5.112241268157959,5.174006844867014,5.064729732208535,5.169255111297267,64955200
1996-10-10,5.083734035491943,5.174006528246476,5.069481155554119,5.083734035491944,51739200
1996-10-11,5.212016582489014,5.2167671565729625,5.102739459161532,5.116993501312821,36523200
1996-10-14,5.1930131912231445,5.250027053377744,5.183510880864045,5.221520122300444,36091200
1996-10-15,5.278533458709717,5.288035768122381,5.221519602233734,5.273781724028446,61206400
1996-10-16,5.245272159576416,5.280905801964843,5.207262941028761,5.273779073487158,36427200
1996-10-17,5.1502532958984375,5.283285668855224,5.1502532958984375,5.254778731793055,49097600
1996-10-18,5.121744632720947,5.131246941872563,5.076608664250772,5.0932377052661,69646400
1996-10-21,5.0932393074035645,5.169257804528991,5.074234683122208,5.1217462438256,71401600
1996-10-22,5.036224365234375,5.069483030640152,4.988712814618957,5.059980720517068,113806400
1996-10-23,5.112241268157959,5.1217435753478435,5.007715889069227,5.040974544208628,67443200
1996-10-24,5.1930131912231445,5.221520122300444,5.088487777273045,5.126497018709444,81417600
1996-10-25,5.185884475708008,5.2405233254681365,5.174007170946916,5.193011786524408,53084800
1996-10-28,5.1930131912231445,5.231022432659544,5.178759145709497,5.195388188837922,51240000
1996-10-29,5.145500183105469,5.2215186444628925,5.126495567766113,5.202514029123536,66756800
1996-10-30,5.17875862121582,5.207265549405999,5.1264964995087645,5.145501118302217,60526400
1996-10-31,5.216768741607666,5.221520477085078,5.174008922061329,5.183511233066079,37028800
1996-11-01,5.22152042388916,5.273782553907811,5.188261755736333,5.216768688460158,56531200
1996-11-04,5.245272159576416,5.259526196506435,5.197760636391847,5.216765245665675,36006400
1996-11-05,5.378305435180664,5.378305435180664,5.2571510282927605,5.264277758109696,86417600
1996-11-06,5.492333889007568,5.492333889007569,5.359301580277282,5.373555621901795,71438400
1996-11-07,5.454324722290039,5.554099534989703,5.440071840447054,5.50183626168281,76742400
1996-11-08,5.454324722290039,5.454324722290039,5.378306259261606,5.449574148325608,67369600
1996-11-11,5.459076881408691,5.501836690217877,5.435320529887091,5.449574572790008,38593600
1996-11-12,5.387809753417969,5.5445984479103965,5.378307443447214,5.473330543154762,81156800
1996-11-13,5.511338233947754,5.539845155847484,5.440071509173241,5.459076123773061,90409600
1996-11-14,5.687132358551025,5.6871323585510245,5.5208413756937835,5.5208413756937835,114969600
1996-11-15,5.663377285003662,5.734645196585281,5.60161284425298,5.729893461169812,104041600
1996-11-18,5.715639591217041,5.767901712093036,5.649123426497681,5.67763035423455,98585600
1996-11-19,5.924691677093506,5.924691677093506,5.7108890928118505,5.720391404114366,104739200
1996-11-20,5.824913024902344,6.005456821759023,5.824913024902344,5.929438380977263,123857600
1996-11-21,5.715639591217041,5.877178848392628,5.701385547373677,5.872427113794887,130718400
1996-11-22,5.7203898429870605,5.796408312661307,5.6776300337701935,5.729892151696341,94424000
1996-11-25,5.834419250488281,5.839170986204787,5.720391512693722,5.744147871375988,75129600
1996-11-26,5.843918323516846,5.905683893902744,5.791656219297537,5.853420629733946,108238400
1996-11-27,5.910435676574707,5.919937984736403,5.843919519442837,5.8581735616602435,44446400
1996-11-29,5.962698936462402,5.972201244600231,5.910435661729482,5.910435661729482,17152000
1996-12-02,5.995956897735596,5.995956897735596,5.900933809023463,5.986454588864382,64502400
1996-12-03,5.879552364349365,6.062471771240235,5.877177367611281,6.019711970383386,77563200
1996-12-04,5.824913024902344,5.900931465684104,5.78215323193728,5.8961808931099196,102542400
1996-12-05,5.815412521362305,5.905685027730857,5.772652715150673,5.829666563399323,74950400
1996-12-06,5.810661792755127,5.872426213406732,5.635462412926424,5.663375442055684,110238400
1996-12-09,6.214510917663574,6.224013227935231,5.9294416095138684,5.9579485403288395,94718400
1996-12-10,6.224012851715088,6.428313090181456,6.214510542017813,6.414059045660586,125725600
1996-12-11,6.338038921356201,6.357043535813041,6.090978933417278,6.15749508401622,113558400
1996-12-12,6.157495498657227,6.480573966179365,6.157495498657226,6.461569350442768,78272800
1996-12-13,6.081478595733643,6.233515560626984,6.0232769451104105,6.166999388486147,74532000
1996-12-16,5.834419250488281,6.1384932179404395,5.815414627522522,6.100483972008919,64883200
1996-12-17,6.07197380065918,6.090978413493794,5.805909220974583,5.824913833809197,68944800
1996-12-18,6.2810282707214355,6.290530582780016,6.081479717491254,6.186005150135634,61796800
1996-12-19,6.4520697593688965,6.471074383107832,6.309535081326874,6.385553576282619,94609600
1996-12-20,6.3570451736450195,6.50908212847061,6.338040554291821,6.499579818794011,90414400
1996-12-23,6.366545677185059,6.442564133032044,6.300029528318946,6.395052598127678,36892800
1996-12-24,6.4520697593688965,6.471074383107832,6.319037393196341,6.395055888152087,16246400
1996-12-26,6.499579906463623,6.54709145548748,6.4710729770493085,6.48057528685408,27905600
1996-12-27,6.40455436706543,6.518582041256506,6.386737542973075,6.499577428891326,19079200
1996-12-30,6.347540855407715,6.509080068793839,6.347540855407715,6.490075455454295,27279200
1996-12-31,6.2810282707214355,6.4045583274829765,6.271525958662855,6.385553703365817,34367200
1997-01-02,6.205007553100586,6.319035256986048,6.1384913925007325,6.319035256986048,54480800
1997-01-03,6.433064937591553,6.442567249168497,6.233516394475714,6.252521017629603,44131200
1997-01-06,6.414059162139893,6.480575331228751,6.319036063441524,6.433063781879567,55948000
1997-01-07,6.461571216583252,6.471073527195875,6.338041178619161,6.423561974132763,36880800
1997-01-08,6.338038921356201,6.47938574137895,6.319034306899361,6.461568915325662,50593600
1997-01-09,6.262021064758301,6.366546454306619,6.252518756617545,6.366546454306619,47763200
1997-01-10,6.40455436706543,6.4140566732480195,6.205005937231047,6.233512855778816,66556800
1997-01-13,6.366545677185059,6.499577974917283,6.347541063223312,6.471071053974664,50361600
1997-01-14,6.490079402923584,6.585102527417341,6.404558590879203,6.404558590879203,63728000
1997-01-15,6.433064937591553,6.556594988091833,6.414060314437663,6.5090834302071094,53058400
1997-01-16,6.537587642669678,6.6231084112511125,6.461569181708402,6.461569181708402,58688000
1997-01-17,6.623108863830566,6.670620405177988,6.49957885632727,6.509081164596754,65368800
1997-01-20,6.898678779602051,7.060218089868215,6.585102471438321,6.613609408544115,146220800
1997-01-21,7.221752643585205,7.226504376614934,6.813153480856043,6.889171929735887,114592000
1997-01-22,7.402299404144287,7.487820193152373,7.193248586568967,7.231257826128116,129236800
1997-01-23,7.202751159667969,7.582843569149128,7.183746539193911,7.459313536067752,105048000
1997-01-24,7.293018817901611,7.4308016443764435,7.174239439263702,7.231253262622089,89817600
1997-01-27,7.307272911071777,7.4034837540166425,7.259761383691597,7.335779827499885,53263200
1997-01-28,7.26926326751709,7.506820890638563,7.2027471330430775,7.478313975863986,64656800
1997-01-29,7.392797470092773,7.402299780465643,7.278769745618336,7.354788228601294,48933600
1997-01-30,7.687364101409912,7.696866405614374,7.449806496298357,7.468811104707282,79937600
1997-01-31,7.753886699676514,7.848909820996079,7.668365890488905,7.7443843875445575,86516000
1997-02-03,7.782390594482422,7.859596850380065,7.6873675103007075,7.801395211318765,60804800
1997-02-04,7.8394083976745605,7.848910710883863,7.639859820279208,7.782394518418745,56464000
1997-02-05,7.478318691253662,7.867913438828504,7.364290960256148,7.839406506079125,110099200
1997-02-06,7.383293628692627,7.4783167127169845,7.297772853070704,7.468814404314549,102122400
1997-02-07,7.630353927612305,7.639856236364001,7.411800826323285,7.47831698758516,62448000
1997-02-10,7.4308037757873535,7.71587297434697,7.421301469168699,7.658859134635047,66804800
1997-02-11,7.4878153800964355,7.497317683878284,7.231253177986533,7.4688107725327395,88834400
1997-02-12,7.592340469360352,7.6018427728263855,7.4117967035057255,7.478312827767956,72001600
1997-02-13,7.6018452644348145,7.687366023659706,7.554333731532097,7.6398544907569885,58292000
1997-02-14,7.4403076171875,7.639856097341955,7.421303000029933,7.554335320132902,57395200
1997-02-18,7.402299404144287,7.440308643703437,7.316778615136202,7.421304023923862,52545600
1997-02-19,7.411800384521484,7.459311925447904,7.335781919039213,7.4022980763362005,56383200
1997-02-20,7.24075984954834,7.411801420797513,7.2312575400344965,7.364289873228298,75395200
1997-02-21,7.221752643585205,7.250259561915147,7.145734194705361,7.212250337475225,61131200
1997-02-24,7.6113481521606445,7.6208504594667135,7.145735094163302,7.164739708775438,68599200
1997-02-25,7.563838958740234,7.679054470517528,7.5163274074918665,7.60184819973893,63941600
1997-02-26,7.620852947235107,7.6303552576431315,7.47831829111475,7.563839084786965,48849600
1997-02-27,7.307272911071777,7.620848991780969,7.2977706055957405,7.620848991780969,56628800
1997-02-28,7.411800384521484,7.478316541818472,7.255012879439164,7.307274994483361,78412000
1997-03-03,7.563838958740234,7.611350509988603,7.345285822997741,7.373792753746762,53874400
1997-03-04,7.5353312492370605,7.611349723378167,7.497322012166508,7.544833558504699,63920800
1997-03-05,7.668365955352783,7.677868267565117,7.544835896592454,7.56384052101712,46393600
1997-03-06,7.4308037757873535,7.668361441253701,7.429615987460021,7.658859134635047,57018400
1997-03-07,7.354785442352295,7.563836191359725,7.335780828806165,7.47831543040214,46032000
1997-03-10,7.6018452644348145,7.611347571015358,7.293020880541917,7.3832922130823135,45997600
1997-03-11,7.478318691253662,7.644609712266735,7.478318691253662,7.573341800418258,47577600
1997-03-12,7.506823539733887,7.563837389402751,7.430805073508733,7.430805073508733,43234400
1997-03-13,7.573339939117432,7.611349173441735,7.449809927563446,7.468814544725597,45505600
1997-03-14,7.525826454162598,7.62084951545253,7.516324148033605,7.582840290936557,61327200
1997-03-17,7.639857292175293,7.658861912305083,7.4498110908774,7.487820331136979,83958400
1997-03-18,7.573339939117432,7.663612450612541,7.5163260876309765,7.649358407766038,59012000
1997-03-19,7.354785442352295,7.468813123629075,7.217002574117632,7.430803896536815,111560000
1997-03-20,7.297773838043213,7.430806173632543,7.250262289618453,7.345285386467974,81410400
1997-03-21,7.145740509033203,7.383298371700531,7.060219678472966,7.3357867991670656,85829600
1997-03-24,6.851161479949951,7.107723699032682,6.6611153917405215,7.079216785801267,186269600
1997-03-25,6.865418434143066,6.946187475981929,6.7561413070084155,6.8891736252898745,89701600
1997-03-26,7.164741516113281,7.193248445222485,6.889174534724309,6.898676844427377,81270400
1997-03-27,7.1267290115356445,7.307272813161213,6.917678293863932,7.2312543703715,93919200
1997-03-31,6.969944000244141,7.183745365676278,6.9366853398725965,7.079219970143951,93825600
1997-04-01,7.0887227058410645,7.126731942869703,6.822658046640595,6.8511649744120735,86680800
1997-04-02,6.993698596954346,7.117228599346202,6.917680133943972,7.060214752088422,63331200
1997-04-03,7.23125696182251,7.2502615793305845,6.889173846677161,6.917680772939273,92252800
1997-04-04,7.159988880157471,7.354785593021094,7.126730225795633,7.126730225795633,94964000
1997-04-07,7.288273334503174,7.4213057030599465,7.2217571502247875,7.269268710423635,76511200
1997-04-08,7.468814373016357,7.468814373016358,7.2597635890388,7.345284364302347,53339200
1997-04-09,7.449810981750488,7.544834081007511,7.4308063618990845,7.535331771081808,73762400
1997-04-10,7.354785442352295,7.430803896536815,7.259762374621645,7.430803896536815,67913600
1997-04-11,7.221752643585205,7.392794153564855,7.217002070504954,7.2597618680251275,60033600
1997-04-14,7.402299404144287,7.402299404144288,7.098225487671095,7.202750896458755,59107200
1997-04-15,7.383293628692627,7.525828254729164,7.2882705446682685,7.440307479107242,84440000
1997-04-16,7.468814373016357,7.487818989741591,7.316777439214499,7.345284364302347,42710400
1997-04-17,7.459314346313477,7.6018490153513145,7.411802789967531,7.487821280121044,71720800
1997-04-18,8.181489944458008,8.181489944458008,7.829904430003947,7.9059229196156355,231764000
1997-04-21,8.181489944458008,8.504568525307684,8.067462210040475,8.133978388450702,155695200
1997-04-22,8.409541130065918,8.423795169583157,8.171983471024507,8.181485777386165,82300000
1997-04-23,8.751627922058105,8.79913947429512,8.390540125056793,8.4095447459516,102814400
1997-04-24,8.67561149597168,8.960680877000323,8.571086056261178,8.865657749990776,118163200
1997-04-25,8.637598991394043,8.770631319094282,8.609092064029706,8.628096682272597,58566400
1997-04-28,8.732619285583496,8.746873324675072,8.485559327558283,8.647098530882461,67224000
1997-04-29,9.046196937561035,9.055699245268558,8.856150783410593,8.922666937363248,73953600
1997-04-30,9.236241340637207,9.321762093791255,8.998683692987072,9.017688304799083,90204000
1997-05-01,9.198235511779785,9.369277081213706,9.065203179997845,9.27425398708375,72325600
1997-05-02,9.179234504699707,9.388285394040693,9.04145154397286,9.274257636218337,96192000
1997-05-05,9.136469841003418,9.179229647585633,8.780132706386258,9.093708874471481,111063200
1997-05-06,8.91791820526123,9.103212663851094,8.846650302761345,9.074705734841123,74770400
1997-05-07,8.780134201049805,9.04619887380889,8.751627271825617,8.846650369239576,70532800
1997-05-08,8.846649169921875,8.979681488266564,8.751626085389955,8.761128393843146,53834400
1997-05-09,8.875160217285156,9.00819259741577,8.799141714353377,8.970183345949879,58392000
1997-05-12,8.979682922363281,9.008189852275546,8.894162132626487,8.932171372509506,42976000
1997-05-13,8.951172828674316,9.065200508020485,8.88465668238905,8.99868436173522,49813600
1997-05-14,8.808640480041504,9.01769127892059,8.789635861961587,8.998686660840674,60744800
1997-05-15,8.903663635253906,8.960677489908681,8.808640544162616,8.818142853271745,41861600
1997-05-16,8.77538013458252,8.894158379115206,8.732619177785121,8.84664684931224,59913600
1997-05-19,8.751627922058105,8.903664889216552,8.751627922058105,8.82764640563733,45632000
1997-05-20,9.05569839477539,9.065200701590474,8.761126883507774,8.808638417583197,64876800
1997-05-21,9.15072250366211,9.345520395501,9.103210964183074,9.169727119453723,76620000
1997-05-22,9.169727325439453,9.245745790313563,9.103211168674608,9.198234249767244,33655200
1997-05-23,9.340771675109863,9.350273986071318,9.18873469972659,9.226743943572409,28904800
1997-05-27,9.625837326049805,9.682851170034304,9.302758876804303,9.331265798796553,69036000
1997-05-28,9.56882095336914,9.673346306385088,9.492802514812086,9.673346306385088,52241600
1997-05-29,9.56882095336914,9.81112972626975,9.502304819631718,9.673346306385088,51111200
1997-05-30,9.426289558410645,9.549819562704332,8.932169541235893,8.932169541235893,83337600
1997-06-02,9.454795837402344,9.540316603770806,9.359772763659606,9.502307374273713,38939200
1997-06-03,9.179234504699707,9.388285394040693,9.169732191547844,9.37878308088883,41995200
1997-06-04,9.06045150756836,9.293257480006746,8.989183615630248,9.169727472603794,54639200
1997-06-05,9.16497802734375,9.236244768110403,9.084207817195004,9.142409462467306,35892000
1997-06-06,9.43104076385498,9.450045378835092,9.198233650373798,9.226740572843964,35964000
1997-06-09,9.511811256408691,9.587829727988382,9.312262768512007,9.49280663851377,48200000
1997-06-10,9.488054275512695,9.659095804325597,9.407284084709579,9.511809463428575,53135200
1997-06-11,9.654348373413086,9.68285530758655,9.393035390131393,9.48805850404294,49056800
1997-06-12,9.654348373413086,9.739869175933476,9.530818325328076,9.635343750630776,44614400
1997-06-13,9.85389232635498,9.8871504007448,9.621086385601037,9.635339266079026,50116000
1997-06-16,9.98692512512207,9.98692512512207,9.796878976213943,9.853892820886381,40612800
1997-06-17,10.200728416442871,10.25774226879374,9.948917235226537,9.996428778852259,53191200
1997-06-18,9.89665412902832,10.148465299858133,9.88715182069512,10.129460683191732,55657600
1997-06-19,9.8301362991333,9.939412826383212,9.730362078600773,9.758868998752924,65519200
1997-06-20,9.87289810180664,9.986925798843867,9.768372712855848,9.834888869460897,64240000
1997-06-23,9.735113143920898,9.996426576285783,9.730361990605173,9.872896590076929,35724800
1997-06-24,10.039188385009766,10.043939539001725,9.758870299484173,9.84439107133944,39319200
1997-06-25,9.915655136108398,10.129456995775326,9.86814361173797,10.10095008115307,49576000
1997-06-26,9.749371528625488,9.944168912969369,9.720864594331262,9.89190620009662,37312000
1997-06-27,9.692352294921875,9.882398418351716,9.67334768257889,9.81588227515127,38198400
1997-06-30,9.606834411621094,9.787378282858285,9.592581528077282,9.720862119770898,38286400
1997-07-01,9.497560501098633,9.644845742811851,9.369278721588655,9.611588234018576,59377600
1997-07-02,9.758872985839844,9.768375296439494,9.431043850126954,9.54982215264756,53237600
1997-07-03,9.849143028259277,9.887152263293563,9.76837340381142,9.887152263293563,28764000
1997-07-07,9.844393730163574,10.01543532006989,9.834891419613223,9.929914525116732,39320000
1997-07-08,9.977426528930664,9.98217768442063,9.801633775801886,9.834891864231654,36007200
1997-07-09,9.939416885375977,10.081951544344085,9.84439377939724,10.07244923374621,48266400
1997-07-10,9.87289810180664,9.977423490757433,9.796879637115154,9.920409642238818,43780800
1997-07-11,9.863395690917969,9.963169924785635,9.7636214570503,9.901404922867556,38094400
1997-07-14,10.333758354187012,10.338509507453304,9.920408020019531,9.944163786350995,57424000
1997-07-15,10.5261812210083,10.585570643379144,10.38602218421311,10.49529872137546,75503200
1997-07-16,11.283990859985352,11.364760478772615,10.642585063733552,10.823128917493317,111217600
1997-07-17,11.364762306213379,11.459785402419175,11.136706875319465,11.440780783178017,131668000
1997-07-18,10.680595397949219,11.20322239695919,10.642586161657585,11.022678524573928,158927200
1997-07-21,10.333758354187012,10.718601768756734,10.16746798986676,10.709099462224149,127223200
1997-07-22,10.95616340637207,11.00842611125936,10.39552711758113,10.405029427560638,101384000
1997-07-23,10.751861572265625,11.165211972966956,10.718603494048278,11.041681968159661,95556000
1997-07-24,10.490544319152832,10.671088107254194,10.31000053105147,10.519051233063573,141855200
1997-07-25,10.528557777404785,10.813627031305638,10.433534692771168,10.528557777404785,90308800
1997-07-28,10.41452693939209,10.595070745823158,10.31950388337574,10.585568440221524,56404000
1997-07-29,10.637833595275879,10.647335903087647,10.34801320701691,10.395524746075758,79061600
1997-07-30,10.728106498718262,10.79462265947205,10.614078794568908,10.699599572680922,78324000
1997-07-31,10.747109413146973,10.804123256187541,10.709100184453261,10.794620949014112,42240800
1997-08-01,10.69010066986084,10.780372631072998,10.580824085235596,10.747114540100098,58912800
1997-08-04,10.761364936828613,10.794623018311086,10.599825683913746,10.661590692381195,46312800
1997-08-05,10.894394874572754,10.975164483324493,10.794620651997077,10.813625265821015,59333600
1997-08-06,10.903898239135742,10.994170163555603,10.813626314715883,10.894395931302073,43410400
1997-08-07,10.94190788269043,10.97516596136122,10.79462210571978,10.970414807265394,43947200
1997-08-08,10.642583847045898,10.880141522203173,10.642583847045898,10.856385754687446,66815200
1997-08-11,10.509553909301758,10.661590855548438,10.367019272195495,10.642586237267603,72696000
1997-08-12,10.33851146697998,10.62358071698862,10.324258004479548,10.595073791987755,60887200
1997-08-13,10.343266487121582,10.509556945113891,10.243492212326197,10.500054633228617,66731200
1997-08-14,10.35751724243164,10.395526480018546,10.195977982687294,10.338512623638188,45900800
1997-08-15,10.100953102111816,10.338510795011905,10.091450794395811,10.300501564147892,51078400
1997-08-18,10.176972389221191,10.17697238922119,9.958419294027832,10.110456229814517,69969600
1997-08-19,10.552316665649414,10.566570132554839,10.23398923809493,10.243491549365213,91013600
1997-08-20,10.685346603393555,10.694848912511736,10.414530793525422,10.566567739416303,51433600
1997-08-21,10.481047630310059,10.8231307805287,10.452540701125171,10.766116922158925,64412000
1997-08-22,10.433537483215332,10.452542105224833,10.195979708096587,10.281500507139334,72161600
1997-08-25,10.376521110534668,10.566567284720284,10.310004949569702,10.481046506336757,38856800
1997-08-26,10.262493133544922,10.405027760399712,10.243488516630949,10.33851160120081,34327200
1997-08-27,10.229235649108887,10.286249503168015,10.110456786485699,10.281498348663089,49371200
1997-08-28,10.039188385009766,10.167469542792663,10.034437231017806,10.148464926824827,43641600
1997-08-29,10.048686027526855,10.176967125750602,10.015427965024402,10.039183723954725,37857600
1997-09-02,10.42878532409668,10.452541099322413,10.110457936071862,10.119960246162155,50112800
1997-09-03,10.381270408630371,10.557063088318849,10.352763487599807,10.462040018216967,42872800
1997-09-04,10.504798889160156,10.528554653269518,10.319503929107128,10.338508540394617,44476000
1997-09-05,10.438289642333984,10.618833568783094,10.357519991027806,10.571322009191222,48398400
1997-09-08,10.590320587158203,10.628329813132751,10.471541755987744,10.471541755987744,42416000
1997-09-09,10.604574203491211,10.661588043294927,10.519053443785637,10.585569590223306,39465600
1997-09-10,10.27199649810791,10.576070399994546,10.26724534339093,10.557065781126632,53294400
1997-09-11,10.400279998779297,10.443040400784328,10.100957184744079,10.26249648120753,61779200
1997-09-12,10.485796928405762,10.519055006565635,10.310004229560716,10.405027310017498,48576000
1997-09-15,9.934666633605957,10.433537985365223,9.929915477874916,10.310007936358167,129003200
1997-09-16,10.36701774597168,10.414529284679158,9.95841851308737,10.015432359536343,102538400
1997-09-17,10.124711036682129,10.395526864505161,10.081950642815334,10.386024554756984,61609600
1997-09-18,10.053442001342773,10.271995088328486,9.991676998498987,10.205478931419792,61077600
1997-09-19,10.276745796203613,10.281496950062238,10.034436949413791,10.053441564848287,77435200
1997-09-22,10.1342134475708,10.329010799352517,10.12471113772779,10.262494630451444,43251200
1997-09-23,10.300506591796875,10.300506591796875,10.11996265706981,10.153220750309005,39946400
1997-09-24,10.06769847869873,10.343265496992514,10.043942701259612,10.310007408577746,60040000
1997-09-25,10.091452598571777,10.195978002135138,10.039189896790097,10.10095490798663,39272000
1997-09-26,10.138968467712402,10.16747540810897,10.00593607919509,10.157973094643447,36652000
1997-09-29,10.224482536315918,10.243487150695687,10.100952542847418,10.148464078796842,27505600
1997-09-30,10.05819320678711,10.319506681691829,10.053442052697934,10.219732445819117,43892800
1997-10-01,10.176972389221191,10.224483931654529,9.986926219487835,10.072446995867844,61466400
1997-10-02,10.124711036682129,10.23398759878616,10.091452952563511,10.167471430548924,28831200
1997-10-03,10.257740020751953,10.357514240499889,10.138961187718698,10.257740020751953,60284800
1997-10-06,10.27199649810791,10.357517283013527,10.20548033207021,10.329010354711654,41776800
1997-10-07,10.381270408630371,10.466791171722063,10.233984649972458,10.262491571003022,54548800
1997-10-08,10.566568374633789,10.5713195294785,10.357517561466574,10.38602449053483,71196800
1997-10-09,10.561814308166504,10.614076997050818,10.500049312212314,10.52855623342194,34672800
1997-10-10,10.376521110534668,10.547562667301722,10.357516493116107,10.51430458681924,24893600
1997-10-13,10.395525932312012,10.481046712376735,10.38127246896789,10.414530550104171,19051200
1997-10-14,10.390772819519043,10.443035508597557,10.290998594914608,10.424030894387188,33361600
1997-10-15,10.319506645202637,10.338511261492144,10.25299048818936,10.319506645202637,45003200
1997-10-16,10.179346084594727,10.386021255973896,10.05344052042121,10.348012029053589,47327200
1997-10-17,10.053442001342773,10.233985855809232,9.91090737939557,10.11995815825147,87720000
1997-10-20,10.081948280334473,10.281496738286428,9.692353671952086,10.110455202899038,154052800
1997-10-21,10.528557777404785,10.584383839627035,10.286248911589063,10.348013916600912,115682400
1997-10-22,10.314756393432617,10.5285583453923,10.291000620992653,10.519056036416313,55775200
1997-10-23,10.310009002685547,10.433539064468876,10.034441941784275,10.034441941784275,66413600
1997-10-24,10.290999412536621,10.433534030438791,10.129460178914163,10.405027106858357,70030400
1997-10-27,9.796881675720215,10.35751796948112,9.777877055592727,10.252992558779935,96795200
1997-10-28,10.138968467712402,10.262498542764193,9.388285703936132,10.0534476465227,160057600
1997-10-29,9.948918342590332,10.267245720314092,9.89190448389354,10.167471467594705,85532800
1997-10-30,9.777872085571289,9.986922800714698,9.768369780337498,9.844388222207828,72097600
1997-10-31,9.882402420043945,9.996430140275221,9.853895489986126,9.95842090019813,46808800
1997-11-03,10.195979118347168,10.205481428802292,9.982177133106898,10.005932909244706,67714400
1997-11-04,10.205482482910156,10.257745195811465,10.124712835699041,10.186477860036952,49134400
1997-11-05,10.153215408325195,10.23398502083878,10.072445795811612,10.22448271348424,42512800
1997-11-06,10.039188385009766,10.148464926824827,10.015432615049969,10.12946031085699,40266400
1997-11-07,10.001179695129395,10.034437774875668,9.872898530393767,9.88715199314217,63628800
1997-11-10,9.89665412902832,10.07244683319253,9.863396049862118,10.005930674860126,36764800
1997-11-11,9.929910659790039,9.991675654324618,9.834887591275303,9.915657199512829,37013600
1997-11-12,9.820635795593262,9.958419268293893,9.806382332900093,9.891903109059106,45784000
1997-11-13,10.001179695129395,10.005930849378862,9.820635833649623,9.88715199314217,60094400
1997-11-14,10.1342134475708,10.176973841864347,9.986927645004137,10.005932264690157,46663200
1997-11-17,10.252988815307617,10.32425611476527,10.14371228947255,10.224481895524555,60094400
1997-11-18,10.186478614807129,10.30050636049527,10.167473990525773,10.257745955862216,36683200
1997-11-19,10.267248153686523,10.271999309703963,10.13896694121566,10.157971565285417,31720800
1997-11-20,10.405025482177734,10.42403009493057,10.252988580155046,10.2814954992843,53680800
1997-11-21,10.481047630310059,10.490549940038353,10.36701991357051,10.47629647544591,68220800
1997-11-24,10.300506591796875,10.500055151232054,10.300506591796875,10.424036652399606,39084000
1997-11-25,10.566568374633789,10.585572994012626,10.319508322708899,10.329010632398317,56463200
1997-11-26,10.761364936828613,10.785120709316093,10.50955374846132,10.566567602431274,63053600
1997-11-28,10.756610870361328,10.813624708896812,10.728103951093587,10.737606257516168,17392800
1997-12-01,10.932405471801758,10.946658933955344,10.7661150800099,10.78987085026588,49006400
1997-12-02,10.813624382019043,11.01317281086122,10.794619769748358,10.913398596440132,50167200
1997-12-03,10.998922348022461,11.027429274194441,10.718604240664652,10.770866938646616,57712000
1997-12-04,10.837377548217773,11.089188600412225,10.813621788576787,11.003667865704674,62630400
1997-12-05,10.880145072937012,11.003675104332803,10.804126592078063,10.804126592078063,48136000
1997-12-08,11.108199119567871,11.146208355220798,10.88014370565031,10.908650632390005,49952800
1997-12-09,10.970419883728027,11.051189540732523,10.908654851901062,11.02268260296623,51782400
1997-12-10,10.813624382019043,10.889642831101778,10.718601320665623,10.813624382019043,66434400
1997-12-11,10.571319580078125,10.7186053809691,10.557066115475772,10.671093832294593,70189600
1997-12-12,10.395525932312012,10.528558256857137,10.338512078935528,10.471544403480655,54308000
1997-12-15,10.348014831542969,10.41453099666767,10.110457098954747,10.37177060480179,84305600
1997-12-16,10.571319580078125,10.671093832294593,10.26249451369382,10.329010681838131,65401600
1997-12-17,10.310009002685547,10.671096875590663,10.300506690240676,10.633087625811177,51472000
1997-12-18,9.948918342590332,10.243489945857096,9.910909103459138,10.224485326291498,98774400
1997-12-19,9.782625198364258,9.896652884017847,9.597330209177173,9.787376351933156,138065600
1997-12-22,9.654348373413086,9.882403846800797,9.568827570892694,9.815887667062714,59063200
1997-12-23,9.374024391174316,9.749364855844746,9.350268048880341,9.659093539006035,67195200
1997-12-24,9.041446685791016,9.416787273635117,8.970178795470787,9.407284965589067,88411200
1997-12-26,9.179234504699707,9.179234504699707,9.027197494269897,9.03669980742176,32388800
1997-12-29,9.602083206176758,9.635340705560322,9.28375529519964,9.302759911975894,67815200
1997-12-30,9.901407241821289,9.958421103098571,9.597333315009118,9.611587360303428,77864800
1997-12-31,9.825385093688965,9.996426613695157,9.806380480354944,9.958417387027113,46147200
1998-01-02,9.96792221069336,9.996429137892674,9.844392192829668,9.853894501896105,39748000
1998-01-05,9.910911560058594,10.1579716756497,9.720865317296205,9.97742774502543,80377600
1998-01-06,9.96792221069336,10.110456846689928,9.82538757469679,9.863396810962543,67834400
1998-01-07,9.849143028259277,9.972673042120705,9.692354933742848,9.872898800155706,61492800
1998-01-08,9.920411109924316,10.043941133323756,9.692355682109964,9.777876467540345,77619200
1998-01-09,9.654348373413086,9.996431583494651,9.568827570892694,9.887155002496373,87534400
1998-01-12,9.844393730163574,9.882402972364977,9.454798997599186,9.473803618699888,78393600
1998-01-13,10.043938636779785,10.053440943910134,9.739864808608589,9.844390187042437,66945600
1998-01-14,9.96792221069336,10.072447610424177,9.82538757469679,10.043940683224863,54774400
1998-01-15,10.05819320678711,10.110455901768054,9.872898197309217,9.91090743002263,50622400
1998-01-16,10.281499862670898,10.29100217308002,10.058195568056512,10.062946723261073,72943200
1998-01-20,10.476298332214355,10.490551799333016,10.186477834134957,10.195980145547395,64956000
1998-01-21,10.41452693939209,10.523803453810894,10.310001577774104,10.433531550595362,85567200
1998-01-22,10.538064956665039,10.633088085219278,10.286253665996307,10.305258291707155,159139200
1998-01-23,10.509553909301758,10.599825846135724,10.39196283368909,10.547563145863428,63312000
1998-01-26,10.775619506835938,10.785121816806692,10.52499608135728,10.633084857274616,74277600
1998-01-27,11.036932945251465,11.089195649684426,10.761365958241312,10.823130972571173,97540800
1998-01-28,11.326754570007324,11.364763813530837,11.060689865342722,11.117703730627994,79387200
1998-01-29,11.269736289978027,11.41227089735549,11.212722447027044,11.321998979349765,73571200
1998-01-30,11.341004371643066,11.40276937241029,11.222225524013794,11.298243986496528,50071200
1998-02-02,11.773360252380371,11.792364869414076,11.44077945429053,11.535802539459056,98397600
1998-02-03,11.849382400512695,11.86838702344856,11.692594261291797,11.792368531705096,61374400
1998-02-04,11.920639991760254,12.01091187691109,11.787607739959023,11.849372714009595,61940800
1998-02-05,11.816122055053711,12.067933260891204,11.763859351955363,12.020421712619978,67014400
1998-02-06,12.020419120788574,12.02992142839394,11.792363738259779,11.811368353470511,50070400
1998-02-09,11.94914436340332,12.077425436091943,11.830365592395333,12.067923134411304,54681600
1998-02-10,12.105941772460938,12.124946390628066,11.915895590789653,11.953904827123909,48099200
1998-02-11,12.08218765258789,12.167708446039162,11.939652996835774,12.115445738930052,76460000
1998-02-12,12.06793212890625,12.082185592050628,11.892139416792261,12.0156694307102,76658400
1998-02-13,11.972909927368164,12.067933022029816,11.963407617901998,12.05843071256365,42203200
1998-02-17,11.735356330871582,12.048932653882725,11.697347079597504,12.048932653882725,85673600
1998-02-18,11.754359245300293,11.858884671087118,11.68784306525413,11.754359245300293,76608800
1998-02-19,11.773360252380371,11.863632183290472,11.725848709796109,11.820871794964635,73773600
1998-02-20,11.792364120483398,11.839875660050213,11.621322578042866,11.820871044223487,86092000
1998-02-23,12.410015106201172,12.419517414858293,12.067931994544784,12.30548971097283,120803600
1998-02-24,12.48603343963623,12.913637324555278,12.448024205421204,12.676079610711364,118302000
1998-02-25,12.91363525390625,12.92313756093635,12.628566043003241,12.685579885183843,94944400
1998-02-26,12.999159812927246,13.02766674234156,12.837620546246132,12.999159812927246,61388000
1998-02-27,12.8851318359375,13.075178028207965,12.856624907096931,13.008661860913303,47532400
1998-03-02,12.666580200195312,13.056174940036279,12.628570957284,13.056174940036279,50093600
1998-03-03,12.847124099731445,12.8566264104561,12.552552467267189,12.562054777991843,50753600
1998-03-04,12.514542579650879,12.742598025293718,12.400514856829458,12.533547200121115,71513600
1998-03-05,12.172454833984375,12.381505580547728,12.048924847378757,12.048924847378757,92255600
1998-03-06,12.5810546875,12.5810546875,12.20096240086858,12.210464708034365,51404800
1998-03-09,12.101187705993652,12.54304497205467,12.086934245798137,12.54304497205467,52256000
1998-03-10,12.391013145446777,12.391013145446777,12.15345537808775,12.343501591974972,47406400
1998-03-11,12.267480850219727,12.467029338100915,12.124946216018877,12.467029338100915,39838800
1998-03-12,12.448025703430176,12.562053419797476,12.286486438576501,12.543048800402925,47962000
1998-03-13,12.524042129516602,12.619065210924164,12.400512123686772,12.533544437657358,32542400
1998-03-16,12.46702766418457,12.581055356235037,12.372004587475846,12.533543817880677,27979600
1998-03-17,12.219968795776367,12.419517275334146,12.115443401722292,12.419517275334146,53842400
1998-03-18,12.429021835327148,12.438524145598805,12.143952527177444,12.172459457992414,33887600
1998-03-19,12.46702766418457,12.51453920253893,12.3529999721341,12.39100920281759,30299200
1998-03-20,12.438523292541504,12.619067175320945,12.238974790522121,12.486034840641356,56310000
1998-03-23,12.752102851867676,12.866130597189889,12.32449880690937,12.343503431129738,55050000
1998-03-24,12.91363525390625,12.93263986796645,12.685579885183843,12.799607569545046,32281600
1998-03-25,13.502776145935059,13.825854533663273,13.265218507899608,13.759338395013346,124244800
1998-03-26,13.41726016998291,13.616808656930248,13.30323246315586,13.455269405591928,45441200
1998-03-27,13.350744247436523,13.588301974259238,13.31273501114489,13.588301974259238,38924000
1998-03-30,13.369750022888184,13.474275431738056,13.246219994247426,13.38875464267907,27463200
1998-03-31,13.607311248779297,13.645320498077563,13.455274251586232,13.474278876235365,38177200
1998-04-01,13.740334510803223,13.778343734899497,13.455265330081165,13.654813756586606,36835600
1998-04-02,13.882875442504883,13.97789854614968,13.664322304121848,13.787852338860084,41414800
1998-04-03,14.13944149017334,14.148943803002757,13.911385982267317,13.987404484902658,40987600
1998-04-06,13.673819541931152,14.082418736026385,13.540787246179216,14.082418736026385,74232000
1998-04-07,13.26522445678711,13.778349185058245,13.18920597852472,13.578800679619471,62630800
1998-04-08,13.5217866897583,13.531288999448925,13.170201231205205,13.189205850586452,36793200
1998-04-09,13.531289100646973,13.626312198263875,13.303233666366404,13.369749834698236,33619200
1998-04-13,13.474278450012207,13.531292322156123,13.189209089292625,13.502785386084165,33156400
1998-04-14,13.445767402648926,13.616808966781562,13.303232765871728,13.483776639122846,28476800
1998-04-15,13.892365455627441,13.892365455627441,13.512273377498099,13.5692871892175,40498400
1998-04-16,13.939887046813965,13.996900899766167,13.711831635005145,13.740338561481249,39695600
1998-04-17,14.006407737731934,14.025412361528042,13.73084069268836,13.911384618751391,37402800
1998-04-20,14.386495590209961,14.443509443275522,14.015905545283811,14.044412471816592,45535200
1998-04-21,14.424498558044434,14.44350316747532,14.158434026011992,14.3959916438981,51938400
1998-04-22,15.0326566696167,15.07066591530473,14.53853647567228,14.59555034420433,80154000
1998-04-23,14.367491722106934,14.804597951747752,14.312853443401831,14.785593333067718,64215200
1998-04-24,14.006407737731934,14.405504837450211,13.968398490139718,14.215458599489127,51436000
1998-04-27,13.7308349609375,13.764093038697556,13.455268030925605,13.607304957828719,58752000
1998-04-28,13.664324760437012,14.025412619196821,13.533667969438396,14.006407995051568,56668000
1998-04-29,13.759339332580566,13.911376231283114,13.626307046215837,13.6928231893982,50061600
1998-04-30,13.702322959899902,13.93037826575122,13.635806829026603,13.911373656930277,54473600
1998-05-01,13.626311302185059,13.759343630100394,13.398255882901628,13.711832084416347,35996000
1998-05-04,13.388751983642578,13.664318915882205,13.369747367626053,13.559793527791312,37899600
1998-05-05,13.341245651245117,13.616812691050038,13.227217910636185,13.322241027810295,50828000
1998-05-06,13.13219165802002,13.303233228095534,13.075177801328183,13.303233228095534,48110800
1998-05-07,12.676077842712402,13.113183975219727,12.647570921027143,13.103681667991307,78022000
1998-05-08,13.037169456481934,13.094183317078794,12.448026230314383,12.448026230314383,96274800
1998-05-11,12.80910873413086,13.10368022579114,12.780601815583092,13.09417791960855,51474400
1998-05-12,13.027663230895996,13.03716553813954,12.657073248397861,12.657073248397861,64147200
1998-05-13,13.217714309692383,13.49328132261911,13.151198134158344,13.483779011828533,80680400
1998-05-14,13.5217866897583,13.835362909548902,13.046671205227089,13.056173514917713,94774400
1998-05-15,13.597805976867676,13.711833699944135,13.49328056404759,13.702331389687764,48150800
1998-05-18,13.084677696228027,13.151193850094112,12.84712000384916,12.84712000384916,80395600
1998-05-19,13.151195526123047,13.217711688466155,13.008660892530672,13.046670128155306,52234400
1998-05-20,13.037169456481934,13.208211038272513,12.980155595885075,13.094183317078794,35698800
1998-05-21,13.13219165802002,13.284228609198255,12.999159325739065,13.046670872982263,36680000
1998-05-22,13.008651733398438,13.189195475498195,12.989647128966883,13.170190871066643,36129200
1998-05-26,12.714090347290039,13.103685044030616,12.69508572793684,12.970652708558223,44473600
1998-05-27,13.075175285339355,13.094179900579674,12.600059904331385,12.600059904331385,58574400
1998-05-28,13.122693061828613,13.13219537396607,12.932646819079466,13.037172252591496,30746800
1998-05-29,12.89462947845459,13.151191745159288,12.885127172280342,13.132187132810792,34091200
1998-06-01,12.733091354370117,12.863748075357124,12.638068284561385,12.752095968331863,42436800
1998-06-02,12.999159812927246,13.065675981560645,12.75209975800319,12.780606687417505,38570800
1998-06-03,12.818611145019531,13.141689557866577,12.79010422623891,13.056168801524711,36010800
1998-06-04,13.084677696228027,13.094180003923183,12.714087696116994,12.875626926934624,33717600
1998-06-05,13.113190650939941,13.151199899203535,12.885135161358377,13.05617677854455,34431600
1998-06-08,13.027663230895996,13.122686303331417,12.923137851217035,13.018160923652456,18886400
1998-06-09,13.236715316772461,13.312733782338993,12.96114837909378,12.970650687289597,35690400
1998-06-10,13.075175285339355,13.436262974905413,13.056170670099036,13.17019836154095,33290400
1998-06-11,12.970649719238281,13.246216636350303,12.942142796778416,13.141691253997466,41271200
1998-06-12,13.037169456481934,13.094183317078794,12.771104773696589,12.904137115089261,41323600
1998-06-15,13.06567668914795,13.274727516174316,12.85662586212158,12.875630482760341,42846000
1998-06-16,13.664324760437012,13.673827072509637,12.99916291535315,13.122692972297296,61138400
1998-06-17,13.844871520996094,14.04442011532754,13.645322926664646,13.673829868711996,76147600
1998-06-18,13.863868713378906,13.949389493653348,13.740338697426933,13.80685485986261,39228400
1998-06-19,14.395987510681152,14.405489812668401,14.063406941127463,14.120420753050952,91226800
1998-06-22,14.567039489746094,14.586044107475704,14.243960988342723,14.405500239044407,48969600
1998-06-23,15.317724227905273,15.33672884853543,14.481520920178436,14.567041713014135,124675200
1998-06-24,15.954371452331543,15.982878369756794,15.194186987658213,15.46025155029388,105724800
1998-06-25,15.441247940063477,16.248943986159105,15.412741020789513,16.096907083364634,88969600
1998-06-26,15.878355026245117,15.906861947297621,15.507765052562556,15.545774280632562,55680400
1998-06-29,16.3344669342041,16.372476164999224,16.001886164746775,16.039895395541897,65906000
1998-06-30,16.476999282836914,16.50550620201137,15.906860899347746,16.001883963262607,77010000
1998-07-01,16.629043579101562,16.743071306501115,16.29646270751953,16.591034336635044,53470400
1998-07-02,16.305959701538086,16.59102892708945,16.28695508650133,16.543517389497556,27321200
1998-07-06,16.391475677490234,16.429484896452532,16.02088579260785,16.248941106381626,35307600
1998-07-07,16.410484313964844,16.50550738468844,16.191931251300577,16.391479699820124,32422800
1998-07-08,16.705053329467773,16.74306255206042,16.2299380470597,16.438988771319252,41553600
1998-07-09,16.876102447509766,17.02813940649634,16.68605624877655,16.72406548852319,43690000
1998-07-10,17.20867919921875,17.218181506893636,16.705056892449786,16.895103045947508,45396800
1998-07-13,17.873842239379883,17.978367632592633,17.275196805525056,17.351215273316146,69223200
1998-07-14,17.712295532226562,18.054378493149393,17.560258660705305,17.978360057388766,56972400
1998-07-15,17.8453369140625,17.94036000732162,17.579272252936967,17.63628610889244,48690000
1998-07-16,17.8453369140625,18.073392337884385,17.731309202151557,17.94986231664753,65125200
1998-07-17,17.930862426757812,18.187424846218576,17.62678844813765,17.86434624393465,83108400
1998-07-20,17.788318634033203,18.168410912538185,17.75981171314533,17.96886246632307,45794800
1998-07-21,17.15165901184082,18.0923871238476,17.104147491032396,17.769308782350326,74605200
1998-07-22,17.750320434570312,17.82633893750209,17.00914003098547,17.028144656718418,71654400
1998-07-23,17.1801700592041,17.86433612350869,17.1801700592041,17.683792300983868,51029600
1998-07-24,17.30370330810547,17.579270247114287,17.104154835030116,17.294200999863786,60366400
1998-07-27,17.750320434570312,17.750320434570312,16.8285960865225,17.199186288314916,58998000
1998-07-28,17.066144943237305,17.76931572597648,17.02813571173789,17.636283415728528,78378400
1998-07-29,16.828594207763672,17.370225980684356,16.73357108970741,17.21818899179434,59738000
1998-07-30,17.246688842773438,17.2751957664805,16.838089602972193,17.018633453116927,72746400
1998-07-31,16.714569091796875,17.258576528127385,16.714569091796875,17.170680130117653,53705200
1998-08-03,16.486507415771484,16.857097496010727,16.324968150026173,16.59103282301845,73566400
1998-08-04,15.887866020202637,16.667055621671903,15.840354459137437,16.515018626263267,91412000
1998-08-05,15.859355926513672,16.153927546478876,15.431751962048056,15.830848995549298,120208800
1998-08-06,16.248947143554688,16.258449451825772,15.754827113458287,15.773831730000456,68308000
1998-08-07,16.096912384033203,16.34397243243041,15.973382359834602,16.33447012287667,54972400
1998-08-10,15.878355026245117,16.163424236770165,15.878355026245117,16.08740578063015,46763200
1998-08-11,15.726319313049316,15.868853929179673,15.507766234982771,15.640798543371103,60976400
1998-08-12,15.973388671875,15.992393298492342,15.659812332688876,15.859360912170956,53760000
1998-08-13,15.802336692810059,16.115912826822527,15.7738297715362,15.83084361408392,51193200
1998-08-14,15.849852561950684,15.973382587913129,15.735824845677657,15.916368729776615,29566400
1998-08-17,16.31545639038086,16.324958694626858,15.659797397406905,15.735815831374898,54073200
1998-08-18,16.914106369018555,16.999627131558537,16.324963338187573,16.400981793778666,70591200
1998-08-19,16.809587478637695,17.1421683501766,16.76207592556071,17.066149865253422,55709600
1998-08-20,17.1136531829834,17.142160101111635,16.67654710501714,16.743063247316353,49970400
1998-08-21,16.819082260131836,17.009128387364964,16.534013069282143,16.895100711025087,59523600
1998-08-24,16.781078338623047,17.028138382113536,16.724064482432937,16.77157602925803,26319200
1998-08-25,17.15165901184082,17.284691270104407,16.895096799475336,16.933106016122075,58026800
1998-08-26,17.1136531829834,17.294196997795552,16.85709091982929,16.91410475608576,44804400
1998-08-27,16.61003303527832,17.142162240069844,16.496005348537278,16.809581487075143,74874000
1998-08-28,16.00188446044922,16.667045928520146,15.925866006955397,16.45799518141214,72730000
1998-08-31,14.586037635803223,16.191927121438887,14.557530721857027,15.944867200571862,132690400
1998-09-01,15.393738746643066,15.469757209589451,14.367489496866861,14.48151719128644,140112400
1998-09-02,15.289207458496094,15.849843406321618,15.24169593749393,15.479253542504747,63438400
1998-09-03,15.0896635055542,15.317718873396327,14.95663120764629,15.013645049606822,67506800
1998-09-04,14.690568923950195,15.241702816310553,14.614550456038423,15.156182039909808,50890400
1998-09-08,15.503021240234375,15.517274707510104,15.061163754686783,15.20369842744407,60625600
1998-09-09,15.54577350616455,15.878354235208414,15.450750440723448,15.54577350616455,65480800
1998-09-10,15.317724227905273,15.374738089795741,15.00414798750771,15.203696504124341,60758000
1998-09-11,15.849852561950684,15.906866420087196,15.222700122449037,15.37473707747974,58989200
1998-09-14,16.115915298461914,16.277454543788476,15.944873744586728,15.95437605313535,45086800
1998-09-15,16.467506408691406,16.486511032359832,15.982888505146535,16.096916247157093,49367600
1998-09-16,16.448495864868164,16.49600740693884,16.134919687201702,16.400984322797488,42886800
1998-09-17,15.954371452331543,16.191929097541962,15.93536684071471,16.011385287182044,45178400
1998-09-18,16.02089500427246,16.15392734713119,15.85935573080115,16.07790886549763,47361600
1998-09-21,16.400983810424805,16.429490734776646,15.56478069610419,15.58378531233875,45872000
1998-09-22,16.60053253173828,16.705057922607843,16.22994250956439,16.486504832607853,43082000
1998-09-23,17.275197982788086,17.313207219273867,16.496008634829547,16.667050199015566,65263600
1998-09-24,16.74306869506836,17.4272349527556,16.572027130646546,17.19917953352652,63521600
1998-09-25,17.18967628479004,17.199178593405183,16.51501237311503,16.591030842036158,47878400
1998-09-28,16.923612594604492,17.38922574291197,16.686054865876187,17.180174941631062,41405200
1998-09-29,17.16117286682129,17.332214456856054,16.933117413441604,16.99963358734401,48743200
1998-09-30,16.73356056213379,17.265689688470808,16.728809409220066,17.075643571921873,38875600
1998-10-01,15.821348190307617,16.648049266918285,15.811845879082206,16.429496108733854,65442400
1998-10-02,15.83084774017334,15.99238700282817,15.355732261776781,15.716820025358166,65889600
1998-10-05,15.384241104125977,15.640803494373909,14.671567797881723,15.583789629874369,114937600
1998-10-06,14.842604637145996,15.754826176944983,14.80459540632104,15.583784638232673,76550000
1998-10-07,14.310478210449219,15.165686071631445,14.196450495624923,14.804598308021172,90710400
1998-10-08,13.863868713378906,13.968394111492112,13.341241722812875,13.768845624185081,144719200
1998-10-09,14.7285795211792,14.747584139916205,14.02540862791,14.16794326843754,72661600
1998-10-12,15.165682792663574,15.355728942947579,14.97563664237957,15.089664332549972,51502800
1998-10-13,14.66206169128418,15.165684030647798,14.557536300095505,15.12767479748828,47995600
1998-10-14,15.232200622558594,15.412744485209007,14.576541331880776,14.576541331880776,62403200
1998-10-15,16.03038787841797,16.058894792250364,15.146673549613658,15.22269198650005,66253600
1998-10-16,15.973388671875,16.191941877974422,15.811849345627603,16.11592337150506,68620000
1998-10-19,15.650301933288574,15.84034810127022,15.374734989715186,15.830845792871138,60177600
1998-10-20,15.241705894470215,15.716821414871406,15.146682790389976,15.697816794055358,94368400
1998-10-21,16.18242835998535,16.2489445070904,15.66930379660355,15.944870691753037,125377200
1998-10-22,16.72406768798828,16.743072310360994,16.00189203782515,16.115919772061435,81910800
1998-10-23,16.17293357849121,16.724067625231804,16.14442664503911,16.572030646820608,59882000
1998-10-26,16.277456283569336,16.419990927033165,16.06840547315572,16.239447045312314,59678400
1998-10-27,16.03038787841797,16.40097775823913,15.963871746142374,16.381973149017533,65434800
1998-10-28,16.068405151367188,16.210939791976596,15.944875129505702,15.944875129505702,56808400
1998-10-29,16.2109432220459,16.34397558142963,16.030399305739408,16.030399305739408,52402800
1998-10-30,16.096912384033203,16.448497837521533,15.98288466938834,16.305963194215455,59322800
1998-11-02,16.087411880493164,16.24895116104153,15.963881842426767,16.172932676077593,48388400
1998-11-03,15.992389678955078,16.201440524431614,15.925873500848907,16.039901234745198,36546800
1998-11-04,16.039897918701172,16.31546488531393,15.944874826765739,16.087409464668887,67459600
1998-11-05,16.17293357849121,16.362979801505208,16.001891977778612,16.011394288929313,76727200
1998-11-06,16.619535446166992,16.68605159718081,16.106410852631818,16.125415467207194,74461200
1998-11-09,16.828594207763672,16.93311963762556,16.543524853594892,16.60053872442865,68956800
1998-11-10,17.037641525268555,17.246692341529517,16.73356761070715,16.743069920537195,72075600
1998-11-11,16.885602951049805,17.446239177336768,16.85709602428945,17.24669069001429,63899200
1998-11-12,16.534021377563477,16.895109200751644,16.496012133017356,16.762076844840216,38526800
1998-11-13,16.72406768798828,16.800086177479137,16.477007597143,16.486509908329356,28368800
1998-11-16,16.54351043701172,16.99011870268636,16.34396206298688,16.923602578011412,42620400
1998-11-17,17.00913429260254,17.085152769887912,16.562525738550963,16.572028048211635,58744000
1998-11-18,16.686052322387695,16.8856007841019,16.59102924538093,16.657545399285667,41691200
1998-11-19,16.99013328552246,17.104161025693752,16.581533883242,16.581533883242,45220800
1998-11-20,17.275197982788086,17.294202601030978,16.914110236173155,17.142165655087847,48405200
1998-11-23,18.120901107788086,18.272938033705554,17.104154165715027,17.104154165715027,110870400
1998-11-24,18.50099754333496,19.014122282595405,18.035384354006037,18.04488666399234,101114800
1998-11-25,18.890592575073242,18.909597195370097,18.358463206761318,18.65303482136256,41394000
1998-11-27,19.470226287841797,19.479728594473247,18.900087889954776,19.02361787616363,26335600
1998-11-30,18.54851531982422,19.80519623736866,18.539013006648076,19.669788274608674,70900000
1998-12-01,19.68878746032715,19.726796702528553,18.263440877774507,18.28244549887521,86330800
1998-12-02,19.270681381225586,19.72679218314809,19.08063521375788,19.641271407787617,65759600
1998-12-03,18.567506790161133,19.603258192478208,18.54850217727458,19.289682079850103,51426800
1998-12-04,19.365705490112305,19.365705490112305,18.852580810786463,18.99511544393253,44352000
1998-12-07,20.30643081665039,20.33493773871401,19.270679315005612,19.413213925323703,89809200
1998-12-08,19.945343017578125,20.41095607515856,19.726789949734247,20.20190531461224,77585200
1998-12-09,20.31593132019043,20.344438239722972,19.76479754256132,20.08787596393011,44781600
1998-12-10,20.00235939025879,20.46797250670662,19.973852464761983,20.23991710273217,57015600
1998-12-11,20.372957229614258,20.47748266316172,19.878836998298986,19.916846246861702,51728800
1998-12-14,19.451217651367188,20.33493198530815,19.413208432703062,20.18289511065164,64077600
1998-12-15,20.04987335205078,20.068877971341823,19.65077634693887,19.660278656584392,51719600
1998-12-16,20.334936141967773,20.543986887352492,19.63176545294646,20.144890009799852,60024000
1998-12-17,20.42995834350586,20.505976793156115,20.10687993249228,20.401451424887014,46963600
1998-12-18,20.95259666442871,21.01911284431579,20.39196029109479,20.524992650868942,59648000
1998-12-21,21.351696014404297,21.617760762247343,20.943096580216764,21.076128954138287,48112000
1998-12-22,21.047616958618164,21.36119319321609,20.88607768624954,21.36119319321609,41350000
1998-12-23,21.82679557800293,21.86480479973215,21.190141114038543,21.342178000955414,34940000
1998-12-24,21.551239013671875,21.893322172619047,21.513229773788854,21.836308312794518,13832400
1998-12-28,21.646249771118164,21.836295862172754,21.513217507379945,21.74127281664546,23636400
1998-12-29,21.361190795898438,21.67476699530442,21.22815846887772,21.67476699530442,29651600
1998-12-30,21.133136749267578,21.795922850104546,21.11413212988874,21.418206039950142,34942800
1998-12-31,21.08562660217285,21.285175118912658,20.981101188642477,21.161645084740396,23834400
1999-01-04,21.437206268310547,22.083363194837638,21.190146266991363,21.225779921027783,69305200
1999-01-05,22.273405075073242,22.501460417138837,21.503718295601853,21.57023443703765,64281600
1999-01-06,22.99558448791504,23.033593718473576,22.31141833786137,22.72951987400528,69064800
1999-01-07,22.881559371948242,22.900563989366802,22.539476258414133,22.76753166743687,51150400
1999-01-08,22.78653335571289,23.185630270199937,22.349427211274694,23.138118732761,50244800
1999-01-11,22.425457000732422,22.94808417659695,21.93133676173323,22.938581864308503,46463200
1999-01-12,21.617755889892578,22.520475366613365,21.43721199454842,22.520475366613365,57907200
1999-01-13,21.864810943603516,22.4634563540542,20.67702243080454,20.67702243080454,75346000
1999-01-14,21.551239013671875,22.130879921887917,21.513229773788854,22.083368372034144,59214000
1999-01-15,22.767541885375977,22.80555113727143,21.494231946878323,21.731789771224896,59344000
1999-01-19,23.660743713378906,24.07884520871572,22.938568403251676,23.01458685694928,102741600
1999-01-20,24.725000381469727,25.504189478810435,24.703620192823184,25.380659499963738,125481200
1999-01-21,24.06934928894043,24.829534027635745,23.983828505837206,24.59197629679346,80077200
1999-01-22,23.75576400756836,24.361535989761354,23.603727117919924,23.660740951538088,82160000
1999-01-25,24.610971450805664,24.82952447913328,24.192870005309352,24.582464534067277,103076400
1999-01-26,26.083833694458008,26.112340616528453,25.010072963137876,25.162109880846923,120203200
1999-01-27,25.637222290039062,26.520936772238333,25.618217677518647,26.226365278171908,98048000
1999-01-28,26.454423904418945,26.463926211855878,25.817769306144495,26.11234083668939,78838400
1999-01-29,26.606470108032227,26.625474729537967,25.979317598342895,26.568460865020754,79571600
1999-02-01,26.292882919311523,26.748993645775908,25.96980448806592,26.67297519136518,81729200
1999-02-02,25.485210418701172,26.235893350497363,25.276159475669317,26.226391034905006,91965600
1999-02-03,25.361658096313477,25.827271152409153,25.238128101839116,25.295141945442666,73749200
1999-02-04,24.18337059020996,25.59921429077628,24.15486367006433,25.561205063915438,89151600
1999-02-05,24.32591438293457,24.57297445088625,23.546724937856197,24.363923624157906,127945200
1999-02-08,25.124113082885742,25.171624643178642,24.5729789834881,24.7155136643668,109866800
1999-02-09,24.335405349731445,25.35215207851757,24.287893820348916,25.0765852080989,77293600
1999-02-10,24.420930862426758,24.991069326141,24.116857015112494,24.30690316968391,73694000
1999-02-11,24.744016647338867,24.915058237067015,24.382928846801665,24.744016647338867,60366000
1999-02-12,23.983827590942383,24.88654693370765,23.88880450223025,24.58247304982882,62930400
1999-02-16,23.75576400756836,24.306897732543945,23.499201756286624,24.28789312133789,73666800
1999-02-17,22.805540084838867,23.432692437171937,22.577484683990477,23.252148578166963,101215600
1999-02-18,22.159385681152344,23.0145935333409,21.890945438659827,22.948077367059568,117035200
1999-02-19,22.463459014892578,22.69151443636357,22.15938511959792,22.415947468752787,73085600
1999-02-22,22.624996185302734,22.653503110357715,22.007346142444828,22.539475410137793,92514400
1999-02-23,23.632244110107422,23.660751039070156,22.88156164742206,23.25215172393762,95106800
1999-02-24,23.242645263671875,24.23088529123601,23.22364064775718,23.784276817240677,67696800
1999-02-25,23.337677001953125,23.375686247884644,22.74853369001457,23.166635395261284,70817200
1999-02-26,22.824546813964844,23.185634565393098,22.729523721483726,23.166629946896876,59273200
1999-03-01,23.07160186767578,23.19513186120123,22.729518808682236,22.7390211158765,58332000
1999-03-02,22.58698272705078,23.432688012161226,22.444448128436665,23.090604975487338,58569600
1999-03-03,22.748525619506836,22.910064857406425,22.358930986925472,22.65350253838943,76798400
1999-03-04,23.147632598876953,23.337678843531116,22.52047999151822,22.976590978688208,61696400
1999-03-05,23.556217193603516,23.622733337353104,23.28065031235523,23.527710274853693,47302800
1999-03-08,24.17388153076172,24.209515200470978,23.565733567723687,23.641752063103443,46726000
1999-03-09,24.601476669311523,25.048085168136414,24.287900489285533,24.306905106256806,90129600
1999-03-10,24.534961700439453,24.706003261480472,24.202380887304138,24.677496334640303,53114800
1999-03-11,24.544462203979492,25.01957761636779,24.221383723555448,24.47794604624513,62948400
1999-03-12,24.35442352294922,24.744018280827063,23.84129871989059,24.72501365849156,73395200
1999-03-15,25.219131469726562,25.23813609027647,24.002835754532516,24.41143509635552,60609600
1999-03-16,25.703746795654297,25.846281435925945,24.972068975593157,25.162115162622026,68554000
1999-03-17,25.409164428710938,25.760749725592877,25.35215059678414,25.703735893666078,44919600
1999-03-18,26.21688461303711,26.235889241245182,25.266653202633446,25.30466245904959,56231200
1999-03-19,26.026824951171875,26.473433484470554,25.82727645757034,26.43542424759407,91980400
1999-03-22,26.273876190185547,26.596954595417486,26.150346211714513,26.292880802258015,55719200
1999-03-23,25.323644638061523,26.473423625380637,25.276133109659906,26.2548705947332,69581200
1999-03-24,26.036325454711914,26.121846231752937,24.801025341897112,25.390168472624172,82634400
1999-03-25,27.35714340209961,27.376148017175748,26.22636880506944,26.311889572912058,109447600
1999-03-26,27.08157730102539,27.423660382722556,26.720489603678388,27.20510730274937,94687600
1999-03-29,28.08880615234375,28.16482457224184,26.720474594178157,27.404640373260953,79777000
1999-03-30,28.27888298034668,28.430919985617358,28.050827472440655,28.39291073429969,67502400
1999-03-31,27.252622604370117,28.772992066259665,27.100585658181163,28.734982829712425,58752600
1999-04-01,28.183847427368164,28.24086127921045,27.447418507738686,27.74674122991067,41106000
1999-04-05,28.868009567260742,28.8917653355024,28.43090343161427,28.677963421327494,39848600
1999-04-06,28.601961135864258,29.077076769350374,28.354901006451474,28.94404439197426,39674800
1999-04-07,28.373884201049805,28.887008697652853,27.746732038534976,28.848999475682255,46910200
1999-04-08,28.753984451293945,28.772989067586938,27.670721322593515,28.354887509141157,38637000
1999-04-09,28.658966064453125,28.887021497326757,28.278873676330406,28.658966064453125,31816800
1999-04-12,28.27888298034668,28.46892923693503,27.784762713216963,27.860781215852306,37858800
1999-04-13,27.404645919799805,28.31686714320507,27.119576787485663,28.31686714320507,46746800
1999-04-14,26.112333297729492,27.70872048623697,26.112333297729492,27.613697439302,52944000
1999-04-15,27.024560928344727,27.32863475032329,25.504191818451915,26.54944558150322,72594600
1999-04-16,26.34039878845215,27.100583457671547,26.11234338768633,27.081578840941063,44774000
1999-04-19,24.629981994628906,26.796508188600892,24.43993583726294,26.416415873868964,75389000
1999-04-20,25.27614402770996,25.542208701685855,24.325913049224624,25.010079353734067,108459400
1999-04-21,24.93405532836914,25.086092251103096,24.325907637433307,24.97206455905263,92732800
1999-04-22,25.8272705078125,25.9222935781135,25.352155156307486,25.8462751218727,55096400
1999-04-23,26.15035057067871,26.45442441452381,25.238129039143406,25.846276726833608,56592000
1999-04-26,26.758508682250977,27.043578021905642,26.378416229378097,26.511448587883606,48349800
1999-04-27,25.542211532592773,26.98656277997153,25.523206910916734,26.98656277997153,58665800
1999-04-28,24.97206687927246,26.30239007679839,24.848536868073623,25.94130235175564,55963400
1999-04-29,24.953062057495117,25.447182098237594,24.449439708276824,25.048085142253285,60880600
1999-04-30,24.725000381469727,25.46618025454991,24.287894302473724,25.162106460465736,58558600
1999-05-03,24.28789520263672,24.782015136336682,23.888798333109825,24.763010523502068,67180000
1999-05-04,23.736757278442383,24.877033849064116,23.64173423089057,24.477937049346508,66502200
1999-05-05,24.05984878540039,24.287904224124564,23.2426501299721,24.05984878540039,67028200
1999-05-06,23.69876480102539,24.668000570754575,23.565732440474324,24.53496821020351,74021000
1999-05-07,24.04083824157715,24.439935161002538,23.717759782994687,24.211879778473744,48011600
1999-05-10,24.23089027404785,24.477950331744022,23.793784018123848,24.287904133516196,46218000
1999-05-11,24.28789520263672,24.634729386868425,24.15486291279442,24.553959782321314,42786200
1999-05-12,24.477956771850586,24.629993770433508,24.097864275393277,24.553975271142047,60142600
1999-05-13,24.05984878540039,24.858042820934998,24.05984878540039,24.66799662199819,51737200
1999-05-14,23.375673294067383,24.306899303343236,23.29965484433058,23.98382089196182,84401000
1999-05-17,24.05984878540039,24.192881124656157,23.41369170901523,23.527719428377317,66850200
1999-05-18,23.926820755004883,24.401936337908076,23.698765275211347,24.26890397469518,63858400
1999-05-19,24.116859436035156,24.287900992319095,23.489707062994054,24.287900992319095,46510800
1999-05-20,23.850791931152344,24.32590730826693,23.83178731606776,24.192875002674846,42386200
1999-05-21,23.584728240966797,24.02183440498149,23.413686698526263,23.869797478367683,56568800
1999-05-24,23.489707946777344,23.679754127576516,23.128620203258922,23.679754127576516,38990000
1999-05-25,23.18563461303711,24.097856302730374,23.14762537596656,23.337671561319322,50791600
1999-05-26,23.869802474975586,23.869802474975582,22.957580724339575,23.47070545907233,52022800
1999-05-27,23.83179473876953,24.15487329583419,23.565730044716283,23.793785496761924,56702200
1999-05-28,24.534961700439453,24.59197555411979,23.755772366808145,23.94581854574261,41548000
1999-06-01,23.869802474975586,24.55396878795259,23.85079785517067,24.515959548342757,36046400
1999-06-02,23.850791931152344,23.907805776406093,23.18563040319192,23.736764240644842,42812600
1999-06-03,23.223644256591797,24.0028336301763,23.147625781120137,23.831792060365068,32934400
1999-06-04,24.19288444519043,24.23089369019466,23.337676432595327,23.394690300101665,35668200
1999-06-07,24.401931762695312,24.648991819482724,24.078853226896385,24.306908663930923,32392200
1999-06-08,24.1358642578125,24.972067428949313,24.021836552657483,24.287901198019195,41516400
1999-06-09,25.029085159301758,25.12410826165294,24.325914201902997,24.363923442843472,53310800
1999-06-10,24.28789520263672,25.029075103186667,24.040835235786737,24.896042813344366,35277400
1999-06-11,23.75576400756836,24.477939233398438,23.584722506713867,24.325902343750002,34543000
1999-06-14,23.584728240966797,24.230885179075475,23.546719009313346,23.94581594167459,28369800
1999-06-15,23.622739791870117,23.983827528029032,23.318665908788923,23.73676749802556,36981000
1999-06-16,24.629981994628906,24.82002815199487,24.002829675321223,24.040838906794416,48325200
1999-06-17,25.200124740600586,25.238133978520047,24.47794922013089,24.534963077010076,44475200
1999-06-18,25.846284866333008,25.84628486633301,24.972072289971745,25.02908615364748,69116200
1999-06-21,27.0435733795166,27.06257799889785,25.80827311973545,25.80827311973545,56194400
1999-06-22,26.302391052246094,26.891534204427906,26.226372580996827,26.891534204427906,38751000
1999-06-23,26.15035057067871,26.568452105965726,25.865281342073928,26.13134595543839,33942000
1999-06-24,25.73225975036621,26.22637995236733,25.542213518827317,26.074342967136218,33559000
1999-06-25,25.8272705078125,26.28338124525731,25.656228981270694,25.9603028062339,24933000
1999-06-28,26.378414154052734,26.39741877520119,25.827280140747597,25.998321731083674,31701000
1999-06-29,26.758508682250977,26.777513304894622,26.150360757654365,26.35941160673445,38973200
1999-06-30,27.423656463623047,27.44266107655695,26.378402752258342,26.6824765592008,57610200
1999-07-01,27.727737426757812,27.822760515951636,26.872529624013396,27.328640452143752,47737800
1999-07-02,27.974794387817383,28.01280361932257,27.461669762497362,27.632711304270703,32094800
1999-07-06,27.233617782592773,28.25986716169955,27.13859469193474,28.050816362251872,45419400
1999-07-07,28.069828033447266,28.069828033447262,27.328647740079326,27.385661608799936,33834600
1999-07-08,28.145837783813477,28.27887010284568,27.575699273675458,27.91778237975827,37790400
1999-07-09,28.354890823364258,28.373895441878574,28.05081692713515,28.088826164163788,33884200
1999-07-12,28.639955520629883,28.81099705990372,28.08882167185864,28.335881673031956,43847800
1999-07-13,28.468900680541992,28.601932926712752,28.221840794796304,28.316863827775414,30845000
1999-07-14,28.868009567260742,28.887014181854067,28.126829598121066,28.506921889987566,37985200
1999-07-15,28.696962356567383,28.963026908217675,28.506916248245744,28.88700846488902,40926200
1999-07-16,30.236347198486328,30.369379524312475,28.887019322249664,29.039056266050977,115369800
1999-07-19,29.91327476501465,30.635450394665575,29.74223316851838,30.407394932670545,81181600
1999-07-20,28.373884201049805,29.419137805241192,28.06981042528504,29.324114750314703,92287400
1999-07-21,28.791975021362305,28.98202106110727,28.2788507140509,28.468896753795864,54050800
1999-07-22,27.689743041992188,28.734997583728337,27.36666436545556,28.696988327665203,60904200
1999-07-23,27.442668914794922,27.898779755484036,27.271627349536505,27.841765900397895,68833200
1999-07-26,26.644479751586914,27.309641514287016,26.644479751586914,27.024572187415544,50885000
1999-07-27,27.005552291870117,27.29062145751266,26.758492348313247,27.005552291870117,65513000
1999-07-28,27.36664390563965,27.518680816226535,26.872523946232263,27.119583925935956,62215200
1999-07-29,26.435428619384766,27.005567266819373,26.245382403573227,26.967558023657066,57968200
1999-07-30,26.093351364135742,26.948559529748348,25.99832823462323,26.64448551530831,51127400
1999-08-02,25.78925895690918,26.435415776758045,25.656226670469707,26.055323529788126,48050600
1999-08-03,25.770263671875,26.169360675642977,25.656235956512724,26.11234681796184,55051200
1999-08-04,25.8272705078125,26.51143661397972,25.770256665631898,25.884284349993102,75573400
1999-08-05,26.074338912963867,26.264385114953402,25.770264989780618,25.96031119177015,76634000
1999-08-06,25.88429069519043,26.283387688288077,25.827276839033622,26.169359975974462,67205800
1999-08-09,25.485210418701172,26.09335861661201,25.447201156331744,26.03634472305787,39333600
1999-08-10,25.219131469726562,25.56121463962489,24.820034438178517,25.409177675225635,62743000
1999-08-11,25.599227905273438,25.751264893574987,25.029089199142625,25.542214034660358,66105200
1999-08-12,24.858043670654297,25.59922387184353,24.82003442956767,25.523205389670274,61062000
1999-08-13,25.751251220703125,26.036320422408327,25.162108203845712,25.21912204418675,65099800
1999-08-16,25.637222290039062,26.117088756179527,25.0290746893858,25.865277640284035,57321800
1999-08-17,25.71324920654297,25.99831848821196,25.21912911831672,25.979313869434026,51749000
1999-08-18,25.846284866333008,26.207372669612663,25.561215547954337,25.675243275305807,58361200
1999-08-19,25.485210418701172,25.88430767358016,25.276159475669317,25.713265992917734,71478200
1999-08-20,25.352155685424805,25.77975951070371,25.257132613140605,25.542201829993207,46072800
1999-08-23,26.28339385986328,26.340407729407453,25.504204309426264,25.637236671695998,60447000
1999-08-24,28.03180694580078,28.430903858249472,26.473428525763044,26.473428525763044,120450000
1999-08-25,28.9820556640625,29.191106557377047,28.335898357453893,28.468930744108604,81877600
1999-08-26,28.772991180419922,29.30512047569849,28.487921915092112,29.001046592682165,61246000
1999-08-27,28.354890823364258,28.92502937879383,28.088826164163788,28.90602476027951,41948400
1999-08-30,28.050817489624023,28.4119052486368,27.841766681774523,28.240863678578116,33300800
1999-08-31,28.145837783813477,28.316879336854882,27.404657720634052,27.91778237975827,46882800
1999-09-01,28.08880615234375,28.411884436910626,27.860750892649484,28.069801547369227,36607200
1999-09-02,27.91777801513672,28.145833383538108,27.575694962534634,27.822754944969475,33340800
1999-09-03,29.153093338012695,29.324134954728546,28.430917622990215,28.50693611930837,52098000
1999-09-07,28.658966064453125,29.40014622129243,28.506929109204037,28.849012258514485,47028000
1999-09-08,28.050817489624023,28.791997626544983,27.993803632937798,28.487923724218437,42568200
1999-09-09,28.601961135864258,28.62571691753856,27.913043467309386,28.107840877038694,38475200
1999-09-10,28.88701057434082,28.98203363544063,28.582936778821445,28.906015186560783,34455000
1999-09-13,28.544940948486328,28.83001026554844,28.392903979386535,28.73498715986107,27870800
1999-09-14,28.906017303466797,29.05805421236077,28.46891119039662,28.48791580400837,40207800
1999-09-15,28.164840698242188,29.115071491030385,28.08882223481913,29.03905302760733,48413800
1999-09-16,28.582962036132812,28.6019666651462,27.55671206940996,28.240878713891863,45796000
1999-09-17,29.32412338256836,29.34312799914812,28.525929486218477,28.69697103543631,79773400
1999-09-20,29.666223526000977,29.761246663496173,28.887033798540347,29.19110783852498,48601800
1999-09-21,28.772991180419922,29.362134328764053,28.620954238911757,29.362134328764053,47082800
1999-09-22,29.210100173950195,29.381141749464543,28.48792463288962,28.811003164416718,48531600
1999-09-23,27.727737426757812,29.457157650085406,27.37140084228097,29.457157650085406,71073600
1999-09-24,27.651731491088867,27.784763876269363,27.024578818095097,27.423675973636584,70277000
1999-09-27,27.80375862121582,28.259869494017718,27.632717043915108,27.97480019851653,34132200
1999-09-28,28.012815475463867,28.183857089628845,27.081588909454553,27.74675074231835,46000600
1999-09-29,27.214622497558594,28.012816732822184,27.100594749663795,27.841775110979984,37484400
1999-09-30,27.537689208984375,27.879772304748155,27.00555994890738,27.366647661102483,47455400
1999-10-01,27.361902236938477,27.556699596152658,26.853528640940485,27.42366725327468,44239000
1999-10-04,28.145837783813477,28.164842400818078,27.442666954643254,27.518685422661658,29998000
1999-10-05,27.91777801513672,28.54493027824054,27.214607295899103,28.202847225638454,43397000
1999-10-06,28.4879150390625,28.582938104569713,27.993795098424993,28.069813550830762,35500200
1999-10-07,28.506916046142578,28.906012870788572,28.183837664286294,28.48791143544515,46036400
1999-10-08,28.868009567260742,28.944028025634044,28.012801910561116,28.43090343161427,35697000
1999-10-11,28.67797088623047,28.88702170117317,28.62095702760973,28.772993983931695,19943800
1999-10-12,28.145837783813477,28.677967059942294,28.088823932799674,28.582943974919292,27668600
1999-10-13,27.689743041992188,28.316895767033877,27.46168750561339,27.97481246246568,38098400
1999-10-14,27.575702667236328,28.046066995984845,27.271628757742338,27.632716525266453,42737800
1999-10-15,26.777503967285156,27.309633215747883,26.549448575086842,27.214610135665254,73788000
1999-10-18,26.72049331665039,26.758502553231686,25.865285493571253,26.51144251545327,75312800
1999-10-19,26.245386123657227,27.138603464578217,25.922307510983675,26.83452947617958,69945600
1999-10-20,28.050817489624023,28.088826727414844,27.44266968497093,27.841766681774523,88090600
1999-10-21,28.297874450683594,28.316879067507422,27.518685160906543,27.53768977773037,60801200
1999-10-22,28.183847427368164,28.54493515570262,27.898778168156756,28.449912069298815,43650600
1999-10-25,28.10784149169922,28.449924755289878,27.70874435084345,27.97480911141396,30492200
1999-10-26,28.08880615234375,28.96301798117177,28.055548093638336,28.69695351152846,52467600
1999-10-27,27.632715225219727,27.86077064661081,27.27162747468384,27.822761409712296,54416600
1999-10-28,27.328649520874023,27.632723507198072,27.157607903566742,27.366658769164527,70570400
1999-10-29,28.145837783813477,28.582943974919292,27.746740826716863,27.803754677730666,79452600
1999-11-01,28.08880615234375,28.639939696604895,28.012787732445663,28.35487062198706,53261200
1999-11-02,28.145837783813477,28.734980910956097,27.95579161376747,28.20285163482728,46349000
1999-11-03,27.974794387817383,28.430905165879622,27.822757461796634,28.25986362410628,44517000
1999-11-04,27.89877700805664,28.202850871904666,27.461670828775098,28.069818556471155,54239400
1999-11-05,27.841760635375977,28.240857545507644,27.518682184317008,27.917779094448676,70167400
1999-11-08,27.347639083862305,27.59469906168733,25.65622846644483,25.78926076219677,243819200
1999-11-09,27.024560928344727,27.32863475032329,26.28338098727198,27.29062552257597,109769800
1999-11-10,26.492435455322266,27.10058318456926,26.28338467339361,26.796509319945763,69385400
1999-11-11,27.252622604370117,27.49968264192717,26.834521002350492,26.834521002350492,69274600
1999-11-12,27.11958122253418,27.366641177609825,26.473424416951726,27.290622729894242,49414200
1999-11-15,26.454423904418945,26.910534661391686,26.43541928954508,26.83451620189623,47080400
1999-11-16,26.549455642700195,26.682487990229834,26.112349357959964,26.435427916246223,59165200
1999-11-17,25.846284866333008,26.473437366766092,25.84628486633301,26.28339115451364,66819000
1999-11-18,25.8272705078125,26.093335104655306,25.694238209391095,25.8272705078125,64493200
1999-11-19,26.15035057067871,26.32139210784158,25.65623057443042,25.67523518967074,58226000
1999-11-22,27.309635162353516,27.480676718693932,26.891533580188046,27.25262131024004,90596600
1999-11-23,27.252622604370117,27.78475191603146,26.87253023889773,27.138594894728403,70787400
1999-11-24,27.87977409362793,28.05081565248454,27.21461247585221,27.233617093502946,53771000
1999-11-26,27.70872688293457,28.392892978809495,27.67071765538596,27.860763793128996,28514200
1999-11-29,27.423656463623047,27.993794851640157,27.214605721350104,27.40465185068914,51460200
1999-11-30,27.684967041015625,28.240851912098314,27.23360753030746,27.290621363239016,64145600
1999-12-01,28.335872650146484,28.563927963226135,27.63270210148423,27.689715929754144,48864200
1999-12-02,28.830001831054688,28.96303414009713,28.240858748152448,28.29787259488492,55473800
1999-12-03,29.22909164428711,29.533165419520266,29.110312825836658,29.13406858952675,64100600
1999-12-06,29.020050048828125,29.552179322807948,28.810999262621767,28.963036198044573,49098200
1999-12-07,28.27888298034668,28.84902175011173,28.24087372902901,28.81101249879406,56859200
1999-12-08,27.89877700805664,28.677966284167212,27.879772391566135,28.316878570847678,40955800
1999-12-09,28.20285415649414,28.37389572482867,27.803757163713563,27.974798732048093,46258200
1999-12-10,28.544940948486328,28.620959433036226,28.050820798912,28.392903979386535,36836000
1999-12-13,29.38113784790039,29.47616093279011,28.202851595267905,28.464165078714625,52691600
1999-12-14,30.008285522460938,30.74946546886751,28.982036365897994,29.248100962043942,144116200
1999-12-15,32.97301483154297,33.06803792904021,29.951280331130672,29.97028495063012,155571600
1999-12-16,34.56940841674805,34.9685054902784,33.12505710301916,33.22008021576448,128660200
1999-12-17,35.04452133178711,35.61465996516759,34.55040118285736,35.46262299626613,105898800
1999-12-20,34.284332275390625,34.9684985513962,33.809216805942306,34.911484695062406,39433800
1999-12-21,35.234561920166016,35.46261733712502,33.638174001452995,34.170303307690666,57446000
1999-12-22,35.747684478759766,35.88071679739417,35.00650441779665,35.36284098556738,38565200
1999-12-23,35.709678649902344,36.26081259394022,35.50062784354315,35.65266479362256,31028400
1999-12-27,36.22279357910156,36.260802806361895,35.31057212485346,36.0137428291697,32202200
1999-12-28,35.72867202758789,36.12776889598116,35.595639738123474,36.10876428320053,24591000
1999-12-29,35.861724853515625,35.99475721916195,35.51964162756794,35.55765087489546,17449200
1999-12-30,35.766693115234375,36.46986402132559,35.61465616256601,35.84271159156856,22360000
1999-12-31,35.500640869140625,35.80471488086774,35.34860386327707,35.72869637793596,12517600
2000-01-03,35.4435920715332,36.07074410282575,34.05625575988606,35.690651962648445,53228400
2000-01-04,34.246315002441406,35.61464723339356,34.132287316528725,34.531384217223106,54119000
2000-01-05,34.60740661621094,35.38659589202898,33.258078845891895,33.79020810742617,64059600
2000-01-06,33.44813537597656,34.62642196308483,32.954015194286,34.11329715902155,54976600
2000-01-07,33.885223388671875,34.13228334607666,32.63091898953988,33.03001584380915,62013600
2000-01-10,34.13228988647461,34.56939604871788,33.866225265978706,34.49337758571905,44963600
2000-01-11,33.258087158203125,34.74044761439732,33.04903632463728,33.90424428013393,46743600
2000-01-12,32.17482376098633,33.10605020179456,31.756722093684676,32.99202247434865,66532400
2000-01-13,32.78295135498047,33.0300112782354,30.863485797384513,31.737697833517327,83144000
2000-01-14,34.13228988647461,34.64541451171671,32.15580984850503,32.592916010748304,73416400
2000-01-18,35.063507080078125,35.424594686864836,33.980244259717985,33.9992488706015,81483600
2000-01-19,32.53590774536133,33.904240314091474,32.23183384119907,33.60016640992922,97568200
2000-01-20,32.23183059692383,33.353103005661154,32.193821362729345,32.55490908757695,56349800
2000-01-21,31.547670364379883,32.61192912366017,31.395633398768414,32.53591064085443,68416200
2000-01-24,30.787477493286133,32.13680521058447,30.654445183129955,31.561915584552434,63597600
2000-01-25,31.262603759765625,31.585682339653783,30.2743633977548,30.711469711721126,59823200
2000-01-26,30.217317581176758,31.47162132982938,30.14129917216751,31.148543091540066,49365000
2000-01-27,30.027294158935547,30.768474204630788,29.571183361584627,30.374128411087806,63654800
2000-01-28,29.87525749206543,30.483405227272872,29.571183624461714,29.837248258614967,58225400
2000-01-31,29.76123046875,29.856253554537837,28.849008845186784,29.685212000119733,73194200
2000-02-01,31.30060386657715,31.39562695056797,29.704216055531315,29.951276073907458,70196600
2000-02-02,30.65445327758789,31.60468431533085,30.559430173813592,31.148573417214227,49915600
2000-02-03,31.509658813476562,31.680700387252973,30.445400132201115,31.034543330764308,49186000
2000-02-04,32.402870178222656,32.83997634484971,31.666441310535777,31.737708620311928,55365400
2000-02-07,32.4218864440918,32.497904935168215,31.69971077886584,32.47890031239911,40005800
2000-02-08,33.42913818359375,33.44814281019045,32.3648790941786,32.3648790941786,56229000
2000-02-09,31.62367057800293,33.27707162384804,31.585661358558216,33.27707162384804,55090000
2000-02-10,32.23183059692383,32.40287215079901,31.16757203947823,31.590424769891882,54527800
2000-02-11,30.388389587402344,31.889754676460996,30.141329509455986,31.889754676460996,115559000
2000-02-14,30.293359756469727,30.93951673998288,30.122318202010362,30.782728648395132,81028600
2000-02-15,29.97027587890625,30.407381995085608,29.837243582677754,30.331363540097893,71027600
2000-02-16,29.685209274291992,30.46439850620363,29.533172350992164,30.179329275016446,65202600
2000-02-17,30.293359756469727,30.31236437363188,29.537926224274198,29.951276647550998,80343400
2000-02-18,28.906017303466797,30.426386392406535,28.849003462631558,30.40738177879479,79063000
2000-02-22,28.525928497314453,29.53317314112369,28.22185464257959,28.925025431653964,66296200
2000-02-23,28.658966064453125,29.115076930200388,27.993804385238363,28.430910631579493,75847200
2000-02-24,28.811004638671875,29.15308780720492,27.974801337813325,28.658967674879413,69733200
2000-02-25,27.765750885009766,28.796751559555815,27.51869081553329,28.792000404373574,65301400
2000-02-28,27.841760635375977,28.01280216828955,26.796506823126368,27.44266372524431,76131800
2000-02-29,27.176605224609375,27.89878074806053,27.024568272303867,27.89878074806053,58437400
2000-03-01,27.61371612548828,28.61145879347736,27.043577458065947,27.252628302787468,106889800
2000-03-02,28.392900466918945,29.001048268084542,27.708734190607643,27.91778499725832,106932600
2000-03-03,29.22909164428711,30.06529452617829,28.54492565001251,28.810990203341518,101435200
2000-03-06,27.55669593811035,29.609194670052364,27.404658995003537,29.191093076508622,93609400
2000-03-07,28.240856170654297,29.647197595034118,27.955786963009736,29.229096090488767,135061000
2000-03-08,29.058061599731445,29.24810778416396,27.670724453374092,28.525932283320405,94290000
2000-03-09,30.407381057739258,30.407381057739258,28.887012004852295,28.98203507065773,88198800
2000-03-10,30.71146011352539,31.16757090729062,30.255349319760164,30.27435393616705,85589000
2000-03-13,29.799243927001953,30.48341024165251,29.647206968190723,29.68521620789353,61831800
2000-03-14,28.92502784729004,30.179332602822985,28.92502784729004,29.989286427742236,73489200
2000-03-15,29.001049041748047,29.381141427616303,28.487924320825897,28.753988990933678,53208000
2000-03-16,29.001049041748047,29.400146046909715,28.35489198577201,29.17209061538876,77300800
2000-03-17,30.217317581176758,30.255326785681383,28.734958605496388,28.963013832524137,81161600
2000-03-20,29.60919761657715,30.331373168200983,29.343132939663107,30.02729925172779,47773000
2000-03-21,31.24359130859375,31.357619014099566,29.34312955016347,29.419148020500685,81648800
2000-03-22,31.395627975463867,32.11780343736921,30.74947098323277,31.262595653533936,93975800
2000-03-23,34.01826858520508,34.32234249434658,32.421880562212216,32.478894420176246,148224000
2000-03-24,33.961238861083984,34.96848321454647,33.315082106032584,34.24630801772431,112196800
2000-03-27,31.642696380615234,32.91600608482017,31.604687135713593,32.76872026082631,111434000
2000-03-28,31.718711853027344,32.66894288517316,31.12956861309694,31.509661025955264,81114400
2000-03-29,32.592926025390625,33.1250554298868,31.965773512948704,31.984778134537855,64363800
2000-03-30,31.433635711669922,33.030023498719665,31.167571080494962,32.28884345473228,64178400
2000-03-31,32.3078498840332,32.915997646556185,31.66169288635254,32.231831413717835,64281400
2000-04-03,27.632715225219727,29.343130885652858,27.366650566930126,28.715978476827374,260118200
2000-04-04,26.929548263549805,27.97480243044835,25.827280233002245,27.84177008193399,181244400
2000-04-05,26.26438331604004,26.91054035854754,26.112346364861807,26.83452188295842,82887600
2000-04-06,26.15035057067871,26.758498258368913,25.927046341604964,26.720489027888274,66421400
2000-04-07,27.08157730102539,27.176600379274603,25.846277283785636,26.454424984580594,82613600
2000-04-10,26.169355392456055,26.94854462345874,26.150350777065746,26.94854462345874,60685400
2000-04-11,25.50420570373535,26.169367551448268,25.390177958413133,25.884298188142733,71961800
2000-04-12,24.1358642578125,25.010076664000987,23.945818082554137,24.972067428949313,153003800
2000-04-13,24.097843170166016,25.010064362727505,24.021824737452555,24.591962982803487,94316200
2000-04-14,22.539472579956055,24.173869411217627,22.273407979518126,24.059841725315657,151217800
2000-04-17,23.07160186767578,23.10961109645284,22.197389605803387,22.577481893573992,119772200
2000-04-18,24.4969539642334,24.915055583483312,23.07160753497234,23.261653725540484,91794600
2000-04-19,23.926820755004883,24.78202880423063,23.75577914515973,24.763024180914503,53715400
2000-04-20,24.002836227416992,24.287905541281802,23.565729946157617,23.90781312279539,52387400
2000-04-24,20.258922576904297,20.677024168547725,19.764802514052974,20.44896875492404,313645800
2000-04-25,21.095125198364258,21.133134432955906,20.562995914081196,20.90507902540602,159517400
2000-04-26,20.67702293395996,21.62725376732209,20.486976767287533,21.285170667311725,107091200
2000-04-27,21.22816276550293,21.26617200948772,20.486982507799606,20.505987129792,77669800
2000-04-28,21.209148406982422,21.58924067234053,20.75303768855269,21.513222219268908,78082600
2000-05-01,22.330427169799805,22.501468739611038,21.798297841498194,22.15938559998857,107811000
2000-05-02,21.24715232849121,22.349419622813652,21.133124677354406,22.140368929062845,97716200
2000-05-03,21.456212997436523,21.532231466869423,20.924083711406208,21.399199145361845,55354800
2000-05-04,21.4182071685791,21.66526723352278,21.076124001734005,21.380197927818536,43317200
2000-05-05,21.627248764038086,21.836299499015606,21.247156518624408,21.361184192248512,36402200
2000-05-08,21.22816276550293,21.703278315312755,21.190153521518145,21.570245961366005,36187600
2000-05-09,20.620018005371094,21.418212250740297,20.524994880922378,21.342193751181327,60778400
2000-05-10,20.12588882446289,20.639013468712655,19.992856509287027,20.601004235805263,67740000
2000-05-11,20.639013290405273,20.715031755563302,19.992856336562014,20.258920964615122,58390800
2000-05-12,20.92408561706543,21.209154903401473,20.753044045263806,20.810057902531014,37886000
2000-05-15,21.095125198364258,21.114129815660082,20.677023617856136,20.981097494589314,33899600
2000-05-16,21.133136749267578,21.475219898086657,21.000104413615713,21.152141368646415,48410600
2000-05-17,20.581998825073242,21.019104986639896,20.44896651503122,20.94308652375874,53242000
2000-05-18,20.12588882446289,20.69602731807374,20.03086574219442,20.69602731807374,53640400
2000-05-19,19.783802032470703,20.049866613118724,19.612760516339833,19.878825096987853,66578000
2000-05-22,19.517745971679688,19.840824532067764,18.98561657809933,19.80281528966917,69955000
2000-05-23,19.213668823242188,19.93584430819095,19.17565958719225,19.42271962151683,57963200
2000-05-24,19.93584442138672,20.23991831151273,19.15665507793881,19.194664314204562,85482400
2000-05-25,18.700550079345703,19.68879053069324,18.586522334959447,19.63177665850011,94348800
2000-05-26,18.681543350219727,19.042631166755,18.35846477753027,18.87158956944882,55822000
2000-05-30,19.270681381225586,19.49873678218684,18.85257981279663,18.985612130024027,68536400
2000-05-31,19.023622512817383,19.370456789399718,18.871585569658002,19.351452171504796,54968200
2000-06-01,19.631765365600586,20.068871467642033,19.403710008013746,19.574751526203876,94507200
2000-06-02,20.163896560668945,20.296928865970248,19.764799644765038,20.06887348545373,80463200
2000-06-05,20.334936141967773,20.79104685917079,20.068871556932685,20.07362271023688,64400000
2000-06-06,21.1711368560791,21.2471553008047,20.620003131818514,20.73403079890691,99019000
2000-06-07,21.437206268310547,21.513224730254908,20.41095703206164,21.05711395858873,76310600
2000-06-08,20.92408561706543,21.931330428786108,20.753044045263806,21.760288856984484,94765600
2000-06-09,20.92408561706543,21.190150284312402,20.772048664352877,21.17114566522333,35710200
2000-06-12,20.334936141967773,20.981092991338713,20.182899236233435,20.981092991338713,49260600
2000-06-13,20.639013290405273,20.677022522984288,20.10688403429906,20.296930197194136,44289200
2000-06-14,21.437206268310547,21.589243192199273,21.13313242053309,21.228155497963545,79992400
2000-06-15,22.00734519958496,22.102368279030493,21.475215954689986,21.532229802357307,65592600
2000-06-16,22.064359664916992,22.235401212707046,21.741281185757998,22.08336428133811,68710600
2000-06-19,22.406435012817383,22.44444423251682,21.893310546875,22.06435203552246,46604800
2000-06-20,22.78653335571289,22.881556430590756,22.425445671176988,22.463454901128134,62275000
2000-06-21,24.534961700439453,24.991072529882167,23.39468462683266,23.413689244726108,160399600
2000-06-22,24.28789520263672,24.934052039013594,24.116853687125193,24.744005910667454,87315200
2000-06-23,23.622739791870117,24.344915264187946,23.413688997251796,24.306906028802796,49811600
2000-06-26,24.17388153076172,24.363927769211102,23.565733567723687,23.565733567723687,48287000
2000-06-27,23.96482276916504,24.36391973835811,23.83179044610068,24.097855092229395,31071200
2000-06-28,24.002836227416992,24.344919404054764,23.90781312279539,24.021840848341313,37459200
2000-06-29,23.470712661743164,24.002842179580256,23.432703410469085,23.793791297572827,38449000
2000-06-30,24.32591438293457,24.32591438293457,23.318669490516186,23.43269721418619,52356400
2000-07-03,24.32591438293457,24.344919003546238,24.135868176817894,24.230891279876232,15734800
2000-07-05,23.869802474975586,24.287904110683755,23.793783995755916,24.287904110683755,34824400
2000-07-06,24.610971450805664,24.839026784712743,23.869791615607657,23.983819282561196,47873200
2000-07-07,24.93405532836914,25.200119943153567,24.49694917550901,24.71075109810364,54153200
2000-07-10,24.154870986938477,24.725009562554646,24.13586636775127,24.53496337068259,52689800
2000-07-11,24.05984878540039,24.477950423061376,23.869802586463578,23.964825685931984,37164800
2000-07-12,24.420930862426758,24.629981632455312,23.470700089569686,23.793778552341088,58370200
2000-07-13,24.306900024414062,24.325904637412037,23.527710891496955,23.964816990450455,80843200
2000-07-14,24.002836227416992,24.24989629943316,23.850799260022427,24.173877815735878,51180600
2000-07-17,23.7747802734375,24.19288192492881,23.565729447691847,23.793784893959835,53992800
2000-07-18,23.869802474975586,24.173876391854254,23.546723938291997,23.60373779770675,70617200
2000-07-19,22.23540496826172,23.56572834243122,22.140381870106754,23.128622090918384,139924600
2000-07-20,22.748525619506836,22.881557933071203,22.235400981472846,22.330424062590254,54690600
2000-07-21,21.988344192504883,22.80554280985813,21.855311859447376,22.72952433382527,56100600
2000-07-24,21.456212997436523,21.931328431392156,21.285171441212494,21.912323814033932,56165600
2000-07-25,20.981088638305664,21.58923613506815,20.79104254556739,21.532222307246666,64188600
2000-07-26,20.620018005371094,21.133142877394153,20.44897638136341,21.000110503165953,85404600
2000-07-27,21.095125198364258,21.323180605914143,20.524986679489547,20.639014383264488,74337600
2000-07-28,21.190143585205078,21.836300429955724,21.171138972124176,21.570235846823106,75645600
2000-07-31,21.22816276550293,21.627259827343185,21.057121167571395,21.34219049745729,70283800
2000-08-01,20.886079788208008,21.304181476415994,20.73404281067783,21.26617223203345,47163600
2000-08-02,21.095125198364258,21.41820369239326,20.829060556222725,20.84806517351855,48269200
2000-08-03,21.361190795898438,21.399200032190073,20.715033778940658,20.734038397086472,54543400
2000-08-04,21.019107818603516,21.247163237973535,20.73403854439099,21.11413091000769,38107400
2000-08-07,21.285167694091797,21.627250746318275,21.20914923804147,21.342181536129544,52741800
2000-08-08,22.539472579956055,22.71051410880901,21.28516803503439,21.304172649351383,138038800
2000-08-09,22.57748794555664,22.76753414038456,22.23540479486639,22.42545098969431,63945600
2000-08-10,22.083362579345703,22.52046872334308,21.817297969955995,22.444450263517446,48986000
2000-08-11,22.026348114013672,22.10236657169793,21.779288126539836,22.026348114013675,35629600
2000-08-14,21.950328826904297,22.3114164872603,21.70326884876598,21.98833805431019,53427000
2000-08-15,21.779293060302734,22.197394672280623,21.7412838228502,21.893320772660342,40714200
2000-08-16,21.58924674987793,21.969339122234935,21.45621441955298,21.855311410527833,44976200
2000-08-17,21.760290145874023,21.893322487377183,21.45621622243823,21.627257804370863,36112800
2000-08-18,21.58924674987793,21.72227908020288,21.285172851992325,21.627255987113628,54438800
2000-08-21,21.475215911865234,21.532229759418858,21.30417436920436,21.494220527716443,34119600
2000-08-22,21.665266036987305,22.026353804270425,21.35168981803091,21.53223370167247,54428200
2000-08-23,21.513221740722656,21.627249417793625,21.399194063651688,21.532226353567818,36726800
2000-08-24,21.627248764038086,21.646253376308767,21.266161130895092,21.475211865872616,42405400
2000-08-25,21.475215911865234,21.798294381335772,21.456211296014025,21.494220527716443,52729400
2000-08-28,21.684267044067383,21.931327054210133,21.323179336935674,21.342183953100502,56421600
2000-08-29,21.570232391357422,22.12136608241413,21.551227781320982,21.646250831503174,59400200
2000-08-30,21.285167694091797,21.570236904280527,21.19014462402889,21.4942184482302,53498800
2000-08-31,21.22816276550293,21.893324535236683,21.190153521518145,21.55124133937361,72575400
2000-09-01,21.342187881469727,21.475220219110234,21.190150924166293,21.285174022480938,37629800
2000-09-05,21.323179244995117,21.494220789741068,21.2281561645807,21.28517001282935,50755200
2000-09-06,21.1141300201416,21.49422236973911,21.07612078518185,21.304176194940357,62960800
2000-09-07,21.30417251586914,21.9123201702026,21.11412637388993,21.28516790167122,111711200
2000-09-08,21.076129913330078,21.551245556101268,21.038120661908383,21.39920855041449,56709600
2000-09-11,20.92408561706543,21.190150284312402,20.696030187996598,21.01910871251078,48495200
2000-09-12,20.71503448486328,21.07612224193888,20.56299753451566,20.905080672797805,46781200
2000-09-13,20.753042221069336,20.905079160417827,20.429963724953787,20.54399142946516,40744800
2000-09-14,20.011869430541992,20.905086774545293,19.973860181861003,20.886082150204796,78503000
2000-09-15,19.517745971679688,19.954852259263557,19.251681274889506,19.897838395665662,99915200
2000-09-18,19.156654357910156,19.65077441079276,18.909594331468853,19.536746706281388,69037800
2000-09-19,19.76480484008789,19.992860280550442,19.270684719085693,19.346703199239876,79311200
2000-09-20,19.536754608154297,19.7648101094168,19.213675981365753,19.72680085920638,67791400
2000-09-21,19.517745971679688,19.80281528966917,19.327699759686702,19.460732108081793,48952200
2000-09-22,19.23267364501953,19.30869211792475,18.548507388872594,18.5865166253252,84476600
2000-09-25,18.624528884887695,19.308695252087652,18.377468807843268,19.232676766843213,53484200
2000-09-26,19.061635971069336,20.030871698411847,18.377469575298154,18.529506552136194,155704800
2000-09-27,18.434480667114258,19.327697771603297,18.18742061693644,19.289688533114404,106155600
2000-09-28,18.64352798461914,18.814569525762437,18.434477212110668,18.491491059158434,52360400
2000-09-29,18.339454650878906,18.643528510375344,17.82633001297867,18.54850542928271,74053600
2000-10-02,17.978370666503906,18.491495410685307,17.712305984335774,18.396472309910976,58562400
2000-10-03,17.19917869567871,18.187418797529862,17.18017407833542,18.111400328156698,85374000
2000-10-04,16.85709571838379,17.19917883330026,16.5720264559534,17.14216498081418,136453400
2000-10-05,16.83809471130371,17.408233358413316,16.80008546816307,16.87610395444435,81099400
2000-10-06,16.89510726928711,17.256195051195384,16.64804720798145,16.971125749688852,61794000
2000-10-09,16.476999282836914,16.952114602411218,16.11591163996044,16.914105376845274,58323600
2000-10-10,16.59103775024414,16.895111752539567,16.36298224852257,16.4009914988095,62066200
2000-10-11,16.952123641967773,17.313211477390855,16.419994200291658,16.419994200291658,101205800
2000-10-12,16.534021377563477,17.294206268485937,16.362979777105924,17.123164668028384,90219600
2000-10-13,16.343971252441406,16.68605437167855,15.849851191321084,16.3819804879122,104521200
2000-10-16,15.317724227905273,16.362978362563823,15.070664159713255,16.267955259413046,119759000
2000-10-17,15.336731910705566,15.944879892294884,15.279718037431568,15.773838272472888,81276600
2000-10-18,15.735819816589355,16.19193053591079,14.728575311421197,15.08966296421733,110536400
2000-10-19,18.814579010009766,18.909602136322945,17.636292243726324,17.769324620564777,256993200
2000-10-20,19.821823120117188,20.106892484260772,18.58652254216166,18.643536414990376,160378600
2000-10-23,18.890592575073242,20.14489751466563,18.45348630824559,19.650777386947414,185170400
2000-10-24,18.700550079345703,19.137656432826343,18.30145297399381,19.042633312504467,94427400
2000-10-25,18.624528884887695,19.289690630776544,18.377468807843268,18.833579719309906,167603800
2000-10-26,19.59376335144043,19.783809552715315,18.49149538404611,18.548509244428576,114826600
2000-10-27,20.581998825073242,21.038109602360187,19.65077265477907,19.66977727049936,124292400
2000-10-30,21.000106811523438,21.323185377854568,20.48698202970341,20.524991272801188,110057600
2000-10-31,20.94308090209961,21.13312700828926,20.677016353434098,20.981090123337538,104474000
2000-11-01,21.1711368560791,21.3041691343489,20.81004924363251,20.82905385481391,81309400
2000-11-02,21.38020133972168,21.54174063873291,21.171150482177737,21.39920596313477,77985200
2000-11-03,20.753042221069336,21.17114380427769,20.69602836881365,21.057116099766322,68711000
2000-11-06,21.133136749267578,21.323182943055954,20.753044361690822,20.886076697342688,74851400
2000-11-07,21.437206268310547,21.855307809004547,21.13313242053309,21.209150882477456,104331200
2000-11-08,21.1141300201416,22.00734704169575,20.677023818104466,21.627254692098237,206149400
2000-11-09,21.551239013671875,21.684271353262442,20.810058835953,20.82906345589451,91058600
2000-11-10,20.48697853088379,21.380195591135678,20.315936966154702,21.26616788131629,93744400
2000-11-13,20.201906204223633,20.715030820887826,19.5842562026834,20.27792466595166,83364800
2000-11-14,20.92408561706543,21.22815952249054,20.467974758927763,20.677025568907528,84218600
2000-11-15,21.30417251586914,21.551232500442108,20.886071003514886,21.00009868870241,60422200
2000-11-16,20.962095260620117,21.741284658340355,20.962095260620117,21.114132216272846,92128600
2000-11-17,21.000106811523438,21.28517613475679,20.615263225158415,21.114134540816778,106525600
2000-11-20,20.42995834350586,20.829055204169695,19.93583842077921,20.715027529694314,80157200
2000-11-21,20.60101318359375,21.057124176588445,20.486985435345076,20.486985435345076,59487600
2000-11-22,20.753042221069336,21.133134569440568,20.068875994001115,20.087880611419678,76343200
2000-11-24,21.266170501708984,21.418207466868655,20.82906422687493,20.9811011920346,34439200
2000-11-27,21.494218826293945,21.96933418496534,21.47521421194709,21.722274198456216,85307600
2000-11-28,20.372957229614258,21.209160697993948,20.31594335677019,21.09513295230581,127446200
2000-11-29,19.783802032470703,20.410954258283898,19.232668258271232,20.315931193766747,98280400
2000-11-30,17.44624137878418,18.871587896658703,17.332213657354217,18.85258327642038,197200800
2000-12-01,17.21818733215332,18.434483126036113,17.04714573613855,17.65529363307995,109809800
2000-12-04,17.16117286682129,17.940362332535212,16.781080444521812,17.408232941315948,80407200
2000-12-05,18.206418991088867,18.396465118344494,17.712299060224243,17.99736825110768,101734400
2000-12-06,17.237201690673828,18.263451846458157,17.04715536552858,18.244447213943634,90560800
2000-12-07,16.1539249420166,16.419989588120405,15.8878602959128,16.248948029910817,145308400
2000-12-08,16.553024291992188,16.99013055917453,16.248950366995775,16.610038152929015,120939800
2000-12-11,17.655290603637695,17.864341407340618,16.72406429623377,16.87610124438135,95576200
2000-12-12,17.750320434570312,18.244440703626875,17.25620016551375,17.57927880297381,63106000
2000-12-13,17.408227920532227,18.396467933488207,17.275195611095846,18.396467933488207,98360400
2000-12-14,16.876102447509766,17.85959152595417,16.838093207763123,17.617282622569316,71201400
2000-12-15,14.956637382507324,15.811845364988683,14.519531080350186,15.522024882036668,116899800
2000-12-18,14.53852653503418,15.203687879774305,14.291466606987846,14.89961412217882,107187400
2000-12-19,13.626311302185059,14.595546834139645,13.531288210816962,14.424505269677072,120271800
2000-12-20,12.619064331054688,13.379248929310993,12.581055101141871,13.018161245139249,149037800
2000-12-21,13.208207130432129,13.721331723988484,12.257976401624063,12.391008703657192,163173000
2000-12-22,14.120428085327148,14.329478837599824,13.607303511566942,13.607303511566942,109551800
2000-12-26,14.253458023071289,14.766582511901854,13.949384251912434,14.253458023071287,66941600
2000-12-27,14.120428085327148,14.234455768384972,13.683321966938824,14.025405016112295,69003800
2000-12-28,13.550288200378418,14.063412718485315,13.341237470779312,13.721329706414052,77619200
2000-12-29,13.189207077026367,13.930387301816033,13.075179350135649,13.360248667362443,99977600
2001-01-02,13.189207077026367,13.683327226886144,13.037170107838744,13.417262530807802,82413200
2001-01-03,14.576546669006348,14.861616030199432,13.113190614881852,13.13219523896139,135962200
2001-01-04,14.7285795211792,15.355731939500378,14.253464052754065,14.538533333809147,112397000
2001-01-05,14.937628746032715,15.165684146735506,14.462513327901904,14.747582578780392,93414600
2001-01-08,14.880615234375,15.127675257423373,14.196449016702587,14.880615234375002,79817600
2001-01-09,15.754829406738281,16.00188945774865,15.127676969558108,15.203695446792068,114965400
2001-01-10,16.077903747558594,16.36297296294084,15.43174685935884,15.507765316794107,90230200
2001-01-11,16.72406768798828,16.95212315646085,15.90686892596158,16.115919772061435,101854800
2001-01-12,16.267953872680664,16.724064728924045,15.963879968518407,16.686055490903765,73712000
2001-01-16,15.982888221740723,16.26795757171232,15.545781885117613,16.22994832504944,68462400
2001-01-17,16.096912384033203,16.686055576364996,15.98288466938834,16.305963194215455,72844200
2001-01-18,16.876102447509766,17.085153266116304,16.00188993333696,16.324968471183432,109788800
2001-01-19,18.54851531982422,18.68154770429017,17.902358023846734,18.244441298187756,209348800
2001-01-22,18.28244400024414,18.548508673844367,17.94036084847242,18.472490195672872,76673000
2001-01-23,18.41547393798828,18.529501640390688,17.92135389424453,18.168413916116407,70295200
2001-01-24,19.13764190673828,19.289678783852388,18.47248056936406,18.548499007921112,110455000
2001-01-25,18.795557022094727,19.460718291835185,18.719538591267245,19.08062613769778,85657400
2001-01-26,19.460723876953125,19.55574694275856,18.548502445220947,18.548502445220947,93080000
2001-01-29,19.612760543823242,19.650769769683365,19.308686736942263,19.327691349872325,84983800
2001-01-30,19.270681381225586,19.688782949654545,19.11864444725142,19.612764482667462,57276800
2001-01-31,18.567506790161133,19.38470514428286,18.54850217727458,19.15664978964424,81898800
2001-02-01,18.96660614013672,19.042624601620233,18.358458448268607,18.491490755864756,71792800
2001-02-02,18.491493225097656,19.270682559351517,18.472488607189028,19.004617908630685,71100000
2001-02-05,18.83358383178711,18.87159308270898,18.32045894434185,18.472495948029334,51399200
2001-02-06,19.023622512817383,19.40371487071583,18.75755786228847,18.871585569658002,96442000
2001-02-07,19.669790267944336,19.783818037613578,18.79557736714681,18.852591251981433,126061800
2001-02-08,18.928598403930664,19.612764611301653,18.852579936445,19.384709208844658,88041200
2001-02-09,17.978370666503906,18.71955085254371,17.78832446495524,18.64353237192424,100575200
2001-02-12,17.864336013793945,18.0733867543809,17.38922069427815,17.88334062657458,71289400
2001-02-13,17.69329833984375,18.567510717537427,17.674293722937367,18.130404528690587,76070600
2001-02-14,17.750320434570312,17.940366691899758,17.142172411116082,17.522264925774977,61728400
2001-02-15,17.883346557617188,18.30144817745521,17.59827727136399,17.940360414867826,65627800
2001-02-16,17.4272403717041,17.712309734381922,17.066152512312197,17.332217250811496,66958400
2001-02-20,16.99013328552246,17.712308973273974,16.838096298627406,17.446244246207627,60730800
2001-02-21,17.104162216186523,17.655296332041424,16.781083596547447,16.800088221232098,63947200
2001-02-22,16.781078338623047,17.27519842560402,16.381981345292264,17.123161475763723,100816400
2001-02-23,17.25619125366211,17.484246644679672,16.515011232855038,16.553020464691297,92620600
2001-02-26,18.11139678955078,18.22542447133179,17.446235312494874,17.52225376701555,87936800
2001-02-27,18.05438995361328,18.60552396272358,17.84058796732049,18.05438995361328,99148600
2001-02-28,17.940357208251953,18.26818682884766,17.693297204324757,18.111398749432322,84608400
2001-03-01,18.04963493347168,18.09239532157414,17.104155240983957,17.807326067557742,81781600
2001-03-02,17.237201690673828,17.674308238507894,17.161183160615728,17.484261913362648,79800800
2001-03-05,17.465238571166992,17.826326202126918,17.199174000985995,17.408224734699637,49383600
2001-03-06,18.073389053344727,18.24443059012717,17.750310594977893,17.82632905577009,66781800
2001-03-07,18.4534854888916,18.586517825062806,18.035383860924952,18.206425436002217,59743600
2001-03-08,18.016372680664062,18.4249718501095,17.769312717743563,18.339451093713944,54626000
2001-03-09,17.237201690673828,17.693312871022417,16.686067347752616,17.61729434096432,103794400
2001-03-12,15.792835235595703,16.7240613806549,15.697812159569256,16.62903830462845,114376000
2001-03-13,16.476999282836914,16.648040797883663,15.811837835432886,15.868851673781803,91035600
2001-03-14,16.41998863220215,16.800080961651272,15.86885475450092,15.963877836863201,90686200
2001-03-15,16.324962615966797,17.051889065397216,16.267948776795784,16.81908255544891,71638400
2001-03-16,16.59103775024414,16.76207937653532,15.959133964223959,15.963885120509826,112848800
2001-03-19,16.515016555786133,16.876104374612297,16.15392873695997,16.57203042191658,61036400
2001-03-20,16.02089500427246,17.06614912673389,16.001890383864072,16.59103361652415,91822800
2001-03-21,15.222696304321289,16.191931649540248,15.127673231260607,15.887857815746065,124988600
2001-03-22,16.41998863220215,16.438993248674606,15.355730109744602,15.374734726217058,126363200
2001-03-23,17.19917869567871,17.33221101708175,16.53401708866351,16.705058644753134,99519600
2001-03-26,17.04714584350586,17.484252147185497,16.895108868312942,17.37022441579081,63118600
2001-03-27,17.712295532226562,17.80731857692735,16.990120392500586,17.04713421932106,95135600
2001-03-28,16.89510726928711,17.61728283310366,16.838093408985802,17.446241252199737,78681600
2001-03-29,16.83809471130371,17.389228736842995,16.591034630889546,16.83809471130371,86985000
2001-03-30,16.629043579101562,17.08515448869978,16.381983503069197,16.952122140066965,91201600
2001-04-02,16.97112464904785,17.313207788670315,16.61003689055747,16.667050747161216,75924000
2001-04-03,16.229949951171875,16.819093333474367,16.039903698816232,16.819093333474367,94187600
2001-04-04,15.792835235595703,16.7240613806549,15.52677062272165,16.229941385317368,104046600
2001-04-05,17.25619125366211,17.446237412843413,16.267951225919347,16.343969689591866,113364000
2001-04-06,17.08514976501465,17.389223620676756,16.74306667739478,17.142163612951293,92622000
2001-04-09,17.37782096862793,17.45991988726425,16.92475042234586,17.201457579084003,56295600
2001-04-10,18.14712905883789,18.271799301918403,17.56938822898198,17.62108139120793,109199400
2001-04-11,18.2565975189209,18.700545141451947,18.153212344911623,18.442082786403706,109879600
2001-04-12,18.907310485839844,18.946840407780694,18.04678100638289,18.110637391041056,87520000
2001-04-16,18.484649658203125,18.724868278588975,18.280919575106992,18.67013489267955,65857400
2001-04-17,18.69446563720703,18.8860325436315,18.256599582472553,18.402554934050713,85149200
2001-04-18,19.895557403564453,20.1631416277536,19.156657658236476,19.275246305766892,156696400
2001-04-19,20.689189910888672,20.981100597333143,19.99286035180658,20.011104044740637,159375600
2001-04-20,20.981088638305664,21.61964304592655,20.829051764115043,21.376385439160714,192919600
2001-04-23,20.753042221069336,20.819938845566607,20.342542948808322,20.710472063643724,92171200
2001-04-24,20.540199279785156,21.26389455235368,20.415527828346203,20.737845520514462,89176600
2001-04-25,21.190908432006836,21.221315354581165,20.448967457715927,20.546271001893466,76744000
2001-04-26,21.020633697509766,21.58925288326121,20.753049426515176,21.306463985092897,118737600
2001-04-27,20.409433364868164,21.18786151517102,20.132725105875235,21.14224998326133,121572400
2001-04-30,20.60101318359375,20.999349375107634,20.579728096716686,20.838190528766916,74368200
2001-05-01,21.336862564086914,21.376393651298176,20.555392823326997,20.573638832770456,83702800
2001-05-02,21.21219825744629,21.634860839557057,21.087526831118648,21.58924928553719,92864400
2001-05-03,20.83819007873535,21.339912624174172,20.719601408709867,21.057123721828688,66273400
2001-05-04,21.513221740722656,21.604444810339043,20.66485554492677,20.677018775535558,119538400
2001-05-07,21.704792022705078,21.938930201935097,21.498021698144587,21.537552786011734,109356200
2001-05-08,21.91156005859375,21.923723290520915,21.513224072551036,21.817297911032323,75084000
2001-05-09,21.406801223754883,21.680468174720556,21.24260105317548,21.66222216472314,76676600
2001-05-10,21.285167694091797,21.662218586529658,21.273004462735845,21.628770280275578,64334600
2001-05-11,21.10272789001465,21.285171755366438,20.874672478350007,21.273008521689704,51128800
2001-05-14,20.895957946777344,21.041912113819286,20.768247470640727,21.020627034463182,44968000
2001-05-15,20.759124755859375,21.072322830983804,20.67702582114897,20.902039864336583,61385600
2001-05-16,21.029756546020508,21.24868785224035,20.473300632948654,20.58580651533241,91893800
2001-05-17,20.72871208190918,21.327737888008837,20.540187795249835,21.011500831797374,106984800
2001-05-18,20.704389572143555,21.041911767738785,20.448968624071288,20.582761874908925,90605400
2001-05-21,20.917238235473633,21.282125889408192,20.601001186110754,20.692224259543956,103491600
2001-05-22,21.379432678222656,21.391595911194916,21.0358300463794,21.117928969067794,83455600
2001-05-23,21.193946838378906,21.77168762884435,21.136174383261952,21.40375854141779,93637400
2001-05-24,21.808185577392578,21.82642927328958,21.063202956294415,21.266934280045515,80781600
2001-05-25,21.561874389648438,21.86290680372551,21.394632870772842,21.789929740897524,52747600
2001-05-29,21.3885555267334,21.817300809503315,21.30037614337039,21.52843155252896,71210800
2001-05-30,21.038869857788086,21.461532312323826,20.874669704818196,21.151375694525367,86501800
2001-05-31,21.03583526611328,21.400723066224675,20.798657964050868,21.130097445163713,70682600
2001-06-01,21.3885555267334,21.49802230872148,20.889874550965292,21.163541505935495,57587600
2001-06-04,21.522342681884766,21.595319742580603,21.22435166410238,21.45240700868844,43736600
2001-06-05,22.075761795043945,22.221718268751925,21.437207152357853,21.516267005612153,89454200
2001-06-06,22.002782821655273,22.343346351020095,21.756483758395458,22.163941582548695,80022800
2001-06-07,22.404155731201172,22.419360347840385,21.917638157430545,21.929801386762158,66960000
2001-06-08,22.255176544189453,22.42545723984589,21.90853237380286,22.410252612062074,51867000
2001-06-11,21.929805755615234,22.15177835541688,21.744320531178655,22.15177835541688,47345600
2001-06-12,21.917640686035156,22.017985599673523,21.53146564987505,21.59532087130881,66714600
2001-06-13,21.494977951049805,21.984536961171052,21.479773332887422,21.908518510157183,55302400
2001-06-14,20.950687408447266,21.452409693303323,20.79865049303023,21.352064772352268,71972400
2001-06-15,20.683103561401367,20.768246193489556,20.190505378052748,20.528027558443217,108354400
2001-06-18,20.336454391479492,20.66485464390079,20.071911676944776,20.661813256406443,56846800
2001-06-19,20.470251083374023,20.935483693466725,20.327336005523467,20.74087661891683,63457400
2001-06-20,21.10576629638672,21.16049736034968,20.40335415017131,20.41551738212951,64108400
2001-06-21,21.236520767211914,21.45241528488846,20.956773326704045,21.026711346780925,69603800
2001-06-22,20.929414749145508,21.470666117935515,20.853396246340157,21.28518078549841,51092000
2001-06-25,20.935487747192383,21.227398415539714,20.607087375339226,21.011506222904703,49215600
2001-06-26,21.32775115966797,21.34903624785524,20.58580982302497,20.62229953987484,63077000
2001-06-27,21.631811141967773,21.75039974493008,21.09056011923743,21.242597027640297,69199800
2001-06-28,22.118328094482422,23.155220890976288,21.44632525870534,21.756481841309558,128975600
2001-06-29,22.197389602661133,22.322060986583868,21.710871938363475,22.075759606611914,94283800
2001-07-02,21.467615127563477,22.243004437370832,21.330782811667852,21.908523638592985,72810200
2001-07-03,21.428085327148438,21.52843025791988,21.263885164040467,21.376393327623553,28037400
2001-07-05,20.832103729248047,21.504106776010918,20.810818648849217,21.352069824619324,49242600
2001-07-06,20.087121963500977,20.79865612673254,19.968533322945692,20.768249199392695,67467800
2001-07-09,19.974618911743164,20.345589509242274,19.77697037636575,20.12969495897298,66476600
2001-07-10,19.606691360473633,20.144901287318277,19.567160258117,20.03847585770497,66562600
2001-07-11,20.220914840698242,20.296933317542972,19.5215439257668,19.524585314412537,73822600
2001-07-12,21.77168846130371,21.908523093695614,21.38551567011661,21.498021516419406,128078000
2001-07-13,21.692628860473633,21.893318729041624,21.571001167898583,21.710874870279515,58934600
2001-07-16,21.643978118896484,21.94197153169468,21.33078240456645,21.726077042887077,55990800
2001-07-17,21.838590621948242,21.896365413826178,21.32774630190676,21.48586605234108,63241000
2001-07-18,21.45849609375,21.741284927561836,21.245645281160392,21.467617940018147,57590800
2001-07-19,22.0666446685791,22.197396549268046,21.656145333360296,21.656145333360296,76549400
2001-07-20,21.03583526611328,21.10273190411038,20.658784230011495,20.686149771064827,124203600
2001-07-23,20.400318145751953,21.0540775366585,20.175304094893384,21.0540775366585,79999400
2001-07-24,20.166179656982422,20.673982480516077,19.977653015955134,20.372949988467326,67530200
2001-07-25,20.518911361694336,20.531072278297756,19.95029223462817,20.14794076798594,74065400
2001-07-26,20.24827766418457,20.47025260756758,19.91683826312854,20.40943876220485,77974000
2001-07-27,19.907716751098633,20.144893999837322,19.780006281762347,20.084080153458004,65396000
2001-07-30,20.008058547973633,20.336456514783624,19.928998704158648,19.96244701039194,42196400
2001-07-31,20.126649856567383,20.491537566423567,20.023263536171793,20.07191646809901,59031600
2001-08-01,20.211793899536133,20.315177919121524,19.99590169401965,20.31213885023954,55679000
2001-08-02,20.509782791137695,20.53715064737015,20.147936442417034,20.4368057076839,54198400
2001-08-03,20.339500427246094,20.48241551345518,20.068874875875487,20.464171824117663,43260400
2001-08-06,20.108407974243164,20.40944283255409,19.971575634938166,20.230038009125362,27831600
2001-08-07,20.175296783447266,20.388149841900624,20.06583002650532,20.081034644930224,31347800
2001-08-08,19.722232818603516,20.44592784632226,19.609724643411653,20.223955204329815,54996400
2001-08-09,19.767847061157227,19.93204726359162,19.551954846817562,19.75872521433865,45536200
2001-08-10,19.922914505004883,20.02630080412951,19.126242627751655,19.69485915329059,51756400
2001-08-13,20.017189025878906,20.065839652358655,19.68878859751497,19.837784185978173,32675400
2001-08-14,19.670534133911133,20.09623558218371,19.59755475429392,19.99285160757434,36481200
2001-08-15,19.217470169067383,19.780007564144775,19.217470169067383,19.676621234717725,39503000
2001-08-16,19.649253845214844,19.67661937930941,19.065431425586354,19.108001580777547,43905600
2001-08-17,18.81609344482422,19.500258566711533,18.700545036883522,19.393833164627925,52234200
2001-08-20,19.065427780151367,19.08063123839126,18.578908996828257,18.74919074498377,48371200
2001-08-21,18.481605529785156,19.217464742375572,18.460320456193035,19.065427839603533,47111800
2001-08-22,18.445119857788086,18.594116555984137,17.96468377371145,18.58803493973637,78107200
2001-08-23,17.97684669494629,18.709664668128045,17.940358155686752,18.448160956876922,51813200
2001-08-24,18.86778450012207,18.9377213551003,18.01029622958919,18.12280324325419,63399000
2001-08-27,18.946836471557617,19.266113688719965,18.721821377967867,18.822166275905676,44562800
2001-08-28,18.469449996948242,19.14145306668868,18.420798217237394,18.955967794056722,47422800
2001-08-29,18.32045555114746,18.639732967766655,18.10456332428544,18.56371448000256,48170000
2001-08-30,17.313968658447266,18.14105009543384,17.186258168297844,17.952524589044238,97632000
2001-08-31,17.347415924072266,17.65453121549561,17.119360496954883,17.286600911517652,57900800
2001-09-04,17.05854606628418,17.964687348362524,17.049424220072293,17.389986678065206,67189200
2001-09-05,17.557226181030273,17.75487350525306,16.84265187359464,17.082870514985974,89470600
2001-09-06,17.034217834472656,17.754872560343827,16.997729295934167,17.198417997820435,112356800
2001-09-07,16.845693588256836,17.441678120763875,16.81832689237897,17.06158576687676,89863800
2001-09-10,17.508573532104492,17.621080536267364,16.632840484690114,16.699735945569525,84471800
2001-09-17,16.088546752929688,16.754468041840497,16.055098445093822,16.42606889934669,127502000
2001-09-18,16.517295837402344,16.72406620325679,16.167610352808794,16.240588606619184,83182600
2001-09-19,16.38045883178711,16.632840697268307,15.38613715106736,16.559862459072015,126950200
2001-09-20,15.434791564941406,15.997329009125338,15.407424865927595,15.918269140885462,117983200
2001-09-21,15.115521430969238,15.386147162120833,14.443518028454527,14.5712285784562,184976600
2001-09-24,15.814876556396484,15.948669760009643,15.16415886229416,15.401337195995032,85580200
2001-09-25,15.598989486694336,16.11591530390385,15.252345456315538,15.893941515327072,84940600
2001-09-26,15.285792350769043,15.751024963148106,15.06685881084964,15.66284326957505,58524400
2001-09-27,15.191527366638184,15.410460882426095,14.595542973603914,15.23409751471927,81191200
2001-09-28,15.559466361999512,15.687178047954305,14.893544705082517,15.088151883727651,116641200
2001-10-01,15.74799919128418,15.96389154136011,15.328376574553651,15.489535489406006,69999600
2001-10-02,16.13112449645996,16.283161487303033,15.678054913319711,15.699339999241726,80860800
2001-10-03,17.098073959350586,17.31092590517624,15.93347161396631,15.957796920945071,97199200
2001-10-04,17.16193199157715,17.757917768992282,17.091995127686335,17.307887337081883,101778000
2001-10-05,17.551151275634766,17.6362916226289,16.705824784956395,17.07679542820266,80844400
2001-10-08,17.648448944091797,17.833934203530763,17.25315311706359,17.271396808188836,60605800
2001-10-09,16.590269088745117,17.505530834602638,16.47776093304746,17.48424575864895,99477600
2001-10-10,16.879148483276367,16.95212675907475,16.115923196967923,16.298367146538368,86349200
2001-10-11,17.12544059753418,17.28355915219285,16.599392931432146,16.955158809451817,83742600
2001-10-12,17.143692016601562,17.22275074424886,16.5872360537236,16.936921608969882,63307000
2001-10-15,17.654521942138672,17.78831397152223,16.982518088319715,16.997722703434285,68437000
2001-10-16,17.77312660217285,17.913000372207083,17.396074309091087,17.596763114777257,66169000
2001-10-17,17.03725814819336,18.031579817966726,17.02205468705518,17.976846429909497,73710600
2001-10-18,17.25619125366211,17.508573109830735,16.87609893529951,17.131521019637166,78348000
2001-10-19,17.605878829956055,17.639325983754613,16.91563095517026,17.453841883790457,91219600
2001-10-22,18.293087005615234,18.29916862321748,17.475128577287716,17.60588045586107,72323600
2001-10-23,18.375185012817383,18.682299127116305,18.06198928160811,18.387348246638087,80325000
2001-10-24,18.64580726623535,18.737029183751453,18.12888152037796,18.396466817048186,79141400
2001-10-25,19.022857666015625,19.035019736658874,18.113676478322986,18.429913514037775,75318200
2001-10-26,18.91339874267578,19.348224556858927,18.876910195736983,18.949887289614576,64509400
2001-10-29,18.13496208190918,18.913391463354245,18.104555164488094,18.882983385983607,55129400
2001-10-30,17.903867721557617,18.10455640616964,17.694056033133936,17.916029793390447,57395600
2001-10-31,17.6818904876709,18.466400224327362,17.666685870954982,18.03157463309842,64700000
2001-11-01,18.803924560546875,18.92859477693675,18.122798712011033,18.268755162371924,109671200
2001-11-02,18.670137405395508,19.16273678492703,18.39951066755458,18.831296196735178,83360000
2001-11-05,19.23875617980957,19.46985183808766,18.7765637033035,18.81001201856938,66401600
2001-11-06,19.697898864746094,19.74655178252334,18.901225895334083,19.06542601298409,68612000
2001-11-07,19.536754608154297,19.780014737461176,19.46985795659988,19.527632759287883,58899000
2001-11-08,19.588441848754883,20.08712290416057,19.35734617428029,19.60060508424038,74227800
2001-11-09,19.828662872314453,19.962456158560908,19.433366951936538,19.56411768902721,48013600
2001-11-12,20.005016326904297,20.202664768259634,19.35429855621373,19.673574666188593,57752800
2001-11-13,20.646621704101562,20.661824009687344,20.25132464046908,20.31214082251261,60159600
2001-11-14,20.05367088317871,20.78040724995401,20.005020270121125,20.74696125842041,88625600
2001-11-15,20.105361938476562,20.38815068562947,19.90163071468745,20.09927916289525,77922000
2001-11-16,19.99285888671875,20.254362625810018,19.74959883922463,20.178344150955574,59249000
2001-11-19,20.233074188232422,20.363826036081495,19.977650948757773,20.144892493645898,56005000
2001-11-20,19.886432647705078,20.616210439528132,19.773924474498724,20.205708836696658,65921800
2001-11-21,19.475927352905273,19.643166546972477,19.302604223890423,19.57018948628677,50785200
2001-11-23,19.676620483398438,19.707027407398407,19.34517990801965,19.576275546288898,15754600
2001-11-26,19.807374954223633,19.98069699574902,19.58236090309767,19.761763402264343,41983600
2001-11-27,19.381671905517578,19.786089610400335,19.080638218465804,19.70094928515132,90819000
2001-11-28,19.095840454101562,19.49721906433889,19.07455537415828,19.20834747093748,54536600
2001-11-29,19.71614646911621,19.73439247685993,19.14144826297299,19.19314025846511,54034400
2001-11-30,19.524585723876953,19.789130864008516,19.439445399209287,19.661420377007012,48234200
2001-12-03,19.694860458374023,19.834736458205487,19.39990963937757,19.40903264281634,47211800
2001-12-04,20.068876266479492,20.093202733881437,19.49113542513122,19.764802383654043,51005800
2001-12-05,20.707435607910156,20.728720691693187,19.825620685655803,20.21787636100033,74243000
2001-12-06,20.874671936035156,20.98109732806718,20.54019113826327,20.670942997016773,56026200
2001-12-07,20.625337600708008,20.932450634999782,20.23612329673013,20.753048109219453,42334800
2001-12-10,20.391189575195312,20.813851998333067,20.33037573930897,20.531063253653212,38367400
2001-12-11,20.470251083374023,20.71655015462326,20.394232622381118,20.573637396672027,54334000
2001-12-12,20.66182518005371,20.67094934780217,20.144900362853797,20.421608787050406,47884200
2001-12-13,20.150968551635742,20.749994274526376,20.090154723076825,20.412472190257024,53227800
2001-12-14,20.506736755371094,20.661812715035484,20.047584691510632,20.074950218545926,43000600
2001-12-17,20.975021362304688,21.014550139265943,20.42160688534687,20.424645954413084,57079800
2001-12-18,21.063203811645508,21.10273491422804,20.85947479952151,20.956778381424044,47255200
2001-12-19,21.13008689880371,21.251716878100083,20.813849880592695,20.865544187725412,56996200
2001-12-20,20.299962997436523,21.05710594052798,20.257392860549356,21.026699031308354,78585000
2001-12-21,20.537139892578125,20.68309398305317,20.37293980086987,20.680054916096335,84307600
2001-12-24,20.455053329467773,20.68615017803148,20.433768246040863,20.59188799712659,11701600
2001-12-26,20.579723358154297,21.002385928750954,20.491541641424785,20.500663488000264,29328000
2001-12-27,20.631412506103516,20.892916231183648,20.45201002861113,20.670943595645625,32406600
2001-12-28,20.637495040893555,20.935486143718474,20.585800718244684,20.746961823127084,28787200
2001-12-31,20.1448974609375,20.822983332076728,20.1448974609375,20.628373886448035,43006200
2002-01-02,20.385112762451172,20.406397840805017,19.919880107074587,20.26652413735124,48124000
2002-01-03,21.051027297973633,21.05710775238136,20.400307321210597,20.406390095516993,67590800
2002-01-04,20.950687408447266,21.257802627161457,20.880749406599772,21.057112785259346,52731400
2002-01-07,20.847312927246094,21.291260693747713,20.783457664930847,21.209161733599693,58508800
2002-01-08,21.09664535522461,21.242601841120067,20.67702422811209,20.886835951618167,47736400
2002-01-09,20.892908096313477,21.473690100502026,20.84425750030377,21.200023248263932,76304000
2002-01-10,21.066246032714844,21.224365809486528,20.716560473981808,20.82298822830526,50296600
2002-01-11,20.862510681152344,21.38247677716181,20.707432340970644,21.139216726676782,72993200
2002-01-14,20.819948196411133,20.993270292316428,20.59797314451106,20.768256170592153,50997800
2002-01-15,21.14834976196289,21.16963485131467,20.82907110178544,20.87772406024708,60717400
2002-01-16,20.637495040893555,21.23651863491088,20.631412264158584,20.935486143718474,61955400
2002-01-17,21.242599487304688,21.285169640994727,20.798651941751867,20.838180707349938,78958000
2002-01-18,20.09928321838379,20.631412514059075,19.892512884982548,20.40335710162681,107140400
2002-01-22,19.60060691833496,20.260446845842022,19.536751665985907,20.254366387480285,76837200
2002-01-23,19.381671905517578,19.676622815108782,19.229634947601514,19.475935237007512,80403000
2002-01-24,19.643178939819336,19.819542407651216,19.399919984146223,19.491141947529865,83886000
2002-01-25,19.399917602539062,19.71919501516121,19.311735879448644,19.518507416324482,48981200
2002-01-28,19.405994415283203,19.582357817792186,19.129287238203414,19.53066581633596,41622000
2002-01-29,18.949874877929688,19.612755706222767,18.84953114958308,19.430311931074808,58666000
2002-01-30,19.111040115356445,19.126244735105598,18.648848905712896,18.98941127701064,66100000
2002-01-31,19.37254524230957,19.402953324122592,18.88906776100483,19.174897930298652,69566200
2002-02-01,19.053268432617188,19.612764393496313,18.995494815551588,19.50633900417817,63462200
2002-02-04,18.584991455078125,19.062387257151048,18.472484467060507,18.974206731380246,70308400
2002-02-05,18.594118118286133,18.922517303610206,18.396469633450955,18.487691564932657,66772600
2002-02-06,18.366052627563477,18.819121807855193,18.320441106886175,18.733981539869994,66103000
2002-02-07,18.18362045288086,18.73399467380091,18.168416988646044,18.335657415128942,63314000
2002-02-08,18.442079544067383,18.44511977220231,17.888665227535093,18.280919614123583,61283000
2002-02-11,18.588041305541992,18.621489626384836,18.11976713364237,18.247477638733127,50899600
2002-02-12,18.28700065612793,18.50289280536923,18.250512119906077,18.393427196703673,44973800
2002-02-13,18.797840118408203,18.816084961947144,18.229222500862225,18.32348462594001,54168600
2002-02-14,18.755277633666992,19.153614847269377,18.64581084764192,18.852581185700426,57267000
2002-02-15,18.31436538696289,18.870821014515137,18.305243543871715,18.761354257622923,50179800
2002-02-19,17.919076919555664,18.287006099175116,17.818731965141268,18.217069233954476,52262600
2002-02-20,18.21402359008789,18.353897278945542,17.87954166809608,18.061986669168792,50492000
2002-02-21,17.65148162841797,18.3265257503357,17.63931839956645,18.159285413450046,59398400
2002-02-22,17.63324546813965,17.864341115166425,17.37782335303119,17.65148915925107,71347800
2002-02-25,17.964693069458008,18.21099227521562,17.602844255151915,17.618047723663448,51832200
2002-02-26,17.80352783203125,18.244435249210497,17.60588047946811,17.970768256492356,63276200
2002-02-27,17.754873275756836,18.29004394231747,17.63324442241107,17.961643602389387,65750000
2002-02-28,17.739665985107422,18.153206549112866,17.678850991586117,17.873458042894672,68068000
2002-03-01,18.6610164642334,18.67621992850299,17.89475003355612,17.95556505058447,62115600
2002-03-04,19.247875213623047,19.308690217953004,18.508975636895954,18.62148380088878,74464200
2002-03-05,19.180986404418945,19.424245346146645,18.95597115835199,19.156659930271108,55926400
2002-03-06,19.348224639892578,19.36950972236072,18.91035743494791,19.129291037420245,49835400
2002-03-07,19.071514129638672,19.424239784130467,18.810010407180137,19.360383387752368,58079200
2002-03-08,19.445524215698242,19.673578458215744,19.208345808366456,19.348220670108194,57701800
2002-03-11,19.564109802246094,19.764799650712686,19.156651969152296,19.311729117572348,43718200
2002-03-12,19.01677703857422,19.09583572163498,18.75223197921222,19.01069542296192,66407200
2002-03-13,18.882984161376953,19.162732684926397,18.837373783372417,18.87690370560269,44387400
2002-03-14,18.615407943725586,18.925563517810033,18.5637147680698,18.895155426262484,51819600
2002-03-15,19.00156593322754,19.007646386443472,18.539373772226448,18.548495611999453,69086800
2002-03-18,18.8951473236084,19.153610771152344,18.609318345331733,19.077592314806996,52296800
2002-03-19,18.922515869140625,19.15665287682917,18.70054209404752,18.90731240837118,36376400
2002-03-20,18.27483367919922,18.858655938860494,18.27483367919922,18.67013052040555,55235200
2002-03-21,18.65797233581543,18.727909184798634,18.192739698690314,18.308286930949667,46123400
2002-03-22,18.381258010864258,18.591068476118306,18.31132118911291,18.563701792828713,41341400
2002-03-25,18.01030158996582,18.48161602419557,17.985976274883406,18.39039406272371,47752400
2002-03-26,17.964693069458008,18.524188134364334,17.730555942539446,17.970773528902384,69357200
2002-03-27,18.07415199279785,18.207945249643675,17.815689644718194,17.879544884603774,47318400
2002-03-28,18.338695526123047,18.44208068837088,18.141047046547857,18.229228747278313,43901200
2002-04-01,18.3599853515625,18.36606696973192,18.001177999217038,18.192744911728614,47010000
2002-04-02,17.417346954345703,17.9677209518718,17.365654964938848,17.909947347249524,76509400
2002-04-03,17.128488540649414,17.51770287955513,16.876106570299456,17.46600969769721,76931400
2002-04-04,17.164968490600586,17.323087026508052,16.85177164680615,17.022053414694877,61763800
2002-04-05,16.988609313964844,17.423435105407943,16.97948746769469,17.29876484659943,50166000
2002-04-08,17.399105072021484,17.42647176335263,16.49904564599142,16.511208877682954,73389600
2002-04-09,16.68453598022461,17.46296564768499,16.663250898219246,17.432558719091602,63413000
2002-04-10,17.119356155395508,17.3656563718012,16.742305261088806,16.760548948263576,75636400
2002-04-11,16.660207748413086,17.164970330236333,16.572026047022636,16.994688544097855,58165800
2002-04-12,17.006851196289062,17.107194967586018,16.68149225670997,16.76967395508741,52297600
2002-04-15,16.933870315551758,17.256188976572663,16.84568979088952,17.028133615648795,47388800
2002-04-16,17.578506469726562,17.66668698853033,17.13759923590982,17.14976246607223,51921600
2002-04-17,17.219703674316406,17.72142486651051,17.155847279715534,17.621081092051597,55158600
2002-04-18,17.140644073486328,17.426474259430133,16.0186118880946,17.268355704640957,74794800
2002-04-19,17.39301872253418,17.63019587622146,17.28963360119241,17.465995772922895,104268600
2002-04-22,16.90346336364746,17.240985482719275,16.72405976702143,17.18625210341306,51465200
2002-04-23,16.416942596435547,16.973396966728945,16.207130962432863,16.936908440795605,68281400
2002-04-24,16.12199592590332,16.550740014911977,16.11591430961139,16.374376622295088,61220400
2002-04-25,16.3378849029541,16.55681840703104,16.079422640601756,16.085504255709388,57290400
2002-04-26,15.659802436828613,16.55682047830678,15.64763920509171,16.44127209670545,62776600
2002-04-29,15.884819984436035,16.08854892704028,15.641559952738707,15.650682957894723,70246000
2002-04-30,15.890901565551758,16.20713870117216,15.78751639275085,15.842249787760148,77384000
2002-05-01,16.039897918701172,16.173690014564315,15.404383433439,15.86049427472908,76413000
2002-05-02,15.571619987487793,16.441271295134097,15.553376300721508,16.006445641310947,79009200
2002-05-03,15.069902420043945,15.714538742659512,15.054697797569887,15.586827105566426,71628000
2002-05-06,14.784069061279297,15.367891409028262,14.708050604954405,15.03340950522898,66299400
2002-05-07,15.04253101348877,15.291871432653394,14.701967527842399,14.95434933452947,88385400
2002-05-08,16.714946746826172,16.714946746826172,15.574669342630104,15.589872809362685,101242000
2002-05-09,15.8483304977417,16.7240636078093,15.781435032076336,16.54161974152221,83288200
2002-05-10,15.218900680541992,16.015574089838573,15.200656986251639,15.973003923227694,64408800
2002-05-13,16.02165412902832,16.088550761367244,15.127677238448703,15.340529210477163,64819000
2002-05-14,16.687572479248047,16.75446793454173,16.413905562297785,16.541617176857784,64832400
2002-05-15,16.64805030822754,17.161934913858346,16.377424653192673,16.568991584265174,70412000
2002-05-16,16.949079513549805,17.037260062036705,16.61763891972703,16.635882611162316,53406400
2002-05-17,17.03725814819336,17.149766312505296,16.806162523023737,17.09199153625059,54646200
2002-05-20,16.42302703857422,16.891301014895582,16.267949895740315,16.876097555394157,52115800
2002-05-21,15.869614601135254,16.602432569588927,15.851370911598067,16.40478525325438,63120000
2002-05-22,16.325725555419922,16.3348485602258,15.766229591899128,15.772311208453129,54169400
2002-05-23,16.66932487487793,16.67540648979885,16.11895090400372,16.328762558952448,51412800
2002-05-24,16.194978713989258,16.578112555876434,16.128083231081266,16.46256412547156,35982000
2002-05-28,15.909148216247559,16.32572918319301,15.735826165768428,16.29532225361597,49602000
2002-05-29,15.827049255371094,16.030779410063527,15.675012276626031,15.7054203683451,45393200
2002-05-30,16.006446838378906,16.22538037554416,15.638517768381476,15.702372996738124,63213000
2002-05-31,15.480405807495117,16.243630963847984,15.471283959554889,16.085513519783362,66468000
2002-06-03,15.027324676513672,15.70236879553037,14.951306236442397,15.504721547314663,88439000
2002-06-04,15.197614669799805,15.577707076987526,14.97260061431666,15.051659324633718,88008400
2002-06-05,15.708464622497559,15.735831332081803,15.304046758586374,15.334453698146472,66969400
2002-06-06,15.781434059143066,15.854411137178902,15.203693251602282,15.65980404915035,78703400
2002-06-07,15.80576229095459,15.994287797386226,15.161125902544828,15.170247749000406,97834400
2002-06-10,16.061180114746094,16.207135418558956,15.647639507301495,15.7054142791928,71825400
2002-06-11,15.985167503356934,16.47472674981648,15.939555946749497,16.18889765360007,74368200
2002-06-12,16.888259887695312,16.96123695339605,15.963875215855952,15.988201677722563,136198600
2002-06-13,16.48689079284668,16.870023479283358,16.480809174338145,16.67541632681075,79771600
2002-06-14,16.800090789794922,16.891312770238116,16.115924196545354,16.16153576674216,109433600
2002-06-17,16.930831909179688,17.161927522732356,16.836568598941934,16.924750293040187,94486600
2002-06-18,17.02510643005371,17.11632841231443,16.83049806529362,16.88523148664014,77518400
2002-06-19,16.529455184936523,17.00989127968328,16.517291952170854,16.86697735451068,81247000
2002-06-20,16.450395584106445,16.75446944821155,16.389581739245212,16.532495666608792,86401200
2002-06-21,15.896980285644531,16.587228054735213,15.896980285644531,16.23754382807011,116820000
2002-06-24,16.468643188476562,16.614598528469052,15.766232027309648,15.83921027728086,104523200
2002-06-25,16.100709915161133,16.724061049564046,16.05509837559156,16.632839130374535,84025200
2002-06-26,16.459524154663086,16.538582875686618,15.522975779745119,15.522975779745119,112131400
2002-06-27,16.69973373413086,16.705815349759952,16.07334240367871,16.602430203964513,95812400
2002-06-28,16.632837295532227,16.96427778798617,16.41998540093758,16.587225760994265,89555600
2002-07-01,16.012531280517578,16.538578980206314,15.98820597206687,16.45647888927919,66473800
2002-07-02,15.641554832458496,16.091583887861372,15.608107691001381,15.927384928151122,82814200
2002-07-03,15.763185501098633,15.96995577347014,15.340523113734648,15.580741688982348,80936600
2002-07-05,16.67845344543457,16.693658068845195,16.131120641199463,16.143283875948,35673600
2002-07-08,16.091588973999023,16.702778114819157,15.988204969628226,16.544659559978868,63199400
2002-07-09,16.179765701293945,16.641957990255143,16.106788643007633,16.210173775537765,85277200
2002-07-10,15.884819984436035,16.480804510204933,15.85137167208016,16.3257261820004,90673400
2002-07-11,16.088546752929688,16.137198520704683,15.583784227282996,15.824002838150003,129550600
2002-07-12,15.76927661895752,16.3378946306619,15.65372818301299,16.228427813446046,95733800
2002-07-15,15.751020431518555,15.769265274579283,14.595540383173827,15.626350237143585,136965600
2002-07-16,15.583789825439453,16.055104212560295,15.398304531681239,15.602034679890282,97154600
2002-07-17,15.811835289001465,16.207130939236638,15.559453515112882,15.9699537810854,98034800
2002-07-18,15.541213035583496,16.036853684092446,15.404379585387828,15.830083394896672,91053600
2002-07-19,15.069902420043945,15.4743200909474,14.841847002331141,15.164164583664006,112543400
2002-07-22,14.44654369354248,15.200647632119868,13.956985918830007,14.884410646258296,180069800
2002-07-23,13.078215599060059,14.2306557531692,13.066053526788338,14.136393603327601,168061600
2002-07-24,14.057330131530762,14.096860046089335,12.591694665060153,12.695079792402243,202307800
2002-07-25,13.023487091064453,13.899219181857744,12.90489728298307,13.820160469753487,163411400
2002-07-26,13.789745330810547,13.807990175022706,13.281942679707544,13.300187523919703,123538000
2002-07-29,14.6715669631958,14.686770427540724,14.154641055818598,14.245863001838108,112148600
2002-07-30,14.625947952270508,14.847922826328723,14.391812168857303,14.458707609854196,122690600
2002-07-31,14.589466094970703,14.595547712378183,14.096866684463915,14.476959072807096,93875600
2002-08-01,13.91137981414795,14.62291272972859,13.835361345218178,14.467835563489762,92002800
2002-08-02,13.503920555114746,13.941786511461638,13.318435308344608,13.838401348997124,85947600
2002-08-05,13.376211166381836,13.735017295729095,13.32147777242466,13.467433102993848,78941600
2002-08-06,13.887054443359375,14.367491761690248,13.63467370976711,13.652918561332163,88715800
2002-08-07,14.318842887878418,14.38269814138062,13.731980049615066,14.291476184956029,86349400
2002-08-08,14.872255325317383,14.899622024413283,14.11207052815344,14.324922503349335,88748000
2002-08-09,14.63203239440918,14.945229228494343,14.492158710809768,14.641155398087129,69049400
2002-08-12,14.738462448120117,14.82360276976764,14.473917317372653,14.476958705974285,56866600
2002-08-13,14.309718132019043,15.112473041329611,14.267146811719348,14.592506951428431,100122800
2002-08-14,15.115521430969238,15.121603051438438,14.355336271576896,14.367499512515293,96706000
2002-08-15,15.133756637573242,15.428708662432632,14.823601151215382,15.191530255247349,98745600
2002-08-16,15.203690528869629,15.273627366108485,14.875290256670269,15.030368549636478,69334000
2002-08-19,15.811835289001465,15.827038744789487,15.158076250572636,15.215851006496171,79848200
2002-08-20,15.519935607910156,15.720624380428387,15.431753878786203,15.623320803446829,70317600
2002-08-21,15.896980285644531,15.92738836619128,15.55337767508878,15.67804790545628,81203400
2002-08-22,16.185853958129883,16.252750588968393,15.994287071605905,16.070305548486065,72517600
2002-08-23,15.878734588623047,16.070300252061205,15.763186217061483,16.012526646255182,57929200
2002-08-26,15.842242240905762,16.009483734847702,15.562494941856206,15.963872207418204,55652400
2002-08-27,15.45910930633545,15.94866822340844,15.401335712127498,15.912179698642854,65470200
2002-08-28,15.015170097351074,15.40438433347539,14.990843627618345,15.349650936526666,68875000
2002-08-29,15.380049705505371,15.507760114377563,14.753657408793893,14.866164363269283,94275600
2002-08-30,14.923946380615234,15.349649110753253,14.899619913776032,15.246263946586202,58138400
2002-09-03,14.297554016113281,14.753664837367618,14.291472399302581,14.753664837367618,74452600
2002-09-04,14.659408569335938,14.777997254322853,14.337090842951056,14.428312819098657,80232000
2002-09-05,13.960031509399414,14.44959063214742,13.950909664363044,14.443509015473248,90438800
2002-09-06,14.540816307067871,14.677649817601147,14.434390887736475,14.519531223201591,69918400
2002-09-09,14.808395385742188,14.884413841356933,14.178962666048069,14.367488111186754,81653200
2002-09-10,15.139839172363281,15.148961017825634,14.701972030973005,14.759746812100795,83950000
2002-09-11,14.771915435791016,15.538180892908764,14.756710807872995,15.273636838428821,77443200
2002-09-12,14.337085723876953,14.686770034245937,14.29755578967874,14.641159642432562,63726800
2002-09-13,14.568175315856934,14.674600678986087,14.245856679030917,14.261061296577477,59549200
2002-09-16,14.52864933013916,14.63507588202077,14.30667554128864,14.47391594001714,50166200
2002-09-17,14.379657745361328,14.869217003100244,14.355331271956864,14.799278972037461,73343400
2002-09-18,14.519522666931152,14.668519326142315,14.18808220782208,14.206327051791625,83951800
2002-09-19,14.352286338806152,14.540811806101292,14.16680109971509,14.194167793350653,77777600
2002-09-20,14.431341171264648,14.595541289155504,14.382689413365439,14.507359615478999,130619200
2002-09-23,13.753262519836426,14.20329175794434,13.625552037107779,14.169843442958298,89783800
2002-09-24,13.877930641174316,14.13335272732874,13.570816556130762,13.631631559491284,104142200
2002-09-25,14.142474174499512,14.279307638228747,13.698526634355487,14.109027025543192,107116600
2002-09-26,14.0482177734375,14.443513706033656,13.97219928024785,14.324925042249824,100852200
2002-09-27,13.759339332580566,14.321875393800198,13.741094487154447,13.999557910918467,81011600
2002-09-30,13.300191879272461,13.695487687053031,13.108625012136187,13.643794524832227,115577000
2002-10-01,14.057330131530762,14.06341174607434,13.13294559999554,13.476549282036801,110636600
2002-10-02,13.868805885314941,14.23369466893096,13.73197244646525,14.017801394323907,103488600
2002-10-03,13.622509956359863,14.166802494505548,13.561694946743335,13.774546900426266,105221400
2002-10-04,13.309320449829102,13.856653472560138,13.284993970620873,13.801920054291998,107120400
2002-10-07,13.39445686340332,13.70157219325564,13.284990059097545,13.321479767166158,89790000
2002-10-08,13.680281639099121,13.98131407059947,13.4187779689395,13.60730341209777,115667600
2002-10-09,13.376211166381836,13.820158775190182,13.32147777242466,13.449188251691503,123142600
2002-10-10,14.102945327758789,14.175922401358891,13.15119386327247,13.379249248184708,118515000
2002-10-11,14.860082626342773,14.869205626864606,14.29450531185589,14.400931811649745,108828800
2002-10-14,14.987809181213379,14.999972420772355,14.546901606778658,14.671571912382234,76216200
2002-10-15,15.900016784667969,15.924342081676054,15.401336016534493,15.586820031062727,133374200
2002-10-16,15.328364372253418,15.586826708429292,15.288834442737762,15.322282755408718,95437400
2002-10-17,15.43783187866211,15.963879580895739,15.2188983017973,15.89698295242041,182602400
2002-10-18,16.16153335571289,16.17673682352692,15.5503439740169,15.994291729907863,152817200
2002-10-21,15.966931343078613,16.112887939719048,15.617246805160718,15.80273220177185,112378600
2002-10-22,15.711492538452148,15.790552375265184,15.516885493911575,15.638515476724175,87159000
2002-10-23,16.176729202270508,16.194972891072194,15.638518343576608,15.638518343576608,110866600
2002-10-24,15.57770824432373,16.22842630859953,15.477364444480761,16.225386079492193,95833400
2002-10-25,16.018613815307617,16.055102360049002,15.556421328767051,15.583788027310568,75425800
2002-10-28,15.796643257141113,16.2679576871142,15.662849965570574,16.23755075354826,79906600
2002-10-29,15.833137512207031,15.960849231073695,15.462166757345031,15.857463995781854,90517200
2002-10-30,16.149364471435547,16.234504789388037,15.699335253765499,15.872657278140117,94451200
2002-10-31,16.25882911682129,16.44127296268586,16.070302494818257,16.173687650128098,105973800
2002-11-01,16.115915298461914,16.188893538493225,15.78143450153035,15.94259328333104,105097800
2002-11-04,17.05854606628418,17.408231530438908,16.88218379980479,17.25619457384119,139964200
2002-11-05,17.234909057617188,17.271397601493504,16.900428225526163,16.96124207867006,76658200
2002-11-06,17.341327667236328,17.36261273948841,16.885216987635587,17.329165597341884,115407000
2002-11-07,17.031169891357422,17.21665506079252,16.876092792292418,17.08894464508596,73699600
2002-11-08,16.75446891784668,17.195376238832054,16.727102224545526,17.02813585085821,64522200
2002-11-11,16.377422332763672,16.7544733627775,16.365259096969677,16.745351515907004,58341200
2002-11-12,16.5750675201416,16.85481610695299,16.389583418392032,16.45039726948377,81398600
2002-11-13,16.833528518676758,17.00685052035077,16.453436206242582,16.492966131521648,107370200
2002-11-14,17.32916831970215,17.33220854766601,16.98860479026849,17.02509448553257,78337000
2002-11-15,17.237945556640625,17.30788240058428,16.92779010092335,17.210578864667053,77533600
2002-11-18,16.98253059387207,17.34133796774714,16.9490834318584,17.317012653559914,58086400
2002-11-19,16.68149757385254,16.967326677688018,16.514257128417416,16.891308187949317,76403400
2002-11-20,17.21666145324707,17.30180292194663,16.70277705265737,16.727102358036024,76435400
2002-11-21,17.587623596191406,17.63627534384543,17.265305043015292,17.32612001757011,82922200
2002-11-22,17.703176498413086,17.727501798540263,17.347409559463717,17.469039539947996,70002000
2002-11-25,17.706218719482422,17.83088894153811,17.505530041052545,17.654526725923777,61583000
2002-11-26,17.301799774169922,17.71229894232996,17.265310082816075,17.52681373777115,68650400
2002-11-27,17.660614013671875,17.821772821760526,17.45384365312985,17.514657509801065,55191800
2002-11-29,17.538969039916992,17.82783925283198,17.538969039916992,17.767024288015826,28393000
2002-12-02,17.542024612426758,17.928198642903666,17.335254247132823,17.833936466927014,63735000
2002-12-03,17.24402618408203,17.438633244760258,17.15280426938281,17.417348169995424,58457400
2002-12-04,17.19233512878418,17.46600088780832,16.973401593605153,17.067664901240487,83892000
2002-12-05,16.82744789123535,17.359577159910184,16.815284658134843,17.317007004008158,68435800
2002-12-06,16.866973876953125,16.94907394126979,16.486881631014572,16.684528902932932,71670200
2002-12-09,16.277074813842773,16.79096042568003,16.270993196903596,16.72406379929889,63862800
2002-12-10,16.42302703857422,16.565942109776746,16.261868279949823,16.28619474311179,63730200
2002-12-11,16.620677947998047,16.72710334018423,16.292278766430847,16.374377691860314,69186200
2002-12-12,16.47167205810547,16.7422986301597,16.325716818766175,16.72405379026136,55242000
2002-12-13,15.963879585266113,16.34397195634388,15.960839356675432,16.322686876359512,65245400
2002-12-16,16.565946578979492,16.58723166001375,16.01557238092957,16.115917328619577,60140400
2002-12-17,16.529455184936523,16.721022041171803,16.35309178968347,16.54769887413531,49549800
2002-12-18,16.277074813842773,16.54161993092283,16.052060786842294,16.371338136475305,62709400
2002-12-19,16.149364471435547,16.648045465071277,16.07942761598174,16.19193463041179,82686600
2002-12-20,16.128074645996094,16.33484492299216,16.10070795757163,16.264908088118418,98294600
2002-12-23,16.41998863220215,16.50512894281484,16.085507846266815,16.131118229830868,48798400
2002-12-24,16.365257263183594,16.489927516227286,16.27403532485038,16.280116942065913,18386000
2002-12-26,16.2345027923584,16.629798568447416,16.167606173653443,16.42910987228224,37228000
2002-12-27,16.106794357299805,16.41999009345396,16.085509277752426,16.201056521023958,40891600
2002-12-30,16.039897918701172,16.18889463723387,15.893942588682329,16.118956620813517,48019600
