Price,Close,High,Low,Open,Volume
Ticker,ORCL,ORCL,ORCL,ORCL,ORCL
Date,,,,,
1995-01-03,1.6811118125915527,1.7399261819477905,1.6811118125915527,1.730123503100538,36302175
1995-01-04,1.695814847946167,1.7056175260358684,1.6615070837078505,1.6860129270685307,46052550
1995-01-05,1.661507487297058,1.705617940339745,1.6566062417131764,1.7007165054528008,37764225
1995-01-06,1.6811118125915527,1.7105189026181562,1.6370006096425551,1.6615072121091712,41864850
1995-01-09,1.7301230430603027,1.7301230430603027,1.6909140418242554,1.695814528081202,34639650
1995-01-10,1.7350245714187622,1.7595304141809838,1.7350245714187622,1.7399260049954228,42089625
1995-01-11,1.68356192111969,1.7595305506947605,1.6664076594825052,1.7497288185990383,46763325
1995-01-12,1.671308994293213,1.6909143503518815,1.6566058291127792,1.6860129166857067,41295825
1995-01-13,1.6517044305801392,1.7031672135334615,1.6468031861127248,1.6909143863194542,55039500
1995-01-16,1.6419016122817993,1.6517042896834413,1.5683841820115259,1.6075932825425687,54575775
1995-01-17,1.700716257095337,1.700716257095337,1.64190188658667,1.64190188658667,39588750
1995-01-18,1.695814847946167,1.7154202041255697,1.6909143607648895,1.695814847946167,28842075
1995-01-19,1.7546296119689941,1.7595300981504165,1.6811113396749566,1.6909140157646,55819125
1995-01-20,1.7227716445922852,1.7595303119483514,1.6909142212250947,1.754629825171478,48519000
1995-01-23,1.686012864112854,1.7105187065584868,1.666407508665515,1.7105187065584868,37551600
1995-01-24,1.6811118125915527,1.6958149789987929,1.6566059673370603,1.6860130573636636,28961550
1995-01-25,1.7154202461242676,1.7448273345982652,1.6566058798732517,1.6713090455042088,67278600
1995-01-26,1.6811118125915527,1.7154203366932979,1.6811118125915527,1.7105189026181562,27544050
1995-01-27,1.6762101650238037,1.6958147630092213,1.6566057563413932,1.686012842622526,35708850
1995-01-30,1.6370004415512085,1.6811116399707569,1.6320999544944155,1.6762102063989066,44440650
1995-01-31,1.671308994293213,1.6909143503518815,1.6370004730541106,1.6468031510834449,37910025
1995-02-01,1.661507487297058,1.7007165054528008,1.6517048068262323,1.6909147714972863,24385050
1995-02-02,1.6811118125915527,1.6860130573636636,1.6517045332619185,1.6615072121091712,24166350
1995-02-03,1.7252228260040283,1.7448272350295984,1.6860128721348275,1.6958147926930975,53943975
1995-02-06,1.742376446723938,1.7497289769307258,1.7154204505518027,1.7252231300496936,24820425
1995-02-07,1.7399258613586426,1.7497285383997079,1.7154200206194612,1.7448271052276771,18530775
1995-02-08,1.7203209400177002,1.7497282083823893,1.7105182648255235,1.7448267761348208,26294625
1995-02-09,1.705617070198059,1.7595299869041667,1.705617070198059,1.7350241500928387,48529125
1995-02-10,1.7350245714187622,1.7497286828457324,1.7056174843828915,1.715420162233201,36316350
1995-02-13,1.7448276281356812,1.7791361561978627,1.7252232146932769,1.7399263827977907,33374025
1995-02-14,1.7301230430603027,1.769332801508272,1.715419880562638,1.7595301252675541,28030050
1995-02-15,1.793838381767273,1.793838381767273,1.7350240365245195,1.7350240365245195,44547975
1995-02-16,1.80854332447052,1.8134447593143224,1.7742349842914484,1.7938393985452339,45473400
1995-02-17,1.7889381647109985,1.8085433363053192,1.7840374870473692,1.8036420907325046,20790675
1995-02-21,1.80854332447052,1.8232464931835637,1.7938393985452339,1.803642078929778,27060075
1995-02-22,1.8477517366409302,1.8526531698781827,1.788937566641875,1.798740054510383,40435200
1995-02-23,1.845301866531372,1.889413068599482,1.8232461708458034,1.8673573729139135,42391350
1995-02-24,1.793838381767273,1.8453011468205047,1.7864868015777513,1.8453011468205047,34298100
1995-02-27,1.7864869832992554,1.8526529154619311,1.7864869832992554,1.801190902385795,31062150
1995-02-28,1.845301866531372,1.852653449588183,1.78648749834964,1.8085430047321813,23047200
1995-03-01,1.8379497528076172,1.867356833756332,1.830598171873411,1.8600052528221256,24347250
1995-03-02,1.8600060939788818,1.8600060939788818,1.8085433004394957,1.852653752507812,14650200
1995-03-03,1.9335238933563232,1.9408754785773437,1.8379508245429799,1.8600063374183726,44343450
1995-03-06,1.9114677906036377,1.9261717137203922,1.8747089293268737,1.918820130768064,27614250
1995-03-07,1.8967646360397339,1.9261717252369701,1.8820605235320391,1.9041162190360175,30264300
1995-03-08,1.9114677906036377,1.9114677906036377,1.8894130417466526,1.8967646246989809,17986050
1995-03-09,1.9261705875396729,1.9408737448477849,1.8967635157117946,1.9188190088856172,45534150
1995-03-10,1.9408742189407349,1.9408742189407349,1.911467139929656,1.9188194775913054,26088750
1995-03-13,1.9482262134552002,1.977633284429328,1.9408736885000355,1.9482262134552004,30138750
1995-03-14,1.9555785655975342,1.9923372295554198,1.9555785655975344,1.9776340668570387,24873750
1995-03-15,1.9261705875396729,1.970281005978577,1.9188190088856172,1.970281005978577,24436350
1995-03-16,1.9555785655975342,1.9555785655975344,1.9261712936858564,1.9261712936858564,19735650
1995-03-17,1.96293044090271,1.9849859454651064,1.940874747037302,1.96293044090271,29170800
1995-03-20,1.977635145187378,2.036449531777032,1.948228046544094,1.9702828026172978,20464650
1995-03-21,2.0143935680389404,2.036449267768237,1.9610928300518153,2.0070419836342777,46642500
1995-03-22,1.9408742189407349,1.9629299068049642,1.9188194775913054,1.9482267459053444,87223500
1995-03-23,1.874709129333496,1.9482276169425705,1.8526536209113829,1.9482276169425705,53838000
1995-03-24,1.8894132375717163,1.9114679887145292,1.8600059561994122,1.8747091236279543,59328450
1995-03-27,1.904116153717041,1.9114677364611352,1.8747088762255693,1.8894129882288526,55688850
1995-03-28,1.9261705875396729,1.926170587539673,1.8894119370577387,1.9041150943658505,43761600
1995-03-29,1.882060170173645,1.9482270549596654,1.8526530864976136,1.926171363596662,42786900
1995-03-30,1.845301866531372,1.9041162347131042,1.8158945877889925,1.896764651656293,42184800
1995-03-31,1.8379497528076172,1.8747084146905382,1.801190901621724,1.8085424825559302,21331350
1995-04-03,1.8894132375717163,1.9041164050002581,1.8158947501863902,1.8305988641301523,34187400
1995-04-04,1.852652907371521,1.9555784474981044,1.8232456372357788,1.852652907371521,62237700
1995-04-05,1.8379497528076172,1.8526529146760298,1.8085424825559302,1.8526529146760298,42781500
1995-04-06,1.727672815322876,1.8379499485330113,1.7203212336057914,1.8232458385838792,51304050
1995-04-07,1.801192045211792,1.830599334134383,1.7497294315745773,1.7644326027781412,74368800
1995-04-10,1.801192045211792,1.808543630813574,1.7717841883799232,1.7938397023976396,33039900
1995-04-11,1.83059823513031,1.83059823513031,1.808542545050688,1.8232457074271728,27496800
1995-04-12,1.882060170173645,1.8894126983046127,1.837949923265578,1.8526530864976136,20217600
1995-04-13,1.882060170173645,1.918819781980644,1.837949923265578,1.8967642799206306,23033700
1995-04-17,1.8342739343643188,1.8967645644592381,1.8305986162624408,1.8894129817403902,35958600
1995-04-18,1.815894365310669,1.8600055619743978,1.8011912009984374,1.845301640450151,38098350
1995-04-19,1.7791359424591064,1.8158946155165516,1.7423763228865115,1.8085430323474867,52084350
1995-04-20,1.7570805549621582,1.808543155061721,1.7423764411111669,1.7938392305137727,34001100
1995-04-21,1.7644314765930176,1.7717830575025,1.7497283147740528,1.7644314765930176,62858700
1995-04-24,1.7901633977890015,1.8011910540781724,1.7497284687590522,1.771783213428429,55102950
1995-04-25,1.749728798866272,1.8158945597812706,1.7423762694077285,1.7938390537389055,56012850
1995-04-26,1.705617070198059,1.7644314192905841,1.6982654895273297,1.7497282579491256,53532900
1995-04-27,1.8379497528076172,1.8747084146905382,1.64680278012611,1.7056171313265116,150140250
1995-04-28,1.793838381767273,1.8673566446008831,1.764431303797373,1.8453011468205047,66035250
1995-05-01,1.7681081295013428,1.8085430682025334,1.7570804705745728,1.8011914848877204,49532850
1995-05-02,1.7534029483795166,1.7717823667451456,1.749727632615085,1.7717823667451456,43858800
1995-05-03,1.852652907371521,1.8820599882042914,1.7570798946650168,1.7644314755702377,91555650
1995-05-04,1.80854332447052,1.9188204972734382,1.80854332447052,1.874709287406762,68866200
1995-05-05,1.801192045211792,1.8526540909397289,1.7938397023976396,1.837950919736165,30327750
1995-05-08,1.815894365310669,1.8416253761145833,1.8011912009984374,1.815894365310669,24262200
1995-05-09,1.8232460021972656,1.8526532782195,1.793838915478041,1.8379501134659069,35996400
1995-05-10,1.83059823513031,1.8526529786950374,1.8011909638624455,1.83059823513031,22288500
1995-05-11,1.8894132375717163,1.8894132375717163,1.8085431664721192,1.823246333900661,38153700
1995-05-12,1.9114677906036377,1.9555789920448279,1.8747089293268737,1.882060512279202,72420750
1995-05-15,1.9960135221481323,2.0070411782847386,1.9114674012222084,1.9335229027984067,56471850
1995-05-16,2.0180695056915283,2.058504443818979,1.992337733985077,1.999690074407701,88011900
1995-05-17,2.029097557067871,2.0658562340154862,2.021745026605538,2.036449141014954,48359700
1995-05-18,1.96293044090271,2.0364487263430275,1.96293044090271,2.0290971438929106,37798650
1995-05-19,1.999690055847168,1.999690055847168,1.9408749297696704,1.9482274594270814,31641300
1995-05-22,1.977635145187378,2.021745414546131,1.9629312172595632,2.021745414546131,35698050
1995-05-23,2.051151990890503,2.051151990890503,1.9739581944294835,1.9849860418979326,34003800
1995-05-24,2.2128922939300537,2.2202438785957397,2.1393739863333057,2.1540781021800197,121258350
1995-05-25,2.1761317253112793,2.264353125695829,2.146724654950731,2.2275944770480476,56305800
1995-05-26,2.1246705055236816,2.176133294366616,2.102614997547704,2.176133294366616,33050700
1995-05-30,2.0143935680389404,2.1320223259686535,2.0143935680389404,2.1320223259686535,64639350
1995-05-31,2.0438005924224854,2.0511521758928213,1.9482275463686247,2.021744895496288,49482900
1995-06-01,2.0952630043029785,2.109966168604156,2.0585041470350167,2.0585041470350167,38859750
1995-06-02,2.117318630218506,2.1393733779436896,2.0290971783785805,2.0879115427062023,41283000
1995-06-05,2.0952630043029785,2.176132868898502,2.073207311336194,2.176132868898502,43310700
1995-06-06,2.0438005924224854,2.102614963912514,1.9996901450852798,2.095263380442178,33983550
1995-06-07,2.0732076168060303,2.0952633130225378,2.036448943424989,2.0585044503384644,30613950
1995-06-08,2.0952630043029785,2.109966168604156,2.073207311336194,2.08791142215239,19055250
1995-06-09,2.1614298820495605,2.168781467379185,2.0658566225212387,2.0952639103551665,37539450
1995-06-12,2.190836191177368,2.227595808308022,2.1393734086853153,2.190836191177368,41046750
1995-06-13,2.1981890201568604,2.2275963039377276,2.1614295841504223,2.2202437731060374,43447050
1995-06-14,2.1981890201568604,2.205540604473253,2.1687811684668143,2.1981890201568604,30049650
1995-06-15,2.1981890201568604,2.2275963039377276,2.176133509995445,2.1981890201568604,19678950
1995-06-16,2.2128922939300537,2.2275964097767678,2.176133613389351,2.2202438785957397,26306100
1995-06-19,2.2717058658599854,2.3011131405639564,2.2202430878022854,2.2275956163645323,39505050
1995-06-20,2.293761968612671,2.3158174759096486,2.249650764715681,2.286410385251058,41229000
1995-06-21,2.286410093307495,2.3378719274799447,2.2496504774658224,2.3305203450570295,47906100
1995-06-22,2.3599274158477783,2.381982918408782,2.293761476073749,2.308464639639767,71227350
1995-06-23,2.308464765548706,2.3672791267475963,2.2422988221658353,2.352575962379634,78651000
1995-06-26,2.242297887802124,2.3231677190665825,2.2055390456845756,2.3084638036137117,40347450
1995-06-27,2.2202436923980713,2.293762183132362,2.2055405242997606,2.22759622296249,36228600
1995-06-28,2.2165677547454834,2.264354268192411,2.161428902090029,2.21289149048972,42115950
1995-06-29,2.2717058658599854,2.293761558516715,2.2055399237078026,2.2275956163645323,42813900
1995-06-30,2.2717058658599854,2.315817061870444,2.249650362506257,2.2790574479072268,27302400
1995-07-03,2.301114082336426,2.323169594716771,2.2643552105409817,2.279058380653002,12094650
1995-07-05,2.279057502746582,2.3378718642667318,2.271705920522445,2.30846477815816,38658600
1995-07-06,2.3158164024353027,2.3231679823891613,2.2496497219122618,2.2864093254080795,39179700
1995-07-07,2.374631404876709,2.381982986871015,2.308464705988959,2.308464705988959,52281450
1995-07-10,2.3966872692108154,2.4407977143383284,2.3746317626925166,2.3819833457945787,36128700
1995-07-11,2.293761968612671,2.396687353826841,2.293761968612671,2.396687353826841,36520200
1995-07-12,2.404038906097412,2.418742072630484,2.3158174459595604,2.3231690292260962,36703800
1995-07-13,2.3966872692108154,2.4775563870607513,2.35992783927628,2.4040388523128775,32470200
1995-07-14,2.400362491607666,2.4113901489050473,2.337871865680153,2.3746314805501147,29301750
1995-07-17,2.4849085807800293,2.4849085807800293,2.411390109454886,2.4187416915631963,41150700
1995-07-18,2.3599274158477783,2.4849084708248053,2.352575834064769,2.4849084708248053,53179200
1995-07-19,2.2496511936187744,2.345225202995853,2.146726545993835,2.2349480240923434,98180100
1995-07-20,2.2570033073425293,2.279058059401769,2.22024368351633,2.2496509661105755,55798200
1995-07-21,2.260678291320801,2.3011132245255,2.2349472799590964,2.2349472799590964,31044600
1995-07-24,2.3047893047332764,2.3158171514883987,2.257002789107448,2.279057536102651,27229500
1995-07-25,2.367279529571533,2.396687377735629,2.3084651583645996,2.3378722493165482,43366050
1995-07-26,2.4849085807800293,2.4849085807800293,2.3819830238096324,2.3966869452382644,49709700
1995-07-27,2.5510752201080322,2.5878338978993467,2.4922608434539875,2.499612427569807,40501350
1995-07-28,2.4775562286376953,2.5437231225677204,2.4702046460057177,2.5437231225677204,28096200
1995-07-31,2.4628524780273438,2.4849081671963797,2.4260938163918255,2.4849081671963797,17105850
1995-08-01,2.3893349170684814,2.470204791730192,2.34522466146236,2.470204791730192,30454650
1995-08-02,2.3305203914642334,2.484908736601049,2.308464886544258,2.4187418432350927,48919950
1995-08-03,2.312140941619873,2.3305203711403917,2.2220813583633046,2.279057589876913,71761950
1995-08-04,2.374631404876709,2.381982986871015,2.293761542000347,2.308464705988959,22397850
1995-08-07,2.370954751968384,2.4260937848716275,2.35992709683011,2.3746310156204125,15670800
1995-08-08,2.3488998413085938,2.389334776256474,2.3378719941024326,2.3819831936240607,12748050
1995-08-09,2.411389112472534,2.4187406915413545,2.3672781236362193,2.3893336180543767,23404950
1995-08-10,2.4260940551757812,2.44814880000066,2.4040383638359533,2.4113899454442462,22918950
1995-08-11,2.404038906097412,2.4407977689452536,2.352576308807402,2.4334461856787177,18045450
1995-08-14,2.4628524780273438,2.4702040589120706,2.374631046471998,2.3966865463380627,28755000
1995-08-15,2.448148488998413,2.4849080960970036,2.396686477762926,2.4702039882334152,24783300
1995-08-16,2.514315605163574,2.514315605163574,2.4407973249327184,2.4481489068619067,31606200
1995-08-17,2.540046453475952,2.5437227174640133,2.499611524969984,2.5143154451043133,26642250
1995-08-18,2.543721914291382,2.580480567202853,2.5069623148652798,2.5657766517112415,38807100
1995-08-21,2.488583564758301,2.6098883446821657,2.484908247454659,2.587832844103746,31201200
1995-08-22,2.514315605163574,2.5216671870927625,2.43344574300353,2.4922601021640176,32066550
1995-08-23,2.5216665267944336,2.5510737933258842,2.4849078695617544,2.5143149467902566,25450200
1995-08-24,2.4996118545532227,2.529018941487372,2.4555014134550097,2.529018941487372,35104050
1995-08-25,2.514315605163574,2.5437228793953173,2.499611684093206,2.514315605163574,21134250
1995-08-28,2.4371213912963867,2.529019112073266,2.4260944901643446,2.5143159462204645,28777950
1995-08-29,2.3893349170684814,2.4187420065432654,2.286410293209765,2.411390423477597,68793300
1995-08-30,2.3452248573303223,2.418742208551233,2.308465235204651,2.396687457512263,48201750
1995-08-31,2.3599274158477783,2.3893345001917914,2.33787172398378,2.352575834064769,28209600
1995-09-01,2.308464765548706,2.359927544563615,2.2937616011807442,2.359927544563615,41072400
1995-09-05,2.602536678314209,2.617239840076949,2.3084643565167973,2.3084643565167973,98297550
1995-09-06,2.5584278106689453,2.6098904341486997,2.47020611633133,2.4849102368626093,67088250
1995-09-07,2.580482244491577,2.617240921295836,2.5363710372536596,2.5657783194425554,32711850
1995-09-08,2.580482244491577,2.602537753459011,2.5363710372536596,2.580482244491577,24305400
1995-09-11,2.661351203918457,2.6981100572548846,2.573129766608048,2.573129766608048,59000400
1995-09-12,2.639296531677246,2.7054624884670613,2.6098892504676185,2.690759321119855,28702350
1995-09-13,2.7054619789123535,2.7569247586623105,2.631944452295443,2.6392960345844276,40741650
1995-09-14,2.639296531677246,2.764276861583274,2.6098892504676185,2.7275179967000427,51487650
1995-09-15,2.2128922939300537,2.3231694713705737,2.1467265175143337,2.2790582596488425,384968700
1995-09-18,2.3378725051879883,2.3378725051879883,2.2349478648944876,2.264354959064933,111746250
1995-09-19,2.3599274158477783,2.4040384209697865,2.33787172398378,2.3452242522817603,71099100
1995-09-20,2.341548204421997,2.4187418079554184,2.3378719399334296,2.3893347208950675,56150550
1995-09-21,2.286410093307495,2.3452244564179137,2.264354399523696,2.3378719274799447,43667100
1995-09-22,2.3158164024353027,2.3231679823891613,2.2496497219122618,2.2717052189856264,28745550
1995-09-25,2.301114082336426,2.337872764828792,2.2496512832166466,2.330521179772781,29099250
1995-09-26,2.2570033073425293,2.35257654984196,2.2570033073425293,2.330520851267461,39081150
1995-09-27,2.2717058658599854,2.2864099764694736,2.1393732243436157,2.2349471984117737,83974050
1995-09-28,2.308464765548706,2.315817104944706,2.2422988221658353,2.2937616011807442,49927050
1995-09-29,2.2570033073425293,2.3452249658222133,2.242299382090829,2.308465341996014,44082900
1995-10-02,2.2147295475006104,2.286409883148819,2.1981882519407048,2.2717057731394843,22100850
1995-10-03,2.2717058658599854,2.2864099764694736,2.2055399237078026,2.2349471984117737,52654050
1995-10-04,2.2349472045898438,2.2864099827898023,2.205539929804582,2.242298786657407,38646450
1995-10-05,2.264355421066284,2.264355421066284,2.1834855169913823,2.2349483208958443,56722950
1995-10-06,2.2202436923980713,2.308465351230672,2.212892108348916,2.2790580685187876,49299300
1995-10-09,2.16878080368042,2.205540233503965,2.087911686074659,2.205540233503965,61938000
1995-10-10,2.1761317253112793,2.1761317253112793,2.058503065263277,2.1320205518617437,78255450
1995-10-11,2.264355421066284,2.3084658820188477,2.1908371027308964,2.2790585925453115,68327550
1995-10-12,2.341548204421997,2.3525760513726404,2.2790575765097163,2.286410105486851,60049350
1995-10-13,2.3231685161590576,2.4040383751704297,2.293761432375279,2.359927370888781,75654000
1995-10-16,2.3525755405426025,2.3672787022741613,2.3231682705646315,2.330519851430411,37396350
1995-10-17,2.400362491607666,2.4040385666764656,2.2937616150966385,2.3599275588809276,69709950
1995-10-18,2.529019832611084,2.543723949168324,2.4003634033348678,2.433446766399039,146954250
1995-10-19,2.602536678314209,2.609888259195579,2.5069629087058907,2.514315246799145,75375900
1995-10-20,2.5069634914398193,2.617240448444328,2.484908743669169,2.6098888658541113,66594150
1995-10-23,2.514315605163574,2.5216671870927625,2.462852827932275,2.477555991790651,40321800
1995-10-24,2.5584278106689453,2.573131741897096,2.5143173421063953,2.5363721031298483,45974250
1995-10-25,2.529019832611084,2.580482631485264,2.506964320335996,2.580482631485264,29930850
1995-10-26,2.492260456085205,2.55107482359781,2.426094505599428,2.5143159622168225,32055750
1995-10-27,2.543721914291382,2.5584250725712883,2.4702034726508826,2.477555051790836,32741550
1995-10-30,2.595184564590454,2.6319434079648465,2.558425153307265,2.5804806486348326,41168250
1995-10-31,2.5657780170440674,2.6466478915550495,2.5657780170440674,2.6319447254511164,31108050
1995-11-01,2.595184564590454,2.6319434079648465,2.558425153307265,2.5731290692628863,37859400
1995-11-02,2.698111057281494,2.705462641370584,2.6025378138805775,2.609889397969667,56992950
1995-11-03,2.720165967941284,2.734869132882696,2.66778468870505,2.7054620457878245,37719000
1995-11-06,2.6540000438690186,2.793684276630863,2.64664770412562,2.6981104855721534,39363300
1995-11-07,2.595184564590454,2.646646566708739,2.536369468676765,2.639294987336793,52207200
1995-11-08,2.6319448947906494,2.7128147745048055,2.595186030650614,2.617240781225518,38385900
1995-11-09,2.771629810333252,2.771629810333252,2.6907599112479534,2.6907599112479534,56284200
1995-11-10,2.771629810333252,2.837795781634358,2.7201670096040007,2.7495742972631323,42309000
1995-11-13,2.7054619789123535,2.83044304249125,2.6907588143343846,2.764276340951295,37777050
1995-11-14,2.6834075450897217,2.778980586935094,2.6687034322813457,2.67605501542796,43622550
1995-11-15,2.756924867630005,2.7642764502095614,2.676054809012678,2.720166008217149,50059350
1995-11-16,2.7936830520629883,2.845145053739893,2.7275163773448523,2.7495720617861847,56000700
1995-11-17,2.8304433822631836,2.8672020553327178,2.786332179507016,2.808387686233585,50357700
1995-11-20,2.6760551929473877,2.859850652198964,2.6760551929473877,2.852499068564673,30149550
1995-11-21,2.698111057281494,2.720166566760978,2.654000606231688,2.676055358498957,48174750
1995-11-22,2.635620355606079,2.7128149209834764,2.6172409225436626,2.7128149209834764,34026750
1995-11-24,2.6540000438690186,2.6687032089317078,2.59518567989114,2.661351626400363,19989450
1995-11-27,2.6723787784576416,2.7348684441921645,2.6539993536516264,2.6981097838830985,54460350
1995-11-28,2.7642762660980225,2.7716286053999437,2.6613514665972176,2.6760546307770423,49608450
1995-11-29,2.749572992324829,2.8157387429208027,2.727517300419184,2.7936839975301306,34668000
1995-11-30,2.6687026023864746,2.7569242229537063,2.653999440665534,2.7495726420932356,34888050
1995-12-01,2.624591827392578,2.690757745436225,2.580480647454684,2.6760536401843957,45725850
1995-12-04,2.6723787784576416,2.720165282953281,2.5510740068290487,2.617239746827739,59077350
1995-12-05,2.6466481685638428,2.7495737495184627,2.602537719120133,2.654000509597443,57187350
1995-12-06,2.573129653930664,2.6539995063354795,2.514315301864878,2.639295587038826,50564250
1995-12-07,2.602536678314209,2.6760541908546487,2.5437225168394804,2.6687026099732787,44254350
1995-12-08,2.7422213554382324,2.749572937087434,2.6245926415971725,2.6613513070551438,67216500
1995-12-11,2.7275173664093018,2.8010356470958557,2.7275173664093018,2.786331725934346,44805150
1995-12-12,2.6172399520874023,2.74222118638787,2.6098883708914054,2.74222118638787,34990650
1995-12-13,2.543721914291382,2.639294904048815,2.5290178094968443,2.6098876409743705,51725250
1995-12-14,2.4628524780273438,2.59518509861779,2.35992712749066,2.5584256797703873,109447200
1995-12-15,2.5510752201080322,2.6025378233432033,2.521667937129483,2.5363711053611215,122081850
1995-12-18,2.4260940551757812,2.5510743499705772,2.3452241965456913,2.5510743499705772,83242350
1995-12-19,2.6319448947906494,2.6319448947906494,2.4481494382722375,2.470204946059298,80933850
1995-12-20,2.529019832611084,2.690759814254549,2.521668247590158,2.690759814254549,51555150
1995-12-21,2.514315605163574,2.5731299643240617,2.4849085202348298,2.5437228793953173,56763450
1995-12-22,2.602536678314209,2.6319439483545444,2.514315246799145,2.514315246799145,41440950
1995-12-26,2.6098883152008057,2.631944004833061,2.5878328148715255,2.6245924237939344,16459200
1995-12-27,2.5584278106689453,2.624594554679979,2.54372463665331,2.617242021156517,30029400
1995-12-28,2.492260456085205,2.543723240624637,2.484908873112033,2.543723240624637,51989850
1995-12-29,2.492260456085205,2.5143159622168225,2.455501594704218,2.499612039058378,45870300
1996-01-02,2.543721914291382,2.551073493431335,2.4922591565853733,2.514314651216938,45603000
1996-01-03,2.4260940551757812,2.5510743499705772,2.4260940551757812,2.4996115749856185,55518750
1996-01-04,2.3966872692108154,2.4481492974403904,2.3305205603528907,2.4481492974403904,129803850
1996-01-05,2.5216665267944336,2.5290181067986106,2.3378711582986043,2.3599268448258774,83783700
1996-01-08,2.4849085807800293,2.5657776876984704,2.4775560521567055,2.5584261055901596,12594150
1996-01-09,2.367279529571533,2.4922606126324975,2.3231690824466478,2.4922606126324975,96068700
1996-01-10,2.411389112472534,2.499610711539316,2.3231677027086772,2.330519281777497,124564500
1996-01-11,2.4628524780273438,2.4849081671963797,2.3966865463380627,2.4481485590460057,61105050
1996-01-12,2.5069634914398193,2.5069634914398193,2.4481491269909488,2.47020463197366,61249500
1996-01-15,2.3525755405426025,2.5290184031985445,2.3231682705646315,2.521666822332765,69793650
1996-01-16,2.455501079559326,2.4628526609901944,2.3378716119997582,2.374631222880967,78514650
1996-01-17,2.514315605163574,2.6025370492528066,2.4113900507009753,2.4187416326301636,79512300
1996-01-18,2.6172399520874023,2.6172399520874023,2.5437226257036003,2.5437226257036003,56856600
1996-01-19,2.6760551929473877,2.7054624739997615,2.617240820145682,2.6392965175637646,63830700
1996-01-22,2.7054619789123535,2.727517482991336,2.6613515386634106,2.6613515386634106,51493050
1996-01-23,2.720165967941284,2.7789803314340396,2.676054769389941,2.690758880846413,67290750
1996-01-24,2.8892571926116943,2.8892571926116943,2.7201657011862173,2.76427613819979,88524900
1996-01-25,2.808387517929077,2.9113130836161267,2.77898042979337,2.903960743673144,57435750
1996-01-26,2.78633189201355,2.837794672631275,2.734869111395825,2.78633189201355,54751950
1996-01-29,2.771629810333252,2.830444196348431,2.771629810333252,2.793685323403372,22009050
1996-01-30,2.78633189201355,2.8083873964644335,2.756924805149719,2.78633189201355,25807950
1996-01-31,2.808387517929077,2.830443212636895,2.749573341657663,2.808387517929077,49115700
1996-02-01,2.801034688949585,2.8230903738442907,2.764275277226053,2.801034688949585,33097950
1996-02-02,2.89660906791687,2.9186645726133507,2.801035845242162,2.8083874277369723,62912700
1996-02-05,2.984830379486084,2.9995343010014945,2.8819057684232647,2.8966089327266604,61314300
1996-02-06,2.9480721950531006,2.999534792979819,2.903960991180839,2.9921832096223273,71672850
1996-02-07,2.8745532035827637,2.9480716744166284,2.848822382421116,2.9407200923574437,50296950
1996-02-08,2.9554238319396973,2.9554238319396973,2.8304435051440535,2.8672021798094285,61416900
1996-02-09,2.8892571926116943,3.0289414105231343,2.881905610861927,2.9480715503367763,91428750
1996-02-12,2.937044382095337,2.962775397413718,2.8819062757810494,2.8892578592269893,41428800
1996-02-13,2.9554238319396973,2.984830923114428,2.8672021798094285,2.874553763300073,56459700
1996-02-14,3.01056170463562,3.0215895494984903,2.9260155881311944,2.9627744399975082,55507950
1996-02-15,3.109811305999756,3.124514469666143,2.9995341710479306,2.9995341710479306,79474500
1996-02-16,3.0877556800842285,3.131865926535338,3.0656999889497096,3.1024588431639475,60269400
1996-02-20,3.0509979724884033,3.102460009122694,3.0068867629445895,3.014238347247303,41756850
1996-02-21,3.117164134979248,3.117164134979248,3.036294241519937,3.0730529226046697,33825600
1996-02-22,3.1833293437957764,3.21273643135608,3.1465704843453977,3.1465704843453977,62515800
1996-02-23,3.153921127319336,3.205383704521201,3.0840789365649037,3.198032313427274,53785350
1996-02-26,3.190680742263794,3.234790984601647,3.1465697427140595,3.1759768233432553,50557500
1996-02-27,3.1134862899780273,3.205383987240452,3.1024586344556075,3.205383987240452,54657450
1996-02-28,3.102458953857422,3.190681153634237,3.0877557902531048,3.124514456475877,40702500
1996-02-29,3.0583488941192627,3.117163259524822,3.006886111423503,3.0583488941192627,44960400
1996-03-01,2.8892571926116943,3.065700076483946,2.8745530825971923,3.065700076483946,79751250
1996-03-04,2.8451459407806396,2.9407199090464196,2.823091195977878,2.933367380930551,47478150
1996-03-05,3.043644666671753,3.0583485878308516,2.8083872286101483,2.830442921045797,65632950
1996-03-06,2.9186644554138184,2.9995343205485483,2.8451461724786946,2.9701272345381047,117100350
1996-03-07,2.9260168075561523,2.9554240906077394,2.918665223422074,2.9554240906077394,59216400
1996-03-08,2.7642762660980225,2.9260159939541532,2.7642762660980225,2.852498469328009,71003250
1996-03-11,2.933368444442749,2.940720975224326,2.7936849359282627,2.8230922195086987,56099250
1996-03-12,2.8377952575683594,2.926016725647405,2.793684807483411,2.911313557790838,68634000
1996-03-13,2.9186644554138184,2.948071730727267,2.867201676289532,2.881905787203769,60023700
1996-03-14,2.8304433822631836,2.940720537289966,2.815739269405068,2.9333680076033333,74818350
1996-03-15,2.8745532035827637,2.926015981724068,2.830442954015651,2.8524984574052104,106088400
1996-03-18,2.9554238319396973,2.9701277561331394,2.9186649679712837,2.9186649679712837,45759600
1996-03-19,2.933368444442749,3.014238332311654,2.903961350165371,2.9921835795127953,40910400
1996-03-20,2.933368444442749,2.944396294099824,2.867202482318649,2.933368444442749,33072300
1996-03-21,2.8598504066467285,2.9554236359289985,2.8451464834284854,2.9407204699228586,41195250
1996-03-22,2.8745532035827637,2.8966088962753243,2.7495730904256037,2.8966088962753243,87752700
1996-03-25,2.801034688949585,2.911311788302574,2.801034688949585,2.8966078721708137,68667750
1996-03-26,2.823092460632324,2.874554312103977,2.764277320538808,2.7863328324336862,48683700
1996-03-27,2.8377952575683594,2.874553934421975,2.8157395592682612,2.830443673640076,24835950
1996-03-28,2.8304433822631836,2.8672020553327178,2.7936845198906193,2.808387686233585,38156400
1996-03-29,2.771629810333252,2.8524997094185505,2.7569258825490595,2.845147366920285,29841750
1996-04-01,2.756924867630005,2.801035877531462,2.7054620858459772,2.7936842949519054,50288850
1996-04-02,2.7642762660980225,2.8010356909716023,2.742221519828285,2.7936841088816897,28575450
1996-04-03,2.6834075450897217,2.7422219139899036,2.6613518491347308,2.7422219139899036,88381800
1996-04-04,2.6760551929473877,2.7201663984805116,2.6687036093130967,2.6907593067311795,70027200
1996-04-08,2.543721914291382,2.595184482694464,2.5290178094968443,2.587832146342806,193920750
1996-04-09,2.4407973289489746,2.5878331324406374,2.336953086865977,2.5804815504993526,388102050
1996-04-10,2.543721914291382,2.580480567202853,2.48490757744542,2.48490757744542,146442600
1996-04-11,2.580482244491577,2.617240921295836,2.4885845113141594,2.5584267355241432,92761200
1996-04-12,2.587834119796753,2.602538046501418,2.529019738099588,2.5951864617552265,51096150
1996-04-15,2.554750919342041,2.617240605580287,2.543723260840106,2.5878335162417936,36983250
1996-04-16,2.6944351196289062,2.7201661330961655,2.6392962600692305,2.6540001831154387,82638900
1996-04-17,2.745897054672241,2.7789804071615203,2.6907589541698504,2.701786612130932,56881800
1996-04-18,2.801034688949585,2.8230903738442907,2.7679513509104603,2.790007035805166,39339000
1996-04-19,2.823092460632324,2.9002860897036387,2.8010367594343712,2.8892584284077367,50414400
1996-04-22,2.9223406314849854,2.944395377417512,2.8644449593934844,2.878229435892938,54228600
1996-04-23,2.9995346069335938,3.021590302153237,2.933367899880711,2.9443957474905322,41809500
1996-04-24,3.0546722412109375,3.0932690369800766,3.0091834917632423,3.043644395973915,58420800
1996-04-25,3.0326178073883057,3.065701167505421,2.9554241838626547,3.065701167505421,33487200
1996-04-26,3.01056170463562,3.0987831384177493,2.99953385977275,2.99953385977275,27234000
1996-04-29,3.021589994430542,3.065700244559444,2.988506644273352,3.0105621479438107,19857600
1996-04-30,2.9774794578552246,3.0546732645571866,2.944396100363883,3.043645415625724,23940000
1996-05-01,3.01056170463562,3.0326164478464808,2.944395014064351,2.977478359349986,21137400
1996-05-02,2.900285482406616,3.010562640183689,2.8892578234198196,3.010562640183689,29428200
1996-05-03,2.9388821125030518,2.988506761072294,2.889257463933809,2.94990977011777,29212200
1996-05-06,3.01056170463562,3.0215895494984903,2.944395014064351,2.944395014064351,26137800
1996-05-07,2.9554238319396973,3.0215905442949946,2.933368134952573,3.0215905442949946,29140200
1996-05-08,2.900285482406616,2.9554237773406005,2.823091869499039,2.9554237773406005,45999900
1996-05-09,2.9664509296417236,2.9664509296417236,2.911312833428656,2.9333675797260765,18920700
1996-05-10,2.988507032394409,3.010562538929243,2.9554236779406438,2.9981563756605953,28980900
1996-05-13,3.076728105545044,3.087755952083743,2.977478811817784,2.999534315592178,31299300
1996-05-14,3.0987837314605713,3.142894172838994,3.0877560737902123,3.0987837314605713,39534300
1996-05-15,3.043644666671753,3.120839211590526,3.0326168204539283,3.0987835191548774,29283300
1996-05-16,3.0877556800842285,3.1098111819157594,2.9885063950998103,3.010561896931341,36248400
1996-05-17,3.0987837314605713,3.1649496774827237,3.0767282268168414,3.120839425407313,27947700
1996-05-20,3.131866931915283,3.1759781390417436,3.1208400293231495,3.1208400293231495,30397500
1996-05-21,3.131866931915283,3.1759781390417436,3.1208400293231495,3.163571974436112,28045800
1996-05-22,2.9995346069335938,3.1539222018348188,2.9443957474905322,3.1208396055204695,57283200
1996-05-23,2.988507032394409,3.065700642705729,2.9554236779406438,3.065700642705729,60604200
1996-05-24,2.933368444442749,3.032617766235015,2.933368444442749,3.032617766235015,31229100
1996-05-28,2.9223406314849854,2.966450880562036,2.9113127852612237,2.966450880562036,30819600
1996-05-29,2.8892571926116943,2.9443952862044087,2.8672015008474245,2.9443952862044087,29542500
1996-05-30,2.933368444442749,2.97747965376799,2.867202482318649,2.900285841986815,28426500
1996-05-31,2.9223406314849854,2.9885065730095595,2.8892572821166995,2.977478726785798,44240400
1996-06-03,2.867202043533325,2.9223410940773777,2.8451465368975213,2.9223410940773777,47610000
1996-06-04,2.91131329536438,2.922341143520376,2.8561744331904637,2.9002854472083834,40733100
1996-06-05,2.9995346069335938,2.9995346069335938,2.889257645259563,2.9223409987860047,33570900
1996-06-06,2.900285482406616,3.04364523853801,2.8892578234198196,3.010562640183689,35834400
1996-06-07,2.988507032394409,2.988507032394409,2.8230917745498094,2.856174371791461,33907500
1996-06-10,2.927854299545288,3.0326170481002457,2.911313002234361,2.9995344534783914,24889500
1996-06-11,2.988507032394409,3.0326172882519637,2.933367982102781,2.9554236779406438,31121100
1996-06-12,3.043644666671753,3.0767280160222272,3.010562074533275,3.0326168204539283,40072500
1996-06-13,3.0326178073883057,3.0546735070017563,2.9774796941730446,3.043645657195031,25838100
1996-06-14,2.988507032394409,3.0326172882519637,2.9443958300217123,3.0326172882519637,27813600
1996-06-17,2.988507032394409,3.0326172882519637,2.9554236779406438,3.0326172882519637,24302700
1996-06-18,2.9554238319396973,3.010562695801432,2.9223412329742016,2.99953484730787,28930500
1996-06-19,3.0326178073883057,3.043645657195031,2.9443963340559294,2.9664518443663193,45620100
1996-06-20,3.076728105545044,3.1428940489592105,2.955423308043391,3.0657002590063445,62536500
1996-06-21,3.3524203300476074,3.374476023364471,3.209060784427084,3.363448366009046,140348700
1996-06-24,3.3413913249969482,3.363447009418014,3.2972810919723994,3.3413913249969482,41876100
1996-06-25,3.363447427749634,3.418586077751423,3.3193368106329286,3.3413917405853732,41244300
1996-06-26,3.2972822189331055,3.363448158993228,3.286254183650428,3.363448158993228,34527600
1996-06-27,3.484753370285034,3.484753370285034,3.2641994409796897,3.297282795399731,50741100
1996-06-28,3.4792394638061523,3.5619474739156542,3.4296148091828784,3.495781520155335,53573400
1996-07-01,3.451669454574585,3.528863430860437,3.4406417977631767,3.4847528036148043,27046800
1996-07-02,3.374476432800293,3.462698080953915,3.3634487741068475,3.4296147262675194,32082300
1996-07-03,3.374476432800293,3.374476432800293,3.330365419420452,3.3634487741068475,23870700
1996-07-05,3.2752270698547363,3.3303653623775475,3.253171374239559,3.3193380824790384,14093100
1996-07-08,3.3303654193878174,3.374476432767226,3.2311161125417227,3.275227125921131,49334400
1996-07-09,3.3083107471466064,3.4075600619888826,3.2862550493769196,3.3855043642191958,29492100
1996-07-10,3.3855040073394775,3.3855040073394775,3.2752270445401446,3.330365336636786,35837100
1996-07-11,3.3193373680114746,3.363447992535175,3.242143017883056,3.3413923016673532,62100900
1996-07-12,3.2862539291381836,3.3744755543251235,3.2311152714191107,3.352419864073918,29214900
1996-07-15,3.1649489402770996,3.3083094031141402,3.1318655963660404,3.2876322185182443,50607900
1996-07-16,3.198032855987549,3.2421431030641905,2.933367398164895,3.131865970948661,104453100
1996-07-17,3.3083107471466064,3.341393347285912,3.1759780749528446,3.2862550493769196,66102300
1996-07-18,3.3524203300476074,3.363448366009046,3.2862543859150586,3.3193377365873467,38337300
1996-07-19,3.2752270698547363,3.3303653623775475,3.253171374239559,3.3193380824790384,31993200
1996-07-22,3.2641994953155518,3.2752271541037796,3.2200888601626394,3.2641994953155513,24929100
1996-07-23,3.175977945327759,3.330365551777817,3.1649500968930084,3.2862549152509644,42314400
1996-07-24,3.220088481903076,3.253171075775529,3.043644826199845,3.043644826199845,49374900
1996-07-25,3.363447427749634,3.37447508202881,3.2200875435144343,3.2200875435144343,52945200
1996-07-26,3.363447427749634,3.3965307691930704,3.3193368106329286,3.3524193948645493,29223900
1996-07-29,3.3303654193878174,3.418587446146635,3.3303654193878174,3.3303654193878174,22145400
1996-07-30,3.374476432800293,3.374476432800293,3.2752271259532253,3.3524207368073426,16803000
1996-07-31,3.451669454574585,3.451669454574585,3.374475856894728,3.385503513706136,31266900
1996-08-01,3.4626972675323486,3.5178359266530226,3.429613920617556,3.4516692328234373,33699600
1996-08-02,3.4957799911499023,3.5288625749541325,3.4737243042705774,3.4957799911499023,37225800
1996-08-05,3.407559633255005,3.517836593804203,3.385503938260331,3.5068089356098877,20058300
1996-08-06,3.517836093902588,3.5288633719238316,3.363448143909363,3.3965314923970475,28454400
1996-08-07,3.688765287399292,3.7053073417131657,3.5178364052462596,3.539891341846692,60687900
1996-08-08,3.5950307846069336,3.7163354102621025,3.5950307846069336,3.6501687001140994,36591300
1996-08-09,3.6501667499542236,3.694278118889732,3.5398898420389,3.5840008323685466,42211800
1996-08-12,3.639141321182251,3.705308036419217,3.5840030228282678,3.6611970191299377,27784800
1996-08-13,3.5840022563934326,3.639140542956156,3.5288635912246975,3.606057949624534,32004000
1996-08-14,3.5840022563934326,3.639140542956156,3.550918905849787,3.5950302923119892,22608000
1996-08-15,3.517836093902588,3.5840020336659797,3.506808437275356,3.5840020336659797,27615600
1996-08-16,3.5068068504333496,3.550917078376261,3.4847511685531685,3.550917078376261,28794600
1996-08-19,3.4957799911499023,3.5288625749541325,3.4626966501338665,3.5288625749541325,23042700
1996-08-20,3.440640926361084,3.495779953665198,3.3744750022503047,3.4847519210408358,37595700
1996-08-21,3.3413913249969482,3.352418977904551,3.2641977546437313,3.3413913249969482,66442500
1996-08-22,3.363447427749634,3.363447427749634,3.308309156353752,3.3413917405853732,31723200
1996-08-23,3.4296152591705322,3.462698618997511,3.341393597308787,3.363449296728812,35185500
1996-08-26,3.363447427749634,3.418586077751423,3.363447427749634,3.418586077751423,17714700
1996-08-27,3.374476432800293,3.4185874461801338,3.3524207368073426,3.3855040914937384,21181500
1996-08-28,3.2972822189331055,3.385503472346602,3.264198870297054,3.385503472346602,37978200
1996-08-29,3.2090606689453125,3.308309960178549,3.2090606689453125,3.2862542676553854,36720000
1996-08-30,3.109811305999756,3.1980329382400177,3.098783459992476,3.1759772462254587,59006700
1996-09-03,3.2862539291381836,3.2972819635667667,3.043644365222608,3.0656998661708332,42780600
1996-09-04,3.3193373680114746,3.330364645536428,3.2200880842271773,3.2752263648818025,36766800
1996-09-05,3.2641994953155518,3.3744764618038943,3.253171457921261,3.308310509074526,45176400
1996-09-06,3.3083107471466064,3.3303656877041132,3.2641997302133223,3.2862550493769196,28923300
1996-09-09,3.3083107471466064,3.3303656877041132,3.2421440324436355,3.319338406728405,21618900
1996-09-10,3.3083107471466064,3.341393347285912,3.2641997302133223,3.3303656877041132,21915000
1996-09-11,3.2311151027679443,3.286253757609002,3.175976826532828,3.286253757609002,36380700
1996-09-12,3.3083107471466064,3.341393347285912,3.187005734534643,3.253171692025434,72135900
1996-09-13,3.7163357734680176,3.7163357734680176,3.528864419342845,3.5840030974509665,137418300
1996-09-16,3.6722235679626465,3.7273618496374428,3.628112564016831,3.705306915573503,65257200
1996-09-17,3.6722235679626465,3.7273618496374428,3.6611959116276873,3.7273618496374428,47449800
1996-09-18,3.826612949371338,3.881751635792155,3.6391419455891816,3.661197647321203,70453800
1996-09-19,3.837637186050415,3.8707205198202805,3.754929987443212,3.8266095343290667,41037300
1996-09-20,3.92586088180542,3.92586088180542,3.7714732963837023,3.8486668997915494,51914700
1996-09-23,3.7825002670288086,3.903805236135842,3.7825002670288086,3.8927775805090126,26159400
1996-09-24,3.8155837059020996,3.8376386390896013,3.7604450478124725,3.793528394108634,32219100
1996-09-25,3.821099042892456,3.859696044989021,3.7825020407958916,3.848668005584747,25498800
1996-09-26,3.7383906841278076,3.8817510188743056,3.7163357431132438,3.8376400010268843,42945300
1996-09-27,3.7880160808563232,3.8045581417049905,3.7053088054623586,3.738391412735007,31671000
1996-09-30,3.754932403564453,3.8045570575445464,3.749418006246795,3.782501361304233,19625400
1996-10-01,3.7604453563690186,3.7990419658715764,3.7273620073582627,3.743904060469635,28845000
1996-10-02,3.903806686401367,3.903806686401367,3.760446352782261,3.77147401250587,69027300
1996-10-03,3.903806686401367,3.969972644743021,3.8817509883480548,3.9368892869660996,47147400
1996-10-04,3.9920270442962646,4.014082356569477,3.925860350264684,3.9368880064012903,44637300
1996-10-07,4.058194160461426,4.091277517091519,3.981000166465984,4.014083523096077,40375800
1996-10-08,3.9479169845581055,4.069221999893551,3.9368893247287193,4.069221999893551,27200700
1996-10-09,3.892778158187866,4.003055109426949,3.8817501223185484,3.992027452163642,27216000
1996-10-10,3.958944320678711,3.9809996364248805,3.8707226790880007,3.8817503369610855,24118200
1996-10-11,3.9809999465942383,4.014083301397129,3.947916591791348,3.9809999465942383,20200500
1996-10-14,4.014085292816162,4.036140242616287,3.95894659319398,3.9920299644097885,20278800
1996-10-15,3.9479169845581055,4.058194340064165,3.9368893247287193,4.04716630162868,29951100
1996-10-16,3.92586088180542,3.9589442333005205,3.903805945152058,3.9368885394351123,17309700
1996-10-17,3.8596959114074707,3.981000554594896,3.8486678723848695,3.958945233761931,25299000
1996-10-18,3.92586088180542,3.947916197064805,3.8486668997915494,3.8707225936569576,32248800
1996-10-21,3.804556131362915,3.9809990080896993,3.782500440491842,3.9258603488209736,25776900
1996-10-22,3.7053067684173584,3.782500359696332,3.66119576622341,3.771472703799336,41041800
1996-10-23,3.7383906841278076,3.7825017019752294,3.6611970654554913,3.7053080833029126,39315600
1996-10-24,3.7935292720794678,3.8707228812222128,3.68325193037773,3.7714735765754894,24696000
1996-10-25,3.7328765392303467,3.8155845445434844,3.727362520767052,3.7825011909758106,14219100
1996-10-28,3.749418258666992,3.8266122541898224,3.7273629395479237,3.77147395639215,22207500
1996-10-29,3.6611955165863037,3.793528135539141,3.650167482835286,3.760444791497963,21115800
1996-10-30,3.628112554550171,3.7053069059054233,3.617085276849963,3.683251214687075,25898400
1996-10-31,3.7328765392303467,3.7604458743347258,3.606058279241086,3.650168533917209,34004700
1996-11-01,3.892778158187866,3.9148334727144807,3.771473171079466,3.7825008283427732,44876700
1996-11-04,3.9479169845581055,3.95894502299359,3.881751025581788,3.925861664899333,27158400
1996-11-05,3.892778158187866,3.992027452163642,3.8045565214753982,3.980999416294324,71874000
1996-11-06,3.9699718952178955,4.014082904390329,3.8927782917266764,3.936888543687064,61611300
1996-11-07,3.9809999465942383,4.014083301397129,3.9038063354683032,3.9809999465942383,52985700
1996-11-08,4.0568156242370605,4.069221788225553,3.9699724763176123,3.981000135573375,45939600
1996-11-11,4.025111198425293,4.1243605208331235,3.9920285957641743,4.080249879143474,29286000
1996-11-12,3.958944320678711,4.0581936201425055,3.93688862632651,4.047165583663389,22623300
1996-11-13,4.014085292816162,4.047167906819474,3.9148359363812326,3.981001921600353,23460300
1996-11-14,4.179497241973877,4.223607862982049,3.9920267240832024,4.025109311233391,41656500
1996-11-15,4.1464152336120605,4.256692578876407,4.080249280780729,4.223609223854678,39432600
1996-11-18,4.102304935455322,4.168470887616626,4.014083287300858,4.146415191623466,23641200
1996-11-19,4.069220542907715,4.124358822312366,4.0581928870267845,4.102303889156468,26652600
1996-11-20,4.223608493804932,4.223608493804932,4.069220918611617,4.113331924813991,31980600
1996-11-21,4.168471813201904,4.366970470973424,4.146416112311401,4.234637780054982,53435700
1996-11-22,4.389023303985596,4.422105887189149,4.179496743374729,4.179496743374729,39298500
1996-11-25,4.389023303985596,4.422105887189149,4.311829347824318,4.400050957922079,44185500
1996-11-26,4.366970539093018,4.422108845664008,4.267721208659085,4.3890262403275635,35476200
1996-11-27,4.344913482666016,4.389024871376623,4.322858166916744,4.389024871376623,21384000
1996-11-29,4.322859764099121,4.377998452450621,4.322859764099121,4.361457148830108,9449100
1996-12-02,4.377996444702148,4.38902448019993,4.256691840286527,4.311830503351445,25705800
1996-12-03,4.389023303985596,4.4993002219563225,4.368346121574531,4.400050957922079,37220400
1996-12-04,4.124359130859375,4.389024406225398,4.102304196053528,4.377996370913488,77348700
1996-12-05,4.1353864669799805,4.1464141228310085,4.0471648415657935,4.124358811128952,45355500
1996-12-06,4.025111198425293,4.1243605208331235,3.9589452358908184,4.014083916609,44388000
1996-12-09,4.30080509185791,4.30080509185791,4.036139673852494,4.058195377757076,39070800
1996-12-10,4.3559417724609375,4.4331353820724875,4.311831138397195,4.400052785130733,42397200
1996-12-11,4.234636306762695,4.355941294335167,4.146414669712721,4.289775350502195,51597000
1996-12-12,4.168471813201904,4.3559428098312445,4.146416112311401,4.300804504120347,39253500
1996-12-13,3.881749391555786,3.936887667492209,3.788013754554959,3.870721736368502,226649700
1996-12-16,3.754932403564453,3.947916622167169,3.7383903474296702,3.9368889633500443,67174200
1996-12-17,3.8155837059020996,3.8266109831928685,3.6611957661359145,3.7273617015163105,69094800
1996-12-18,3.7273612022399902,3.837638125041797,3.705306272006724,3.8266104706222075,67949100
1996-12-19,3.7163357734680176,3.793529771376947,3.6832524151607045,3.782501732870442,70351200
1996-12-20,3.8155837059020996,3.8817496412824957,3.6391400757364853,3.7383893574130433,67197600
1996-12-23,3.7383906841278076,3.848667660837215,3.7053080833029126,3.826612341216553,25519500
1996-12-24,3.8155837059020996,3.8266109831928685,3.705306768328809,3.749417013309776,9664200
1996-12-26,3.8872628211975098,3.8927772164040753,3.8155832556305325,3.8266105316199885,26187300
1996-12-27,3.7825002670288086,3.8927775805090126,3.7494169215423656,3.8927775805090126,26540100
1996-12-30,3.6777384281158447,3.8266124059842395,3.6722247874204066,3.8045574645963827,27697500
1996-12-31,3.6832504272460938,3.7383886969890265,3.672222773297507,3.694278459800577,31612500
1997-01-02,3.7053067684173584,3.74941701339938,3.5950298308414324,3.7163344243143546,54342000
1997-01-03,3.9368882179260254,3.9368882179260254,3.7604453316542705,3.7714729883833806,47344500
1997-01-06,3.958944320678711,3.9809996364248805,3.93551012176662,3.9699719785517957,35468100
1997-01-07,3.9479169845581055,3.95894502299359,3.870723365752402,3.9479169845581055,32473800
1997-01-08,3.826612949371338,3.981000968464699,3.810071646330019,3.9534320038604487,41618700
1997-01-09,3.6832504272460938,3.881748955532445,3.672222773297507,3.870721301583859,81560700
1997-01-10,3.606057643890381,3.6942792735170125,3.572974296151657,3.6722235821558695,120012300
1997-01-13,3.61708664894104,3.6501692518030397,3.5840032888667976,3.639141591313666,53683200
1997-01-14,3.8155837059020996,3.8596943294890305,3.650167731633218,3.6611957661359145,65166300
1997-01-15,3.639141321182251,3.848667612139574,3.639141321182251,3.848667612139574,52612200
1997-01-16,3.639141321182251,3.7714739944439972,3.6226000209791027,3.6942803767484205,61376400
1997-01-17,3.6611955165863037,3.738389102601865,3.617084896005983,3.639139827690206,54756900
1997-01-20,3.7604453563690186,3.782500669972193,3.6722237233503265,3.6942794155594956,38762100
1997-01-21,3.6832504272460938,3.8376379611322022,3.6611951193489203,3.7824996913892694,64057500
1997-01-22,3.7383906841278076,3.7714740421648987,3.672224725265822,3.683252385076153,57422700
1997-01-23,3.5729739665985107,3.782500175658874,3.5619463112380645,3.782500175658874,85063500
1997-01-24,3.4957799911499023,3.5840012242435906,3.4516686173912525,3.5840012242435906,106879500
1997-01-27,3.363447427749634,3.528862620543186,3.308309156353752,3.5068076905907413,105248700
1997-01-28,3.3193373680114746,3.4957806233182183,3.2862540210127276,3.4957806233182183,136550700
1997-01-29,3.3248512744903564,3.3965316130220145,3.3083099782650525,3.3634482633594023,85716900
1997-01-30,3.3083107471466064,3.3744767046373974,3.2641997302133223,3.363449045055599,96756300
1997-01-31,3.4296152591705322,3.506809639231443,3.308310994694045,3.341393597308787,85518000
1997-02-03,3.473726511001587,3.550920138996844,3.4516708101110845,3.473726511001587,59693400
1997-02-04,3.517836093902588,3.5509186851782957,3.46269743216044,3.506808437275356,50998500
1997-02-05,3.407559633255005,3.5729748847757814,3.3193379890944374,3.5729748847757814,71854200
1997-02-06,3.484753370285034,3.539891663308342,3.4185874186570646,3.4296146986556697,70651800
1997-02-07,3.528862953186035,3.5619462977480225,3.4626970212739474,3.5398906085047166,34070400
1997-02-10,3.539891242980957,3.6060579439643923,3.517836306996498,3.5509189002761925,48582900
1997-02-11,3.451669454574585,3.5619467799006563,3.418586862746355,3.5398910876718452,68290200
1997-02-12,3.65568208694458,3.661195725528812,3.5178358218553583,3.528863099023822,79970400
1997-02-13,3.644655227661133,3.7273624747408927,3.6060582347128136,3.6942798787938225,49575600
1997-02-14,3.606057643890381,3.6942792735170125,3.5950299875128,3.650167890794727,36990900
1997-02-18,3.5950307846069336,3.6281133824688077,3.5178367942423483,3.6281133824688077,36747900
1997-02-19,3.6501667499542236,3.694278118889732,3.550917494969846,3.5950288639053545,36259200
1997-02-20,3.6832504272460938,3.7604443834920964,3.666709135626162,3.672222773297507,59025600
1997-02-21,3.606057643890381,3.705306929894594,3.5619466397740753,3.6942792735170125,53787600
1997-02-24,3.5564327239990234,3.6060573631375594,3.5178357403795015,3.5729740179745684,35872200
1997-02-25,3.606057643890381,3.628112578039564,3.534377309527132,3.5840019525292384,33201000
1997-02-26,3.5950307846069336,3.661196737542809,3.5398917332815762,3.6060584434295797,27000000
1997-02-27,3.528862953186035,3.5950296423100103,3.5178356764732976,3.5950296423100103,32757300
1997-02-28,3.4626972675323486,3.5398908602529335,3.429613920617556,3.506808270550082,45770400
1997-03-03,3.473726511001587,3.4847541721437665,3.363449520973648,3.4626988498594073,55296900
1997-03-04,3.484753370285034,3.5288640047036806,3.4185874186570646,3.4957814074957523,68404500
1997-03-05,3.5068068504333496,3.5729727602564427,3.4296125317614403,3.50680685043335,38627100
1997-03-06,3.2256031036376953,3.5068097804614804,3.14289507934546,3.5068097804614804,170810100
1997-03-07,3.1594345569610596,3.3193360765554525,3.1098099343763916,3.275225090588068,119399400
1997-03-10,3.175977945327759,3.2421439001180374,3.065700786101516,3.187005604459472,86598900
1997-03-11,3.153921127319336,3.2311148984706537,3.0987828545705085,3.220087622526805,56134800
1997-03-12,3.01056170463562,3.15392141621722,2.9664505144871156,3.1428935713543504,77609700
1997-03-13,3.1870052814483643,3.264199266152623,3.0105623746178183,3.021590221934868,120248100
1997-03-14,3.61708664894104,3.6281139308242922,3.4847539658563136,3.4957820049518085,155835000
1997-03-17,3.7053067684173584,3.7163344243143546,3.517835860956495,3.572974140441476,84921300
1997-03-18,3.5729739665985107,3.749416830971591,3.517835689796281,3.716334243496198,65855700
1997-03-19,3.473726511001587,3.5288648167124848,3.3744771821158275,3.5068098730342694,72075600
1997-03-20,3.517836093902588,3.572974377038748,3.4296140836727553,3.46269743216044,53210700
1997-03-21,3.517836093902588,3.572974377038748,3.506808437275356,3.5509186851782957,46665000
1997-03-24,3.517836093902588,3.5288633719238316,3.4296140836727553,3.4847527454149034,43705800
1997-03-25,3.440640926361084,3.57297353179444,3.407558342911593,3.5398901911331517,52730100
1997-03-26,3.5729739665985107,3.5950296559253476,3.440641345061269,3.462697034388106,44325000
1997-03-27,3.473726511001587,3.5950315407778493,3.4075605441485095,3.5840035010295264,48681000
1997-03-31,3.402045249938965,3.473725596399529,3.3524205985618285,3.4516699013161007,40222800
1997-04-01,3.2641994953155518,3.407559816774641,3.1980335425861837,3.2200888601626394,71018100
1997-04-02,3.2421436309814453,3.319337995707533,3.1980333767223446,3.275226984236346,42739200
1997-04-03,3.407559633255005,3.4185872914493203,3.1870053335505655,3.253171282716459,71208900
1997-04-04,3.4296152591705322,3.506809639231443,3.341393597308787,3.3524212577157404,54000000
1997-04-07,3.5068068504333496,3.517834502070532,3.4296125317614403,3.4847511685531685,37730700
1997-04-08,3.484753370285034,3.5068090661004137,3.4185874186570646,3.484753370285034,27486000
1997-04-09,3.3855040073394775,3.528863945396795,3.3744763489201492,3.49578134874486,39940200
1997-04-10,3.3083107471466064,3.396532402407084,3.2862550493769196,3.3855043642191958,34047900
1997-04-11,3.220088481903076,3.2862544268600176,3.220088481903076,3.253171075775529,42588000
1997-04-14,3.4296152591705322,3.4406429195774857,3.1759783125983674,3.2311166146331343,41932800
1997-04-15,3.2917678356170654,3.495780810058181,3.187004907473995,3.4626974612921657,67640400
1997-04-16,3.3083107471466064,3.319338406728405,3.2200890918861287,3.2641997302133223,31331700
1997-04-17,3.2697136402130127,3.440642547330878,3.253171583483107,3.330365576586203,37100700
1997-04-18,3.2752270698547363,3.3303653623775475,3.1870054232121854,3.2972827654699137,53865000
1997-04-21,3.1870052814483643,3.275226924166655,3.1649497761172825,3.242143571518523,30331800
1997-04-22,3.109811305999756,3.2090605949443014,3.076727957280913,3.2090605949443014,48249000
1997-04-23,3.3303654193878174,3.352420736774492,3.0987840189186455,3.131866616392598,69930900
1997-04-24,3.484753370285034,3.5178367247050755,3.3634487470277006,3.374476405632362,66723300
1997-04-25,3.3413913249969482,3.4737239170998992,3.3413913249969482,3.4516682326788337,32589900
1997-04-28,3.3524203300476074,3.4296143101415955,3.2421433778873454,3.3524203300476074,30512700
1997-04-29,3.396531820297241,3.5178364335134935,3.3524204323178357,3.4406420724585716,55114200
1997-04-30,3.5068068504333496,3.528861775101897,3.352418591695348,3.363446621938347,80145900
1997-05-01,3.5674612522125244,3.6281131831011746,3.495781284501164,3.517836600934499,81002700
1997-05-02,3.749418258666992,3.7604462968326158,3.550919629383195,3.5619476675488184,65894400
1997-05-05,3.9479169845581055,3.981000342652363,3.7714740486818275,3.782501708511214,123752700
1997-05-06,3.8762362003326416,3.9699718573000142,3.815584273186136,3.9368885060851677,62184600
1997-05-07,3.7935292720794678,3.925861173467031,3.782501235024453,3.8155845889773947,45734400
1997-05-08,3.870723009109497,3.9258613031760645,3.7273626873242955,3.7604460423702992,60463800
1997-05-09,3.870723009109497,3.9479166208026912,3.771473701183613,3.8927787053421876,42534000
1997-05-12,3.8596959114074707,3.9368895343228476,3.793529948908576,3.8486678723848695,37386900
1997-05-13,3.9534311294555664,4.0361383835816,3.892778814971211,3.903806474095087,93183300
1997-05-14,3.9093191623687744,4.069220748635352,3.8707221755311894,4.058193092196897,74369700
1997-05-15,4.052680969238281,4.069222270780461,3.903806983721923,3.9148346442854174,64282500
1997-05-16,3.9148335456848145,4.047165435311094,3.903805888215958,3.9589441755602413,69361200
1997-05-19,3.903806686401367,3.9258616272424907,3.837639970847524,3.903806686401367,35838000
1997-05-20,3.9920270442962646,3.9920270442962646,3.8596944134450473,3.9148330727340497,44722800
1997-05-21,4.1409010887146,4.157442384090545,4.047165062352339,4.047165062352339,80141400
1997-05-22,4.124359130859375,4.201553485012791,4.102304196053528,4.179497792994962,43659900
1997-05-23,4.1464152336120605,4.17949858863379,4.080249280780729,4.124359916001617,22555800
1997-05-27,4.179497241973877,4.223607862982049,4.0581926555954615,4.102303655209575,39391200
1997-05-28,4.15744161605835,4.212580266741318,4.102303343981293,4.168469270473761,40014000
1997-05-29,4.15744161605835,4.245662851381639,4.1243582742062035,4.179496924889172,48439800
1997-05-30,4.1133341789245605,4.157444830693611,3.8817521213184305,3.8817521213184305,69277500
1997-06-02,4.322859764099121,4.322859764099121,4.058195120109201,4.124361091803595,55036800
1997-06-03,4.102304935455322,4.311831207844903,4.096790538199458,4.300803549151352,59567400
1997-06-04,4.1188459396362305,4.1850118870657225,4.05819363185618,4.113332299986789,51327000
1997-06-05,4.190526008605957,4.267719608868677,4.146414622672388,4.157442658458784,49992300
1997-06-06,4.322859764099121,4.322859764099121,4.179499780155096,4.190527820710333,60370200
1997-06-09,4.322859764099121,4.377998452450621,4.300804818807161,4.317346122427674,44697600
1997-06-10,4.2015533447265625,4.350427273194685,4.185011292311022,4.317343925575561,41639400
1997-06-11,4.2952880859375,4.317343776457119,4.162956214455581,4.201553199607456,31883400
1997-06-12,4.375239372253418,4.405565330989454,4.273232704450148,4.289774756025011,52849800
1997-06-13,4.587523937225342,4.587523937225342,4.3338862658707225,4.366969621467707,95150700
1997-06-16,4.615090370178223,4.675742650777524,4.510327477727016,4.587521427073713,85806000
1997-06-17,4.697800636291504,4.7198555744141,4.576495637071865,4.5930369353153235,67364100
1997-06-18,4.438650131225586,4.576496062909025,4.411080793446465,4.466219090398623,99493200
1997-06-19,4.372481822967529,4.477245116877165,4.355940529217757,4.433134116797233,63288000
1997-06-20,4.256691932678223,4.400052232595051,4.256691932678223,4.377996539726766,79125300
1997-06-23,4.256691932678223,4.377996539726766,4.256691932678223,4.300802939808787,64331100
1997-06-24,4.422108173370361,4.444163492645685,4.245664861955591,4.322858858025315,51371100
1997-06-25,4.493786334991455,4.587522350560857,4.377995766268153,4.455189731154314,73665900
1997-06-26,4.471732139587402,4.570981439585718,4.444162805453196,4.477246157856657,45954000
1997-06-27,4.444163799285889,4.532385461080428,4.438650536995789,4.488275198092335,34057800
1997-06-30,4.444163799285889,4.488275198092335,4.333886816694245,4.444163799285889,30345300
1997-07-01,4.28425931930542,4.444160857134588,4.245662344159639,4.405564260594675,46398600
1997-07-02,4.245663642883301,4.300802682451527,4.179497704055789,4.295288286306927,52347600
1997-07-03,4.389023303985596,4.400050957922079,4.256690699536007,4.26771835347249,22314600
1997-07-07,4.350429058074951,4.466219686430162,4.322859338010478,4.400053721257509,28595700
1997-07-08,4.493786334991455,4.499300730491807,4.3449124221135484,4.350426817613901,30799800
1997-07-09,4.54892635345459,4.615092298884039,4.499301705079493,4.521356641616621,57402900
1997-07-10,4.593036651611328,4.64817569723919,4.422107389613271,4.543412002734084,48904200
1997-07-11,4.615090370178223,4.6647149978145475,4.576493395504874,4.587521427073713,29150100
1997-07-14,4.741909503936768,4.747423899414811,4.615091280543651,4.615091280543651,35348400
1997-07-15,4.98176383972168,5.006576165490614,4.819104839007502,4.8521881924367785,72235800
1997-07-16,5.067227840423584,5.20507450839728,5.056200561312919,5.083769894907658,75413700
1997-07-17,4.929380416870117,5.083768725199136,4.918352761690746,5.078254329700542,54171900
1997-07-18,4.929380416870117,4.99003270965963,4.763965210573604,4.912839123404029,73792800
1997-07-21,4.868730068206787,4.929382385215297,4.7970504702215555,4.929382385215297,27926100
1997-07-22,5.017605304718018,5.028632967079356,4.808079341246412,4.885273356381963,36589500
1997-07-23,4.99554967880249,5.094799005154776,4.852189330401336,5.067229285093867,51560100
1997-07-24,4.830132484436035,5.001062133749917,4.808077546551916,4.9514374823440255,45485100
1997-07-25,4.830132484436035,4.9514374823440255,4.797049888306834,4.841160142681117,39303900
1997-07-28,4.808077812194824,4.907327120490061,4.7529391393169975,4.84667480748809,29468700
1997-07-29,4.808077812194824,4.830132751297464,4.725369802878084,4.802563793464616,30496500
1997-07-30,4.885269641876221,4.962463219711592,4.774992344899609,4.819102960805536,32689800
1997-07-31,4.802563667297363,4.951437625829178,4.786022368753421,4.896299333005944,28381500
1997-08-01,4.841158390045166,4.918352348420393,4.797048151640033,4.819103081539646,39107700
1997-08-04,4.951437473297119,4.973492789746985,4.841160133835702,4.863215828891611,28911600
1997-08-05,5.012091159820557,5.028632462399364,4.929383132501927,4.995549857241748,37244700
1997-08-06,5.116855621337891,5.127883285804311,4.984523647740854,5.028633927000275,44258400
1997-08-07,5.017605304718018,5.149938010266443,5.006578020962865,5.13890996929892,49798800
1997-08-08,5.061713695526123,5.105824700595037,4.896298467684163,4.962464407378552,59588100
1997-08-11,5.028630256652832,5.105824608786892,4.901812018549252,5.09479695236945,38808900
1997-08-12,4.962464809417725,5.072741763115227,4.962464809417725,5.067227745057644,25629300
1997-08-13,5.006575584411621,5.039658176789137,4.896298635860563,5.028630519794631,33688800
1997-08-14,5.1058244705200195,5.116851748032859,5.012088825601169,5.0286301204764,37004400
1997-08-15,4.918354034423828,5.171991305001455,4.907326754996842,5.1058253568033205,46280700
1997-08-18,5.0947980880737305,5.1113393870841985,4.780508106389916,4.929382069120523,30523800
1997-08-19,5.442171096801758,5.450441368352897,5.160964448182616,5.218860135101549,60157200
1997-08-20,5.425629615783691,5.574503606069332,5.367734679925235,5.541421001925149,54691200
1997-08-21,5.293297290802002,5.475253871688787,5.276755232748865,5.4669835998744345,36745200
1997-08-22,5.409087657928467,5.409087657928467,5.094798413388671,5.210589028279715,41149200
1997-08-25,5.243672847747803,5.4339004655218055,5.235401818379456,5.425629436153459,27442200
1997-08-26,5.11134147644043,5.260215500026073,5.086529139176156,5.243674194254037,50061000
1997-08-27,5.078255653381348,5.194047009461377,5.003818677563647,5.144422358916243,33187200
1997-08-28,4.805319786071777,5.111338698413143,4.780507462293072,5.078255347637528,48157200
1997-08-29,5.045172691345215,5.09479733828562,4.813590753219317,4.87975669673585,50159400
1997-09-02,5.1444220542907715,5.185775674892282,5.045172759077523,5.111338703482345,37926000
1997-09-03,5.0947980880737305,5.21058869557127,5.078256031851131,5.194047396560802,30378000
1997-09-04,5.1692352294921875,5.202317828537448,5.094798245822119,5.12788084486738,23112600
1997-09-05,5.227128982543945,5.285024653689452,5.169234068610423,5.210587686736079,21586800
1997-09-08,5.285025119781494,5.29329614702085,5.185775821757429,5.251941768036122,25389000
1997-09-09,5.268484115600586,5.301566711974291,5.177505082542661,5.285025413787438,27785400
1997-09-10,5.020360469818115,5.243671385584475,4.979006091720025,5.243671385584475,50615400
1997-09-11,5.152690887451172,5.1857742290355615,4.9211097679959,5.028629303024484,34527000
1997-09-12,5.119609832763672,5.210588102789311,5.012089508397337,5.194046805660662,23408400
1997-09-15,5.028630256652832,5.218858560323154,5.020359987597226,5.144421595550931,31686600
1997-09-16,5.235400676727295,5.243671704292029,5.028631045305603,5.078255696269842,41925000
1997-09-17,4.772235870361328,4.979004673090597,4.730881504046019,4.945922088692533,164461200
1997-09-18,4.854943752288818,4.9707350851473615,4.78877781723531,4.8714858039611375,84763800
1997-09-19,4.962464809417725,4.987277133464813,4.813590865135192,4.8797568101900834,61997400
1997-09-22,4.9169769287109375,5.045174483657537,4.912841792400892,5.012091121540304,32969400
1997-09-23,4.945921421051025,5.020358361716283,4.888025770351919,4.921109107495939,30796200
1997-09-24,5.020360469818115,5.177504683512345,5.01208944275609,5.094797441740235,64599600
1997-09-25,5.061713695526123,5.111338339599909,4.904568736888477,5.003818025036048,35757000
1997-09-26,4.979007244110107,5.094798620930205,4.945924642629117,5.086527591953852,37310400
1997-09-29,4.945921421051025,5.0120873381273485,4.879754746762984,4.995546048161197,30647400
1997-09-30,4.821861267089844,4.962464166057493,4.821861267089844,4.945922871241281,26589000
1997-10-01,4.763966083526611,4.896298727139689,4.714341436823209,4.896298727139689,37809600
1997-10-02,4.763966083526611,4.863215376933415,4.6978001403260805,4.797049433732885,32830800
1997-10-03,4.879756927490234,4.995548280634746,4.8053199535596445,4.846674332773565,32593200
1997-10-06,4.90457010269165,4.995549146970353,4.863216473518177,4.929382431638172,21720000
1997-10-07,4.966598987579346,4.995547198199,4.869418034792746,4.91283921490439,25854600
1997-10-08,4.929380416870117,4.9955471051582245,4.863214485793887,4.9955471051582245,22747200
1997-10-09,4.921111583709717,4.962465208039346,4.863215903878558,4.89629925766952,17358000
1997-10-10,4.780508518218994,4.896299892903809,4.7639672177835335,4.84667523438523,38638200
1997-10-13,4.8135905265808105,4.854944144680087,4.780507177774199,4.830131822378124,21827400
1997-10-14,4.763966083526611,4.846674080436287,4.714341436823209,4.8053197033754405,23269800
1997-10-15,4.623363018035889,4.755694900079613,4.582008642336733,4.714341281592448,53673000
1997-10-16,4.557199001312256,4.697802749883122,4.499304052806545,4.664719381299547,36670800
1997-10-17,4.524111747741699,4.573736371090925,4.416591478081155,4.466216101430382,45437400
1997-10-20,4.565467834472656,4.6233635123138335,4.524114211564428,4.565467834472656,29237400
1997-10-21,4.722611427307129,4.730881695134786,4.615091130640935,4.6316324235080994,38733600
1997-10-22,4.639904499053955,4.813590763724424,4.615092175529602,4.739153793151366,27979800
1997-10-23,4.515843391418457,4.5985513982440755,4.4000527876322755,4.433135384592838,30819600
1997-10-24,4.491029262542725,4.648174185275042,4.441404629807446,4.598549552539763,34748400
1997-10-27,4.1353864669799805,4.499301003093717,4.102303878032858,4.4165930163020635,43253400
1997-10-28,4.598550319671631,4.615091614272214,3.8045560634527553,3.837638652653922,80150400
1997-10-29,4.639904499053955,4.7474248200634905,4.499301584819964,4.615092175529602,62920200
1997-10-30,4.466217517852783,4.7474240584178515,4.433134172723981,4.433134172723981,49981200
1997-10-31,4.735019207000732,4.747425370200549,4.565468057532535,4.639905036731435,55548000
1997-11-03,4.7474260330200195,4.863216653313898,4.631634655513926,4.7805086346970045,49341000
1997-11-04,4.854943752288818,4.879756072585375,4.730882150806038,4.763965496938754,42405000
1997-11-05,4.8135905265808105,4.929381111585976,4.797049230783497,4.879756466982051,24966600
1997-11-06,4.681258201599121,4.813590848462585,4.656445877637974,4.805319821404858,29761200
1997-11-07,4.623363018035889,4.648175340570586,4.466218056245477,4.515842701314871,32662200
1997-11-10,4.5820088386535645,4.76396613077466,4.5654675419923825,4.681258133044703,24766800
1997-11-11,4.623363018035889,4.648175340570586,4.532383997267338,4.631633287406127,23399400
1997-11-12,4.30080509185791,4.631635728546094,4.201555749408977,4.532386386097161,50317800
1997-11-13,4.416593551635742,4.449676901804809,4.226365991890642,4.400052255157216,44474400
1997-11-14,4.557199001312256,4.615094707030403,4.433137315639396,4.449679378537401,30315600
1997-11-17,4.6647162437438965,4.7805068200853365,4.6316328974126595,4.6564452178581055,44148000
1997-11-18,4.598550319671631,4.689528575792734,4.582008267859118,4.681257549886477,20984400
1997-11-19,4.6068220138549805,4.6316343420395,4.499302429863508,4.598551742601583,18663600
1997-11-20,4.656447410583496,4.739155436752912,4.582010414194707,4.6481771380151535,24085200
1997-11-21,4.631631851196289,4.747423158594132,4.5489246398684084,4.73088111055915,31270800
1997-11-24,4.30080509185791,4.532386386097161,4.23463835875036,4.515845081426469,63726000
1997-11-25,4.42486572265625,4.499302711875446,4.317345374713342,4.449678052395982,46028400
1997-11-26,4.350429058074951,4.524115379213901,4.31734569688249,4.474490716031345,29482800
1997-11-28,4.408323764801025,4.433136095104244,4.300804171628566,4.350428832235002,13800600
1997-12-01,4.218095779418945,4.284261735319502,4.135387766634127,4.267720435647403,73719000
1997-12-02,4.019596099853516,4.193282351081754,3.9699714566454474,4.1850113248097545,60875400
1997-12-03,4.003055572509766,4.0526802252383485,3.92034756555809,3.9947845446509653,73313400
1997-12-04,4.003055572509766,4.151929530695516,3.9947845446509653,4.069221523743841,41658000
1997-12-05,4.127116680145264,4.168470299762715,3.994784037272602,4.003055064080897,46664400
1997-12-08,4.28425931930542,4.3008013668611556,4.143656458352075,4.218093400717682,49045800
1997-12-09,3.035374879837036,3.1759778118100024,2.9609378998727394,3.0436451505805464,1030963200
1997-12-10,3.101541519165039,3.159437213260215,3.010563220340293,3.1263538513183597,397717800
1997-12-11,2.9030425548553467,3.101541191084772,2.8782302253266683,3.0767288615560937,197842200
1997-12-12,3.01056170463562,3.0395091585031104,2.903041400366236,2.96093706531312,110835000
1997-12-15,3.0684573650360107,3.101540718436699,3.018832713541024,3.0849994203424,90271200
1997-12-16,3.084998846054077,3.118081436084182,3.0601865249255242,3.1015401410691297,84283200
1997-12-17,2.9940195083618164,3.1428934191181255,2.960936921890548,3.1263521258824913,79088400
1997-12-18,2.91131329536438,3.043645201599945,2.91131329536438,3.043645201599945,72075000
1997-12-19,2.861687421798706,2.936124371291634,2.778979447735962,2.861687421798706,105211800
1997-12-22,2.8782293796539307,3.0105620173293697,2.861688083898994,2.9030417018923265,58378200
1997-12-23,2.7955217361450195,2.8947710375136246,2.7707094108028683,2.8947710375136246,62624400
1997-12-24,2.7872509956359863,2.8286046118259502,2.7789799695132142,2.7955212645468097,28986000
1997-12-26,2.836874485015869,2.836874485015869,2.787249862871053,2.812062173943461,22574400
1997-12-29,2.8782293796539307,2.911312728375786,2.836875761660598,2.9030417018923265,45751200
1997-12-30,2.960937023162842,2.960937023162842,2.8782290397320933,2.886500065238736,43931400
1997-12-31,2.9526665210723877,2.977478844778878,2.9113129006322453,2.960937548045227,51522000
1998-01-02,3.043644666671753,3.101540338732084,2.927854079763087,2.9609374291135615,29169000
1998-01-05,3.0932700634002686,3.1098121206993214,3.0271041058406,3.0601874632265247,66106800
1998-01-06,3.002291440963745,3.093269717073766,2.9692080872818756,3.0849994465623705,41610000
1998-01-07,2.7955217361450195,2.977479041058155,2.7789804383209447,2.977479041058155,98762400
1998-01-08,2.688002109527588,2.845146328674463,2.663189784692601,2.820334003839476,97678800
1998-01-09,2.4812324047088623,2.679730997085571,2.464691107748149,2.679730997085571,149899800
1998-01-12,2.3902547359466553,2.4812330278988712,2.348900347340189,2.431608367340894,150830400
1998-01-13,2.522585868835449,2.5473981913394437,2.431607605391466,2.4977735463314548,129453000
1998-01-14,2.5887532234191895,2.6301068523412487,2.53085753715856,2.563940894623517,99942600
1998-01-15,2.547398567199707,2.613565275114366,2.497773914869764,2.605294247322008,59463600
1998-01-16,2.5722105503082275,2.6218351960197177,2.5556692541417316,2.5804815769974763,71509800
1998-01-20,2.6797304153442383,2.6797304153442383,2.6135644846532764,2.663189121974466,60654600
1998-01-21,2.6631898880004883,2.7128145395954535,2.6466478326607725,2.6962724842557377,45778800
1998-01-22,2.6383771896362305,2.671459781219868,2.61356486734251,2.6631895119299505,40696200
1998-01-23,2.5722105503082275,2.679730868420456,2.5391279579752353,2.679730868420456,54330000
1998-01-26,2.5060455799102783,2.5804825773333557,2.497774550014727,2.5804825773333557,45301200
1998-01-27,2.514315605163574,2.5391279277237015,2.4812322560127402,2.4977735519821613,53340000
1998-01-28,2.803792953491211,2.845146579457245,2.7128146734810845,2.721084944347014,153802200
1998-01-29,2.956801652908325,3.027103489075005,2.8451461963440834,2.8534172233084063,125407200
1998-01-30,3.076728105545044,3.159436102721766,3.010562162130877,3.027103458681414,128443800
1998-02-02,3.258685350418091,3.2917679430518527,3.2338730273367653,3.2752266467349718,100587600
1998-02-03,3.266955852508545,3.291768177355982,3.1925188779662332,3.283497907214878,67231200
1998-02-04,3.233873128890991,3.275226749587837,3.2007897780062953,3.2256021018668095,50851800
1998-02-05,3.1594345569610596,3.341391001630409,3.126351222834065,3.266954067753407,70332000
1998-02-06,3.5729739665985107,3.5729739665985107,3.1428935145113934,3.1594355654609796,133721400
1998-02-09,3.6639528274536133,3.802488930444699,3.5729745609446755,3.754931851174567,161128800
1998-02-10,3.606057643890381,3.6970359036569227,3.5481619746506037,3.6970359036569227,99507000
1998-02-11,3.5647029876708984,3.6225986523266607,3.5150783485979304,3.5647029876708984,58904400
1998-02-12,3.5564327239990234,3.5729740179745684,3.4158290749652385,3.4902660336730422,65746800
1998-02-13,3.5068068504333496,3.5398894267390792,3.4571822287631213,3.4985358277511005,35910600
1998-02-17,3.3910162448883057,3.5729734800737694,3.36620392905446,3.5564321885884675,43597200
1998-02-18,3.4323713779449463,3.465453968322912,3.3248510661866657,3.374475708965571,37574400
1998-02-19,3.349663257598877,3.4571835651850384,3.3248509371722186,3.44891253930551,54198600
1998-02-20,3.3248512744903564,3.3910172166035766,3.2173309559958714,3.3910172166035766,59091000
1998-02-23,3.4902663230895996,3.498537349369165,3.374475741235506,3.391017036582673,67914000
1998-02-24,3.4654548168182373,3.5481628274376136,3.4075598908756013,3.5398917992120333,50905200
1998-02-25,3.448913335800171,3.4819966897466528,3.349664031172828,3.4654546341673607,55740000
1998-02-26,3.382746696472168,3.4241003125775764,3.3248510281550376,3.4075590175778023,53124600
1998-02-27,3.258685350418091,3.3662049122958293,3.2256020005723207,3.357934642743393,79120200
1998-03-02,3.192518472671509,3.2669554377639427,3.192518472671509,3.2504141423696127,41014800
1998-03-03,3.448913335800171,3.4654546341673607,3.1925190464421673,3.2669560249126746,105721800
1998-03-04,3.448913335800171,3.539891612637868,3.3992886834864993,3.440642308010525,57533400
1998-03-05,3.349663257598877,3.43237124475838,3.304173751079361,3.3248509371722186,50005800
1998-03-06,3.5564327239990234,3.5729740179745684,3.32485082228189,3.3827464870141486,73587600
1998-03-09,3.382746696472168,3.583312832540723,3.357934375366533,3.548161918105749,79209000
1998-03-10,3.5729739665985107,3.5895152603362073,3.450979937601788,3.5398906219112276,83075400
1998-03-11,3.697035789489746,3.713577084242321,3.5895154805681684,3.597786506550424,110964600
1998-03-12,3.6639528274536133,3.738389797473294,3.539891210754145,3.67222385430425,94375200
1998-03-13,3.862452507019043,4.102305538643622,3.837640176658723,4.102305538643622,264699600
1998-03-16,3.920349359512329,3.961703003305565,3.8872659901502677,3.8872659901502677,64366800
1998-03-17,3.804556131362915,3.9286177361115757,3.771472784359291,3.920346710057684,57643200
1998-03-18,3.8872628211975098,3.9120751386885826,3.738388916251071,3.7549309660530112,61584000
1998-03-19,3.870723009109497,3.8955353360909686,3.821098355146555,3.8872643080264355,38823600
1998-03-20,3.8293683528900146,3.870721967661915,3.7632016606006653,3.870721967661915,56153400
1998-03-23,3.978243350982666,3.986513621847301,3.7714737067606072,3.8045570618555327,83642400
1998-03-24,4.011325359344482,4.05267973643856,3.953430442952,3.961700712601202,86273400
1998-03-25,4.060950756072998,4.102305140804494,4.0195971285536585,4.0857630840270325,83322600
1998-03-26,4.168471813201904,4.170539381351643,4.019597819873265,4.019597819873265,65593800
1998-03-27,4.110574245452881,4.20155326027377,4.03613728271503,4.176740939361154,45736200
1998-03-30,4.143657684326172,4.151928710551169,4.052679424699044,4.069220719937079,42528000
1998-03-31,4.176741123199463,4.1932824187986215,4.1353867483836035,4.143657774789171,42608400
1998-04-01,4.1519293785095215,4.2180953273183315,4.052680076690267,4.201554029419149,51238800
1998-04-02,3.9865128993988037,4.127116565162498,3.953430307511339,4.1105745120067745,42534600
1998-04-03,3.7218475341796875,3.8789924602489916,3.672222900390625,3.8541801433544602,135210600
1998-04-06,3.5895161628723145,3.6970364922316232,3.5233502140730906,3.672224166780404,75051000
1998-04-07,3.5895161628723145,3.5977871904267476,3.4737255631706527,3.5316212416275237,60317400
1998-04-08,3.5812454223632812,3.639140336007292,3.5233497515072902,3.572974395894717,35712000
1998-04-09,3.5647029876708984,3.6060573583729716,3.5233493741807247,3.597786332790177,27467400
1998-04-13,3.763204336166382,3.7880166741130004,3.5150809567001926,3.5564353580861985,49784400
1998-04-14,3.7714715003967285,3.8210961254019487,3.705305586126997,3.7383881646560204,32473800
1998-04-15,3.7383906841278076,3.7962863713896677,3.697037054490591,3.788015342577346,26488200
1998-04-16,3.639141321182251,3.7218493366223657,3.606058720775954,3.705308036419217,25158600
1998-04-17,3.606057643890381,3.6556822868924876,3.572974296151657,3.6060576438903813,31989000
1998-04-20,3.639141321182251,3.6804957075084013,3.5812463918651383,3.5812463918651383,36512400
1998-04-21,3.6474108695983887,3.6474108695983887,3.5895152065658835,3.630869576108478,24115200
1998-04-22,3.639141321182251,3.6639536500930667,3.6143289922714352,3.6226000209791027,30639000
1998-04-23,3.448913335800171,3.6225996188980214,3.448913335800171,3.6143285911083756,54849000
1998-04-24,3.531620740890503,3.572974358375113,3.4571837750910213,3.4654540442607598,29288400
1998-04-27,3.48199725151062,3.498538552546482,3.4158305329427265,3.4489138922266735,37527000
1998-04-28,3.473726511001587,3.572975839887347,3.4571852085913894,3.523351175444467,41070600
1998-04-29,3.4902663230895996,3.50680837564873,3.415829358209405,3.4902663230895996,40535400
1998-04-30,3.4240994453430176,3.556432043460676,3.4240994453430176,3.5481610194496485,46720200
1998-05-01,3.382746696472168,3.465453928682985,3.3496633492606724,3.4571836597890715,52196400
1998-05-04,3.48199725151062,3.523350882706386,3.3910182027828224,3.4158305329427265,40241400
1998-05-05,3.4158287048339844,3.457183071109635,3.3455276451466522,3.4240997295314783,65786400
1998-05-06,3.48199725151062,3.5047420136925695,3.4158305329427265,3.465455193262535,43002000
1998-05-07,3.448913335800171,3.4985379881138425,3.432372037432981,3.4737256619570065,34075200
1998-05-08,3.5564327239990234,3.5564327239990234,3.4406413945345062,3.4406413945345062,28894200
1998-05-11,3.440640926361084,3.57297353179444,3.440640926361084,3.5647025073261687,27403200
1998-05-12,3.448913335800171,3.4654546341673607,3.3744763573296637,3.448913335800171,34554000
1998-05-13,3.440640926361084,3.4737242670223725,3.415828610168067,3.440640926361084,26074200
1998-05-14,3.473726511001587,3.5150801456332244,3.4075605441485095,3.4075605441485095,31849200
1998-05-15,3.4240994453430176,3.4571827841753713,3.391016106510664,3.432370469354045,33055800
1998-05-18,3.3992879390716553,3.4406415545395945,3.3744756183485043,3.391016913093293,32785800
1998-05-19,3.448913335800171,3.4571843635898167,3.3992886834864993,3.432372037432981,27483000
1998-05-20,3.3248512744903564,3.473725212154104,3.3083099782650525,3.46545418543545,36439200
1998-05-21,3.258685350418091,3.374475939060274,3.2090607042554398,3.3496636159789484,33985800
1998-05-22,3.2256031036376953,3.2586864647970426,3.1511661089383636,3.250415435204139,31108200
1998-05-26,3.175977945327759,3.258685956724719,3.1594366459332264,3.250414928421378,27080400
1998-05-27,3.1594345569610596,3.2007881567110665,3.101538911541731,3.1098099343763916,31188000
1998-05-28,3.258685350418091,3.258685350418091,3.134623735011463,3.151165031328344,28081200
1998-05-29,3.126352548599243,3.300038801299201,3.1180815222571603,3.2752264794849215,60899400
1998-06-01,3.018832206726074,3.1842481887466554,2.9774785898269105,3.118081493053638,39799200
1998-06-02,3.2256031036376953,3.250415435204139,2.919584095247466,3.0353754806990483,83485200
1998-06-03,3.118082046508789,3.2586857319044342,3.109811775988172,3.2421436764390075,48964200
1998-06-04,3.2834975719451904,3.3000388677504713,3.1263526115530778,3.1594359603756237,46338600
1998-06-05,3.4323713779449463,3.5068083421133043,3.300038744797213,3.300038744797213,61518600
1998-06-08,3.4240994453430176,3.4654530509746424,3.391016106510664,3.3992871305216914,33981600
1998-06-09,3.448913335800171,3.4902669603241967,3.4158299818536895,3.4241010096433353,25986000
1998-06-10,3.2917678356170654,3.4489127957406582,3.2752265398400495,3.407559177692127,35389200
1998-06-11,3.2256031036376953,3.3165814003105667,3.1842494700977113,3.3165814003105667,38994600
1998-06-12,3.316580057144165,3.3496634049052405,3.200789475798341,3.2090605020416,52746000
1998-06-15,3.2504146099090576,3.3744762362414646,3.2338733121354286,3.275226935175539,29586600
1998-06-16,3.2090606689453125,3.2917679068316765,3.1594360233286944,3.2752266106968038,38971800
1998-06-17,3.217331647872925,3.3868828101887494,3.192519319593154,3.2586860331473213,65968200
1998-06-18,3.258685350418091,3.3662049122958293,3.2256020005723207,3.324851292897623,112911000
1998-06-19,3.2090606689453125,3.2752266106968038,3.1677062927901307,3.258685314561931,43827000
1998-06-22,3.2007901668548584,3.2504148206045462,3.1428944850761815,3.192519138825869,39698400
1998-06-23,3.233873128890991,3.308310100472533,3.2173310748426274,3.2173310748426274,33183600
1998-06-24,3.3083107471466064,3.341393347285912,3.200790403663414,3.2586860897254684,44262600
1998-06-25,3.266955852508545,3.3579348817571892,3.2421435276611077,3.333122556909752,32257200
1998-06-26,3.258685350418091,3.2834976734994163,3.217330973807876,3.2752266467349718,15721800
1998-06-29,3.2421436309814453,3.2917682822577534,3.2007900073218836,3.275226984236346,22618200
1998-06-30,3.2504146099090576,3.2834979626683913,3.1677066066167616,3.209060986868947,30382800
1998-07-01,3.1842477321624756,3.250413661156104,3.175976707083827,3.250413661156104,37561200
1998-07-02,3.027104139328003,3.1759781133933145,3.0105628390581423,3.159436813123454,61005600
1998-07-06,3.0519156455993652,3.068456941410001,3.027103323277419,3.0601866721106754,30358800
1998-07-07,3.027104139328003,3.051916468338888,2.9940207815760926,3.043645439597863,25014000
1998-07-08,3.118082046508789,3.126353074241502,3.0188327425646144,3.0684573945367015,48232800
1998-07-09,3.233873128890991,3.2834977766120192,3.1346238334489356,3.1428941032610855,61575000
1998-07-10,3.316580057144165,3.324851083387424,3.159435859005967,3.2338728235594165,41154600
1998-07-13,3.3910162448883057,3.407558293585394,3.316579297386769,3.316579297386769,41445000
1998-07-14,3.440640926361084,3.4489119508293555,3.39101629397505,3.39101629397505,56885400
1998-07-15,3.5812454223632812,3.6225990402821435,3.4406417584575855,3.4406417584575855,74725200
1998-07-16,3.6639528274536133,3.6887651507935066,3.581245587795312,3.6060579111352054,48816600
1998-07-17,3.5833139419555664,3.672224660576042,3.548163016637662,3.672224660576042,39223800
1998-07-20,3.6474108695983887,3.721847826120805,3.548161594235167,3.572973913075973,50903400
1998-07-21,3.6722235679626465,3.7714728535832585,3.63914022035179,3.655682272763197,51199200
1998-07-22,3.4323713779449463,3.5812453062816627,3.391017004154554,3.5729742800811928,53298600
1998-07-23,3.3248512744903564,3.3992882433222302,3.3083099782650525,3.3910172166035766,31864200
1998-07-24,3.258685350418091,3.3662049122958293,3.1759773544096697,3.3496636159789484,38740800
1998-07-27,3.531620740890503,3.539891010060241,3.2090605557594163,3.2173308249291543,45499800
1998-07-28,3.5647029876708984,3.5812450388364874,3.4654537095249625,3.5150783485979304,45169200
1998-07-29,3.523350715637207,3.5729753736039283,3.4902673579219967,3.5647043448720788,41415000
1998-07-30,3.531620740890503,3.5647033319934014,3.5150786881270806,3.5564330628236633,43102200
1998-07-31,3.5068068504333496,3.6060560937738066,3.50680685043335,3.515077115903965,37299600
1998-08-03,3.523350715637207,3.5647043448720788,3.4489137286871254,3.4985383866538466,34653600
1998-08-04,3.374476432800293,3.606058401180823,3.3413930781138976,3.5977873732061947,53547000
1998-08-05,3.333122968673706,3.3910178956618497,3.233873657022997,3.357935296586384,36434400
1998-08-06,3.3910162448883057,3.39928726923685,3.250413374233776,3.2669546657190773,27672600
1998-08-07,3.3248512744903564,3.3992882433222302,3.316580247771703,3.3992882433222302,25819200
1998-08-10,3.258685350418091,3.3496636159789484,3.258685350418091,3.308309996580742,19776600
1998-08-11,3.2421436309814453,3.2586856862149385,3.1511653560455755,3.2090610349386304,31141800
1998-08-12,3.349663257598877,3.391016872572665,3.242142950012715,3.242142950012715,32503800
1998-08-13,3.2421436309814453,3.366205259172216,3.2421436309814453,3.308310337491247,25808400
1998-08-14,3.15116548538208,3.308310473277614,3.0849995333686477,3.300039445321391,43505400
1998-08-17,3.15116548538208,3.1842488399948548,3.0932698041127535,3.15116548538208,34530600
1998-08-18,3.084998846054077,3.200789425583342,3.051915498812024,3.1677060783412885,50109000
1998-08-19,3.233873128890991,3.258685452751505,3.093269455540058,3.093269455540058,70491000
1998-08-20,3.2504146099090576,3.275226935175539,3.1428942813502805,3.209060986868947,34464600
1998-08-21,3.300039768218994,3.3165810685378325,3.142894764947359,3.1925194231160656,47086800
1998-08-24,3.2090606689453125,3.3331222829868583,3.1842483461370037,3.308309960178549,22714800
1998-08-25,3.192518472671509,3.2586851686727605,3.134623560185371,3.2586851686727605,25384800
1998-08-26,3.15116548538208,3.2256024653517357,3.1098118600251996,3.1180821307693054,19456800
1998-08-27,2.9940195083618164,3.1015398074231064,2.9774782151261823,3.0849985141874723,36361800
1998-08-28,2.8203349113464355,3.0188335738977927,2.7789812757190044,3.0022922710892814,42436800
1998-08-31,2.6383771896362305,2.9113127348671513,2.6218351366324275,2.8699583595696283,61621800
1998-09-01,2.7210853099823,2.7458976403384066,2.4067960445423573,2.6466483189139796,76397400
1998-09-02,2.688002109527588,2.778980381518519,2.654918757343585,2.754168056683532,76332600
1998-09-03,2.522585868835449,2.7376265020113957,2.5060445729034497,2.646647481355422,57826200
1998-09-04,2.737626075744629,2.754167369101038,2.5804811386171886,2.6052934572577384,51078000
1998-09-08,2.861687421798706,2.9030410302241747,2.762438155808136,2.894770005654358,44079600
1998-09-09,2.8865010738372803,2.994020656933565,2.8451466890659485,2.8451466890659485,35885400
1998-09-10,2.927854299545288,2.9361253268067786,2.762439054799855,2.8616883530895256,47487000
1998-09-11,3.374476432800293,3.3910177315374312,3.24214377126683,3.258685827216087,146108400
1998-09-14,3.515078544616699,3.515078544616699,3.407558992104028,3.407558992104028,60785400
1998-09-15,3.5729739665985107,3.5895152603362073,3.399287732111083,3.457183396010856,64830600
1998-09-16,3.606057643890381,3.6474112606548164,3.556433000888275,3.564703269913986,56800800
1998-09-17,3.548161745071411,3.5812450906695203,3.457183491191499,3.4737247853845985,53653800
1998-09-18,3.597787380218506,3.614328678987884,3.523350399938123,3.556433754689,47238600
1998-09-21,3.6804943084716797,3.7218479218662273,3.498537046554254,3.5068080721179227,54644400
1998-09-22,3.7880160808563232,3.812828414916981,3.697037775038025,3.697037775038025,52411200
1998-09-23,3.7880160808563232,3.829370475765648,3.6887667446136914,3.812828414916981,75694200
1998-09-24,3.754932403564453,3.8128273283998104,3.7053077495843594,3.721849048507015,48895200
1998-09-25,3.8293683528900146,3.8376386215172404,3.680494431056864,3.680494431056864,46425000
1998-09-28,3.7218475341796875,3.887262727739289,3.7218475341796875,3.8293678264599293,44779200
1998-09-29,3.845911741256714,3.903807439228131,3.7218500721839165,3.7218500721839165,72210000
1998-09-30,3.854180335998535,3.9038049722679937,3.754931063459619,3.7714723564788195,58888200
1998-10-01,3.5729739665985107,3.8210971587234073,3.556432672860814,3.7632014948236345,66616800
1998-10-02,3.440640926361084,3.506807607683661,3.324850369864271,3.465453242554101,88020600
1998-10-05,3.142893075942993,3.308309019084898,2.969206865692242,3.27522567901416,104928000
1998-10-06,3.0684573650360107,3.242143645268466,3.0519160669417116,3.242143645268466,49108200
1998-10-07,3.2256031036376953,3.2586864647970426,3.043645753079685,3.0519167826725884,49443600
1998-10-08,3.1594345569610596,3.209059179545727,2.9526650437877278,3.09326788870707,63256800
1998-10-09,3.374476432800293,3.3910177315374312,3.0849995402337194,3.217331444555063,61496400
1998-10-12,3.2834975719451904,3.4323715058286703,3.2752265454365577,3.3992881570061244,30629400
1998-10-13,3.2752270698547363,3.3910176734556665,3.209061118827363,3.2421437157349966,26618400
1998-10-14,3.3992879390716553,3.4819959272194696,3.242142988754388,3.242142988754388,49360800
1998-10-15,3.539891242980957,3.572974593472675,3.357934708306568,3.374476004946415,29899800
1998-10-16,3.4985382556915283,3.630870924386514,3.440642571160192,3.589516539487491,40399800
1998-10-19,3.688765287399292,3.701171449528675,3.4571840991254996,3.473725396227329,45282600
1998-10-20,3.4654548168182373,3.7301201479153843,3.4323722183402,3.705307820450786,51039600
1998-10-21,3.5895161628723145,3.6225995158779662,3.357934963468991,3.4737255631706527,39889800
1998-10-22,3.597787380218506,3.6970366872590166,3.490267045187246,3.523350399938123,28379400
1998-10-23,3.5853817462921143,3.663953873564565,3.473726259383363,3.5729755810800308,31597200
1998-10-26,3.65568208694458,3.705306727232462,3.581245126512758,3.589515395086126,44818800
1998-10-27,3.5812454223632812,3.705307033331848,3.5812454223632817,3.6887649803947187,32759400
1998-10-28,3.7259840965270996,3.7383902597310876,3.5729750027486142,3.5729750027486142,38326800
1998-10-29,3.7962844371795654,3.8210967537624385,3.705306195446301,3.705306195446301,39097800
1998-10-30,3.912075996398926,3.9368883193300226,3.8045564351721755,3.8045564351721755,62119800
1998-11-02,3.9617013931274414,3.9699724214094267,3.912076737859824,3.912076737859824,49954200
1998-11-03,3.9451608657836914,3.969973198272897,3.9203485332944856,3.953431895684192,44732400
1998-11-04,4.052680969238281,4.069222270780461,3.9368895868062825,3.969972947102889,79275000
1998-11-05,4.2098236083984375,4.226365660793058,3.969971420795998,3.969971420795998,69805800
1998-11-06,4.160201549530029,4.234638559902609,4.118847907282738,4.160201549530029,52956000
1998-11-09,4.2098236083984375,4.2098236083984375,4.003054768373284,4.102304053893183,59396400
1998-11-10,4.168471813201904,4.201555175234587,4.069222484316144,4.168471813201904,31307400
1998-11-11,4.433135032653809,4.499301735746285,4.325615465249617,4.333885735227141,113314200
1998-11-12,4.358696937561035,4.400051305651337,4.350426669712457,4.366967962621466,43410600
1998-11-13,4.391782760620117,4.40832406286996,4.333887066927247,4.3586993989081515,28083600
1998-11-16,4.292532920837402,4.433135866225701,4.209824905026068,4.391782236926129,42249600
1998-11-17,4.375239372253418,4.48275892143043,4.242906745714111,4.292531386014861,47075400
1998-11-18,4.441405296325684,4.457946590649181,4.375239361819776,4.391780656143274,33895200
1998-11-19,4.466217517852783,4.466217517852783,4.317343600591024,4.433134172723981,44346600
1998-11-20,4.6068220138549805,4.6316343420395,4.466219073213427,4.557197357485943,55476600
1998-11-23,4.879756927490234,4.8962989820606255,4.623363410981794,4.631633681054933,60821400
1998-11-24,4.631631851196289,4.846672417956993,4.582007221514858,4.788776764258072,47662800
1998-11-25,4.5820088386535645,4.656445809446918,4.524113921733416,4.631633485849133,24115800
1998-11-27,4.7474260330200195,4.755696304833158,4.582009995786233,4.590281024811587,12776400
1998-11-30,4.532384872436523,4.714342191896212,4.524114601469359,4.697800892749745,33556800
1998-12-01,4.888027667999268,4.896298694799209,4.457947147006496,4.457947147006496,78979800
1998-12-02,4.805319786071777,4.8797567574078915,4.772237192508191,4.838403136847393,45706200
1998-12-03,4.631631851196289,4.8384013939395025,4.631631851196289,4.805318055081297,41251200
1998-12-04,4.838401794433594,4.84667281913571,4.697798917768523,4.7143402099609375,46182600
1998-12-07,4.84667444229126,4.896299092699661,4.6978004910660545,4.863215740023369,28266000
1998-12-08,4.672987937927246,4.863215502810021,4.58200891180815,4.846674205884747,39116400
1998-12-09,4.84667444229126,4.84667444229126,4.623363515453452,4.722612816270256,39831600
1998-12-10,4.623363018035889,4.929381157822492,4.60682096487143,4.846673920848163,64810200
1998-12-11,4.929380416870117,5.005885697528983,4.772236235912587,4.921110148743012,124789200
1998-12-14,4.912840366363525,5.069985344290961,4.904569338931954,5.003818639262531,76788600
1998-12-15,5.235400676727295,5.243671704292029,4.92111147302447,5.036902072870336,69344400
1998-12-16,5.11134147644043,5.285027837290347,5.045175496139846,5.285027837290347,57210600
1998-12-17,5.185776233673096,5.210588560150001,5.094797955661815,5.127880552822948,38235600
1998-12-18,5.202317237854004,5.235400590355058,5.094797667346701,5.160963615136739,53547600
1998-12-21,5.1692352294921875,5.28502584057491,5.111339545344749,5.251942484317495,48190200
1998-12-22,5.285025119781494,5.318108471526867,5.094797550972719,5.1692345244907685,50949600
1998-12-23,5.516605377197266,5.574500278496663,5.359460451073576,5.367731475778555,74973600
1998-12-24,5.450440406799316,5.54141943550908,5.442170136707198,5.524877380900728,10801800
1998-12-28,5.806085109710693,5.8722510693831,5.450441467395571,5.508337155366555,58003200
1998-12-29,5.888791084289551,5.938415726131283,5.781270774561817,5.8557077373244155,37177200
1998-12-30,5.789542198181152,5.9384161339297075,5.756458848944142,5.847437112830928,33391800
1998-12-31,5.706833362579346,5.872248569960294,5.6902920690048155,5.781270319482555,20972400
1999-01-04,5.690292835235596,5.8805203871995175,5.607584841802072,5.773000071457135,43098000
1999-01-05,5.863979816436768,5.872250086754291,5.500065206103412,5.59104423729279,67004400
1999-01-06,6.1369147300720215,6.219621967550656,5.863979180526139,5.905332799265456,75255600
1999-01-07,6.037665367126465,6.236163946240628,5.988040722347924,5.988040722347924,48528000
1999-01-08,6.1203742027282715,6.14518653160043,5.954958929317946,6.070749544983955,50915400
1999-01-11,6.244435787200928,6.360227158968609,6.186540858529265,6.285790173066033,55628400
1999-01-12,6.079018592834473,6.351954121492347,5.971498283686482,6.33541282670494,43664400
1999-01-13,6.054208278656006,6.186540952451457,5.773001630795243,5.94668793387144,63853800
1999-01-14,5.905333042144775,6.1038316317967,5.789542450585161,6.1038316317967,59686200
1999-01-15,6.2361650466918945,6.2609773734596175,5.897062742724925,5.988041779014659,69376800
1999-01-19,6.839930534362793,6.889555183359892,6.5235741542183385,6.666244262872947,95794800
1999-01-20,6.7324090003967285,7.129406076445443,6.7324090003967285,7.079781441939353,81503400
1999-01-21,6.442934513092041,6.889556435218857,6.368497526070906,6.71587013216954,92055000
1999-01-22,6.600079536437988,6.889556456684713,6.252706929257041,6.269248229575879,61857600
1999-01-25,6.7572245597839355,6.881286205574264,6.5835382556774755,6.674516543519652,32653200
1999-01-26,6.997076511383057,7.005347539805293,6.790306858524421,6.858541517886593,40450200
1999-01-27,6.748952865600586,7.104596467539951,6.748952865600586,7.03015948740465,54046200
1999-01-28,7.1045942306518555,7.1873014555092185,6.8730123351851,6.881283360555589,55992000
1999-01-29,7.327906608581543,7.427155904602007,7.16249061040608,7.212115258416312,68132400
1999-02-01,7.824152946472168,7.98956818442901,7.609112304195049,7.7083615984115585,88941600
1999-02-02,7.782797813415527,8.17152468282872,7.5594869231103985,8.055733346010687,105376800
1999-02-03,8.039192199707031,8.04746322597903,7.757985635790658,7.824152331542724,56942400
1999-02-04,7.716631889343262,8.121900054478028,7.708360863210079,8.105358002211661,49137000
1999-02-05,7.435426235198975,7.741445152832477,7.352718992647681,7.716632828624681,81045600
1999-02-08,7.592568874359131,7.799338431620342,7.526402949208739,7.576027582374485,56399400
1999-02-09,7.228654861450195,7.658734493565004,7.11286355054778,7.633922177973312,52063800
1999-02-10,7.1045942306518555,7.443695669875559,6.939178266513367,7.294821756478048,74451600
1999-02-11,7.8820481300354,7.8985901844393185,7.145949425422515,7.20384510141213,77552400
1999-02-12,7.501593589782715,7.7414458255638845,7.418885582832056,7.675279874330622,65795400
1999-02-16,7.0715107917785645,7.75798468641276,6.972261517507988,7.691818755969666,61094400
1999-02-17,6.782033443450928,7.4933195988885055,6.649700836099733,6.997073267836286,84750600
1999-02-18,6.724137306213379,6.9722604540441315,6.550451102731853,6.8812822189101075,94698600
1999-02-19,7.1707634925842285,7.179034521796361,6.732412574161358,6.806849565433858,51931200
1999-02-22,7.220386505126953,7.294823479406612,7.104595908651502,7.270011154646726,59874600
1999-02-23,7.741446018218994,7.757987317135933,7.26174077750651,7.303095160617047,60813600
1999-02-24,7.369259834289551,7.807610615799521,7.352718538243965,7.799340346382726,45501600
1999-02-25,7.6752753257751465,7.799336884073173,7.212111669988073,7.344444251243188,87832800
1999-02-26,7.394071578979492,7.633923760345541,7.236926628588254,7.633923760345541,55968000
1999-03-01,7.270015716552734,7.555357630342346,7.108735504410779,7.431295928694689,46918400
1999-03-02,7.009479522705078,7.505725860595703,6.935042572021484,7.381664276123047,41852800
1999-03-03,6.947453022003174,7.133545513663973,6.426394045352936,7.096327015331814,67898400
1999-03-04,7.220386505126953,7.381666616066214,6.9722632575280885,7.009481744667918,53987600
1999-03-05,7.4312920570373535,7.567759857750894,7.307230420025044,7.4312920570373535,30049200
1999-03-08,7.604981899261475,7.679418916219989,7.245202983961993,7.555357221289133,79701600
1999-03-09,7.691823482513428,7.865509819215344,7.443700144367833,7.505730978904231,60371200
1999-03-10,7.530538082122803,7.865504355956931,7.332039549480357,7.865504355956931,101269600
1999-03-11,7.319636344909668,7.642196590617552,6.922639119423042,7.642196590617552,96672400
1999-03-12,5.669615745544434,6.0542067479774255,5.557960293225177,5.979769779764588,403753600
1999-03-15,5.954958915710449,5.979771244525909,5.756460285186767,5.837100732443105,120536000
1999-03-16,5.917739391326904,6.054207176032556,5.843302417851095,6.02939485154062,80118000
1999-03-17,5.768865585327148,5.954958023563508,5.768865585327148,5.954958023563508,47204000
1999-03-18,5.89292573928833,5.93014421764173,5.756457985325864,5.7936764636792635,52340400
1999-03-19,5.471116542816162,5.954956781296502,5.446304222894093,5.954956781296502,112506800
1999-03-22,5.39668083190918,5.669616414212633,5.384274669077205,5.582773274388806,48056800
1999-03-23,5.173370361328125,5.40908747611286,5.160964197392087,5.396681312176821,59231200
1999-03-24,5.148558139801025,5.2229951249547755,5.123745811416442,5.210588960762483,57314400
1999-03-25,5.2974324226379395,5.384275577107414,5.185776938320044,5.30983858756215,61482800
1999-03-26,5.458709716796875,5.582771301269531,5.2105865478515625,5.347054290771484,48299600
1999-03-29,5.657209873199463,5.669616035202093,5.458711281157377,5.6075852251889415,46350400
1999-03-30,5.33465051651001,5.7068354362665215,5.33465051651001,5.644804616307103,38966400
1999-03-31,5.235400676727295,5.570367070735913,5.210588351245176,5.508336257030614,62015200
1999-04-01,5.123744010925293,5.359461047747522,5.086525531427046,5.3346487280820245,73686400
1999-04-05,5.0244951248168945,5.297430662461269,4.962464320806809,5.285024501659252,82389200
1999-04-06,4.701934814453125,5.0617134678017806,4.66471633307223,5.036901146881184,99907600
1999-04-07,4.255313873291016,4.813591203606163,4.16847073301977,4.7763727149184865,194831200
1999-04-08,4.627498626708984,4.664717114323266,4.25531375056617,4.31734456325664,137565600
1999-04-09,5.136151313781738,5.160963638969089,4.689529460409413,4.888028061908224,152150000
1999-04-12,4.962464809417725,5.260212697982788,4.962464809417725,5.03690178155899,90573200
1999-04-13,4.6895318031311035,5.086529204454371,4.652313296757047,5.074123035663019,86128000
1999-04-14,4.788777828216553,5.049307191927816,4.7515593476863724,4.850808629100187,62267600
1999-04-15,4.937653064727783,5.086527026478369,4.86321608385249,4.937653064727783,62860800
1999-04-16,4.863217353820801,4.999685187729038,4.85081118710187,4.999685187729038,50318000
1999-04-19,4.639904499053955,4.96246470487054,4.639904499053955,4.950058543108364,70212800
1999-04-20,4.615090370178223,4.78877656690536,4.5406534287237355,4.615090370178223,89227200
1999-04-21,4.788777828216553,4.8135901485700066,4.615091585742377,4.705035868417684,60174000
1999-04-22,5.123744010925293,5.173368650256289,4.813590015106571,4.93765161343406,64498800
1999-04-23,5.427696704864502,5.495930222931416,5.111339168956531,5.136151495019427,71249600
1999-04-26,5.694428443908691,5.8060839035931755,5.508336011101218,5.5331483354755475,70492400
1999-04-27,5.570366859436035,5.781271618033836,5.433899074460988,5.781271618033836,52992800
1999-04-28,5.421492099761963,5.607584505932282,5.285024335237062,5.557959864286864,40228400
1999-04-29,5.409087657928467,5.495930808399795,5.309838343104091,5.43389998663456,38068800
1999-04-30,5.371867656707764,5.6199908741076605,5.235399887137821,5.508335426277707,39295200
1999-05-03,5.173370361328125,5.322244328560589,5.061714885903777,5.322244328560589,77500000
1999-05-04,4.999682426452637,5.098931705389662,4.937651627116996,5.086525545522534,77888800
1999-05-05,4.962464809417725,4.987277133464813,4.788778541088104,4.987277133464813,84511600
1999-05-06,4.801185131072998,5.036902230531362,4.776372804814223,4.9500590886256495,56171600
1999-05-07,4.863217353820801,4.974872854291176,4.6926321828293425,4.83840502038294,58082000
1999-05-10,4.838401794433594,4.900432586669922,4.739152526855468,4.8880264282226555,62537600
1999-05-11,4.9252471923828125,5.148558148208734,4.8104905520228,4.912841028170261,83342000
1999-05-12,5.0244951248168945,5.21058753684715,4.788778069578571,4.987276642410843,100062800
1999-05-13,4.565467834472656,5.061714338219684,4.5530616718789805,4.739154110784115,229328400
1999-05-14,4.739154815673828,4.888028788941069,4.639905500162334,4.689530157918081,159232400
1999-05-17,4.863217353820801,4.962466687572245,4.726749519912564,4.825998853664009,55369200
1999-05-18,4.9252471923828125,4.962465685020466,4.863216371320057,4.937653356595364,42034400
1999-05-19,5.235400676727295,5.260213002209415,4.962465096423976,4.9872774219060965,68676000
1999-05-20,5.0244951248168945,5.3594614664713545,5.0244951248168945,5.297430662461269,82693200
1999-05-21,5.11134147644043,5.322246343186758,4.98727979011906,5.012092127383334,47640000
1999-05-24,4.912840366363525,5.24780675497922,4.875621878739559,5.198182104813933,51160400
1999-05-25,4.763966083526611,5.036901640395323,4.763966083526611,4.999683155367771,49319600
1999-05-26,4.652309894561768,4.763965332031249,4.478623658498128,4.689528373718262,91702000
1999-05-27,4.677122116088867,4.801183710680084,4.553060521497651,4.664715956629745,51938000
1999-05-28,4.9252471923828125,4.937653356595364,4.701936236556891,4.726748564981994,37284800
1999-06-01,5.061713695526123,5.160962983673694,4.937652085341659,4.950058246360106,59201600
1999-06-02,5.198180198669434,5.2105863566614845,4.999681670796615,5.036900144772768,52914800
1999-06-03,5.458709716796875,5.4711158752441404,5.260211181640624,5.272617340087891,97686000
1999-06-04,5.694428443908691,5.719240768283021,5.458711362352559,5.508336011101218,95625600
1999-06-07,5.657209873199463,5.7564591692205065,5.582772901183681,5.731646845215245,54590800
1999-06-08,5.384275436401367,5.607586399201424,5.309838448801348,5.595180234601421,47042400
1999-06-09,5.2974324226379395,5.421494071880046,5.210589268168465,5.409087906955835,43354000
1999-06-10,5.173370361328125,5.247807344944357,5.061714885903777,5.235401181008319,50374000
1999-06-11,5.0244951248168945,5.21058753684715,4.962464320806809,5.1609628936390815,55334800
1999-06-14,5.247806072235107,5.285024555016917,5.0617136583260605,5.086525980180601,68968000
1999-06-15,4.987276554107666,5.471116816819604,4.950058072360594,5.309836729248958,114050800
1999-06-16,6.53804874420166,6.6248918964016825,6.203082300001575,6.488424085801648,405908000
1999-06-17,6.922642230987549,6.947454568733024,6.302333787350672,6.302333787350672,202552400
1999-06-18,6.95985746383667,7.133543746356659,6.5876725727224095,6.600078735759552,124886400
1999-06-21,6.773765563964844,7.021888844696156,6.761359399928278,6.8978272043305,62167600
1999-06-22,6.773765563964844,6.8978272043305,6.5504546113066615,6.624891595526056,62997600
1999-06-23,6.972265720367432,6.984671887129651,6.649705384549721,6.66211155131194,75558800
1999-06-24,7.083917617797852,7.195573061861215,6.935043692380034,6.935043692380034,85113600
1999-06-25,7.096323490142822,7.192471229738289,7.009480370508207,7.121135810038426,34084800
1999-06-28,7.282416343688965,7.294822504410751,7.09632393286216,7.09632393286216,43406000
1999-06-29,7.369259834289551,7.369259834289551,7.170761252894546,7.232792059580484,45924000
1999-06-30,7.369259834289551,7.406478318301114,7.158355091557358,7.294822866266424,47386800
1999-07-01,7.493320941925049,7.542945583924553,7.220385410927779,7.319634694926786,48526800
1999-07-02,7.629792213439941,7.667010712042088,7.456105886629927,7.4809182190313575,41040800
1999-07-06,7.679415702819824,7.741446524328869,7.530541731198115,7.592572552707161,47408000
1999-07-07,7.679415702819824,7.704228031423442,7.567760224103542,7.6049787170089695,43384000
1999-07-08,7.729040145874023,7.766258637748217,7.567760014419188,7.580166178377253,41420800
1999-07-09,7.803475379943848,7.803475379943848,7.617382962298128,7.7414445740619415,40340000
1999-07-12,7.716631889343262,7.753850371124661,7.6421949257804656,7.716631889343263,42054000
1999-07-13,7.679415702819824,7.741446524328869,7.592572552707161,7.592572552707161,57056800
1999-07-14,7.555354118347168,7.716634255520424,7.480917131959511,7.704228091122482,63491200
1999-07-15,7.741446018218994,7.778664508691201,7.4933227484042835,7.505728911895019,66302000
1999-07-16,7.890321731567383,7.902727897811985,7.766260069121355,7.791072401610561,60138000
1999-07-19,7.840698719024658,7.890323394461523,7.778667874728577,7.865511056743091,41648000
1999-07-20,7.443695068359375,7.766255187988281,7.332039642333984,7.766255187988281,57625200
1999-07-21,7.5677571296691895,7.604975607356087,7.381664741234701,7.431289378150565,31700400
1999-07-22,7.195574760437012,7.530541171698735,6.99707614635599,7.530541171698735,44054800
1999-07-23,7.183167457580566,7.307229071701129,7.021887359223835,7.207979780404679,27679600
1999-07-26,6.947453022003174,7.220388676439013,6.910234523671014,7.0342961847782135,29542000
1999-07-27,7.3568572998046875,7.456106639431058,7.0032822845981135,7.059109280925577,46239200
1999-07-28,7.480915069580078,7.580164357402037,7.195573367091949,7.344447298824886,33699200
1999-07-29,7.555354118347168,7.617384940336882,7.307230830388312,7.332043159184197,46836800
1999-07-30,7.555354118347168,7.629791104734824,7.456104803163625,7.5305417895512825,29497200
1999-08-02,7.5677571296691895,7.741443358874712,7.4561016966084965,7.50572633352436,32924400
1999-08-03,7.369259834289551,7.629789222370494,7.133542768882982,7.580164577021743,44406800
1999-08-04,7.294821739196777,7.456101811662013,7.245197101515167,7.319634058037583,34460400
1999-08-05,7.369259834289551,7.456102963649865,7.0591058008598555,7.220385898243297,42011600
1999-08-06,7.245199203491211,7.381666996707654,7.220386877451857,7.232793040471534,18963200
1999-08-09,7.220386505126953,7.394072778446158,7.1707618556071795,7.232792667506896,17804800
1999-08-10,7.1459479331970215,7.24519721004698,6.959855539103349,7.24519721004698,24823200
1999-08-11,7.294821739196777,7.294821739196777,7.046698550788724,7.270009420355972,24944400
1999-08-12,7.046701431274414,7.332043214583061,7.021889102291054,7.2203877341579386,29526000
1999-08-13,7.667007923126221,7.704226408189941,7.195573778985774,7.232792264049493,48884000
1999-08-16,7.803475379943848,7.840693863472992,7.456102867005171,7.592570639945365,47812800
1999-08-17,7.4064788818359375,7.890319210800095,7.270011096743483,7.828288399394433,46906000
1999-08-18,7.0342912673950195,7.1459466843377974,6.885417378137982,7.046697424833106,104588800
1999-08-19,7.1459479331970215,7.27000952925947,6.959855539103349,6.984667858315839,37891200
1999-08-20,7.344447135925293,7.344447135925293,7.133542403981492,7.207979368196951,22706000
1999-08-23,7.456103801727295,7.480916127190614,7.332042174410701,7.431291476263977,26333200
1999-08-24,7.332040786743164,7.629788635951008,7.2948223055921835,7.369259267894145,35510400
1999-08-25,7.332040786743164,7.406477749045125,7.282416145208523,7.369259267894145,28866400
1999-08-26,7.369259834289551,7.54294609301018,7.332041350277987,7.332041350277987,28053600
1999-08-27,7.344447135925293,7.418884100140752,7.158354725386645,7.35685329662787,23192400
1999-08-30,7.245199203491211,7.356854670668301,7.195574551412504,7.332042344628948,17385200
1999-08-31,7.245199203491211,7.257605366510887,7.034294432156706,7.245199203491211,24392400
1999-09-01,7.480915069580078,7.580164357402037,7.257604171980673,7.270010332958418,39725600
1999-09-02,7.629792213439941,7.716635376844949,7.369262723224919,7.39407505562635,48401600
1999-09-03,8.237691879272461,8.262504204210028,7.716633055583539,7.716633055583539,102798800
1999-09-07,8.696721076965332,8.895219703543713,8.181866021489823,8.237693003002825,97488400
1999-09-08,8.795969009399414,8.89521830710773,8.547845765128626,8.609876576196323,71019200
1999-09-09,8.746343612670898,8.833186740739972,8.560251195380028,8.783562096129073,51350000
1999-09-10,9.20537281036377,9.317028275718586,8.783563274578906,8.833187925847714,64388000
1999-09-13,9.081313133239746,9.267405615478266,8.833189823588388,9.217780953547994,59682800
1999-09-14,9.019279479980469,9.217778065509613,8.671906955304467,9.130934934340612,80645200
1999-09-15,8.473408699035645,8.622282643967457,7.9151314055413495,7.9647560538519535,256649600
1999-09-16,8.374161720275879,8.529239546382126,8.27491239618372,8.473411044368037,61758400
1999-09-17,8.647092819213867,8.68431129619757,8.405173476031644,8.411375798317076,64400000
1999-09-20,8.957249641418457,9.031686619047973,8.609877079147381,8.684314056776897,42020800
1999-09-21,8.833187103271484,9.13093498315704,8.709125486652502,8.895217911580975,53644800
1999-09-22,9.068904876708984,9.081311039331021,8.709126160669914,8.833187786890283,38004800
1999-09-23,8.63469123840332,9.1557501924449,8.535441913823972,9.081313199010388,40246000
1999-09-24,8.374161720275879,8.647097361529314,8.150850741068522,8.535441871925636,50765600
1999-09-27,8.398971557617188,8.659500956007085,8.374159233961006,8.572657823210452,41769600
1999-09-28,8.510627746582031,8.535440072373815,8.175661348392943,8.33694146603954,37798400
1999-09-29,8.597468376159668,8.944840835802482,8.485812942703049,8.485812942703049,45801600
1999-09-30,9.031686782836914,9.106123761816338,8.436190951001512,8.609877235286838,58577200
1999-10-01,8.98205852508545,9.106120106923646,8.820778468695792,8.870403101431071,34570800
1999-10-04,9.230180740356445,9.254993054174609,8.944839131447576,9.019276072902064,40801600
1999-10-05,9.180560111999512,9.30462173513464,9.031686164237357,9.267403248194102,46292000
1999-10-06,9.106122016906738,9.27980826791041,9.06890353454881,9.217777463980527,31310000
1999-10-07,8.870400428771973,9.019274282121993,8.808369656542798,8.969649664338652,38359600
1999-10-08,8.98205852508545,9.056495474188367,8.609873779570858,8.857996943247251,28551200
1999-10-11,9.143338203430176,9.27980593780973,8.92002736535454,8.944839680696278,25299600
1999-10-12,9.329432487487793,9.490712570383193,9.106121603478776,9.1185277637015,45535600
1999-10-13,9.416277885437012,9.552745680878129,9.1557484577767,9.168154620998619,57057200
1999-10-14,9.286011695861816,9.428681781394674,9.155746256143777,9.40386946091732,47554400
1999-10-15,8.932435035705566,9.230182870229086,8.882810396618313,9.192964390913646,56845600
1999-10-18,8.709124565124512,8.944841611758935,8.473407518490086,8.907623130711395,47037600
1999-10-19,8.696721076965332,8.895219703543713,8.547847107031545,8.858001211060266,39418800
1999-10-20,8.882810592651367,8.89521675269697,8.721530512058534,8.820779792423354,45197200
1999-10-21,8.96965217590332,9.081307597180125,8.336938122001426,8.374156595760361,55295200
1999-10-22,8.758750915527344,9.118529635853537,8.647095450598526,9.00687417092472,40710400
1999-10-25,8.597468376159668,8.79596692452699,8.560249898340794,8.659499172524455,41902800
1999-10-26,8.622281074523926,8.709124193260138,8.485813316509878,8.634687234343385,42569200
1999-10-27,8.895220756530762,8.944845419049761,8.585066615787012,8.628488952703394,39112800
1999-10-28,9.106122016906738,9.118528177692715,8.684312550183538,8.99446656983295,39646400
1999-10-29,9.441088676452637,9.676805739333846,9.130934646345782,9.143340807550057,53908400
1999-11-01,10.16064739227295,10.408770649715512,9.503120760050157,9.55274541153867,90335200
1999-11-02,10.520426750183105,10.694113040870091,10.197866496050134,10.197866496050134,83764800
1999-11-03,11.376453399658203,11.463296555380785,10.917425290838842,10.991862281458198,87264000
1999-11-04,11.550139427185059,11.711419569562509,11.438483944000671,11.550139427185059,83700800
1999-11-05,11.649385452270508,12.182850387784493,11.612166968397439,11.860290194217896,84155600
1999-11-08,11.798259735107422,12.04638296823271,11.674198118544778,11.835478220076215,54326400
1999-11-09,11.599761962890625,11.885103701015206,11.463294175091912,11.885103701015206,55569200
1999-11-10,11.686604499816895,11.909915413826134,11.401262776360642,11.55013671903347,50972000
1999-11-11,12.319320678710938,12.480600808442299,11.810667961865873,11.835480289516852,47960400
1999-11-12,12.927218437194824,13.249778590138265,12.257285811850755,12.555033645337009,69733600
1999-11-15,12.716317176818848,13.15053288529559,12.703911013719512,12.989252765004228,42568400
1999-11-16,12.803160667419434,12.989253118980763,12.703911359920058,12.765942177107167,58097600
1999-11-17,14.093402862548828,14.366338481365796,13.621968611864977,13.845279572715222,100242400
1999-11-18,14.726114273071289,14.825363568930237,13.708808990517081,14.242273955758922,64814800
1999-11-19,15.110708236694336,15.520111661826448,14.564837003184852,14.713710975960167,60086000
1999-11-22,15.371234893798828,15.458078028792041,14.862582245981432,15.023862353825972,40570400
1999-11-23,14.589643478393555,15.458074637821744,14.527612681291542,15.458074637821744,64967600
1999-11-24,14.254678726196289,14.477989620079258,13.646776848403757,14.477989620079258,73022400
1999-11-26,14.614460945129395,14.664085600291125,14.056183574559936,14.093402065931233,18470000
1999-11-29,14.40355110168457,14.887391319570616,14.105803275293159,14.453175739416473,35636400
1999-11-30,13.460693359375,14.440780709965438,13.345936296172955,14.428374540970621,63926800
1999-12-01,14.031366348266602,14.056178667184845,13.398652215851397,13.584744607738223,40256400
1999-12-02,15.07348346710205,15.085889626334232,14.068584569295247,14.08099072852743,49338400
1999-12-03,15.619356155395508,16.239664183806767,15.284389820053429,15.408451425735679,74702800
1999-12-06,15.569733619689941,15.855075351365533,15.396047348235232,15.631764430923766,38683200
1999-12-07,15.731011390686035,15.904697636324526,15.147921851756822,15.544918984644797,51888800
1999-12-08,15.110708236694336,15.681391798999705,15.061083579102565,15.582142483816163,42925600
1999-12-09,15.594545364379883,15.768231629376954,15.284391319742257,15.296797481527761,66600400
1999-12-10,16.797943115234375,16.822755438890557,15.371234505003981,15.780637845330963,49635600
1999-12-13,15.842676162719727,16.686295566842624,15.793051491888967,16.673889399134936,60372000
1999-12-14,15.271977424621582,16.50018681945305,15.160322025091448,16.003940599319122,75655200
1999-12-15,17.93930435180664,18.150209036440604,16.450565401449243,16.921999402395752,148169600
1999-12-16,17.77802848815918,17.98893322249184,17.343812858650754,17.790434649002275,59600000
1999-12-17,18.001340866088867,18.82014754917768,17.917599273500237,18.26187026525349,81975200
1999-12-20,19.117897033691406,19.502488083687794,18.7084936578888,18.73330598369502,70350400
1999-12-21,19.390838623046875,19.725805125172442,18.882185786485824,19.316401622574524,60357200
1999-12-22,20.85475730895996,20.916788115946755,19.65135965341617,19.81263975158183,54652800
1999-12-23,21.177318572998047,21.93409445639165,20.89197684647259,20.991226142655357,56016000
1999-12-27,20.718294143676758,21.574319470571186,20.27167223399271,21.5619133064133,38805600
1999-12-28,21.065664291381836,21.549504637296966,20.246857552140845,20.65626092176134,34231600
1999-12-29,21.8348388671875,21.872057342529295,20.966407775878906,20.97881393432617,22750000
1999-12-30,22.107784271240234,22.417938371566276,21.599131546705525,22.219439747357608,27397600
1999-12-31,22.244251251220703,22.504780685841805,21.996127980152988,22.107783452133457,10714800
2000-01-03,23.447647094726562,24.849543455416562,22.1574061963924,24.73788799306072,98114800
2000-01-04,21.375816345214844,23.546894615912812,20.842351398700487,22.926586538570536,116824800
2000-01-05,20.246854782104492,21.11528605339574,19.05586332433364,20.172417815993814,166054000
2000-01-06,19.055864334106445,20.842351615428925,18.795334938913584,19.880874085550506,109880000
2000-01-07,20.519784927368164,20.54459724287889,18.572018159776388,18.857359788149704,91755600
2000-01-10,22.97620964050293,23.02583428335499,20.941599283568546,21.43784571208913,91518000
2000-01-11,22.3062801361084,22.77771431028644,21.7355966621034,22.355904786021878,86585200
2000-01-12,20.966411590576172,22.281464625251363,20.5818206087372,22.281464625251363,83443600
2000-01-13,20.85475730895996,21.81003173655658,20.544603274025995,21.53709618581469,55779200
2000-01-14,21.202123641967773,22.107773159734684,20.79272043530602,21.636339164184786,57078000
2000-01-18,22.08297348022461,22.728094053804202,20.966418641336848,21.41304057689195,66780000
2000-01-19,22.678462982177734,23.125084791454757,21.437846845297113,22.281465818375935,49198400
2000-01-20,23.52208137512207,23.91907852913257,23.075459576860258,23.422832086619444,54526800
2000-01-21,23.695772171020508,24.41532965055935,23.42283657533336,24.41532965055935,50891000
2000-01-24,21.512285232543945,23.968705345602597,21.437848259420957,23.919080696853936,50022400
2000-01-25,22.405532836914062,22.82734242520591,21.785224618837816,21.859661605006963,53059200
2000-01-26,21.85965919494629,23.398023406168388,21.834846868958838,22.529591996607525,47569200
2000-01-27,20.56942367553711,22.504785613645545,19.849866031881408,22.157412958087622,61054000
2000-01-28,18.8077392578125,20.61903868501608,18.509991406765337,20.4453524385719,86394000
2000-01-31,19.831253051757812,19.899486953406026,18.683682887674237,19.03105547788332,68148000
2000-02-01,21.437843322753906,21.56190491605688,19.84985492847584,20.346101301687735,57105600
2000-02-02,21.56191062927246,22.231843410619245,21.43784900309713,21.81003388162312,63933000
2000-02-03,22.504777908325195,22.628839528547495,21.537097270591257,21.983719103391536,55533200
2000-02-04,22.95140266418457,23.125088954616235,22.554405428912187,22.876965682570997,40916000
2000-02-07,23.79501724243164,23.819829564895073,23.37320776055329,23.546894017797317,44691200
2000-02-08,23.646142959594727,24.390512622541046,23.42283206071083,24.117577079460727,55718000
2000-02-09,23.79501724243164,24.340888336627152,23.348395438089856,23.844641887358506,52471600
2000-02-10,24.73788833618164,24.86194996274223,23.025837889645498,23.819832299633276,45288600
2000-02-11,23.695772171020508,25.705570648353138,23.323587267810762,24.812326880649746,55774000
2000-02-14,24.68825912475586,24.713071445484257,23.27395684323718,24.167200389459502,37599800
2000-02-15,24.365697860717773,25.085255129516977,23.472454354622215,24.46494713917284,47971400
2000-02-16,24.31607437133789,24.83713310786656,23.86945259717046,24.216825088189573,33489200
2000-02-17,24.46495246887207,24.91157431921659,23.819832018374427,24.51457711891035,40392600
2000-02-18,23.249147415161133,24.61382522501584,23.174710443714513,24.48976360593814,63888400
2000-02-22,23.54689598083496,24.390515014921775,22.35590440330063,23.472459007239063,75546200
2000-02-23,25.0356388092041,25.116278874744154,23.670960776987823,23.894271727714123,69664400
2000-02-24,24.589008331298828,25.829624291505628,23.919075712787155,25.08525471538155,70963200
2000-02-25,28.037918090820312,28.186791992187498,24.564193725585938,24.564193725585938,103186600
2000-02-28,27.243934631347656,30.3702877857646,27.095060671613517,28.28605234948664,122316600
2000-02-29,29.477039337158203,29.55147630518133,28.236423203439422,29.129666819716945,55586400
2000-03-01,28.38529396057129,29.576285315560295,28.087546121824037,29.278537476813042,44934400
2000-03-02,27.194303512573242,29.204101491148453,26.946180305341734,29.179289170425303,52311000
2000-03-03,29.7747802734375,29.824404907226562,27.85802879333496,28.23641662597656,47974400
2000-03-06,30.07252311706543,30.543957060319755,28.732658225711027,29.70033842502254,45520600
2000-03-07,29.74998664855957,31.759785579780026,29.526675656201743,30.419919625633057,53982200
2000-03-08,33.000389099121094,33.17407535753752,29.774787157101738,30.717655417076625,62781200
2000-03-09,33.347774505615234,33.744771821158274,31.80940990788596,33.47183616672243,56476400
2000-03-10,32.40489196777344,33.37257250892441,31.859020893278018,33.34776018735643,44699800
2000-03-13,31.263532638549805,33.19889418284098,30.488147404458786,31.16428332858615,65803200
2000-03-14,30.56879234313965,33.24852413945384,30.37029369156082,32.504154196033234,72364000
2000-03-15,31.21390151977539,33.74475839975718,30.568781138603562,33.34776124211298,144810400
2000-03-16,32.52895736694336,32.77708061154247,30.444722112310835,32.03271087774514,95532400
2000-03-17,31.685352325439453,32.553784064977734,31.561290648362554,32.454534723316215,66055200
2000-03-20,31.015403747558594,32.007896667480466,30.792092840576174,31.958272021484376,47183600
2000-03-21,32.03269958496094,32.10713653209872,30.171775906516263,30.916145377894132,52621400
2000-03-22,33.372589111328125,33.49665078088697,31.31316539665137,32.156784749651486,53197600
2000-03-23,34.4891242980957,34.935746051596226,32.777074243010375,33.00038511976064,50803800
2000-03-24,34.53876495361328,35.60569519284128,34.31545397330975,34.46432796017877,52821600
2000-03-27,35.10945129394531,35.456823956924275,34.513955300267085,35.35757462464457,32597200
2000-03-28,34.36506652832031,35.72974426049188,33.943257047467284,34.78687600917334,36039200
2000-03-29,32.75226593017578,34.19138064528956,32.57857967145515,34.16656832261519,51966200
2000-03-30,31.139467239379883,33.54626271525227,30.965780967925173,31.16427956387341,70986000
2000-03-31,30.99059295654297,32.38008311312136,30.171786257130705,31.834211980179848,79842000
2000-04-03,30.519168853759766,32.00790879784561,29.774798881716844,31.213914160999824,71598000
2000-04-04,30.1469669342041,31.015398080456894,25.835826601020592,31.015398080456894,123633800
2000-04-05,31.065027236938477,32.15676940820469,28.800902847664805,29.080041470999916,73736800
2000-04-06,32.62820816040039,33.12445467234564,31.809401415690726,32.007900020468824,62408200
2000-04-07,34.58837127685547,34.63799591283374,32.9507582895725,33.223693787452994,46764600
2000-04-10,32.75226593017578,34.78687638947458,32.65301663947828,34.73725174412583,56241200
2000-04-11,30.717662811279297,32.40490115632533,30.494351853846734,31.834217598442113,70983800
2000-04-12,29.03041648864746,31.759771885016022,28.95597952329195,30.940965266105454,67133000
2000-04-13,28.558977127075195,30.767273360185268,28.48454017539733,29.72515603669512,63206800
2000-04-14,24.812332153320312,28.298464820861817,23.919088195800782,27.7587965965271,109951400
2000-04-17,29.70034408569336,29.725156403225267,23.88805870384401,24.018323370886524,115304800
2000-04-18,31.337966918945312,31.387591569648315,29.27854391477076,29.99810134996428,78738800
2000-04-19,29.601091384887695,31.586076557386452,29.477029811606524,31.213891837542935,46184200
2000-04-20,28.112361907958984,29.973286129580277,27.74017706363473,29.303353409796614,50397800
2000-04-24,28.757488250732422,28.85673756307317,26.5988157073211,26.747689675832227,59725600
2000-04-25,29.998096466064453,30.320656643118912,28.831917364406035,29.72516093163376,61764200
2000-04-26,28.658235549926758,30.891344813557417,28.21161369720063,30.22141203446822,47788800
2000-04-27,30.692846298217773,30.79209559910126,27.764991922154962,27.814616572596705,52101000
2000-04-28,31.734970092773438,31.759782422791247,31.015412522257076,31.164286502363908,41696600
2000-05-01,31.635704040527344,32.50413513183594,31.263519287109375,31.710140991210935,37093400
2000-05-02,30.891340255737305,31.56127293598221,30.71765400530344,31.33796204256724,35341000
2000-05-03,30.09734535217285,30.618404092812284,28.63341841418588,30.519154808880963,49603200
2000-05-04,29.477039337158203,30.54396921215635,28.98079288367069,29.898848822622586,39899800
2000-05-05,30.494354248046875,30.568791239701994,29.278550051013273,29.3777993732201,35289600
2000-05-08,28.70785903930664,30.171786164042246,28.6086097427144,29.898850598413574,36528400
2000-05-09,28.583791732788086,29.477035224437714,28.28604390223821,29.253724351525307,43535200
2000-05-10,26.846939086914062,29.03042396644127,26.797314430561173,28.161992480265678,71169800
2000-05-11,28.732669830322266,28.732669830322266,26.99580723263439,27.367992074996078,46590200
2000-05-12,29.452228546142578,30.345472208873105,29.00560671477732,29.104856010636265,39038200
2000-05-15,30.56879234313965,30.568792343139652,28.03793453550958,29.55148675379815,41971800
2000-05-16,31.43721580505371,31.660526730267197,30.59359675424722,30.8169076794607,38261400
2000-05-17,31.04021453857422,31.710147226457114,30.271032563597558,30.866528286160133,33993600
2000-05-18,29.005611419677734,31.263533266718515,28.757488139783142,31.0898469707923,46444600
2000-05-19,27.814607620239258,29.377783606033255,27.59129676512583,28.583789454518843,52228800
2000-05-22,26.92138671875,27.889067900345623,24.91158734158986,27.814630886376726,91156000
2000-05-23,24.86194610595703,27.194304323481944,24.762696820104907,26.5988086083692,58574000
2000-05-24,25.50706672668457,25.606316013558832,23.075459198265225,24.520776938371622,85195200
2000-05-25,26.375505447387695,28.112368458974846,25.804821886437633,26.003320516333307,80958000
2000-05-26,26.59881019592285,27.591303113681168,25.82962818466016,26.52437322709098,28903800
2000-05-30,29.452228546142578,29.452228546142578,27.21911938931627,27.34318100913995,38933000
2000-05-31,28.53417205810547,30.345471675706946,28.484547411047895,29.08004317573879,50939800
2000-06-01,30.916160583496094,30.916160583496097,29.179297629367102,29.352983924780002,53401000
2000-06-02,31.83421516418457,32.3552740250169,31.164282343114433,31.958276797716078,57964800
2000-06-05,32.131980895996094,32.553790683819976,31.362798341729004,31.46204770356992,38507200
2000-06-06,30.593597412109375,32.355272526675286,30.271037179864916,31.958275317759025,40020000
2000-06-07,31.759775161743164,31.85902445912361,29.99810013324022,30.469534295797345,34080800
2000-06-08,32.70265579223633,32.851529794325415,31.859036447064828,32.50415712278421,46768600
2000-06-09,32.826698303222656,33.24850772964351,32.50413815360671,32.90113526082634,32975200
2000-06-12,31.983078002929688,32.87632145374852,31.908641048694783,32.77707218143531,24206000
2000-06-13,32.429710388183594,32.454522714417855,30.990595466596254,31.753574498299887,37229400
2000-06-14,31.362794876098633,32.55378708658339,31.263545525224902,32.504162411146524,33191800
2000-06-15,32.75226593017578,32.80189057552453,31.4124005057595,31.46202515110825,36786800
2000-06-16,32.50413513183594,33.248504638671875,32.18157501220703,32.50413513183594,41904400
2000-06-19,34.14175796508789,34.166570289190425,32.256021333295244,32.5785815466282,51077200
2000-06-20,34.160377502441406,34.786888874830474,33.54627229584222,34.51395322745306,57192600
2000-06-21,34.21619415283203,34.6876282999704,31.883835740673792,32.08233432894258,108053800
2000-06-22,32.355255126953125,33.84399385978839,32.30563050252528,33.595870737649186,42105600
2000-06-23,31.56128692626953,32.34907848280181,31.189101938931447,32.08234590854285,40643000
2000-06-26,32.826698303222656,33.12444613363737,31.462020747155197,31.859017854374823,38942400
2000-06-27,32.65302658081055,33.32295949698219,32.429715608753334,32.70265124126771,28581600
2000-06-28,32.92595291137695,33.74475957759808,32.42970644700051,32.57858038631345,32104800
2000-06-29,32.107154846191406,33.00039872135593,31.586095919012102,32.578589113639346,35751800
2000-06-30,33.372589111328125,33.5462754487105,31.759787407063197,31.908661410533803,38093000
2000-07-03,31.83421516418457,32.454523331842104,31.313156303352244,32.20640006477909,42136200
2000-07-05,28.70785903930664,30.816906591891833,28.65823439101052,30.494346377967037,94634200
2000-07-06,30.02292251586914,30.122171846500112,28.484557891089068,28.484557891089068,50533000
2000-07-07,30.12215232849121,30.568774026936715,29.97327842900938,30.14696464507152,31480200
2000-07-10,29.42742919921875,29.973300567163786,28.9311825010869,29.62592787847149,43957600
2000-07-11,28.70785903930664,29.874038274265512,28.236424880493484,29.228917846415925,42121400
2000-07-12,29.650724411010742,29.824410662790722,28.98079172557368,29.154477977353658,34368400
2000-07-13,30.07252311706543,30.419895496305458,29.675526112219682,30.07252311706543,41625400
2000-07-14,30.221416473388672,30.370290446163985,29.8244192126545,30.246228802184557,31712000
2000-07-17,30.221416473388672,30.96578633726524,29.402609623124448,29.898856199042157,32388800
2000-07-18,29.452228546142578,30.419909180767313,29.402603898213105,30.04772432129626,29967000
2000-07-19,29.278545379638672,30.14697681039067,28.980797460523704,29.774791911496955,31558600
2000-07-20,31.015403747558594,31.36277626953125,29.675538305664062,29.70035062866211,35382000
2000-07-21,29.94847869873047,30.841722471020688,29.799604736682095,30.742473162988443,30925000
2000-07-24,29.7747802734375,31.21389465332031,29.749967956542967,30.61839904785156,38060200
2000-07-25,30.171772003173828,30.37027050319471,29.50183956560336,30.12214737816861,27118200
2000-07-26,30.469520568847656,30.965766832183935,29.402591102674652,29.700338860676418,31826400
2000-07-27,29.799612045288086,30.965791700682374,29.77479971219459,30.14698470859702,32539000
2000-07-28,28.732669830322266,30.345470813889577,28.211611051015904,29.824412034583215,33203400
2000-07-31,29.84922981262207,29.97329144941601,28.335677843735997,28.484551807888725,34406400
2000-08-01,29.03041648864746,30.122158647194887,28.931167201506785,29.84922310755803,30190800
2000-08-02,29.03041648864746,29.8740354293432,28.732668627225433,28.98079184507712,30315000
2000-08-03,30.742469787597656,30.767282111881432,28.434923629206548,28.90635779059828,44941200
2000-08-04,32.38007354736328,32.67782135009765,31.015396118164062,31.089833068847653,73211600
2000-08-07,32.50413513183594,32.702633666992185,32.05751342773437,32.107138061523436,40751400
2000-08-08,32.950767517089844,33.05001681684011,32.082336144274976,32.156773119087674,34931800
2000-08-09,32.305633544921875,33.459406171526226,32.23119660126998,33.14925223964334,30846000
2000-08-10,31.784603118896484,32.70265957119872,31.75979078234778,32.33047452296809,24436000
2000-08-11,32.20639419555664,32.5289543839559,31.462024530019892,31.734960074050036,22106800
2000-08-14,32.70265579223633,32.77709279328087,31.71016244497574,31.834224113383314,21862200
2000-08-15,32.25599670410156,33.174051994910606,32.206372093787564,32.52893206082858,31208800
2000-08-16,32.231204986572266,32.65301444367137,32.18158034456061,32.305641949589756,22698200
2000-08-17,33.322959899902344,33.37258456095953,32.08234337347262,32.107155704001215,30085000
2000-08-18,32.28082275390625,33.645500118598676,32.20638580674121,33.14925380416506,31121200
2000-08-21,33.02518844604492,33.09962538469115,32.063711321864425,32.60337912704961,20295600
2000-08-22,33.17407989501953,33.4222031552665,32.6282087224762,32.90114430874787,23251600
2000-08-23,32.901153564453125,33.00040289647259,32.15678357430713,32.92596589745799,25104800
2000-08-24,33.62070083618164,33.76957478822377,32.82670642529027,32.90114340131133,40413200
2000-08-25,33.59588623046875,34.46431755843508,33.54626158315639,33.62069855412493,26866600
2000-08-28,34.439510345458984,34.9109445648853,33.7199528526504,33.74476517998863,25833600
2000-08-29,34.83649826049805,35.438197037433284,34.3650641672292,34.46431345002264,37678600
2000-08-30,35.035003662109375,35.258314591967014,34.5883818023941,34.811692732251736,27073400
2000-08-31,36.1019287109375,36.126741033075604,35.10943582541345,35.10943582541345,39840000
2000-09-01,36.771846771240234,36.89590833254671,36.07710202792395,36.604363663476484,30417800
2000-09-05,36.151554107666016,36.84629914199316,35.95305552642969,36.67261288341137,25535800
2000-09-06,35.432003021240234,36.424496103067696,35.35756604010317,36.27562214079357,38473000
2000-09-07,36.201168060302734,36.424478898234696,35.53123554650686,35.77935869976459,28559000
2000-09-08,34.36506652832031,36.07711677413555,34.34025420591719,36.052304451732425,34569400
2000-09-11,33.12445068359375,34.43950378189373,32.70264119923338,34.16656823318996,41459600
2000-09-12,31.511642456054688,33.868812561035156,31.38758087158203,32.9507568359375,49606000
2000-09-13,32.47932815551758,32.851512970133896,30.543967119512708,30.866527292180187,68132400
2000-09-14,33.71993637084961,34.38986888152874,32.65300681680507,34.29061962068739,64170600
2000-09-15,31.089839935302734,32.901139468644395,30.965778323430015,32.20639444215718,122939600
2000-09-18,30.357873916625977,31.759770014941765,29.675535107711212,31.288335928782473,72997800
2000-09-19,31.48682975769043,31.6605159738479,30.22140161140027,30.74246025987269,53198600
2000-09-20,31.734970092773438,32.007905722969305,30.767289222079018,31.362785142506354,37352200
2000-09-21,31.337966918945312,31.759776449920825,29.97328902461278,31.536465521757318,27160000
2000-09-22,32.05133056640625,32.05753364954277,29.973297715671567,30.146984043494168,58729400
2000-09-25,31.263532638549805,32.77708461549547,31.2635326385498,32.206401083204476,34748600
2000-09-26,31.53647232055664,32.15678058807349,31.21391202144788,31.48684765915529,39993400
2000-09-27,31.710142135620117,32.13195153805012,30.96577260192011,31.834203724570116,48205600
2000-09-28,32.349063873291016,32.628202487729766,31.11465088943964,31.561272672541644,42188600
2000-09-29,31.263532638549805,32.42971203062269,31.0650340186225,32.2994473112954,34843000
2000-10-02,31.263532638549805,32.60339832305908,30.854129234949745,31.660529878404404,46136800
2000-10-03,27.591306686401367,32.3986948792883,27.29355877251934,31.685340502279267,96827800
2000-10-04,27.045429229736328,28.087546686294974,24.0183261416374,26.201810336331707,204852000
2000-10-05,27.1198787689209,27.640937738863567,26.40032114376197,27.1198787689209,54316000
2000-10-06,26.846939086914062,28.434928090206576,26.549191148796716,27.492059619501646,53378400
2000-10-09,26.49955940246582,27.29355369167828,25.8544390424807,26.84693190399627,40304000
2000-10-10,25.655946731567383,26.69806449048985,25.6063220763806,26.2266302662154,50948400
2000-10-11,24.713077545166016,26.19561407460745,24.613828237755712,25.01082546739693,71687200
2000-10-12,25.010820388793945,25.75519004322234,24.51457395250835,25.333380572379582,50889400
2000-10-13,28.286043167114258,28.385292441384834,24.61382001910293,24.61382001910293,38514000
2000-10-16,27.44243621826172,29.377797904540575,26.49956770443356,29.03042529418283,36480500
2000-10-17,26.747682571411133,28.48454507604822,26.10256221254593,28.38529579006896,29353900
2000-10-18,26.648439407348633,28.087554384654236,24.216831342246056,25.06045046687348,52547900
2000-10-19,28.881546020507812,28.980795319547358,27.49205583395417,28.583798123389172,39321000
2000-10-20,27.988306045532227,28.98079916771422,27.740182764986727,28.683051231059622,34073400
2000-10-23,27.045429229736328,27.98829740471796,26.49955818106275,27.938672763929453,28316300
2000-10-24,28.434926986694336,29.030422839818826,27.392809243726482,27.789806479142808,36713000
2000-10-25,27.293554306030273,29.080041496970434,26.99580644087358,28.98079220858487,33361600
2000-10-26,27.045429229736328,28.48454381260303,24.564197190310974,27.591300278409904,49986600
2000-10-27,27.144691467285156,27.93868609886937,26.201822842278908,27.392814789655223,34962500
2000-10-30,25.110069274902344,27.09505498833336,24.911570703559242,26.797307131318707,35420300
2000-10-31,26.20181655883789,27.591306830897476,25.804819338249438,25.90406864339655,41881000
2000-11-01,24.911575317382812,26.350690226155923,24.11758088495627,26.052942313995967,62692100
2000-11-02,23.472454071044922,25.804812086561014,21.63634244180885,25.75518744793301,149767500
2000-11-03,24.067960739135742,25.209327949445274,23.42284014200427,25.010829304174052,65017500
2000-11-06,22.18221092224121,24.613817936088683,21.834838491691574,24.365694771410368,75551500
2000-11-07,21.09048080444336,22.57922062593348,21.040856143727023,22.52959596521714,58951000
2000-11-08,19.70098876953125,21.83484901409005,19.452865485280228,21.735599700389642,63040000
2000-11-09,21.58672332763672,21.73559728162042,19.105490761241693,19.601737274520698,67280700
2000-11-10,20.19722557067871,21.388216759121683,19.750603875012597,20.991219696307358,54609400
2000-11-13,19.6513614654541,20.54460516842929,18.65886846214834,19.949109366445832,61652800
2000-11-14,22.529584884643555,22.628834157263128,21.040845795349927,21.735590703686952,77494300
2000-11-15,22.926578521728516,23.37320018124271,21.99611673107395,22.876953892893606,50649700
2000-11-16,21.735599517822266,23.670961118724247,21.636350204955495,22.827341959356716,37986600
2000-11-17,22.876955032348633,23.224327451494922,20.048351047871687,21.38821609315024,59636000
2000-11-20,19.6513614654541,20.54460516842929,19.055865663470644,19.303988914297086,89778400
2000-11-21,18.956619262695312,20.346109679856227,18.65887131616083,19.700989129031516,58647400
2000-11-22,17.716001510620117,19.105491825178557,17.517502894254626,18.75811924653895,53315300
2000-11-24,19.15511131286621,19.254360594280026,18.361117061555692,18.509990983676417,22443900
2000-11-27,18.361120223999023,20.494980141923232,18.162621626982816,20.197232246398926,45665200
2000-11-28,17.988943099975586,18.906999506457097,17.66638274094154,18.658876153353987,43075300
2000-11-29,18.162626266479492,18.758122209642757,17.319007013664873,18.41074957613085,75409600
2000-11-30,21.04085350036621,21.934097281042135,17.07088114180655,17.26937975973453,84386200
2000-12-01,20.99122428894043,22.132591094249246,20.246854633304242,20.94159964523135,48663500
2000-12-04,22.380712509155273,22.92658354596394,20.792724038439157,20.842348678149033,40710400
2000-12-05,25.010820388793945,25.010820388793945,22.92658535639445,23.373207149051485,59754700
2000-12-06,23.968704223632812,25.11007109142485,23.27395917367244,24.762698566444666,42125600
2000-12-07,22.479965209960938,23.770206038788718,22.331091268173115,23.52208280247568,41088300
2000-12-08,23.869461059570312,24.316082992077863,23.224340490392734,23.869461059570312,40052600
2000-12-11,25.358198165893555,25.60632143561854,23.81983389359864,24.216831125158617,50279700
2000-12-12,24.415325164794922,25.8048152148239,24.142389619253514,25.30856876838498,26481200
2000-12-13,22.529584884643555,25.407813790611232,22.430335612023978,25.358189154301446,37933600
2000-12-14,21.8348388671875,23.770199584960935,21.63634033203125,23.224328613281248,45894400
2000-12-15,22.678462982177734,23.881860634951934,22.380715109326385,23.37320801883088,120004000
2000-12-18,25.40782356262207,25.755196150392294,23.770209934562445,23.81983458995819,61640100
2000-12-19,24.31607437133789,26.30106003430425,23.91907723874462,25.25894256124691,58653700
2000-12-20,22.62883949279785,23.670957101018807,21.834845124629506,22.281466956724202,54440500
2000-12-21,23.422834396362305,24.018330186100332,21.685971676293068,22.08296886945175,46719700
2000-12-22,25.30856704711914,25.395410169339648,23.81982780905331,24.117575656666478,35568200
2000-12-26,24.564197540283203,25.556690370193635,23.81982791785038,25.010819313742896,20589500
2000-12-27,24.365697860717773,24.663445696082963,23.323580436939622,24.11757466458012,26437500
2000-12-28,24.663454055786133,25.110075960216868,24.11758283925968,24.266456807403255,25053600
2000-12-29,23.075462341308594,24.861949748377643,22.777714440130417,24.514577197003106,31702200
2001-01-02,20.94160270690918,23.621333858978126,20.346106895338302,23.472459906085408,46281000
2001-01-03,25.40782356262207,25.507072873413563,20.048360779881477,20.048360779881477,76389600
2001-01-04,25.85443687438965,26.40030790244778,24.61382090153026,25.06044265175964,57584400
2001-01-05,23.91908073425293,25.854442038476716,23.522083543642925,25.804817389650466,38415200
2001-01-08,23.77020835876465,24.018331619294553,21.88447157873739,23.86945766297661,40644600
2001-01-09,25.010820388793945,25.40781753782242,24.018327516222758,24.316075377994114,44818600
2001-01-10,26.00331687927246,26.49956338460209,24.018330857953956,24.216829460085805,64627400
2001-01-11,26.44993782043457,27.070245930669902,25.606318790514518,25.655943439333342,50906600
2001-01-12,25.655946731567383,26.99581242161055,25.407823455633462,26.251442593808793,40234100
2001-01-16,25.258943557739258,26.499559646036865,24.663447835356408,26.251436428377342,31198700
2001-01-17,26.400318145751953,27.045438701945137,26.0033208804023,26.44994280392066,52535000
2001-01-18,26.846939086914062,26.995813055972736,26.052944585267806,26.685658953767167,33749200
2001-01-19,27.44243621826172,27.789808828619464,26.6980663389237,27.095063607903977,50227100
2001-01-22,25.258943557739258,26.69805822016448,24.874352570366998,26.69805822016448,57564400
2001-01-23,24.998414993286133,25.75519083179256,24.861947219129235,25.358193670608863,42545700
2001-01-24,23.869461059570312,25.42023165855487,23.819836400402806,25.407825493762992,65596100
2001-01-25,23.77020835876465,24.415328836142397,23.422835794022788,24.266454879824455,60995500
2001-01-26,24.11758804321289,24.216837376724055,22.827346707567756,23.522092042145907,46538900
2001-01-29,24.167198181152344,24.71306918729747,23.670951811929505,23.96869963346321,33397000
2001-01-30,24.067960739135742,25.010829304174052,23.919086755182327,24.415333368360383,42788300
2001-01-31,23.12508201599121,24.46494728301216,23.075457376471917,24.266448724934985,46144400
2001-02-01,23.869461059570312,24.36570765124537,23.125091172057722,23.224340490392734,38389200
2001-02-02,22.033348083496094,23.869460423787434,21.983723425650382,23.77021110809601,38655400
2001-02-05,21.8348388671875,22.6288330078125,21.040844726562497,21.8348388671875,35933100
2001-02-06,21.93409538269043,22.62884048530958,21.58672283138085,21.7355967819421,28746300
2001-02-07,21.983722686767578,22.529593904723434,21.040854219389285,21.537100781167336,42854400
2001-02-08,21.53710174560547,22.926592180805823,21.18972913680538,22.579219572005734,41775000
2001-02-09,18.70848846435547,20.395726150796015,18.460365275173036,20.048353685940608,91625000
2001-02-12,18.261871337890625,19.055865743885867,17.864874134893,18.758117841637652,51901400
2001-02-13,17.914499282836914,19.353614183674228,17.864874631083904,18.807743014391107,44509700
2001-02-14,19.8498592376709,19.899483885765076,18.01374725818634,18.460369091033936,41247400
2001-02-15,20.246854782104492,21.140098375432633,19.998731561735564,20.29647942617828,46084700
2001-02-16,19.055864334106445,19.502486154437065,18.410743926962216,19.055864334106445,40632200
2001-02-20,18.361120223999023,19.552111806096256,18.261870925490918,19.353613209080052,39873200
2001-02-21,18.261871337890625,19.25436434538468,17.517501582270082,18.112997386766516,57591900
2001-02-22,18.55961799621582,19.20473840784899,17.81524829048524,18.671273452075408,54073600
2001-02-23,17.46788215637207,18.410750795494426,16.32651485638185,18.162627469409596,72859000
2001-02-26,18.41074562072754,18.460370271996347,17.12050468773855,17.765625154233042,44847400
2001-02-27,17.219755172729492,18.013749647552753,17.120505863376586,17.81525102884694,41584600
2001-02-28,15.085886001586914,17.46786800183748,14.937012126571254,17.36861875182704,62362300
2001-03-01,16.97163200378418,17.07088131374783,14.887396494547525,15.085895114474825,76869400
2001-03-02,13.398653030395508,14.24227192490189,12.505409495035806,12.90240662186234,224088800
2001-03-05,13.497905731201172,13.795653651742374,13.249782464083504,13.74602899831884,51544000
2001-03-06,13.994153022766113,14.291900959420712,13.795654398329715,14.093402334984312,57448400
2001-03-07,14.788143157958984,14.887392440898306,14.14302281885339,14.540019950610679,52486500
2001-03-08,13.894906044006348,14.688900675092425,13.746032050677709,14.602057512317385,40342100
2001-03-09,13.00165843963623,13.646778896564747,12.80315983750438,13.597154246031783,58409900
2001-03-12,12.058794021606445,13.001662689962505,11.959544688095281,12.703914689429013,66843000
2001-03-13,13.448274612426758,13.49789924199291,12.207658873273,12.654280539368353,57981600
2001-03-14,12.753533363342285,13.29940444115071,12.35653621584525,12.902407293653674,52862100
2001-03-15,11.661787986755371,13.200151508412462,11.51291409756275,13.100902248950716,77834800
2001-03-16,11.165544509887695,11.612166290283204,10.718922729492188,11.264793794420031,89327600
2001-03-19,12.257287979125977,12.455786569881052,11.264795025350594,11.4136689684169,50443200
2001-03-20,11.413666725158691,12.753531949416452,11.36404208722322,12.604658035610033,65545100
2001-03-21,11.711417198181152,12.70391018107786,11.31442000502247,11.711417198181152,50574600
2001-03-22,12.306912422180176,12.406161715907434,11.41366877863484,12.108413834725656,63980900
2001-03-23,12.60466194152832,13.15053312797246,12.443381818260734,12.952034514720046,72068300
2001-03-26,12.259271621704102,12.997687317987886,12.227511880088752,12.957986694453739,34392600
2001-03-27,13.03738784790039,13.100907338053382,12.275153208852439,12.735670648279706,43943800
2001-03-28,11.957552909851074,12.815065822660666,11.576435302501608,12.79918708972274,46438000
2001-03-29,11.377939224243164,12.163993466236764,11.139740762581216,11.600257435095367,54250500
2001-03-30,11.616134643554688,12.140170667634896,11.36999612095334,11.52879555861193,36956100
2001-04-02,12.068714141845703,12.71979003309832,11.917855546352895,11.989315160032868,39034400
2001-04-03,10.448967933654785,12.03695699973514,10.401328685711203,11.616140109243261,71558000
2001-04-04,10.655405044555664,11.155621613804614,10.32192733172303,10.54424555454076,49247500
2001-04-05,11.489097595214844,11.616136560537175,11.11592006667152,11.497036962638518,44283900
2001-04-06,10.758622169494629,11.473216686997096,10.568063732455562,11.377937468477562,43585800
2001-04-09,11.155624389648438,11.274723277918756,10.822146593836829,11.195324271475965,28898900
2001-04-10,11.88609504699707,12.283092202473947,11.31441893109101,11.489097891520192,48270800
2001-04-11,12.330733299255371,12.489532033985196,11.917856588957825,12.386313424319882,66768000
2001-04-12,12.560991287231445,12.703910522922184,12.179874335005575,12.267213447254319,46220500
2001-04-16,12.672149658203125,13.267644654182597,12.386311969267538,12.70390940141819,43783600
2001-04-17,12.878589630126953,13.220007491139361,12.235454539861863,12.283094540761411,40606700
2001-04-18,14.228376388549805,15.24468952859757,13.497901650420676,13.775799928461153,95540700
2001-04-19,16.13396453857422,16.308644260354498,15.3399702088064,15.609928402081378,103097600
2001-04-20,15.681397438049316,16.546851898822233,15.3399794287357,16.348353197074776,60473500
2001-04-23,13.617003440856934,14.68889616671851,13.434385095218977,14.553917060285215,61003400
2001-04-24,13.474084854125977,14.355419150954074,13.275586247771841,13.418505486654688,53129800
2001-04-25,13.69639778137207,13.958415765308334,13.220001033917905,13.585239095588053,42959000
2001-04-26,13.418502807617188,14.490395370808333,13.33910307804305,14.418935765633998,45575700
2001-04-27,13.617003440856934,13.871081402513937,13.235886498371428,13.823442163309275,47171900
2001-04-30,12.830949783325195,14.196619648757745,12.600691430426863,14.109281291840153,92948800
2001-05-01,12.735671997070312,12.989749984590793,12.322794510137399,12.9579894789386,64021600
2001-05-02,13.632887840270996,13.68052709397129,12.703914063780093,13.378809801303325,65788100
2001-05-03,13.061208724975586,13.632884158252692,12.87064873279239,13.354985810278372,50568500
2001-05-04,13.569365501403809,13.656705376998358,12.672151666847169,12.815070155362758,48155400
2001-05-07,13.39468765258789,13.656705772536087,13.108849152853749,13.609065012964198,46012500
2001-05-08,13.529664039611816,13.712282371098317,13.132666876680823,13.696402121119318,34351300
2001-05-09,13.545548439025879,13.934605639645554,13.069151341425899,13.227950878767434,41358100
2001-05-10,13.013568878173828,13.879022971593827,13.005628751743227,13.712284859824013,40520200
2001-05-11,12.62451171875,13.116788954493758,12.592751970367706,13.005628699337532,34225400
2001-05-14,12.735671997070312,13.092968599111888,12.70391149141812,12.76743098829824,27117300
2001-05-15,12.64832878112793,13.100905266197856,12.449830216488568,12.870646204292742,38532000
2001-05-16,13.021505355834961,13.037385604246342,12.26721097216858,12.481589782450689,61700300
2001-05-17,12.799188613891602,13.33116484846702,12.664208766879193,13.037386294987016,44326500
2001-05-18,12.926225662231445,12.981805011950234,12.608627539181022,12.711846872381521,29843000
2001-05-21,14.371294021606445,14.458632345890067,12.854765358077545,12.918284827749094,68843600
2001-05-22,13.958423614501953,14.70477888806149,13.863143605663225,14.569799758954174,61060300
2001-05-23,13.362927436828613,13.704345315730945,13.299407937108947,13.664644681890946,41615300
2001-05-24,13.736100196838379,13.815499926327826,12.957986179574343,13.386743810163024,30695500
2001-05-25,13.10884952545166,13.61700552660094,13.037389898487,13.474086272671618,27635500
2001-05-29,12.394254684448242,13.0453307320096,12.25927555002773,12.99769148292719,44873200
2001-05-30,11.520862579345703,12.703914428796416,11.473222567064303,12.195757579048129,60895300
2001-05-31,12.148113250732422,12.61657002081321,11.592317378024296,11.632016488265455,77868700
2001-06-01,12.592747688293457,12.695967024739945,12.116351624554135,12.306910050049863,38975400
2001-06-04,12.751548767089844,13.132667203963795,12.648330168502001,13.124727078776417,34347900
2001-06-05,13.307350158691406,13.46614817577605,12.775373696887485,12.799194080941238,37528800
2001-06-06,13.497905731201172,13.688464218616632,13.33910623447617,13.450266487953366,43538700
2001-06-07,13.759918212890625,13.815497559685138,13.188242984459546,13.386741516967733,33703600
2001-06-08,13.505844116210938,13.894901167160548,13.434384503340189,13.720222954823186,21379300
2001-06-11,12.854769706726074,13.505844869718004,12.719790598708908,13.497904744020039,26158600
2001-06-12,12.815069198608398,12.989748936756163,12.179874281046004,12.711850592413562,35267300
2001-06-13,12.306912422180176,13.061207660276962,12.179873447363207,12.981807922410347,34243200
2001-06-14,11.790821075439453,12.20369790739466,11.67172142138929,12.19575777901552,45062500
2001-06-15,11.909917831420898,12.30691509246826,11.639959572754742,11.711419200897216,59629800
2001-06-18,11.782880783081055,12.148118354103136,11.608201747232501,12.09253821343496,51419000
2001-06-19,13.307350158691406,13.561428197566492,13.053272119816322,13.53760781351274,123132300
2001-06-20,13.910778045654297,14.109276585639924,13.053264413493343,13.116783885711797,64848800
2001-06-21,14.212499618530273,14.32365986560116,13.736102670234882,13.863141654523766,42898000
2001-06-22,13.879021644592285,14.268078715947574,13.775803039711953,14.133099608381526,29738200
2001-06-25,14.10927963256836,14.339537201175977,13.902840924671597,14.01399964645293,30607400
2001-06-26,14.641258239746094,15.08589471249668,13.5058459217082,13.775804158769976,58071400
2001-06-27,14.323663711547852,14.958858803544063,14.053705418843322,14.73653976413311,56799800
2001-06-28,15.228813171386719,15.586109750640741,14.522158624361149,14.601556854579266,72499100
2001-06-29,15.085886001586914,15.895760245133715,14.13309259571734,15.236745285641328,60090400
2001-07-02,15.546405792236328,15.879883404303651,15.14146858369574,15.276447653209269,29413600
2001-07-03,15.697267532348633,15.879885856233575,14.911213364195941,15.395548853002794,22039400
2001-07-05,15.030317306518555,15.808431614104043,15.006496924456957,15.387613950895837,29051400
2001-07-06,14.458634376525879,15.046191446536392,14.323656809637642,14.79211201774252,28647000
2001-07-09,15.014432907104492,15.347910591788725,14.37129791322205,14.434817400094092,32770400
2001-07-10,13.966357231140137,15.451125444783996,13.94253686142803,15.157348457119634,37848700
2001-07-11,14.291895866394043,14.371295590758766,13.863138263478806,13.95047811172238,35511200
2001-07-12,15.609929084777832,15.82430792665271,14.45069803954165,15.03031356215974,45614700
2001-07-13,15.5146484375,15.800485338899946,15.165290541984675,15.292329501367728,31009700
2001-07-16,14.847701072692871,15.713155392186207,14.696841659952609,15.332036796083194,27119500
2001-07-17,15.482892036437988,15.546411532933584,14.657137067570988,14.704777825760875,30114100
2001-07-18,14.911222457885742,15.411438501070034,14.752422896709062,14.958861720468805,27427000
2001-07-19,15.220870971679688,15.633748376026855,14.744474083157877,15.117652377804877,32984700
2001-07-20,15.141473770141602,15.212933391092102,14.84769667461107,15.101774653802085,25359300
2001-07-23,14.395116806030273,15.324090250097633,14.371297944915744,15.189111150893861,25795800
2001-07-24,14.458634376525879,14.847692886631817,14.196616338028793,14.45863437652588,33028800
2001-07-25,15.29233169555664,15.355851184362132,14.538036440870375,14.601555929675865,36470800
2001-07-26,15.41142749786377,15.522586202669206,14.831812087915742,15.149409469091115,36148800
2001-07-27,15.133528709411621,15.879883665740044,14.887390936631292,15.197048183497632,28020000
2001-07-30,14.823872566223145,15.22880981157905,14.649194378087275,15.141469960299197,25210800
2001-07-31,14.35542106628418,15.054135587528037,14.323662072530741,14.76829858604956,43749700
2001-08-01,14.545976638793945,14.9588540753001,14.371298422313995,14.577737140567072,37145400
2001-08-02,14.53803825378418,14.966795992505988,14.276020140484492,14.823876746265386,33431000
2001-08-03,14.291895866394043,14.561854020579833,14.21249614202932,14.545973772822132,28608900
2001-08-06,13.863141059875488,14.29983887475786,13.744042206516328,14.03782079159807,24829900
2001-08-07,13.688461303710938,13.8472607666202,13.505842981462028,13.815500268268782,33877700
2001-08-08,12.942111015319824,13.974304875349752,12.823012131507575,13.529668335719268,47257900
2001-08-09,12.695968627929688,13.037386417964475,12.584809910959827,12.957986685375744,46391600
2001-08-10,12.036958694458008,12.640394806259218,11.90991967243929,12.52923528338669,61738800
2001-08-13,12.457771301269531,12.632450274256232,11.727297179313949,11.941675264932687,47255700
2001-08-14,12.346611022949219,12.957986215762372,12.27515141765154,12.648328935755012,37069400
2001-08-15,11.917855262756348,12.560990256148044,11.87815539418861,12.394251413933157,33463100
2001-08-16,12.156052589416504,12.187812329882417,11.647895984749946,11.766994822194135,38077500
2001-08-17,11.687596321105957,11.981374121569464,11.616136712872029,11.830514780361842,25901300
2001-08-20,11.759054183959961,11.846393271497828,11.449396179979031,11.671714339210236,25332300
2001-08-21,11.21914005279541,12.108413617794199,11.179440184573355,11.806695679403395,28873200
2001-08-22,11.624076843261719,11.73523556082455,11.131800467336681,11.417638143199357,28870500
2001-08-23,11.123861312866211,11.93373517705728,11.115921187430015,11.528798623567765,31620300
2001-08-24,12.060775756835938,12.140175507317958,11.203261783363532,11.441460277597454,33658100
2001-08-27,11.854333877563477,12.132231398610722,11.711414676491705,12.013132569192173,23745200
2001-08-28,11.123861312866211,11.90991555796073,11.10004093655762,11.86227556255559,36618900
2001-08-29,10.599823951721191,11.282658760622963,10.512484096216252,11.274718636083978,43939900
2001-08-30,9.527932167053223,10.639523950324625,9.385012942239578,10.38544600151105,76405600
2001-08-31,9.694670677185059,10.186947064704214,9.559691582212324,9.607331574584109,38723800
2001-09-04,9.591450691223145,10.345745093937222,9.535871334803646,9.94874796017066,45400800
2001-09-05,9.583515167236328,9.956692864134464,9.226217726773658,9.726434446306317,58220600
2001-09-06,8.670418739318848,9.567632484669488,8.614839374711693,9.385013382484182,74982200
2001-09-07,8.789517402648926,8.980076626259217,8.376640725452704,8.622778555247443,48172100
2001-09-10,9.0991792678833,9.14681928292896,8.614842774778802,8.646602532405124,53889500
2001-09-17,8.741878509521484,8.97213685480605,8.130502459193321,8.170202330562121,63861900
2001-09-18,9.035655975341797,9.234154566828535,8.495739564190016,8.694238155676755,77758800
2001-09-19,8.89273738861084,9.154755487696157,8.146382963958262,8.916557009288027,67253400
2001-09-20,8.98007869720459,9.162697080314539,8.52750128862232,8.567201167580373,57281700
2001-09-21,8.543378829956055,8.853036121623648,8.066981948173952,8.090801565099465,80169100
2001-09-24,9.940808296203613,10.115486484653463,8.932435243078778,8.972135106712622,76525500
2001-09-25,9.726434707641602,10.369570723524387,9.647034937755516,10.05197240119237,57355300
2001-09-26,9.686731338500977,9.956689550358245,9.464413122882306,9.916989679694755,39057600
2001-09-27,9.559693336486816,9.782011574857544,9.345315224503791,9.504113966197167,41609600
2001-09-28,9.988449096679688,10.115488074505178,9.583511786951906,9.662911526698856,44276500
2001-10-01,9.988449096679688,10.083728330048805,9.67085165211596,9.90110998872767,30206800
2001-10-02,10.004331588745117,10.19489009817343,9.797892824925007,9.940812085602346,42296100
2001-10-03,10.845962524414062,11.242959692992684,9.710550379971357,9.821709859769696,71058700
2001-10-04,10.94918441772461,11.58438018616563,10.806265161592028,11.195323052484921,57506300
2001-10-05,11.274721145629883,11.449400138308143,10.6157058064484,10.726865303100407,39470600
2001-10-08,11.036520004272461,11.433517137623442,10.82214194601314,10.965061156327314,30967900
2001-10-09,10.877721786499023,11.155620095097644,10.65540359394731,11.131800478055812,28599600
2001-10-10,11.346179962158203,11.47321894518842,10.623645178264793,10.718924415537456,38833200
2001-10-11,11.88609504699707,11.909914664306328,11.51291750882945,11.536737126138707,49702400
2001-10-12,11.862276077270508,11.870216203051234,11.274720399314093,11.560558869723646,41655100
2001-10-15,11.465275764465332,11.703474172783853,11.28265746432198,11.48909613534549,49779400
2001-10-16,11.862276077270508,11.894035823181339,11.425579760299597,11.55261874394292,32793500
2001-10-17,10.845962524414062,12.187813378248531,10.822142906318707,12.124293891852913,54189200
2001-10-18,11.322365760803223,11.481164565588958,10.790389196861684,10.885668479733125,40798900
2001-10-19,11.544676780700684,11.600256137895558,10.996821061633053,11.179439382251614,35524500
2001-10-22,11.870216369628906,11.90197611598543,11.282660683427178,11.369999796604597,24091900
2001-10-23,11.917855262756348,12.291032058541845,11.751116420541463,11.941674881012185,38775600
2001-10-24,11.639961242675781,11.965498922283766,11.457342839856587,11.64790137076678,59223700
2001-10-25,11.076215744018555,11.195315293995666,10.528360237201145,11.115915594010925,82909100
2001-10-26,10.78244400024414,11.179441204250809,10.639524764493878,10.885663364151323,46623900
2001-10-29,10.639522552490234,11.00475993453039,10.488663979505175,10.655402800810723,39469900
2001-10-30,10.718921661376953,10.972999562153644,10.401324285406089,10.583942587286367,39623500
2001-10-31,10.766563415527344,11.258839807778386,10.695103804888772,11.012701233046867,36448300
2001-11-01,11.25090217590332,11.290602052523335,10.655406298239612,10.790385424420359,37005300
2001-11-02,11.47321891784668,11.552618660657384,11.036521846811949,11.203260700944771,30795000
2001-11-05,11.878156661987305,12.029015269991977,11.592318940772723,11.766997169575587,35243400
2001-11-06,12.084592819213867,12.140172174968049,11.465276752759008,11.655835950166928,34708200
2001-11-07,12.370430946350098,12.656268617431182,11.909914319891259,11.957554310344086,44046600
2001-11-08,12.26721477508545,12.926230901430545,12.084596405013214,12.410134026246093,46697600
2001-11-09,12.211636543273926,12.457774435245911,12.052837781160994,12.203696415865222,29770800
2001-11-12,12.227511405944824,12.330730751495183,11.62407633865249,12.021073472056049,27878300
2001-11-13,11.52879810333252,12.124293854358902,11.338238887522953,12.013134374904322,89914000
2001-11-14,11.84639835357666,11.965497229240711,11.274722084522411,11.774938725293355,52842700
2001-11-15,11.743176460266113,12.108413893235804,11.5129181279947,11.655837353960411,41385800
2001-11-16,11.552618026733398,11.846395847473294,11.409698800401333,11.798755852958598,40618100
2001-11-19,11.806693077087402,11.949612268301143,11.512915328535033,11.766993217615603,30458900
2001-11-20,11.560559272766113,12.052835730152552,11.544679020651019,11.751117754874652,40052100
2001-11-21,11.179441452026367,11.687598157013781,11.092102337805507,11.512919171359968,33836400
2001-11-23,11.441458702087402,11.473218446464406,11.179440621674106,11.22708061684563,10846300
2001-11-26,11.70347785949707,11.74317773292466,11.47321950227157,11.544679122998813,32643100
2001-11-27,11.449398040771484,11.846395196811518,11.298538697437563,11.568496884698702,36021500
2001-11-28,11.211200714111328,11.814636633220575,11.17150084310455,11.369999440926378,30083900
2001-11-29,11.266778945922852,11.512917515637335,11.115920359925703,11.369998297273312,36810100
2001-11-30,11.139741897583008,11.735237733805517,10.861844295006438,11.441459878801199,74143100
2001-12-03,10.877721786499023,11.330299053565692,10.838021919954652,10.97300101187833,42093800
2001-12-04,10.957128524780273,11.036527551419015,10.576010622391959,11.012707919148637,47757100
2001-12-05,12.203690528869629,12.211630652448058,11.473215818315044,11.512915678995332,113746800
2001-12-06,12.62451171875,12.72773184750762,12.306914234927058,12.394253353675335,67014700
2001-12-07,12.63244915008545,12.66420889169198,12.346611475626688,12.49747005895471,42468600
2001-12-10,12.243392944335938,12.719789857483741,12.108413844184462,12.418071913451735,35877600
2001-12-11,11.997254371643066,12.513351154147353,11.989315003613784,12.473651285152865,41071500
2001-12-12,11.9893159866333,12.26721357795585,11.711417638098668,12.132234466634696,44940700
2001-12-13,11.64789867401123,12.108415395696829,11.425580439421108,11.703478043355732,52531500
2001-12-14,11.568496704101562,11.67171605392604,11.36205876166458,11.6320161874994,54346500
2001-12-17,11.743176460266113,11.909915304822103,11.43351838974441,11.473218258869554,32530700
2001-12-18,11.949615478515625,12.148114071988601,11.838455993574422,11.909915608378622,40321500
2001-12-19,11.84639835357666,12.227515361471369,11.735238847667944,11.759059228570502,59069000
2001-12-20,11.504979133605957,11.838456855497036,11.433519513598997,11.790817613633795,44289800
2001-12-21,11.41763687133789,11.86227320648314,11.393817256972367,11.743174377443633,59252900
2001-12-24,11.385878562927246,11.624077008130591,11.298538703932563,11.441457922496966,12753700
2001-12-26,11.1873779296875,11.671714098766573,11.17943780628985,11.322356998600197,26817000
2001-12-27,11.107982635498047,11.314421382810059,11.012703388402999,11.195322513244284,31281100
2001-12-28,11.163561820983887,11.401759539989696,11.123861948745558,11.163561820983887,24629700
2001-12-31,10.965059280395508,11.298536118723232,10.957119157356042,11.195317548057396,29857600
2002-01-02,11.100040435791016,11.163560679202899,10.957121970447288,11.100040435791016,42477900
2002-01-03,12.14017391204834,12.17987378207262,11.195320942973055,11.235020055785297,77498300
2002-01-04,12.26721477508545,12.616572776319874,12.108416027802601,12.354554654000134,42962600
2002-01-07,12.298973083496094,12.513351935118717,12.124294860557733,12.44983244364803,33672400
2002-01-08,12.505410194396973,12.711848893622653,12.219572519692779,12.227511887192252,39963400
2002-01-09,13.283525466918945,13.696402903411087,12.886528281312826,12.934169033970898,104852700
2002-01-10,13.2517671585083,13.521725379705352,12.989749063161064,13.220006655109044,42615900
2002-01-11,12.918286323547363,13.386743034526129,12.86270697045222,13.251763956542014,41520900
2002-01-14,13.013568878173828,13.243828001388446,12.727731898793541,12.759490890091676,36595900
2002-01-15,13.489961624145508,13.497901748081118,13.021504912911142,13.08502438997222,42148200
2002-01-16,13.164424896240234,13.529663046836907,13.108845539816016,13.220004252664452,38500400
2002-01-17,13.672581672668457,13.894900627907612,13.331165386498872,13.44232410690646,49705700
2002-01-18,13.085023880004883,13.39468264373001,13.053264899923994,13.299402674639877,44563400
2002-01-22,12.656267166137695,13.474080976972214,12.64038767594896,13.243823447358373,42317200
2002-01-23,13.299405097961426,13.45820457057236,12.568930249914347,12.743608458247166,45388000
2002-01-24,13.69639778137207,13.839316957050672,13.521719630222398,13.593179218061698,46794400
2002-01-25,13.2517671585083,13.831382715727315,13.235886906808673,13.474084624606467,41197100
2002-01-28,13.418502807617188,13.609061249940789,13.299403970467923,13.43438305641679,27499800
2002-01-29,13.100908279418945,13.577305247009932,12.934170173695417,13.347046132145007,42884700
2002-01-30,13.196185111999512,13.259704591473836,12.560988802832423,13.077084762864287,46967300
2002-01-31,13.704338073730469,13.759917417311463,13.220001197798613,13.497899430127113,52355800
2002-02-01,13.013568878173828,13.5217263687624,12.965929634014492,13.323227751270185,50686200
2002-02-04,12.799188613891602,13.21206449349539,12.632449025585673,13.053266544239756,40447500
2002-02-05,12.55305004119873,12.910347319776038,12.529229667338138,12.680089006274043,40088800
2002-02-06,12.735671997070312,12.838890611591408,12.426013124658496,12.775371114711287,39840500
2002-02-07,12.640390396118164,13.077086692644242,12.497471167604443,12.624510145300178,34368100
2002-02-08,12.846824645996094,12.90240399010725,12.195748975898983,12.695965344534708,35752800
2002-02-11,12.98180866241455,13.021507776398815,12.648330955904713,12.751549560918274,27446200
2002-02-12,12.846824645996094,13.180302225086576,12.703905467182523,12.846824645996094,27703500
2002-02-13,12.799188613891602,13.029446170360645,12.735669131304563,13.005625796481535,24804300
2002-02-14,12.957991600036621,13.38674940997914,12.767433078203673,12.854772968619633,31951400
2002-02-15,12.298973083496094,13.053268369831637,12.235453592025404,12.997689004097802,35977500
2002-02-19,11.743176460266113,12.386312219899796,11.520858253262134,12.171933380951227,46342700
2002-02-20,12.314854621887207,12.50541311621287,11.870217377915184,11.997256374132292,42658600
2002-02-21,12.116353988647461,12.545110908276081,12.100473738151726,12.322792701819914,35673800
2002-02-22,12.306912422180176,12.457771015472321,11.68759704134144,12.140173578429899,31700700
2002-02-25,12.973872184753418,13.06121207738616,12.322796840026367,12.370436093087614,41281500
2002-02-26,13.124728202819824,13.354985795277631,12.91828947354004,12.965928714320249,41557900
2002-02-27,12.997686386108398,13.410562240294498,12.695967726576592,13.275583158803707,40283300
2002-02-28,13.196185111999512,13.45820315413408,13.005625159152691,13.013565283389962,48930600
2002-03-01,12.695968627929688,13.27558410130673,12.346611470405604,13.227944867523068,78055500
2002-03-04,10.853901863098145,11.155619780222397,10.282225769746299,11.07622004937477,208718700
2002-03-05,10.996821403503418,11.22707972117013,10.853902186602708,11.092100629033233,72999800
2002-03-06,11.227078437805176,11.282657790374643,10.82214120768277,10.957120284390239,47536200
2002-03-07,11.115922927856445,11.536739798105893,10.89360468131872,11.489100552453888,38756800
2002-03-08,11.274721145629883,11.552619508653837,11.195322154203126,11.449400138308143,42591600
2002-03-11,11.512917518615723,11.71141609652289,11.147680104978054,11.235019206660894,31683800
2002-03-12,11.465275764465332,11.616135084525537,11.306477077990273,11.425576660755466,30116900
2002-03-13,11.028583526611328,11.441460259721188,11.004763147176655,11.377940762319671,33362500
2002-03-14,10.671283721923828,11.179440378096208,10.623644485002304,11.08416114704114,46463700
2002-03-15,10.004331588745117,10.34574872883446,9.99639146154922,10.242529346924405,121186000
2002-03-18,10.004331588745117,10.32986923165487,9.901112206835062,10.186949970977532,49182600
2002-03-19,10.17106819152832,10.448965766117901,10.083728326395907,10.115488070840774,37202500
2002-03-20,9.956692695617676,10.361630141320886,9.940813196663273,10.051971960980968,35961200
2002-03-21,10.441023826599121,10.520423552521784,9.877287892741553,10.04402671140962,49338700
2002-03-22,10.202826499938965,10.718922463831253,10.139307019989511,10.528364023982894,40552600
2002-03-25,9.940808296203613,10.32192516977992,9.924928047865308,10.258405690850536,30843100
2002-03-26,10.091666221618652,10.321924507261393,9.893167673402088,9.932867534487775,37668400
2002-03-27,10.028148651123047,10.179007243242632,9.964629164208274,10.107547631160507,28081700
2002-03-28,10.163130760192871,10.234590393439605,9.996391868354571,10.123430879809993,24038700
2002-04-01,10.194890022277832,10.23458990074957,9.92493175732465,10.004331514268127,28660500
2002-04-02,9.948747634887695,10.091666840678611,9.901108404432001,9.98050737426213,28503600
2002-04-03,9.90904712677002,10.099606307832417,9.782008177536332,9.964627234968658,29135700
2002-04-04,9.702607154846191,9.996384851938721,9.559687988667019,9.81376583324181,31358700
2002-04-05,9.631150245666504,9.94874763956001,9.55175051858717,9.797889066763574,25132200
2002-04-08,9.797891616821289,9.821711238259761,9.345315023429782,9.49617363548958,29156800
2002-04-09,9.512052536010742,9.829650749919702,9.392953679052424,9.789950878529574,36219100
2002-04-10,9.170636177062988,9.591453029422718,8.622779574870242,9.464414036801829,60553900
2002-04-11,8.686300277709961,9.083297563399327,8.662480652588023,8.99595843314407,41736500
2002-04-12,9.138882637023926,9.210342308219335,8.67042546559859,8.805404676253776,45762600
2002-04-15,8.972134590148926,9.353251441782726,8.96419446643692,9.21827236752612,34398400
2002-04-16,9.575572967529297,9.750251193444253,9.162695508722132,9.281794367956156,29575900
2002-04-17,9.353254318237305,9.64703217102168,9.273855328334886,9.53587343371587,32665700
2002-04-18,9.250030517578125,9.567628596642093,9.202391297906164,9.40882993571598,32099900
2002-04-19,9.472352027893066,9.607331116428908,9.329432814805246,9.432652162345121,26765600
2002-04-22,9.075355529785156,9.377073469228145,8.995955793064157,9.329433475753145,41638100
2002-04-23,8.829218864440918,9.099177119120421,8.638660363683213,9.083296865451192,52599600
2002-04-24,8.336943626403809,8.837160334853511,8.336943626403809,8.7657006969018,57097300
2002-04-25,8.336943626403809,8.662481303995134,8.297243743407048,8.336943626403809,44673800
2002-04-26,8.04316520690918,8.598961262893246,8.019345581467471,8.487801748811536,39596300
2002-04-29,8.281363487243652,8.297242984662878,8.043164968257514,8.114624599674578,42502700
2002-04-30,7.971701622009277,8.313119365361699,7.939941884758717,8.201959906378805,69154400
2002-05-01,7.503243923187256,7.939940819713871,7.050667538771329,7.8843614762836385,108231800
2002-05-02,6.788651943206787,7.550886560640743,6.471053744235621,7.415907458590103,127028400
2002-05-03,6.693370819091797,6.780709901589996,6.224914156976747,6.717190431189158,110031900
2002-05-06,6.526632785797119,6.756891082320754,6.471052674765962,6.550452400689383,64023900
2002-05-07,6.550454139709473,6.701312750359758,5.954958308826793,6.550454139709473,100174400
2002-05-08,7.265047550201416,7.288867924420548,6.764831806991197,6.907750266246128,64747900
2002-05-09,6.733072757720947,7.201529617259068,6.677493387000199,7.177709995123338,44338200
2002-05-10,6.359895706176758,6.852172172759048,6.3519555799708876,6.748952803719068,51678300
2002-05-13,6.725134372711182,6.796594006788666,6.415476210779498,6.5107554704787285,47133400
2002-05-14,6.995090484619141,7.185648944925376,6.804531267100894,7.074489464474066,69514000
2002-05-15,7.296810150146484,7.717627839643947,6.7886540831492,6.868053090011392,84175000
2002-05-16,7.6064677238464355,7.669987227231241,7.296809576936353,7.360329837533367,44102600
2002-05-17,7.590588092803955,7.939945355262123,7.447668834101334,7.757326975552948,46574200
2002-05-20,7.23328971862793,7.503247973373125,6.828353093722309,7.447668599941645,36387600
2002-05-21,7.026853561401367,7.463550050793509,6.939513657753043,7.280931629005867,42013800
2002-05-22,6.987150192260742,7.082429420133734,6.70131175142977,6.92363070701208,59710300
2002-05-23,7.439726829528809,7.471486572646493,6.987150300798793,7.161829266552064,43943400
2002-05-24,7.026853561401367,7.336511016991259,6.979213545119339,7.304751258540696,28872400
2002-05-28,7.098308563232422,7.1935885436246565,6.804530769123573,7.185648419056645,30326100
2002-05-29,6.669550895690918,7.098307728168022,6.669550895690918,7.018908763464479,37093300
2002-05-30,6.6854329109191895,6.971270622422988,6.550453802294935,6.629853545207579,45703700
2002-05-31,6.288435459136963,6.764832383124808,6.224915970233521,6.733071881461051,52579400
2002-06-03,5.812038421630859,6.502812994268651,5.772338555124717,6.19315570138708,86670000
2002-06-04,6.2090373039245605,6.407535555997061,5.756460289679177,5.931138918089657,80771800
2002-06-05,6.875992298126221,6.883932424914047,6.026418419345225,6.248736668919173,60986500
2002-06-06,6.471055507659912,6.741013785327396,6.399596631699905,6.709254032496647,59408000
2002-06-07,6.637791156768799,6.9315689162460865,6.248734185343081,6.296373791317295,54034000
2002-06-10,6.463112831115723,6.693371110651652,6.415472847634012,6.685430987202726,38192900
2002-06-11,6.375774383544922,6.733071687644727,6.328134768238682,6.5822130951446365,39634900
2002-06-12,6.558391571044922,6.590151305353612,6.137574523545921,6.28049332793503,61515800
2002-06-13,6.558391571044922,6.685430508279685,6.415472388049915,6.510751590975988,45476900
2002-06-14,6.804528713226318,6.828349079733351,6.30431275336042,6.455171667118849,45042200
2002-06-17,7.304749011993408,7.447668259672862,6.883932152640959,6.907751774850156,73449200
2002-06-18,7.130068778991699,7.257108508901962,6.90775057676975,7.177708772359549,87006200
2002-06-19,6.987150192260742,7.558826316710691,6.772771361637513,7.495306074250037,111863800
2002-06-20,6.717193603515625,6.987151858818182,6.645733976263516,6.868052227660609,56839400
2002-06-21,6.447234153747559,6.891871331376922,6.415474409432035,6.582213256391542,62786500
2002-06-24,6.8362908363342285,6.963330563847457,6.296374833947977,6.37577419038625,59579000
2002-06-25,6.907752990722656,7.034792007815407,6.606034946521237,6.915693118594021,57016100
2002-06-26,7.280928611755371,7.542946699694096,6.47105397106327,6.510753841977756,76641800
2002-06-27,7.68586540222168,7.701744895165474,7.233288116537466,7.423847332347032,80203600
2002-06-28,7.519125461578369,7.876422708478289,7.423846246219184,7.542945076115193,51290300
2002-07-01,7.1459479331970215,7.439725701807472,7.09036858046885,7.3841463490793,42506500
2002-07-02,6.891873359680176,7.145951388980448,6.836293222861549,7.050672127992846,48316200
2002-07-03,7.582647323608398,7.6461668204945985,6.78071272890496,6.81247247734806,50001600
2002-07-05,7.924063682556152,7.979643804997553,7.7493854612033495,7.78114520665041,24017600
2002-07-08,7.392088413238525,8.003463725358294,7.336508288709754,7.749385752239646,47165100
2002-07-09,7.46354866027832,7.86054594555296,7.415909410084212,7.495308412811802,47022800
2002-07-10,7.130068778991699,7.654105677190016,7.106249160913778,7.566765815550961,53667200
2002-07-11,7.479427814483643,7.566766931794895,6.915691722064188,7.042730713503143,73131400
2002-07-12,7.68586540222168,7.804964249542154,7.479426693468319,7.590586172922899,50084300
2002-07-15,8.059041023254395,8.074921271102586,7.463545358761354,7.527064835730327,62672400
2002-07-16,7.932003974914551,8.321061054120216,7.8446648624026905,7.908184354631694,79162800
2002-07-17,8.313122749328613,8.37664224968619,7.939945116818725,8.281362999149826,72719600
2002-07-18,7.979645252227783,8.18608401368052,7.9002454956037464,8.16226363236599,68437400
2002-07-19,7.717624187469482,7.987582348916912,7.535005119403082,7.781143665785123,59706300
2002-07-22,7.328567028045654,7.662044694736709,7.2809277940680595,7.550885977314338,62146800
2002-07-23,6.987150192260742,7.5667656844577795,6.955390449636411,7.431786589001375,66680100
2002-07-24,7.46354866027832,7.519128795121086,6.637794337195561,6.748953849668863,70072800
2002-07-25,7.153891086578369,7.360329851579037,6.955392448819006,7.257110469078703,62316200
2002-07-26,7.407966613769531,7.423846862921187,7.003029346945766,7.153888685038678,44375500
2002-07-29,7.582647323608398,7.741446065823898,7.392088832949799,7.622347198465307,49638500
2002-07-30,7.836721897125244,7.939941223901378,7.495304182189708,7.566763774358709,51168000
2002-07-31,7.947883605957031,7.947883605957031,7.606465793977134,7.717625275303895,43451400
2002-08-01,7.677925109863281,7.971702916436927,7.527065765518012,7.860543439404201,47106200
2002-08-02,7.471487522125244,7.669986131139038,7.185649797741738,7.566766763586413,50938500
2002-08-05,7.153891086578369,7.535008107614485,7.145950959337064,7.384149476090742,40423800
2002-08-06,7.407966613769531,7.638224925984855,7.22534829179722,7.32062751507129,51110000
2002-08-07,7.558827877044678,7.804965743889349,7.304749126389733,7.669986620569826,51504200
2002-08-08,7.947883605957031,7.979643349591532,7.4714866942275,7.535006181496502,45828500
2002-08-09,7.789083003997803,8.201959571392276,7.765262634123862,7.804962493368596,48363200
2002-08-12,7.7255659103393555,7.955825035968288,7.654107043351089,7.677926665680511,33188100
2002-08-13,7.217406272888184,7.701742386711965,7.193586662624525,7.638222921201034,54342800
2002-08-14,7.979645252227783,8.011405003434957,7.296809465455221,7.3285692166623955,54279100
2002-08-15,8.0352201461792,8.154319714691708,7.820842134395523,8.0352201461792,56122100
2002-08-16,8.249600410461426,8.29723964073189,7.852603291218638,7.87642290635387,45686200
2002-08-19,8.678359985351562,8.845098857912618,8.194022863658326,8.27342261524441,56303000
2002-08-20,8.543378829956055,8.733937279784108,8.36869987234102,8.495738838893056,38054800
2002-08-21,8.543378829956055,8.781577270847105,8.376639997053514,8.694237413433603,45105100
2002-08-22,8.884795188903809,8.892735313013647,8.416339224602078,8.630717275084306,42098900
2002-08-23,8.567197799682617,8.908615564408183,8.400458979376168,8.7498168682144,29674700
2002-08-26,8.3925199508667,8.61483891177258,8.146382128937203,8.551319425002903,35549500
2002-08-27,8.059041023254395,8.591017210778462,8.019341918057707,8.511618243173194,36429100
2002-08-28,7.868484973907471,8.273422330056272,7.820845730367684,8.04316396704831,33652200
2002-08-29,7.908183574676514,8.043162671653672,7.662044998655815,7.773204477699356,39768600
2002-08-30,7.614406585693359,7.876424682915976,7.558827218771011,7.773205317765842,34935200
2002-09-03,7.193588733673096,7.598525253584368,7.14594874221837,7.550886019341618,43694600
2002-09-04,7.622347831726074,7.693806703750718,7.265049685541888,7.288870066762297,43514400
2002-09-05,7.241229057312012,7.51912740864664,7.233288931339687,7.503247156701992,44877700
2002-09-06,7.64616584777832,7.789085076196693,7.471486874957202,7.519126870167339,39052400
2002-09-09,7.765267372131348,7.844667139066888,7.46354931787351,7.6382283508043205,39399100
2002-09-10,7.773202896118164,7.916122089064688,7.511184880524101,7.757323406464021,40390100
2002-09-11,7.781144142150879,8.098741553172564,7.757324525627242,7.828783375198153,34483500
2002-09-12,7.527066230773926,7.749385198581147,7.487367118219526,7.693805078023325,33143900
2002-09-13,7.7255659103393555,7.82878528338304,7.487368172620851,7.5350074172796955,36261100
2002-09-16,7.368269443511963,7.741447105757655,7.18565105473545,7.709687353048165,52494500
2002-09-17,7.169771194458008,7.479429368330861,6.971272539793627,7.463549112495818,81486100
2002-09-18,6.6060333251953125,6.780712309432329,6.201096368293217,6.542513832238595,122601600
2002-09-19,6.439294815063477,6.518694564158682,6.312255822280847,6.391655571376053,47977300
2002-09-20,6.344015121459961,6.574273468884288,6.320195501302154,6.494874482620907,69838300
2002-09-23,6.066116809844971,6.3201951415716024,5.947017580016674,6.232855655883383,54908300
2002-09-24,6.351955890655518,6.494875140503154,5.79615990166559,5.8676191479833335,77572000
2002-09-25,6.820411682128906,6.828351807469776,6.320195143834564,6.44723412044036,63782200
2002-09-26,6.582212448120117,6.923630225496177,6.510752842882157,6.8839303606737605,58182400
2002-09-27,6.669550895690918,6.860110076845527,6.4234131207345095,6.447232734424385,47307400
2002-09-30,6.240796089172363,6.574273419098553,5.796159270664744,6.478994181976784,49137600
2002-10-01,6.780708312988281,6.812468040747951,6.177273106948749,6.216972577345426,54834900
2002-10-02,6.598092555999756,6.788650994422729,6.502812579576346,6.566332816262594,45000700
2002-10-03,6.6139750480651855,6.81247370078554,6.463116405171116,6.534575284092138,49005300
2002-10-04,6.5107526779174805,6.812470582826418,6.5107526779174805,6.717191363993899,45026100
2002-10-07,6.113755702972412,6.542512576759778,6.074056216795639,6.447233355608357,50625700
2002-10-08,6.407534599304199,6.5345735828166776,6.185216378157361,6.21697612403548,48688300
2002-10-09,6.407534599304199,6.550453834361773,6.193156503929909,6.28049561579172,55491400
2002-10-10,6.756889820098877,6.812469163535621,6.367832901618144,6.41547212250342,39404700
2002-10-11,7.185647010803223,7.201526499615206,6.756890211914362,6.836289170397895,49019800
2002-10-14,7.344447135925293,7.384147001615929,6.939509868862326,7.018909600243599,32391600
2002-10-15,7.693808078765869,7.812907734516476,7.42385052493162,7.638228693742984,52984900
2002-10-16,7.400025367736816,7.614404155523827,7.3206264056471335,7.3206264056471335,41261700
2002-10-17,7.836721897125244,8.003460693115645,7.725562447394376,7.9240609779919104,52962900
2002-10-18,7.535006523132324,7.677925754573519,7.328567801542166,7.582646519350074,54988200
2002-10-21,7.654104709625244,7.773203542171428,7.360326933094334,7.43972590238782,47599300
2002-10-22,7.852604866027832,7.900244105852158,7.407967670132416,7.447667541460732,46216500
2002-10-23,7.908183574676514,7.939943317658669,7.654105630819277,7.7573249848142805,50575400
2002-10-24,7.828781604766846,8.090799598908951,7.797021870846947,7.92406080652654,55952100
2002-10-25,8.146384239196777,8.186084118014783,7.868485844682942,7.892305469088863,45287900
2002-10-28,7.995524883270264,8.273423278901161,7.9002456280513815,8.241663527161535,40931700
2002-10-29,7.908183574676514,8.17020164358229,7.677925248752893,7.947883442707208,43315700
2002-10-30,7.947883605957031,8.035222711648904,7.804964380995768,7.924063230322143,50795900
2002-10-31,8.090801239013672,8.138441228156623,7.781143959826281,7.9161230456507115,53490400
2002-11-01,8.04316520690918,8.15432472099089,7.6938071667736585,7.971705573371812,44318000
2002-11-04,8.130500793457031,8.321059228332139,7.868482756200781,8.265479874129877,61141500
2002-11-05,8.074919700622559,8.14637928761755,7.932000526632576,8.011400236007399,40878800
2002-11-06,8.225780487060547,8.265480352593945,7.995522175621179,8.186081378739102,53095100
2002-11-07,8.098742485046387,8.130502229802959,7.939943761263525,8.043163121025396,41749500
2002-11-08,7.582647323608398,8.003464179782506,7.5747071971945905,8.003464179782506,56464000
2002-11-11,7.185647010803223,7.542944217008639,7.122127541131674,7.312685950146322,48740600
2002-11-12,7.542943000793457,7.749381622545978,7.249165311627957,7.352384622504217,52874400
2002-11-13,7.6382269859313965,7.733506234901241,7.431788234557319,7.439728361274514,43148800
2002-11-14,8.217843055725098,8.257542173399065,7.773205819982626,7.789086072821918,47581000
2002-11-15,8.503677368164062,8.55925671629991,8.027280575762491,8.07492055788738,57425300
2002-11-18,8.13844108581543,8.733936775021435,8.13844108581543,8.638657555613905,42280500
2002-11-19,8.233722686767578,8.416341811362214,7.97964469485728,8.130503313250983,39188600
2002-11-20,8.527499198913574,8.559258942854681,8.138442146332004,8.225781252867042,48408600
2002-11-21,9.0991792678833,9.130939025509623,8.591022388649797,8.606902646069134,59605500
2002-11-22,9.194456100463867,9.250035472255536,8.749819611706224,8.789518730293329,47514400
2002-11-25,9.456472396850586,9.527932008064994,9.154754459063088,9.210334577347629,45853800
2002-11-26,9.234155654907227,9.591453010241999,9.170636158723806,9.377074899925985,58763800
2002-11-27,9.527932167053223,9.694671010265134,9.115054743019147,9.448532429442972,47671800
2002-11-29,9.647032737731934,9.72643248951076,9.488233991386434,9.551753489924634,16345800
2002-12-02,9.448528289794922,10.107543248707405,9.38500883042107,9.813765559800416,46174700
2002-12-03,9.027716636657715,9.480293222378709,8.932437395306563,9.385013981027557,46235500
2002-12-04,8.773641586303711,9.011840147742413,8.527502896134168,8.765701457572872,45352900
2002-12-05,8.487799644470215,8.995956323585904,8.456039899351238,8.972136704049683,39194600
2002-12-06,8.956257820129395,9.20239645028556,8.297242440397547,8.368702067127149,47974500
2002-12-09,8.360758781433105,8.964194560032318,8.344879291055168,8.829215484366392,41361800
2002-12-10,8.495738983154297,8.75775704542004,8.440159623647013,8.551319099873563,35175200
2002-12-11,8.972134590148926,9.09123341698152,8.424278169410496,8.495737768394802,42332500
2002-12-12,9.051534652709961,9.170634251189703,8.773637104014496,9.107114768218628,31506500
2002-12-13,8.456042289733887,8.988018738766698,8.440162791291554,8.956258984669766,49233800
2002-12-16,8.972134590148926,9.02771394170922,8.58307761480312,8.694236317923709,36217200
2002-12-17,8.749817848205566,9.115054511752298,8.622778119810011,8.900676437183042,38315200
2002-12-18,8.44016170501709,8.646600458683986,8.265482701359549,8.575140831859894,59093700
2002-12-19,8.733941078186035,9.18651778265683,8.575142300934203,8.781581089967734,97046000
2002-12-20,8.527499198913574,9.027715733895032,8.376640604496322,8.956256120724536,70354000
2002-12-23,8.781577110290527,8.853035959760565,8.432219201447891,8.55925816567723,32994600
2002-12-24,8.725997924804688,8.853036902563018,8.614839197872167,8.654538310512617,9088400
2002-12-26,8.598956108093262,8.916553447634039,8.559256251347717,8.733935166701038,19094500
2002-12-27,8.567197799682617,8.789515974353913,8.53543806044386,8.583078047907952,24793900
2002-12-30,8.686300277709961,8.749820540055511,8.519561387431938,8.630720900021364,29686300
