Price,Close,High,Low,Open,Volume
Ticker,QCOM,QCOM,QCOM,QCOM,QCOM
Date,,,,,
1995-01-03,0.909058690071106,0.9184304291440039,0.8715717337795139,0.8715717337795139,3409600
1995-01-04,0.9184313416481018,0.9371748384164303,0.8996878448797732,0.9184313416481018,3902400
1995-01-05,0.909058690071106,0.9371739072897999,0.899686950998208,0.9278021682169019,3929600
1995-01-06,0.8996874690055847,0.9278027024120092,0.8996874690055847,0.9090592134743929,5089600
1995-01-09,0.8715721964836121,0.9184309167246665,0.8622004524354012,0.9184309167246665,4812800
1995-01-10,0.8715721964836121,0.8903156845800339,0.8340852202907686,0.8715721964836121,11852800
1995-01-11,0.8575149774551392,0.8715723093448294,0.8434570735595124,0.8715723093448294,6947200
1995-01-12,0.8434566855430603,0.8715719083944956,0.8434566855430603,0.8715719083944956,5555200
1995-01-13,0.7872262597084045,0.8622001892044431,0.7872262597084045,0.8622001892044431,25792000
1995-01-16,0.8293996453285217,0.8434569755853425,0.7684830221999788,0.7684830221999788,21323200
1995-01-17,0.909058690071106,0.9184304291440039,0.8434565165608199,0.8528282556337179,25411200
1995-01-18,0.9184313416481018,0.955918335184759,0.9184313416481018,0.927803090032266,9080000
1995-01-19,0.8996874690055847,0.9278027024120092,0.8903157245367765,0.9278027024120092,3177600
1995-01-20,0.8715721964836121,0.9090591726764556,0.8715721964836121,0.9090591726764556,8027200
1995-01-23,0.9465463161468506,0.9465463161468506,0.8528288591026079,0.8715723505114564,6177600
1995-01-24,1.0308916568756104,1.0590068838813087,0.946545975858515,0.9652894605289806,29518400
1995-01-25,1.0121476650238037,1.0308911403020222,0.9559172391891478,1.0121476650238037,12528000
1995-01-26,1.054321527481079,1.0683788580311802,1.0027766474503181,1.0027766474503181,20572800
1995-01-27,1.0683784484863281,1.0871219300387198,1.0402632261577405,1.0683784484863281,14942400
1995-01-30,1.0121476650238037,1.087121566136678,0.9934041897455851,1.0777498284975686,7696000
1995-01-31,0.9934049844741821,1.0121484747472798,0.9652897490645355,0.9934049844741821,13947200
1995-02-01,1.0215201377868652,1.0402636265535967,0.9840331602534023,1.0215201377868652,9456000
1995-02-02,1.0308916568756104,1.049635141546076,1.0121481722051446,1.0308916568756104,5310400
1995-02-03,1.049635648727417,1.1152378767728806,1.0121486612728663,1.0402639018637794,27675200
1995-02-06,1.049635648727417,1.0590073955910546,1.0355783144349775,1.0402639018637794,4425600
1995-02-07,1.054321527481079,1.0683788580311802,1.0402636249250965,1.0590071136624855,3443200
1995-02-08,1.049635648727417,1.0683791424546922,1.0308921550001415,1.0683791424546922,3152000
1995-02-09,1.049635648727417,1.0683791424546922,1.0308921550001415,1.049635648727417,6134400
1995-02-10,1.059007167816162,1.0777506575120235,1.040263678120301,1.0683789126640928,8123200
1995-02-13,1.0308916568756104,1.0590068838813087,1.0215199145403775,1.049635141546076,5817600
1995-02-14,1.0027763843536377,1.0496350939028731,0.9746611586240964,1.0308916100831789,4832000
1995-02-15,0.9746614098548889,1.0027766428314722,0.9559179212038333,1.0027766428314722,5516800
1995-02-16,0.9840337634086609,0.9840337634086608,0.9559185130255562,0.9652902631532577,5233600
1995-02-17,0.9559180736541748,0.9746615652944527,0.9559180736541747,0.9746615652944527,1771200
1995-02-21,0.9606038928031921,0.9840329630637301,0.9465459930422547,0.9746612205583612,9019200
1995-02-22,0.9746614098548889,0.9746614098548889,0.9465461768783056,0.9652896655293611,2606400
1995-02-23,1.059007167816162,1.0777506575120235,0.9371744847930639,0.9746614641847864,31785600
1995-02-24,1.059007167816162,1.0777506575120235,1.0308919332723703,1.0683789126640928,17798400
1995-02-27,1.0402636528015137,1.0964941205205145,1.0402636528015137,1.0496353974213473,7857600
1995-02-28,1.096494197845459,1.096494197845459,1.0496354714418068,1.0590072167225373,8392000
1995-03-01,1.059007167816162,1.0964941472078846,1.059007167816162,1.0871224023599542,7008000
1995-03-02,1.0402636528015137,1.068378886661014,1.0308919081816803,1.0496353974213473,4264000
1995-03-03,1.096494197845459,1.1058659431261895,1.0215202355996156,1.0402637261610765,6777600
1995-03-06,1.0683784484863281,1.077750189262524,1.0402632261577405,1.0683784484863281,4049600
1995-03-07,1.049635648727417,1.105866129909243,1.049635648727417,1.0777508893183299,7532800
1995-03-08,1.0402636528015137,1.068378886661014,1.0308919081816803,1.068378886661014,5118400
1995-03-09,1.1058653593063354,1.1152370996394398,1.0496349173077082,1.0496349173077082,28252800
1995-03-10,1.1058653593063354,1.1152370996394398,1.0871218786401262,1.1058653593063354,18523200
1995-03-13,1.082436203956604,1.1058652668272693,1.0449492457590694,1.0964935272778857,25846400
1995-03-14,1.162096619606018,1.162096619606018,1.068379150282952,1.096494391079872,26476800
1995-03-15,1.1761538982391357,1.2089547089918624,1.1152372896901677,1.1152372896901677,27523200
1995-03-16,1.1995835304260254,1.2089552767574787,1.1527247987687588,1.1667827042689396,13324800
1995-03-17,1.2276979684829712,1.2370697087003983,1.1995827478306893,1.1995827478306893,11428800
1995-03-20,1.2089548110961914,1.227698296539543,1.1995830683745154,1.227698296539543,6819200
1995-03-21,1.162096619606018,1.2370705950644707,1.162096619606018,1.2183271011998575,8918400
1995-03-22,1.2323839664459229,1.2323839664459229,1.143352159802766,1.1620956378323195,12816000
1995-03-23,1.2839292287826538,1.2933009749781474,1.2276987516096909,1.2464422440006784,26356800
1995-03-24,1.2183265686035156,1.293300511286809,1.1995830829326923,1.2745570256159855,13697600
1995-03-27,1.237070083618164,1.2464418266758774,1.162096139156457,1.1995831113873106,7739200
1995-03-28,1.27455735206604,1.2839290973018196,1.2276986258871414,1.2276986258871414,10356800
1995-03-29,1.2886148691177368,1.3214156815941425,1.2651852270582216,1.2651852270582216,20960000
1995-03-30,1.2417563199996948,1.3120441113928196,1.2183266748647612,1.3026723677400138,9950400
1995-03-31,1.2276979684829712,1.2464414489178255,1.2089544880481164,1.2276979684829712,6379200
1995-04-03,1.1925538778305054,1.2370697897824257,1.1527241222972604,1.2370697897824257,8878400
1995-04-04,1.1527241468429565,1.1902111109679308,1.1246089237492258,1.1714676289054435,19406400
1995-04-05,1.115236759185791,1.1527237090743891,1.096493284241492,1.1527237090743891,21931200
1995-04-06,1.0730650424957275,1.150381792429323,1.049635394997304,1.1152376071846357,30089600
1995-04-07,1.1246097087860107,1.1339814563592276,1.0590074757734935,1.077750970919927,16878400
1995-04-10,1.049635648727417,1.1199240362077163,1.0449500612986151,1.0730653018895282,27353600
1995-04-11,0.9840337634086609,1.0636939254972406,0.9699764242202252,1.0496360143025716,25363200
1995-04-12,1.0121476650238037,1.0449490327634217,0.9652889768282572,0.9840324521064757,17836800
1995-04-13,1.007462739944458,1.0262062274596493,0.99574763124308,1.0262062274596493,6811200
1995-04-17,1.0027763843536377,1.0496350939028731,0.9934046424437906,1.0027763843536377,13267200
1995-04-18,0.9652899503707886,1.0215204329166598,0.95591820327981,1.0121486858256812,13137600
1995-04-19,0.9231172204017639,0.9652897892697982,0.9043737293479814,0.9652897892697982,21593600
1995-04-20,1.0215201377868652,1.0262062959814895,0.9324888521478322,0.9371744383365737,20209600
1995-04-21,0.9840337634086609,1.04026426417487,0.9699764242202252,1.0308925140471685,13518400
1995-04-24,0.9371739625930786,0.9793470769125634,0.9184304833412171,0.9793470769125634,13396800
1995-04-25,0.9559180736541748,0.9746615652944527,0.9371745820138968,0.9418607409269515,9185600
1995-04-26,0.9980907440185547,1.0121480701004328,0.9512320370694605,0.9606037784592794,10348800
1995-04-27,1.0027763843536377,1.0168342832212742,0.9887190574917329,0.99809079940158,6963200
1995-04-28,0.9840337634086609,1.002777263664064,0.9652902631532577,1.002777263664064,8088000
1995-05-01,0.9512319564819336,0.9840327625645942,0.9512319564819335,0.9699754376736401,4782400
1995-05-02,0.9652899503707886,0.9746616974617671,0.9512326157373449,0.9512326157373449,4827200
1995-05-03,0.9746614098548889,0.9793475680205924,0.9559179212038333,0.9559179212038333,4624000
1995-05-04,0.9512319564819336,0.9746610219687409,0.9512319564819335,0.9746610219687409,3875200
1995-05-05,0.9512319564819336,0.9746610219687409,0.9324884752902269,0.9699754376736401,8865600
1995-05-08,0.9512319564819336,0.9606036970777868,0.9371740595853278,0.9465458001811811,2968000
1995-05-09,0.9184313416481018,0.955918335184759,0.913745753459083,0.955918335184759,7395200
1995-05-10,0.932488739490509,0.9512322259927724,0.9231169962393773,0.9278025818620363,5528000
1995-05-11,1.049635648727417,1.049635648727417,0.9324890989349633,0.9418608457986011,40312000
1995-05-12,1.110552191734314,1.1620965089509194,1.0590073025117248,1.0636934615346803,46304000
1995-05-15,1.1058653593063354,1.1246088399725445,1.0918080348094963,1.1246088399725445,9132800
1995-05-16,1.1058653593063354,1.1152370996394398,1.0777501383070218,1.1105515154757055,9377600
1995-05-17,1.0660359859466553,1.1152374972349737,1.0449497056810673,1.1152374972349737,13406400
1995-05-18,1.026206612586975,1.0871226838697503,1.026206612586975,1.063693601685932,10099200
1995-05-19,1.0144908428192139,1.0355776895426163,1.0027763093100053,1.0262059483341115,16408000
1995-05-22,1.0027763843536377,1.040263351993026,0.99809079940158,1.0215198681733317,21928000
1995-05-23,0.9652899503707886,1.0027769387347027,0.95591820327981,1.0027769387347027,20659200
1995-05-24,0.9559180736541748,0.9746615652944527,0.9465463278340358,0.9606042325672295,12131200
1995-05-25,0.9793473482131958,0.9793473482131958,0.9465459644329413,0.9606038637689791,12724800
1995-05-26,0.9652899503707886,0.9746616974617671,0.95591820327981,0.9746616974617671,8454400
1995-05-30,0.9231172204017639,0.9652897892697982,0.9231172204017639,0.9652897892697982,14612800
1995-05-31,0.9606038928031921,0.9699756353085609,0.9231169227817166,0.927802508031517,14193600
1995-06-01,0.9488888382911682,0.9652895315865647,0.9418604600266839,0.9652895315865647,5062400
1995-06-02,1.049635648727417,1.0871226361819675,0.9371746863637651,0.9512325926622387,34883200
1995-06-05,1.1058653593063354,1.1667819574743326,1.101179775142601,1.1246088399725445,44436800
1995-06-06,1.302673101425171,1.3354745086871582,1.1058663738717278,1.1152381228028443,138241600
1995-06-07,1.302673101425171,1.3167310108249257,1.246442607838473,1.3073592618938092,73060800
1995-06-08,1.2886148691177368,1.3026721967488355,1.2651852270582216,1.293300454326182,14596800
1995-06-09,1.2675278186798096,1.288614664791515,1.2511277010449353,1.2651850264470665,16459200
1995-06-12,1.2089548110961914,1.2698714247899754,1.1902113256528395,1.2558135247045707,19137600
1995-06-13,1.2276979684829712,1.2370697087003983,1.1808392673958348,1.2089544880481164,18704000
1995-06-14,1.2276979684829712,1.2417558648119262,1.2183262282655438,1.2276979684829712,6609600
1995-06-15,1.2933012247085571,1.3026729727136916,1.2276989886726157,1.2276989886726157,21904000
1995-06-16,1.27455735206604,1.3026725877733791,1.27455735206604,1.2979870011584567,9022400
1995-06-19,1.302673101425171,1.326102759756042,1.269872266169344,1.2839296035629382,14251200
1995-06-20,1.3167307376861572,1.3307880721637393,1.2745575902413278,1.3073589906990888,16862400
1995-06-21,1.25112783908844,1.316730032883189,1.25112783908844,1.312043875894982,9777600
1995-06-22,1.3167307376861572,1.3167307376861572,1.2558140962671906,1.2558140962671906,10003200
1995-06-23,1.2651853561401367,1.3073584873477186,1.2604997704536396,1.2979867439689028,6848000
1995-06-26,1.2651853561401367,1.2839288428977684,1.2417562836960079,1.2604997704536396,9633600
1995-06-27,1.213640809059143,1.2558133597648098,1.1995829108201168,1.2464416182740277,8387200
1995-06-28,1.2417563199996948,1.2464419058231786,1.1902114439063436,1.2089549312119552,11136000
1995-06-29,1.2792435884475708,1.2839291753473134,1.2323848594202966,1.246442192125494,10913600
1995-06-30,1.2956429719924927,1.3120436607533195,1.2745566990175103,1.2745566990175103,12475200
1995-07-03,1.2839292287826538,1.2933009749781474,1.2792436416879034,1.2839292287826538,891200
1995-07-05,1.335473895072937,1.3495312260075671,1.2933007582572518,1.2933007582572518,23793600
1995-07-06,1.335473895072937,1.354217384323042,1.316730405822832,1.354217384323042,14889600
1995-07-07,1.4057613611221313,1.4057613611221313,1.3354735790689058,1.3448453214763867,21467200
1995-07-10,1.4994786977767944,1.504164854710211,1.4057612791657448,1.4057612791657448,44016000
1995-07-11,1.4291915893554688,1.4994794002386573,1.4151336839752329,1.49479381311591,24648000
1995-07-12,1.457306146621704,1.4807352152911681,1.4245047640775794,1.4385626628838413,19924800
1995-07-13,1.4666781425476074,1.5275941892446327,1.4479346555630108,1.4666781425476076,17950400
1995-07-14,1.457306146621704,1.4713634734222367,1.415133022208648,1.457306146621704,10804800
1995-07-17,1.4901072978973389,1.5182225299331378,1.4760499678823695,1.480735553885406,13940800
1995-07-18,1.410447359085083,1.4947930312295354,1.3729603936875485,1.4854212898801518,19305600
1995-07-19,1.3167307376861572,1.3963903010732195,1.279243749737883,1.3776468070990822,25875200
1995-07-20,1.335473895072937,1.415133438382935,1.3120442475073568,1.316730405822832,26894400
1995-07-21,1.565081000328064,1.583824485361933,1.4901070601925879,1.5182222877433915,82433600
1995-07-24,1.6634854078292847,1.677542742574086,1.5041657060205726,1.5650817765914657,65427200
1995-07-25,1.6259976625442505,1.6915998621741613,1.6259976625442505,1.6822281193698883,29163200
1995-07-26,1.6259976625442505,1.6775419619648586,1.6213115051392208,1.6306832479434938,20572800
1995-07-27,1.6166255474090576,1.6353690287007239,1.6119393910833135,1.6259972880548907,14233600
1995-07-28,1.5978825092315674,1.6213115813405181,1.5978825092315674,1.6213115813405181,12344000
1995-07-31,1.6025687456130981,1.6072549051413054,1.5557100103612531,1.5931969985627292,10484800
1995-08-01,1.569766640663147,1.6072535983863794,1.5603949012323388,1.6072535983863794,16790400
1995-08-02,1.551024079322815,1.6119401356556806,1.5463379208324843,1.579139314247042,14612800
1995-08-03,1.6259976625442505,1.6353694053485235,1.5182223342922183,1.5369658199007643,28715200
1995-08-04,1.6587985754013062,1.6681703187651553,1.6213116019459093,1.6306833453097584,13227200
1995-08-07,1.6166255474090576,1.6728559912840568,1.6119393910833135,1.6634842506382237,8172800
1995-08-08,1.640054702758789,1.6634843416581861,1.5885104123892129,1.611939479282924,7982400
1995-08-09,1.7197147607803345,1.7431438272949007,1.6447408327246398,1.6634843147385634,100795200
1995-08-10,1.747829794883728,1.766573274871727,1.7197145749017293,1.729086314895729,42289600
1995-08-11,1.715029239654541,1.7618879620494738,1.6775422617385949,1.7478306313339385,20361600
1995-08-14,1.7993749380111694,1.8087466824799776,1.7150292377918959,1.719715396029244,40696000
1995-08-15,1.8790348768234253,1.8790348768234253,1.8274900010473767,1.8368617446424915,39030400
1995-08-16,2.0336687564849854,2.052412247328165,1.879035243031727,1.879035243031727,49006400
1995-08-17,1.9258934259414673,1.9961812107392531,1.8368615835910498,1.893092040231592,100464000
1995-08-18,1.9493228197097778,1.9961815413374167,1.9352654892244257,1.9352654892244257,22590400
1995-08-21,1.775945782661438,1.9540089195295731,1.7572022945700552,1.9493227615037965,28945600
1995-08-22,1.7923460006713867,1.822804599437567,1.771259718453179,1.7806314629952593,30897600
1995-08-23,1.8696632385253906,1.8837205687068368,1.7993748716005604,1.8040610296649537,33022400
1995-08-24,1.8509198427200317,1.8977785656748947,1.7946893751741964,1.864977173603543,27064000
1995-08-25,1.8790348768234253,1.8977783640136547,1.850919646038081,1.855605231832721,14534400
1995-08-28,1.8274897336959839,1.9024636714886396,1.7946889219145725,1.8790346019313102,18971200
1995-08-29,1.7712595462799072,1.827490008066571,1.7103434986806068,1.827490008066571,44275200
1995-08-30,1.8602917194366455,1.8884069552064238,1.766574266870717,1.7712598534960453,24168000
1995-08-31,1.8274897336959839,1.8743484448163938,1.8228041485868185,1.8602911174831462,13276800
1995-09-01,1.8696632385253906,1.8790349826483104,1.8368618480922387,1.841548006156632,16702400
1995-09-05,1.9727526903152466,1.9774382770066028,1.874349077731377,1.883720823120034,19745600
1995-09-06,2.0055527687072754,2.0336679944368163,1.977437542977734,1.9821236999355234,26161600
1995-09-07,1.9258934259414673,2.0149246962861005,1.9165216831680436,2.0149246962861005,22710400
1995-09-08,1.8930926322937012,1.930579615111398,1.8649773951804283,1.9212078694069739,23393600
1995-09-11,1.9024631977081299,1.9352645733265916,1.8790341339854646,1.8977776137658402,9660800
1995-09-12,1.8743479251861572,1.9212066233158114,1.8602906017500573,1.9071492998797113,11228800
1995-09-13,1.8602917194366455,1.8930925418317521,1.8321764836668668,1.8837207965751595,17592000
1995-09-14,1.8556052446365356,1.8884066334486869,1.8509196588095649,1.8649769882963163,14155200
1995-09-15,1.785317063331604,1.8602909962377983,1.7618874232955617,1.8556048394283042,26800000
1995-09-18,1.8509198427200317,1.8602915873110044,1.7478306522193334,1.7759458859922512,17355200
1995-09-19,1.8790348768234253,1.9024639498082947,1.813432671657622,1.855605231832721,19382400
1995-09-20,1.8274897336959839,1.8930919292645576,1.799374507023738,1.8930919292645576,17110400
1995-09-21,1.775945782661438,1.8462335770011917,1.7478305505243639,1.8321762469355858,16726400
1995-09-22,1.7618883848190308,1.7946897843692065,1.7618883848190308,1.7712601315467915,13100800
1995-09-25,1.7244009971618652,1.766574133638879,1.696285763512487,1.7572023890890862,14131200
1995-09-26,1.6119400262832642,1.7290871165219066,1.5697674627613514,1.7290871165219066,48521600
1995-09-27,1.569766640663147,1.6447405561096118,1.5275935272217203,1.6072535983863794,63056000
1995-09-28,1.6775423288345337,1.6916002321182257,1.5603958041646868,1.5838248802962915,43620800
1995-09-29,1.7197147607803345,1.7665734658151435,1.6728560557455252,1.6775416402461678,35507200
1995-10-02,1.5978825092315674,1.7197151714132248,1.5885107659868245,1.7197151714132248,19304000
1995-10-03,1.6447409391403198,1.6494265239441224,1.5838243326508903,1.6072539726870443,21435200
1995-10-04,1.574452519416809,1.6400547077258427,1.5369655546687897,1.6400547077258427,33692800
1995-10-05,1.4994786977767944,1.579138789599051,1.4854213709880013,1.574452632665634,30856000
1995-10-06,1.5182230472564697,1.555710036077617,1.5088513000511827,1.5182230472564697,30956800
1995-10-09,1.401076078414917,1.4994791089358923,1.349531198042303,1.4947935227234104,51656000
1995-10-10,1.5182230472564697,1.5275947944617565,1.307359021140543,1.377646839177167,61145600
1995-10-11,1.4994786977767944,1.560395305876841,1.4619917303323744,1.546337407082319,26056000
1995-10-12,1.5182230472564697,1.5369665416670433,1.4901078056406092,1.499479552845896,14536000
1995-10-13,1.5182230472564697,1.560396195683288,1.5182230472564697,1.5463382888723303,12059200
1995-10-16,1.4479352235794067,1.5322809480984192,1.4479352235794067,1.5229092009296399,12859200
1995-10-17,1.5275943279266357,1.5416522304442382,1.4151333958093373,1.4619921175248782,24793600
1995-10-18,1.5088505744934082,1.574452773384426,1.5088505744934082,1.541651959941807,21275200
1995-10-19,1.4385628700256348,1.5135368157727478,1.4104476403704675,1.4994789149422583,30608000
1995-10-20,1.396389365196228,1.4713632908443477,1.3823320401400347,1.4385624843761244,21744000
1995-10-23,1.4947937726974487,1.5088511056915845,1.3635893287242675,1.3823328207204362,27080000
1995-10-24,1.4619921445846558,1.5229087699452952,1.4432486555515192,1.4947935363955904,22851200
1995-10-25,1.4526201486587524,1.4713636344478978,1.4338766628696074,1.4666780490035074,10094400
1995-10-26,1.4385628700256348,1.4713636852870908,1.405761482758367,1.4619919420687018,10360000
1995-10-27,1.5182230472564697,1.5229092068621406,1.438563482014559,1.4479352292198457,27260800
1995-10-30,1.5088505744934082,1.5603954453392408,1.4854215037495062,1.5275940598908417,20156800
1995-10-31,1.4432482719421387,1.5182222081469252,1.4432482719421387,1.5182222081469252,15644800
1995-11-01,1.5229090452194214,1.5369663785322683,1.443248916426642,1.4479350755349205,19868800
1995-11-02,1.5322811603546143,1.5510246572885782,1.5135376634206505,1.5369667485850393,15499200
1995-11-03,1.6119400262832642,1.6306835149609766,1.4807356055392775,1.5322804854059267,30896000
1995-11-06,1.729087233543396,1.7665742134358715,1.6072545488928502,1.6119401353764504,54184000
1995-11-07,1.6869133710861206,1.733772075838513,1.6494264072842069,1.700971268514675,34768000
1995-11-08,1.7337726354599,1.7712596113617356,1.7009718175487227,1.7056574035335232,27102400
1995-11-09,1.7572017908096313,1.7665735321686007,1.7337721514093583,1.7478300494506618,12817600
1995-11-10,1.775945782661438,1.7806313686813524,1.733772648452896,1.7384588064786726,18513600
1995-11-13,1.729087233543396,1.7806315448925905,1.7244010750538772,1.7665742134358715,15073600
1995-11-14,1.6283406019210815,1.7431443186132356,1.6259978090104263,1.7150290876678609,13660800
1995-11-15,1.7337726354599,1.7337726354599,1.602568219803475,1.6447413536959692,22609600
1995-11-16,1.715029239654541,1.7618879620494738,1.696285750696568,1.7290871423759653,22630400
1995-11-17,1.7056576013565063,1.7431445816060998,1.6962858562941079,1.719715504953066,9140800
1995-11-20,1.6025687456130981,1.7244014572678952,1.5885114110405674,1.715029710217526,14100800
1995-11-21,1.6259976625442505,1.6400549907477666,1.583824533922129,1.5978824341314317,17971200
1995-11-22,1.5603957176208496,1.6541131609612647,1.5322804846187252,1.6306835141232212,15790400
1995-11-24,1.5791393518447876,1.6025684288365072,1.5416523710532906,1.5697676066469135,7707200
1995-11-27,1.6259976625442505,1.6541128909570693,1.5791389485228857,1.5885106913271587,17624000
1995-11-28,1.7244009971618652,1.7384588999895008,1.621311807114145,1.6353697099417805,18568000
1995-11-29,1.635370135307312,1.7478310991563177,1.6213122288231654,1.724401445684754,30548800
1995-11-30,1.551024079322815,1.6728567639944654,1.551024079322815,1.6306836256051653,22163200
1995-12-01,1.5369664430618286,1.5603960955749268,1.4994794566456866,1.551024348970891,26828800
1995-12-04,1.635370135307312,1.649427469785417,1.5510244124205577,1.5557099999112454,25547200
1995-12-05,1.5557093620300293,1.6447412079081456,1.5463376188852702,1.6447412079081456,22539200
1995-12-06,1.4760500192642212,1.5603957183077228,1.4713638610921975,1.5557095601356994,24632000
1995-12-07,1.5182230472564697,1.5229092068621406,1.4151338279983143,1.4760504708357063,27707200
1995-12-08,1.5603957176208496,1.5978826949570157,1.4901073491125987,1.574453048118972,27414400
1995-12-11,1.5369664430618286,1.5791395887829978,1.5041656159507135,1.5744534294779708,15116800
1995-12-12,1.4947937726974487,1.5275945976877534,1.490107613695416,1.5275945976877534,7171200
1995-12-13,1.4666781425476074,1.5135368600090993,1.4432484978139475,1.508850702260036,13446400
1995-12-14,1.4198194742202759,1.480735523025357,1.4104477304036596,1.4713637792087406,22873600
1995-12-15,1.401076078414917,1.4385630561383145,1.3776464313348509,1.433876897919947,15708800
1995-12-18,1.34015953540802,1.405761750427993,1.31204430039946,1.4010761639295266,21336000
1995-12-19,1.5205655097961426,1.5229088750914956,1.340159558397907,1.3495313035615286,30112000
1995-12-20,1.4057613611221313,1.5322801696260042,1.4057613611221313,1.5322801696260042,14339200
1995-12-21,1.574452519416809,1.5791386760131552,1.4198190758340734,1.4291908170210783,37600000
1995-12-22,1.66817045211792,1.66817045211792,1.579139169047144,1.5931964992137437,31916800
1995-12-26,1.6259976625442505,1.6728563765656153,1.5931962767264018,1.6681702191605856,16886400
1995-12-27,1.6259976625442505,1.6681702191605856,1.6213115051392208,1.6306832479434938,8371200
1995-12-28,1.569766640663147,1.6259970772479955,1.5463370060833364,1.6259970772479955,13913600
1995-12-29,1.6119400262832642,1.6166261844556324,1.5369660715724147,1.5744530489278394,13036800
1996-01-02,1.640054702758789,1.640054702758789,1.5838242558070592,1.6025677381243024,8492800
1996-01-03,1.5603957176208496,1.649427002791304,1.5510239732868083,1.6400552584572625,12528000
1996-01-04,1.4947937726974487,1.5744533276781751,1.4666785347031956,1.565081581680091,21673600
1996-01-05,1.5557093620300293,1.5697672627500718,1.4666780881577204,1.4830782096566937,22104000
1996-01-08,1.5299367904663086,1.5744527094798262,1.5275939978881647,1.5510236396868737,2376000
1996-01-09,1.4245052337646484,1.5416523317548319,1.4198196472881184,1.5416523317548319,21417600
1996-01-10,1.4338769912719727,1.5135371101233772,1.3846754728082387,1.4057617561489928,31032000
1996-01-11,1.5088505744934082,1.5229084745443735,1.4432483756023904,1.4432483756023904,15171200
1996-01-12,1.4245052337646484,1.522908841836876,1.4151334888056706,1.50885093839545,24736000
1996-01-15,1.3448456525802612,1.433876941368142,1.330787749505073,1.433876941368142,29424000
1996-01-16,1.4245052337646484,1.4338769787236265,1.3401595291338468,1.3589030190518028,26371200
1996-01-17,1.5088505744934082,1.5229084745443735,1.3963896621088063,1.4104475621597716,31552000
1996-01-18,1.5229090452194214,1.532280791429984,1.438563329324358,1.513537299008859,23241600
1996-01-19,1.6119400262832642,1.6306835149609766,1.5322804854059267,1.5463378159112708,37392000
1996-01-22,1.635370135307312,1.6541136292821463,1.5650817468986626,1.6119404818357483,22272000
1996-01-23,1.6634854078292847,1.6962862369045228,1.6072549248379746,1.6119405124175576,35382400
1996-01-24,1.7197147607803345,1.7572017248081817,1.668169899239206,1.6775416402461678,26753600
1996-01-25,1.6775423288345337,1.7337727979574789,1.654113252702929,1.7290872115335225,20363200
1996-01-26,1.649427890777588,1.6822292996086452,1.6400561413981698,1.6775431389158424,11142400
1996-01-29,1.715029239654541,1.7290871423759653,1.644741442065086,1.644741442065086,15560000
1996-01-30,1.7384587526321411,1.7618878260177528,1.672856546344246,1.7103435213659004,24436800
1996-01-31,1.6775423288345337,1.7525162876651275,1.6634849975567532,1.7337727979574789,29036800
1996-02-01,1.729087233543396,1.7572024684627527,1.6400553702958072,1.6775423501882827,22739200
1996-02-02,1.7900030612945557,1.864977011505846,1.7759457316328615,1.7900030612945557,41913600
1996-02-05,1.8134335279464722,1.832177023987231,1.7759465358649544,1.8274908639739889,21379200
1996-02-06,1.8321765661239624,1.8509200574806988,1.8040613290888579,1.8181186616034293,31539200
1996-02-07,1.7900030612945557,1.836861780176612,1.7806313175181443,1.8181182926237895,15115200
1996-02-08,1.7993749380111694,1.8181184269487858,1.771259704604745,1.7900031935423613,16755200
1996-02-09,1.8228046894073486,1.8415481794166482,1.7900032958881138,1.7993750408927638,12729600
1996-02-12,1.7712595462799072,1.8321761658850448,1.7712595462799072,1.8134326786228234,9035200
1996-02-13,1.7337726354599,1.7759457693523941,1.724400891484441,1.7337726354599,15977600
1996-02-14,1.7431443929672241,1.7665740390906826,1.7009718307532065,1.7384588069460498,13000000
1996-02-15,1.7618883848190308,1.7806318782745523,1.7290875572748807,1.7478310507304025,9307200
1996-02-16,1.775945782661438,1.7853175267071293,1.7384588064786726,1.7618878805899698,8427200
1996-02-20,1.6822278499603271,1.761887365036246,1.6634843673535584,1.7572017803874014,19419200
1996-02-21,1.729087233543396,1.7572024684627527,1.6822285086778015,1.6962858401345204,15246400
1996-02-22,1.6306835412979126,1.7337727306903095,1.6213117968076947,1.7244009862000915,35987200
1996-02-23,1.5931963920593262,1.6775420834036434,1.588510806320889,1.6447412672171007,23536000
1996-02-26,1.635370135307312,1.649427469785417,1.5885114003702263,1.5978831473576434,17457600
1996-02-27,1.6213122606277466,1.6494275021415226,1.6166266730451437,1.640055754970264,8784000
1996-02-28,1.513537049293518,1.6119400822661158,1.4994791462940613,1.6119400822661158,37529600
1996-02-29,1.4783926010131836,1.5041650372604796,1.4713636507628667,1.5041650372604796,26376000
1996-03-01,1.4994786977767944,1.5088504396378992,1.4713634721934794,1.4854213709880013,21459200
1996-03-04,1.4994786977767944,1.5182221814990042,1.4947931128491063,1.5135365965713161,7963200
1996-03-05,1.4901072978973389,1.5463377619689367,1.480735553885406,1.4994790419092718,19587200
1996-03-06,1.4619921445846558,1.5088508671674974,1.4479348138127488,1.5041652809121586,11872000
1996-03-07,1.4268481731414795,1.4713641092574508,1.4104480467879967,1.4666785223010204,14608000
1996-03-08,1.3729609251022339,1.4198196499861682,1.3448456901718733,1.4057617465180283,38542400
1996-03-11,1.4526201486587524,1.4526201486587527,1.3729606200577815,1.3776462055021719,26214400
1996-03-12,1.480735182762146,1.4901069244251977,1.3776460244685789,1.4385626312812725,28897600
1996-03-13,1.457306146621704,1.5182221827668938,1.4338765059465108,1.5182221827668938,22216000
1996-03-14,1.4151328802108765,1.4947929641063775,1.410447295749438,1.4619915848536207,13638400
1996-03-15,1.4057613611221313,1.4291910031437147,1.3963896187146505,1.4198192607362339,12115200
1996-03-18,1.4666781425476074,1.480735471783141,1.4104476815938174,1.4151332673370525,15302400
1996-03-19,1.4291915893554688,1.4760503206129267,1.4245054302267246,1.4760503206129267,8465600
1996-03-20,1.3917040824890137,1.4338766388038837,1.3917040824890137,1.4338766388038837,12539200
1996-03-21,1.3635889291763306,1.4104476454365857,1.3542171859242795,1.4010759021845347,16806400
1996-03-22,1.4713630676269531,1.4760492232718632,1.368273935500224,1.3729600911451338,26312000
1996-03-25,1.4994786977767944,1.5322800802935261,1.4385626616824765,1.4994786977767944,35315200
1996-03-26,1.513537049293518,1.5229087939578558,1.4807356569653856,1.4994791462940613,23388800
1996-03-27,1.551024079322815,1.5697675692722997,1.5088509409335151,1.5275944308829998,27089600
1996-03-28,1.5557093620300293,1.5791390058948311,1.5229085470262758,1.5463376188852702,19977600
1996-03-29,1.5557093620300293,1.5650811051747886,1.5416520333157941,1.5650811051747886,11832000
1996-04-01,1.4947937726974487,1.5557098356820065,1.4666785347031956,1.551024248685955,12520000
1996-04-02,1.5463379621505737,1.5603958659912733,1.4666784137397235,1.5088509812499538,16257600
1996-04-03,1.5322811603546143,1.5697681542225421,1.5135376634206505,1.5369667485850393,9969600
1996-04-04,1.5229090452194214,1.5510242838511092,1.518222886111143,1.5275946323217056,7134400
1996-04-08,1.485421895980835,1.5088509729112742,1.4526205018711027,1.476050150807473,17875200
1996-04-09,1.4713630676269531,1.4901065461954495,1.4479340054191188,1.4901065461954495,12236800
1996-04-10,1.5041658878326416,1.5557102174686008,1.4619927344885646,1.4713644827865682,15780800
1996-04-11,1.480735182762146,1.5088504077513007,1.461991699436043,1.5088504077513007,7171200
1996-04-12,1.4924503564834595,1.5041654675874987,1.4713640717057277,1.4901075630650362,5267200
1996-04-15,1.4713630676269531,1.5182217640481939,1.4713630676269533,1.4994782854796975,11254400
1996-04-16,1.237070083618164,1.2792432133807752,1.1714678822141704,1.2136410119767815,143841600
1996-04-17,1.1855257749557495,1.2698714619168219,1.1855257749557495,1.2558135614204107,45304000
1996-04-18,1.14803946018219,1.2276990352446175,1.138667711821544,1.2089555385233257,45561600
1996-04-19,1.237070083618164,1.251127984207635,1.1574105536305013,1.1808396252718838,39054400
1996-04-22,1.2323839664459229,1.265184766994864,1.1995825938914266,1.2558130279800872,19446400
1996-04-23,1.3635889291763306,1.3635889291763306,1.2839288255309902,1.2979867264119735,43006400
1996-04-24,1.4245052337646484,1.4338769787236265,1.3682747640107809,1.4057617438466925,32998400
1996-04-25,1.4479352235794067,1.4573069707481858,1.3917047405667318,1.4198199820730693,27398400
1996-04-26,1.513537049293518,1.5229087939578558,1.4713639123010476,1.4854218153005043,35430400
1996-04-29,1.4760500192642212,1.5088508384448651,1.4619921167540308,1.5041652522787217,17545600
1996-04-30,1.4526201486587524,1.4619918915533252,1.4338766628696074,1.4619918915533252,19870400
1996-05-01,1.4713630676269531,1.4854209625561112,1.443247849774209,1.452619589058457,10657600
1996-05-02,1.4432482719421387,1.4854213970602006,1.4198192028810124,1.466677913009004,19124800
1996-05-03,1.4479352235794067,1.4713643054983283,1.4338773168232115,1.45262081116077,9352000
1996-05-06,1.4291915893554688,1.4526206689811993,1.4198198431039772,1.4385633356069605,16435200
1996-05-07,1.513537049293518,1.5275943802870748,1.433876933643696,1.433876933643696,25961600
1996-05-08,1.4994786977767944,1.5135365965713161,1.4573061454046865,1.4994786977767944,14857600
1996-05-09,1.5041658878326416,1.522909384428649,1.4854223912366344,1.4994797276805791,9179200
1996-05-10,1.5978825092315674,1.6025680948510324,1.5088506624036035,1.5229085632736243,30840000
1996-05-13,1.6775423288345337,1.696285818542182,1.6259980181414562,1.6259980181414562,44307200
1996-05-14,1.8257333040237427,1.8368623964938051,1.7290875929066263,1.7525166742058242,65492800
1996-05-15,1.7618883848190308,1.8274906119133563,1.7572027974581632,1.8228050245524887,33441600
1996-05-16,1.8368626832962036,1.8368626832962036,1.7665748564180348,1.775946604802199,37523200
1996-05-17,1.8837209939956665,1.9446376305507633,1.8368622628017446,1.8368622628017446,55120000
1996-05-20,1.8649767637252808,1.9071498911189384,1.832175950868676,1.8977781485876557,31113600
1996-05-21,1.8696632385253906,1.8790349826483104,1.8462335922151583,1.874348824583917,18409600
1996-05-22,1.8415488004684448,1.879035793129318,1.836862640382779,1.8696640449640998,18188800
1996-05-23,1.818117380142212,1.8274891192151097,1.794688318462746,1.8274891192151097,16372800
1996-05-24,1.8509198427200317,1.8556054290125703,1.7759458859922512,1.81811845064868,17004800
1996-05-28,1.8134335279464722,1.8977792601298868,1.7946900319057133,1.8649778560555066,16513600
1996-05-29,1.8415488004684448,1.8462343885479973,1.7853183114771354,1.8087473958871243,22398400
1996-05-30,1.9352648258209229,1.9352648258209229,1.7993742936807342,1.836861258132416,35358400
1996-05-31,2.040696620941162,2.0430394130464564,1.8790342415799515,1.9399502683514518,42230400
1996-06-03,1.9399493932724,2.000865964571085,1.9399493932724,1.9961798104687014,27022400
1996-06-04,1.9774380922317505,1.9961815812576438,1.9399511141799637,1.9399511141799637,18960000
1996-06-05,1.9540081024169922,1.9727515826703657,1.9399502062241507,1.9680654266042108,15360000
1996-06-06,1.9165211915969849,2.0008668549238675,1.9165211915969849,1.968065477627261,21937600
1996-06-07,1.9540081024169922,1.9540081024169922,1.8509189610234384,1.8743480253373437,21294400
1996-06-10,1.9399493932724,1.9680646018705505,1.9305776570730162,1.9493211294717834,16548800
1996-06-11,1.9024631977081299,1.9493218971590691,1.8743479780375665,1.9493218971590691,16644800
1996-06-12,1.9165211915969849,1.9493219968879538,1.9024632950396856,1.9024632950396856,6488000
1996-06-13,1.8837209939956665,1.91652239183441,1.869663660640488,1.9118362327120197,8696000
1996-06-14,1.8087464570999146,1.8837204035082011,1.8087464570999146,1.8837204035082011,13588800
1996-06-17,1.780631184577942,1.8274898999615719,1.7384586267355762,1.818118156884846,22427200
1996-06-18,1.7244009971618652,1.799374953560207,1.6634849435911587,1.766574133638879,57785600
1996-06-19,1.780631184577942,1.818118156884846,1.7244007261175858,1.7478303698123023,27998400
1996-06-20,1.982123851776123,1.98680943708712,1.7478302860818873,1.8415477123595816,52977600
1996-06-21,1.9914963245391846,2.038355054857683,1.9774384194406422,2.0055536576317414,52729600
1996-06-24,1.9352648258209229,1.9821235313855252,1.9258930847080022,1.9821235313855252,17057600
1996-06-25,1.8790348768234253,1.9446370819892285,1.8649769754278358,1.9352653383941139,20724800
1996-06-26,1.9258934259414673,1.930579011325287,1.8228042554338064,1.869662969300925,31371200
1996-06-27,1.9258934259414673,1.9399507540987107,1.869662969300925,1.9258934259414673,14491200
1996-06-28,1.9914963245391846,1.9961819115680417,1.9258941020932865,1.9305796891221436,21310400
1996-07-01,1.963381290435791,1.9821247845115215,1.9305798898002402,1.9727530374736562,13097600
1996-07-02,1.9446371793746948,1.9680662535328688,1.9399510213395421,1.9633806675035794,8155200
1996-07-03,1.9165211915969849,1.9540081530755995,1.893091554670032,1.944636412705946,8190400
1996-07-05,1.8649767637252808,1.9024637338504122,1.8368615361314324,1.8837202487878466,9510400
1996-07-08,1.8415488004684448,1.8930931293740885,1.8274908922175608,1.8649778848784337,11395200
1996-07-09,1.8837209939956665,1.8977788993568412,1.822804929446566,1.8556057552793133,21286400
1996-07-10,1.8134335279464722,1.85092052002799,1.7853182838853339,1.8368626119943683,22508800
1996-07-11,1.7103440761566162,1.8040615441102381,1.6681709295744713,1.799375384709542,33707200
1996-07-12,1.640054702758789,1.7150286320277623,1.6353691181823211,1.7150286320277623,26716800
1996-07-15,1.5041658878326416,1.644742112302696,1.4807362310845718,1.644742112302696,42353600
1996-07-16,1.5978825092315674,1.6025680948510324,1.494793333539396,1.5041650767841388,47344000
1996-07-17,1.5275943279266357,1.6587987487301503,1.5088508392404192,1.6494270043870423,34089600
1996-07-18,1.5838241577148438,1.6072537951631547,1.5275937142456777,1.536965454823872,33297600
1996-07-19,1.4526201486587524,1.5744528062881964,1.44324840576418,1.5744528062881964,25272000
1996-07-22,1.5463379621505737,1.5603958659912733,1.3635892162630185,1.4479349232894134,47971200
1996-07-23,1.5463379621505737,1.6634850634679783,1.5322806303158083,1.5697676112164283,57006400
1996-07-24,1.6166255474090576,1.6447407693465572,1.4713632813958153,1.4901067626874818,42883200
1996-07-25,1.5931963920593262,1.6634847541825044,1.5697673193554853,1.6306833659901339,23102400
1996-07-26,1.6259976625442505,1.6447411481527965,1.5791389485228857,1.6072541769357045,12388800
1996-07-29,1.6213122606277466,1.6869144908265572,1.5885114315313678,1.6213122606277466,14081600
1996-07-30,1.569766640663147,1.6447405561096118,1.5650804849449527,1.6259970772479955,16720000
1996-07-31,1.6259976625442505,1.6494267335520396,1.546337562705037,1.574452791117856,19780800
1996-08-01,1.6634854078292847,1.6869144897393045,1.616626672003193,1.6353701663336297,15782400
1996-08-02,1.7384587526321411,1.7478304963875546,1.672856546344246,1.6775421322190307,16334400
1996-08-05,1.7244009971618652,1.7900032090104143,1.7197154108899153,1.7525162308112434,13508800
1996-08-06,1.7900030612945557,1.7946892191856842,1.6962856235304429,1.7290870127508051,20044800
1996-08-07,1.804060697555542,1.860291151941599,1.7946889551578658,1.799374540353823,22260800
1996-08-08,1.7712595462799072,1.8134326786228234,1.7618878026487967,1.804060934991713,7894400
1996-08-09,1.7244009971618652,1.7900032090104143,1.7150292526120725,1.7712597199108289,14443200
1996-08-12,1.7525166273117065,1.7853180266601238,1.7197157999693113,1.7244013873013582,17051200
1996-08-13,1.6728558540344238,1.7525153569855068,1.6447406344036404,1.733771877231651,25083200
1996-08-14,1.7384587526321411,1.7384587526321411,1.6634848025888325,1.6822282900996597,16630400
1996-08-15,1.7337726354599,1.7384587934505584,1.7056574035335232,1.724400891484441,7563200
1996-08-16,1.7431443929672241,1.7853175271871042,1.7384588069460498,1.7384588069460498,11692800
1996-08-19,1.6869133710861206,1.7431438167889912,1.682227786613718,1.7290864913661101,10457600
1996-08-20,1.6916000843048096,1.7244009024240758,1.6728565962349826,1.6962856703193354,7776000
1996-08-21,1.6775423288345337,1.6916002321182257,1.6587988391268853,1.6822284872644016,5171200
1996-08-22,1.7618883848190308,1.7618883848190308,1.6822288236360767,1.6869144109969443,13097600
1996-08-23,1.7197147607803345,1.7572017248081817,1.7103430197733727,1.7525155683018625,8025600
1996-08-26,1.6916000843048096,1.7337726464589893,1.682228340269896,1.7337726464589893,6489600
1996-08-27,1.715029239654541,1.7478306313339385,1.7009719089390056,1.7009719089390056,8584000
1996-08-28,1.66817045211792,1.71502917268303,1.66817045211792,1.71502917268303,7022400
1996-08-29,1.6447409391403198,1.6775417487840791,1.6447409391403198,1.6728561639802766,9768000
1996-08-30,1.6259976625442505,1.6587984763563126,1.6166259197399775,1.6494267335520396,8644800
1996-09-03,1.5931963920593262,1.602568135542028,1.5510238323900813,1.5697673193554853,17376000
1996-09-04,1.5463379621505737,1.6025684335015038,1.5275944717002639,1.5885111016667384,13969600
1996-09-05,1.4947937726974487,1.565081581680091,1.490107613695416,1.5322807566897862,28092800
1996-09-06,1.513537049293518,1.5463378696157506,1.4666783259718286,1.4947935599648423,36683200
1996-09-09,1.569766640663147,1.569766640663147,1.518221787790912,1.518221787790912,16582400
1996-09-10,1.5275943279266357,1.5978826965028872,1.5275943279266357,1.5791392078166708,11500800
1996-09-11,1.4666781425476074,1.5229086035013977,1.452620241306246,1.508850702260036,21310400
1996-09-12,1.513537049293518,1.5744531036087643,1.4807356569653856,1.4807356569653856,21048000
1996-09-13,1.5557093620300293,1.5650811051747886,1.5182223894509925,1.536965875740511,13369600
1996-09-16,1.4619921445846558,1.5650813342669072,1.4573065583293172,1.555709589750339,15323200
1996-09-17,1.4245052337646484,1.4947936069599421,1.3776465089697587,1.466678372083008,57742400
1996-09-18,1.4947937726974487,1.5135372646936174,1.4245053917088253,1.4291915507108581,27222400
1996-09-19,1.4994786977767944,1.5135365965713161,1.4854213709880013,1.4947931128491063,13990400
1996-09-20,1.4947937726974487,1.5088511056915845,1.4854220266993643,1.4947937726974487,16896000
1996-09-23,1.457306146621704,1.49479311409743,1.4432482478154423,1.4854213722284983,7364800
1996-09-24,1.4526201486587524,1.4713636344478978,1.4151331770804623,1.4526201486587527,17020800
1996-09-25,1.4666781425476074,1.4666781425476076,1.4291911685784142,1.4573063990553092,9340800
1996-09-26,1.5603957176208496,1.5885109506229742,1.4666782742804347,1.4713638604445156,36803200
1996-09-27,1.633026361465454,1.6634849605675397,1.56508135578753,1.5697675141131966,37556800
1996-09-30,1.5931963920593262,1.6447412672171007,1.5791390628381872,1.6353695237343986,21129600
1996-10-01,1.5557093620300293,1.5885107490395902,1.5229085470262758,1.583824591464307,15995200
1996-10-02,1.4877643585205078,1.6025680683701338,1.46667807956972,1.5650810960105983,23164800
1996-10-03,1.4432482719421387,1.532280107188192,1.4432482719421387,1.5275939501725235,32803200
1996-10-04,1.4479352235794067,1.4854222122545233,1.4385634764106274,1.4713643054983283,27793600
1996-10-07,1.457306146621704,1.476049630359567,1.4291909210149099,1.4479344047527727,12899200
1996-10-08,1.4291915893554688,1.4807359077356743,1.4245054302267246,1.4573068281099435,15424000
1996-10-09,1.4057613611221313,1.4573062303661573,1.3963896187146505,1.443248330752055,20025600
1996-10-10,1.4198194742202759,1.433876803942276,1.3963898286758112,1.4057615724924275,10830400
1996-10-11,1.551024079322815,1.5697675692722997,1.4245052361608341,1.4338769811355765,21408000
1996-10-14,1.457306146621704,1.5744526339804825,1.4432482478154423,1.5510235653110185,22000000
1996-10-15,1.4291915893554688,1.4760503206129267,1.4151336839752329,1.4713641614841826,19444800
1996-10-16,1.4151328802108765,1.4385625185350845,1.3917038138923403,1.4385625185350845,17190400
1996-10-17,1.4057613611221313,1.4291910031437147,1.3963896187146505,1.4245048459370933,12664000
1996-10-18,1.3870177268981934,1.4151329510920756,1.3823321422020634,1.4104473663959456,11342400
1996-10-21,1.3589028120040894,1.391704200365724,1.3261019956482853,1.3870180425972773,25182400
1996-10-22,1.410447359085083,1.4291908417838501,1.3448451696393975,1.3635886523381648,19603200
1996-10-23,1.4198194742202759,1.443248547758892,1.3682745972259627,1.4198194742202759,20401600
1996-10-24,1.3870177268981934,1.4291908491918672,1.3823321422020634,1.4245046924900364,11688000
1996-10-25,1.396389365196228,1.4526198094323177,1.3917037808460497,1.396389365196228,13833600
1996-10-28,1.401076078414917,1.4245051534890976,1.3917043339840678,1.405761664627399,9022400
1996-10-29,1.4151328802108765,1.4291907776065356,1.3917038138923403,1.410447295749438,13200000
1996-10-30,1.4338769912719727,1.443248736312966,1.410447914672451,1.4245052462309795,10728000
1996-10-31,1.4901072978973389,1.4994790419092718,1.4338768338257413,1.4338768338257413,18766400
1996-11-01,1.5041658878326416,1.5135376361306454,1.4901079793825756,1.494794139534638,17422400
1996-11-04,1.4666781425476074,1.504165116516801,1.461991984798544,1.504165116516801,11406400
1996-11-05,1.4760500192642212,1.5041652522787217,1.443248628077697,1.4619921167540308,11515200
1996-11-06,1.4994786977767944,1.5275939233601092,1.4666778872657913,1.4854213709880013,15374400
1996-11-07,1.5603957176208496,1.5603957176208498,1.4901073491125987,1.4947935072825593,15059200
1996-11-08,1.5931963920593262,1.597882549803591,1.5510238323900813,1.5603955758727832,26556800
1996-11-11,1.6775423288345337,1.7056575633960063,1.5931966251501157,1.5978827835799836,57864000
1996-11-12,1.635370135307312,1.7197158581940664,1.6306839758105827,1.6869144577350854,29088000
1996-11-13,1.640054702758789,1.6587981850760323,1.6072538947064563,1.644740859340943,22776000
1996-11-14,1.7244009971618652,1.733772741711658,1.6353697099417805,1.6400552962137305,45713600
1996-11-15,1.640054702758789,1.7525155966622488,1.6306829616001675,1.7337721143450056,35758400
1996-11-18,1.569766640663147,1.7103427321252684,1.5603949012323388,1.6447405561096118,41027200
1996-11-19,1.5931963920593262,1.6166260367689949,1.5369659311631145,1.5603955758727832,35056000
1996-11-20,1.5369664430618286,1.6025686692900774,1.527594696457793,1.5931969226860418,22491200
1996-11-21,1.5416524410247803,1.5603959322712457,1.504165458531849,1.5463380278334173,18113600
1996-11-22,1.565081000328064,1.5791389001063503,1.546337515294195,1.5510236725555466,12046400
1996-11-25,1.574452519416809,1.6306829665388378,1.5557090370427993,1.5697669348261505,18534400
1996-11-26,1.5416524410247803,1.6166264060106428,1.5322806954015473,1.5744532647031158,19574400
1996-11-27,1.6072547435760498,1.6119403306272047,1.4947937902764774,1.536966361760823,22436800
1996-11-29,1.574452519416809,1.6213112253518331,1.5603951936391456,1.6166256407611745,4672000
1996-12-02,1.5791393518447876,1.6119401740343815,1.536966212451387,1.56508144804501,18884800
1996-12-03,1.480735182762146,1.6119395660448679,1.480735182762146,1.5931960827187648,37678400
1996-12-04,1.485421895980835,1.5416523670210067,1.4526205018711027,1.485421895980835,71742400
1996-12-05,1.4666781425476074,1.560395577470591,1.4479346555630108,1.4901072152754393,41308800
1996-12-06,1.5182230472564697,1.5322809540674274,1.424505575203601,1.424505575203601,45072000
1996-12-09,1.5088505744934082,1.5557092879869923,1.4924498817692087,1.5463375452882755,19052800
1996-12-10,1.480735182762146,1.532280047911788,1.4760495979334787,1.5088504077513007,21022400
1996-12-11,1.485421895980835,1.5041653863275588,1.4526205018711027,1.4666784056341111,20329600
1996-12-12,1.4666781425476074,1.5229086035013977,1.461991984798544,1.504165116516801,15465600
1996-12-13,1.480735182762146,1.4947930812595818,1.4432482161099398,1.466677856270427,17728000
1996-12-16,1.457306146621704,1.5135365978352928,1.4432482478154423,1.5041648559663614,11011200
1996-12-17,1.4760500192642212,1.4947935079405548,1.4479347862497205,1.452620372415864,11899200
1996-12-18,1.4947937726974487,1.5088511056915845,1.4854220266993643,1.490107613695416,11708800
1996-12-19,1.5275943279266357,1.5369660722697438,1.4947935087286972,1.5088508392404192,20688000
1996-12-20,1.4994786977767944,1.5322800802935261,1.4854213709880013,1.5322800802935261,13584000
1996-12-23,1.5041658878326416,1.5182232242765863,1.4901079793825756,1.5041658878326418,8267200
1996-12-24,1.5229090452194214,1.5229090452194214,1.4994793936900177,1.5088511399005804,7004800
1996-12-26,1.5182230472564697,1.5275947944617565,1.5041657124515668,1.5182230472564697,7563200
1996-12-27,1.5182230472564697,1.5322809540674274,1.5088513000511827,1.5135374596568538,3379200
1996-12-30,1.5182230472564697,1.5369665416670433,1.5182230472564697,1.5275947944617565,9651200
1996-12-31,1.4947937726974487,1.5041655186955332,1.4666785347031956,1.490107613695416,10406400
1997-01-02,1.4760500192642212,1.5135369966168886,1.4713638610921975,1.5088508384448651,9158400
1997-01-03,1.4947937726974487,1.5088511056915845,1.4854220266993643,1.4854220266993643,8451200
1997-01-06,1.4901072978973389,1.4994790419092718,1.4666782238704366,1.4994790419092718,9488000
1997-01-07,1.5275943279266357,1.5322804861011299,1.4713638618679865,1.4760500200424806,16086400
1997-01-08,1.5416524410247803,1.5744532647031158,1.5275945365869517,1.5275945365869517,16952000
1997-01-09,1.5791393518447876,1.5978828422405364,1.536966212451387,1.5463379576492613,21212800
1997-01-10,1.66817045211792,1.682228354290386,1.5697674249341218,1.5744530109876997,51009600
1997-01-13,1.635370135307312,1.6775427107476684,1.635370135307312,1.6728571232569807,13628800
1997-01-14,1.729087233543396,1.729087233543396,1.6400553702958072,1.6400553702958072,29827200
1997-01-15,1.7337726354599,1.7572022814014763,1.6962856595580642,1.724400891484441,24625600
1997-01-16,1.8556052446365356,1.8790348897889062,1.7337725770593895,1.7337725770593895,45131200
1997-01-17,1.8368626832962036,1.8743496768328607,1.8087474381437105,1.855606180064532,43844800
1997-01-20,1.9680675268173218,1.977439276945023,1.8462347751572017,1.8462347751572017,54544000
1997-01-21,2.127385377883911,2.1320715347631687,1.935264957954525,1.9586940263336452,52169600
1997-01-22,2.211730718612671,2.2164168747820407,2.12738505561473,2.1320712117841,64054400
1997-01-23,2.1601877212524414,2.2539051804823527,2.1367580704419753,2.2070464508673973,59804800
1997-01-24,2.0945847034454346,2.178930384684732,2.0898985462625936,2.1414434152450443,41155200
1997-01-27,2.014925003051758,2.0898989566536836,1.9961815146512762,2.085213370556499,28304000
1997-01-28,2.0430402755737305,2.103956900068549,2.038354689384989,2.0430402755737305,18979200
1997-01-29,2.028982400894165,2.0524114695667195,1.9961810183457134,2.051240144834381,14476800
1997-01-30,2.0898990631103516,2.0992708077879767,2.0149251056893522,2.02898300870874,22635200
1997-01-31,2.099271297454834,2.1555017786366597,2.0852139631623943,2.122700950616945,16606400
1997-02-03,2.099271297454834,2.1133292037533074,2.066470469435119,2.099271297454834,12220800
1997-02-04,2.0945847034454346,2.11801377334236,2.0758412187255906,2.099270288622516,11995200
1997-02-05,2.0336687564849854,2.089899229014524,2.019611424355574,2.0852136423067025,19740800
1997-02-06,2.0617833137512207,2.0805267984216864,2.0289825015807845,2.0336680867455224,21740800
1997-02-07,2.1742453575134277,2.188303264362448,2.0805278852068145,2.0898996324374757,43507200
1997-02-10,2.1695587635040283,2.192987834709568,2.1180138916425744,2.192987834709568,23324800
1997-02-11,2.1742453575134277,2.1742453575134277,2.13207278097848,2.1742453575134277,19740800
1997-02-12,2.366365671157837,2.366365671157837,2.174244631112625,2.174244631112625,51985600
1997-02-13,2.3007636070251465,2.3897948955627695,2.2867057039894734,2.380423150874288,37344000
1997-02-14,2.2445321083068848,2.314819875194589,2.211730730955154,2.314819875194589,26534400
1997-02-18,2.202359676361084,2.258590136183069,2.1883023474084964,2.2539045505341457,33000000
1997-02-19,2.1812736988067627,2.2164178840607387,2.174244747354788,2.20235998115679,24257600
1997-02-20,2.103956937789917,2.1461295022682236,2.0664699595843583,2.108642524062665,46198400
1997-02-21,2.0430402755737305,2.141443877602012,2.0430402755737305,2.1180142306406564,34073600
1997-02-24,2.0477259159088135,2.0805267269524927,2.019610689868915,2.0289824318822145,23523200
1997-02-25,2.1508145332336426,2.1695580125123426,2.05241098101767,2.0805261999357203,47080000
1997-02-26,2.141444206237793,2.1836167764319923,2.0758419854866172,2.178931189524179,34897600
1997-02-27,2.113328456878662,2.174244503960856,2.108642299099968,2.1414436875333283,25608000
1997-02-28,2.0875558853149414,2.1133283214313714,2.061783449198511,2.103956578480469,14212800
1997-03-03,2.127385377883911,2.1508150182687538,2.0992701526255333,2.0992701526255333,19128000
1997-03-04,2.192988395690918,2.207046299614982,2.1367579240065355,2.146129669287266,27152000
1997-03-05,2.347620964050293,2.356992703284016,2.1976731363107316,2.216416614778177,53811200
1997-03-06,2.2257893085479736,2.3429358132053335,2.1742444346545495,2.333564069952512,65582400
1997-03-07,2.202359676361084,2.272648037141474,2.1742444464500914,2.2351610639268173,23433600
1997-03-10,2.230473518371582,2.2539031480546865,2.18830098574964,2.2164161981660886,14097600
1997-03-11,2.235161066055298,2.249218395021272,2.2257893227427092,2.235161066055298,11518400
1997-03-12,2.197673797607422,2.2585898349539315,2.1601868293924187,2.2451179557516645,20787200
1997-03-13,2.2164177894592285,2.2398468639579447,2.174244654553319,2.188302556857246,22342400
1997-03-14,2.2164177894592285,2.230475119757284,2.1929881429546407,2.221103375556623,11364800
1997-03-17,2.1648716926574707,2.2351600206296443,2.1320708924078597,2.2117303873037364,21299200
1997-03-18,2.113328456878662,2.174244503960856,2.0852132262239955,2.174244503960856,21801600
1997-03-19,2.0266385078430176,2.113327526536501,2.024295715987945,2.108641370820776,33318400
1997-03-20,2.113328456878662,2.1180140426515237,1.9914957907084416,2.033668350687525,36152000
1997-03-21,2.1367568969726562,2.1929873416298316,2.113327831034998,2.1273851561964605,25667200
1997-03-24,2.1836161613464355,2.2070458053037014,2.061783499983759,2.150815346213235,20723200
1997-03-25,2.230473518371582,2.2539031480546865,2.192986568482984,2.192986568482984,25484800
1997-03-26,2.2960784435272217,2.3241936897744937,2.2445341114102972,2.249219699781768,30076800
1997-03-27,2.2445321083068848,2.2960763944237828,2.202358990569751,2.2913908102339007,21033600
1997-03-31,2.113328456878662,2.258590195924855,2.108642299099968,2.2445328666004376,28252800
1997-04-01,2.2187602519989014,2.2304747875032493,2.0524116742151746,2.075841317229657,31588800
1997-04-02,2.1203577518463135,2.22110418156436,2.099271462744374,2.2070468461650936,24473600
1997-04-03,2.1508145332336426,2.2117305548866213,2.1180131584931203,2.122699314315592,31366400
1997-04-04,2.2070462703704834,2.2117318569457933,2.094585328491884,2.1367578956933935,29027200
1997-04-07,2.2539045810699463,2.2726480679312107,2.2117314496291893,2.249218423351718,16676800
1997-04-08,2.146130084991455,2.2351619684067887,2.12738659079939,2.1648735791835203,33113600
1997-04-09,2.1367568969726562,2.1976734980207606,2.1273851561964605,2.1601865349159772,19585600
1997-04-10,2.108642339706421,2.146129314634535,2.0711553647783068,2.1320719850394134,25217600
1997-04-11,2.0196118354797363,2.0992714017762504,2.005553928482668,2.071156159788176,38212800
1997-04-14,2.0430402755737305,2.0898989974905593,2.000867711851526,2.024296786806999,21889600
1997-04-15,2.0477259159088135,2.075841141948712,2.0289824318822145,2.0664693999354125,18622400
1997-04-16,1.8977785110473633,2.0477264201866756,1.855605375598992,2.0477264201866756,58356800
1997-04-17,1.9446371793746948,1.9868097416617532,1.9118357891462154,1.9212075332106577,39065600
1997-04-18,1.8087464570999146,1.9727522508709499,1.8087464570999146,1.9727522508709499,55206400
1997-04-21,1.7056576013565063,1.8790351710138384,1.6353697993914804,1.8181185421052868,79248000
1997-04-22,1.588510513305664,1.668170032211793,1.546337389409808,1.668170032211793,66555200
1997-04-23,1.6775423288345337,1.6869140736883579,1.5838248802962915,1.5931966251501157,48352000
1997-04-24,1.6119400262832642,1.7337727026883947,1.607254440116776,1.7244009583495385,33089600
1997-04-25,1.6916000843048096,1.785317524653944,1.6775421822495085,1.785317524653944,48457600
1997-04-28,1.6845707893371582,1.7384584495370945,1.6775418397446134,1.7056570661090482,22569600
1997-04-29,1.6962857246398926,1.7244009576449735,1.6775422359698384,1.7150292133099465,19382400
1997-04-30,1.7525166273117065,1.7712601206519387,1.705657893961126,1.7103440532991954,31956800
1997-05-01,1.8368626832962036,1.8368626832962036,1.761888696222889,1.7712604446070535,33721600
1997-05-02,1.8556052446365356,1.8649769882963163,1.7900030390180723,1.8368617573169748,37902400
1997-05-05,2.0008678436279297,2.0008678436279297,1.8602916686191495,1.8696634136197348,39363200
1997-05-06,1.9493228197097778,1.9961815413374167,1.9165220005733703,1.9727524665265368,24468800
1997-05-07,1.9586944580078125,2.0149249209171276,1.921207482734936,1.9352653844651888,22147200
1997-05-08,1.9399493932724,2.0055515466680847,1.9258920749760162,1.958692865671167,17244800
1997-05-09,1.9258934259414673,1.972752139808586,1.8884064548477726,1.9493224968721345,14755200
1997-05-12,1.8930926322937012,1.930579615111398,1.8743491408848525,1.9212078694069739,25344000
1997-05-13,1.9024631977081299,1.9118349375983177,1.8743479780375665,1.8884058738756524,17512000
1997-05-14,1.888406753540039,1.9258937305631083,1.8602915207727375,1.916521986307341,13598400
1997-05-15,1.8790348768234253,1.9071501076087696,1.8415479024429662,1.8837204626180653,13275200
1997-05-16,1.8602917194366455,1.8977787004630167,1.8509199741800526,1.8696634646932382,12160000
1997-05-19,1.8907489776611328,1.9258931510465678,1.850919219560681,1.8696627024321528,12809600
1997-05-20,1.9680675268173218,1.977439276945023,1.8649782754126047,1.8930935257957093,19417600
1997-05-21,1.9774380922317505,2.0242968147964837,1.9680663477188038,1.9868098367446971,22801600
1997-05-22,1.979780912399292,2.0055533531633802,1.9493228853176778,2.000867766845854,18032000
1997-05-23,2.108642339706421,2.1180140834384495,1.982124085326957,1.9868096711900498,37350400
1997-05-27,2.099271297454834,2.122700950616945,2.071156056863921,2.10395745688967,14172800
1997-05-28,2.0617833137512207,2.1086420254273848,2.0477259862512502,2.099270283092152,14292800
1997-05-29,2.0008678436279297,2.061783900128774,1.9868099401240913,2.061783900128774,22345600
1997-05-30,1.8087464570999146,1.9024638901102728,1.7712594838957711,1.7853173848502333,102067200
1997-06-02,1.778287410736084,1.8228033087927384,1.7712584643049305,1.7993736780240566,36332800
1997-06-03,1.7454885244369507,1.7759471449540265,1.691601383842903,1.7712609833335913,33859200
1997-06-04,1.747829794883728,1.7900023388539186,1.7337718988899211,1.766573274871727,23008000
1997-06-05,1.7970317602157593,1.808746295292638,1.757201997750912,1.7712593254420133,14592000
1997-06-06,1.7501732110977173,1.799374720613025,1.7244007739208156,1.7525160039303942,35587200
1997-06-09,1.8228046894073486,1.827490275906713,1.74783072937015,1.7618880608741645,18425600
1997-06-10,1.747829794883728,1.8509189348177233,1.747829794883728,1.8368610388239166,30494400
1997-06-11,1.775945782661438,1.7900031127270437,1.7244009044072044,1.7478305505243639,14185600
1997-06-12,1.7689175605773926,1.8040617582327423,1.733773362922043,1.7759465145096822,14505600
1997-06-13,1.8064041137695312,1.8228048116288373,1.7665743378306105,1.7712599246441498,14926400
1997-06-16,1.780631184577942,1.818118156884846,1.7712594415012157,1.818118156884846,12033600
1997-06-17,1.8134335279464722,1.8274908639739889,1.7759465358649544,1.7806321238720917,18944000
1997-06-18,1.7993749380111694,1.8556054048240185,1.7993749380111694,1.8110894755957077,13700800
1997-06-19,1.8462337255477905,1.8462337255477905,1.7946894151522024,1.7993750015491157,17558400
1997-06-20,1.8649767637252808,1.8720057136251855,1.8228042083373932,1.8462332786627154,21867200
1997-06-23,1.8274897336959839,1.8743484448163938,1.8274897336959839,1.8649767025923119,16472000
1997-06-24,1.8743479251861572,1.8743479251861574,1.8368609666824343,1.8602906017500573,8475200
1997-06-25,1.8696632385253906,1.954008935631667,1.8462335922151583,1.8790349826483104,29425600
1997-06-26,1.8392049074172974,1.9024643324077113,1.832176527311879,1.8766918893366613,14796800
1997-06-27,1.9024631977081299,1.907149353656028,1.8274892785866272,1.8462327583670028,18193600
1997-06-30,1.9071499109268188,1.9446368814412942,1.9071499109268188,1.9165216535554377,21110400
1997-07-01,1.9352648258209229,1.9868091159391439,1.8977778613692409,1.91183518703578,19083200
1997-07-02,2.031325578689575,2.0383545294269796,1.9446370929477126,1.9540088365956392,23163200
1997-07-03,2.028982400894165,2.057097626504668,2.0008671752836618,2.033667985826384,13625600
1997-07-07,2.0430402755737305,2.061783764340462,2.0289829450016232,2.04069748247936,17265600
1997-07-08,1.9680675268173218,2.057099439033603,1.9446384375011845,2.0524132779666355,18904000
1997-07-09,1.9914963245391846,2.024297149759141,1.9891529590187706,1.9961819115680417,13179200
1997-07-10,2.028982400894165,2.0360107782924937,1.9868092764755456,2.005552760215881,17782400
1997-07-11,2.052412271499634,2.0711557625635573,2.0289831936727056,2.0336687804357103,18129600
1997-07-14,2.12504243850708,2.127385230781851,2.052411301943724,2.06178304304849,21622400
1997-07-15,2.0758416652679443,2.1320721315234294,2.0477264321402013,2.1227003871475154,16964800
1997-07-16,2.012582302093506,2.0992707969108966,1.9493228828458327,2.0758417213411793,36796800
1997-07-17,1.9657237529754639,1.9914961959885287,1.9446374686947507,1.9914961959885287,27273600
1997-07-18,1.989153504371643,1.991496870534522,1.9305802184163712,1.9540098760021654,17796800
1997-07-21,2.0102388858795166,2.0242962124632062,1.9586940203926395,2.005552729014473,17955200
1997-07-22,1.9352648258209229,2.043039562616667,1.8837199636970186,2.0289822369501276,50656000
1997-07-23,1.7946877479553223,1.82748853828075,1.761886385624518,1.7712581217182652,100868800
1997-07-24,1.731430172920227,1.79937518670851,1.6869142375392279,1.79937518670851,61756800
1997-07-25,1.7337726354599,1.7806313553371946,1.7103435615241815,1.743144379435359,26771200
1997-07-28,1.7900030612945557,1.8134327067385068,1.7384587565272165,1.7384587565272165,18680000
1997-07-29,1.7431443929672241,1.8040610152835261,1.7197153188496281,1.7900031132082785,21528000
1997-07-30,1.7361161708831787,1.7618886208384585,1.715029880922542,1.7525168728552751,26433600
1997-07-31,1.7337726354599,1.743144379435359,1.7080001965259235,1.7384587934505584,19920000
1997-08-01,1.775945782661438,1.7900031127270437,1.7244009044072044,1.7384588064786726,18065600
1997-08-04,1.7946877479553223,1.813431220142817,1.7525146495307704,1.7806298578120128,20814400
1997-08-05,1.7946877479553223,1.8040594840490698,1.7759442757678274,1.8040594840490698,24188800
1997-08-06,1.7946877479553223,1.8181168021870024,1.7806298578120128,1.7946877479553223,16579200
1997-08-07,1.7525166273117065,1.804061520000356,1.7525166273117065,1.804061520000356,15753600
1997-08-08,1.729087233543396,1.7665742134358715,1.7244010750538772,1.7478307234896338,15332800
1997-08-11,1.7009714841842651,1.757201937016708,1.6962853271120222,1.7431440378057244,16283200
1997-08-12,1.7244009971618652,1.7501734376752685,1.7056575080622798,1.7103436663401226,10843200
1997-08-13,1.7337726354599,1.766574025376935,1.715029147508982,1.7525161234108177,11683200
1997-08-14,1.7267435789108276,1.743144272866674,1.7056572992566381,1.738458687168331,8312000
1997-08-15,1.6892560720443726,1.7267430338207006,1.6869132799347626,1.7244002417110906,12275200
1997-08-18,1.6423982381820679,1.705657662627143,1.6213119540356908,1.7009720759305902,26033600
1997-08-19,1.7501732110977173,1.7712594906034465,1.6705131067343353,1.6705131067343353,29705600
1997-08-20,1.775945782661438,1.7806313686813524,1.7384588064786726,1.7525161365442785,10849600
1997-08-21,1.7548595666885376,1.7829748090333717,1.7431450253797076,1.7782892213122676,7676800
1997-08-22,1.7337726354599,1.7525161234108177,1.7126863545165818,1.724400891484441,8427200
1997-08-25,1.7431443929672241,1.7572022950424717,1.729087062897839,1.7384588069460498,9217600
1997-08-26,1.7267435789108276,1.743144272866674,1.719715200363313,1.733772529464165,5764800
1997-08-27,1.729087233543396,1.733772820026996,1.7056575851076394,1.729087233543396,10694400
1997-08-28,1.715029239654541,1.7290871423759653,1.696285750696568,1.7244009841335277,13148800
1997-08-29,1.7337726354599,1.7525161234108177,1.7197153054996406,1.7197153054996406,17182400
1997-09-02,1.7993749380111694,1.7993749380111694,1.7384588849668603,1.7431444711983204,13928000
1997-09-03,1.8251465559005737,1.8649763089444624,1.7806306467308939,1.7946885431026371,31659200
1997-09-04,1.804060697555542,1.8274897675468516,1.7946889551578658,1.8181180251491753,6673600
1997-09-05,1.8720054626464844,1.8743482549637658,1.81343222268029,1.8181178073148527,17300800
1997-09-08,1.9305799007415771,1.9657240953342587,1.8884073248351978,1.8884073248351978,35502400
1997-09-09,1.904806137084961,1.9352647230893518,1.8837198637016543,1.9352647230893518,11281600
1997-09-10,1.9118361473083496,1.944637543681821,1.8977788145811263,1.916522306221404,16352000
1997-09-11,1.963381290435791,1.9914965315493867,1.9071508082085995,1.9165225552464646,24284800
1997-09-12,1.9563515186309814,1.9821239552036003,1.9118355958247861,1.9680660545255153,13200000
1997-09-15,1.9024631977081299,1.9774371168296325,1.9024631977081299,1.9680653769394447,14468800
1997-09-16,1.9399493932724,1.9446355473747832,1.9258920749760162,1.9258920749760162,18766400
1997-09-17,1.9376075267791748,1.9493220596168042,1.902463356260631,1.9493220596168042,11502400
1997-09-18,1.9914963245391846,2.000868070602884,1.9352658481569862,1.9399514351858433,21300800
1997-09-19,2.03835391998291,2.0594401938847358,1.9821234749075978,1.991495215753483,38923200
1997-09-22,2.0945847034454346,2.099270288622516,2.0383542492859026,2.0406970418744432,25875200
1997-09-23,2.099271297454834,2.10395745688967,2.075842216298757,2.092242344305597,17630400
1997-09-24,2.108642339706421,2.1273858271704778,2.057098035183185,2.0898988522423636,24828800
1997-09-25,2.0711562633514404,2.1227011622433225,2.0524127677554995,2.1109860484912915,17084800
1997-09-26,2.1016130447387695,2.118013736585448,2.061783283401764,2.0711550255990447,16816000
1997-09-29,2.310135841369629,2.321850381711767,2.1461299885555998,2.1461299885555998,79174400
1997-09-30,2.3874523639678955,2.437239906081787,2.2913921133878135,2.3101356048183646,84574400
1997-10-01,2.324193239212036,2.3757381333427414,2.277334504550503,2.366366386410435,38025600
1997-10-02,2.2913918495178223,2.33356441437711,2.2632766156096644,2.33356441437711,16030400
1997-10-03,2.417909622192383,2.4272813649140588,2.3241921949756237,2.3335639376972996,30764800
1997-10-06,2.394481658935547,2.4319686471614963,2.375738164822572,2.4179107405737423,26235200
1997-10-07,2.4038522243499756,2.455396521820423,2.375736997000887,2.3991660671222452,26196800
1997-10-08,2.427280902862549,2.441338800271925,2.375736613708072,2.403851836521152,12011200
1997-10-09,2.462425947189331,2.4975699861215825,2.413224292684179,2.4179098785388917,21539200
1997-10-10,2.5303707122802734,2.544428613351408,2.4507111795632497,2.4647685086285627,24230400
1997-10-13,2.5280284881591797,2.5631725317480054,2.506942062005884,2.539742883352496,9697600
1997-10-14,2.5022552013397217,2.567857397629527,2.4600826468705828,2.525684843160388,23913600
1997-10-15,2.506941795349121,2.544428771189812,2.483512149445761,2.4975700513889483,11347200
1997-10-16,2.429624319076538,2.539742595859344,2.4225960831602715,2.525685266018031,23556800
1997-10-17,2.305448293685913,2.4225953425792963,2.2960765526546694,2.408537445029592,40542400
1997-10-20,2.394481658935547,2.3991672464607676,2.258591040613457,2.3241932700088688,17443200
1997-10-21,2.396824598312378,2.4366543827207154,2.375738309155738,2.408539139843169,13579200
1997-10-22,2.3757381439208984,2.4179107193010356,2.3569946499728283,2.3804237314048953,14211200
1997-10-23,2.3007636070251465,2.3710514061858063,2.2867057039894734,2.3054491933664365,18308800
1997-10-24,2.221104145050049,2.3335651144196716,2.136758418022832,2.328879526698972,41254400
1997-10-27,2.0617833137512207,2.2211029334501786,2.043039829080755,2.202359448779713,30124800
1997-10-28,2.2257893085479736,2.2304748941714774,1.9493225965868373,2.010239213733083,57156800
1997-10-29,2.148472309112549,2.2492187066842555,2.0898990482941207,2.2445331203816115,29576000
1997-10-30,2.0336687564849854,2.1320723694146513,2.0242970110633958,2.0711557381713446,26164800
1997-10-31,2.113328456878662,2.1367575297546346,2.0758414826724403,2.099270555548413,11475200
1997-11-03,2.2164177894592285,2.230475119757284,2.164872910352658,2.18361639875398,11739200
1997-11-04,2.3523075580596924,2.3569937156922007,2.192987922653259,2.211731409171663,23864000
1997-11-05,2.4413387775421143,2.5256844451960623,2.352306953460113,2.356993109888166,74908800
1997-11-06,2.3148205280303955,2.4553966734573427,2.3148205280303955,2.448367580183095,17020800
1997-11-07,2.342935800552368,2.3569937013585878,2.2445327829320743,2.2726480125387027,19792000
1997-11-10,2.3640217781066895,2.427281179651156,2.352307243600155,2.4179094376447807,16137600
1997-11-11,2.335907220840454,2.415567479705086,2.328878841327803,2.3991666404956224,13952000
1997-11-12,2.324193239212036,2.4272824554674086,2.2632771701550625,2.366366386410435,51224000
1997-11-13,2.4366531372070312,2.4553966228778545,2.3241922231820915,2.3710509373591497,44881600
1997-11-14,2.6170594692230225,2.652203798492218,2.4741406459432707,2.4741406459432707,92296000
1997-11-17,2.5889434814453125,2.69671908811406,2.5866008319120333,2.6709465112135127,35617600
1997-11-18,2.5584864616394043,2.6522039144467087,2.549114716358674,2.5866016974815955,30390400
1997-11-19,2.5748867988586426,2.5959729356179695,2.530370731468779,2.5491142183685476,16102400
1997-11-20,2.6615757942199707,2.668604889538676,2.57723008243131,2.5866018281856054,30246400
1997-11-21,2.6100306510925293,2.680318435962787,2.5936301012221277,2.680318435962787,20224000
1997-11-24,2.5116279125213623,2.6053453719438013,2.5116279125213623,2.5866018800593134,20299200
1997-11-25,2.563171625137329,2.595972434882079,2.4741397935338227,2.525684658568635,31136000
1997-11-26,2.560828924179077,2.5912876661139443,2.530371040253053,2.5819159215204146,5392000
1997-11-28,2.539743185043335,2.572544582292275,2.5374005345287602,2.5538010901517336,2396800
1997-12-01,2.6568899154663086,2.6592328516474932,2.567858054578341,2.5772297993030797,18614400
1997-12-02,2.54911470413208,2.6756335508180733,2.532713863966498,2.6240886660183174,36280000
1997-12-03,2.4577395915985107,2.5256853079803903,2.361679501069832,2.511627405899662,67547200
1997-12-04,2.417909622192383,2.5116270494091415,2.408537879470707,2.483511821244114,24408000
1997-12-05,2.5116279125213623,2.5303714044058503,2.371051723387704,2.375737882361815,23337600
1997-12-08,2.5702006816864014,2.6264311495301063,2.525685466649367,2.5303710529667263,22460800
1997-12-09,2.4413387775421143,2.5866004747210805,2.440166737930142,2.5584852521697643,26179200
1997-12-10,2.342935800552368,2.436653232574463,2.282019755740912,2.436653232574463,69076800
1997-12-11,2.2257893085479736,2.324192326699691,2.160187105778224,2.314820583446869,62568000
1997-12-12,1.9001213312149048,2.263276571840399,1.8884067936478597,2.2585904136100488,180356800
1997-12-15,1.9071499109268188,1.993838387240099,1.8790346830409626,1.9868094372671912,73518400
1997-12-16,1.9680675268173218,2.094586439544409,1.935266687373483,1.9446384375011845,55036800
1997-12-17,1.9329227209091187,2.04304089373342,1.9212081798869318,2.0242973992954987,33820800
1997-12-18,1.8415488004684448,1.9680671146958346,1.836862640382779,1.9586953665306164,40369600
1997-12-19,1.7993749380111694,1.8556054048240185,1.7384588849668603,1.8040610962485175,52814400
1997-12-22,1.8157753944396973,1.8790348042654506,1.780631214313633,1.8462334169462407,36022400
1997-12-23,1.7431443929672241,1.8415479914763697,1.7431443929672241,1.8415479914763697,31073600
1997-12-24,1.7173718214035034,1.7712594885268051,1.7056572852480345,1.7712594885268051,17700800
1997-12-26,1.7361161708831787,1.743145124872092,1.719716040917185,1.7267444228999955,11395200
1997-12-29,1.9118361473083496,1.9118361473083494,1.7853178647394585,1.7993751974666818,33779200
1997-12-30,1.963381290435791,2.0149256131410276,1.8790355670950039,1.9071508082085995,34825600
1997-12-31,1.8930926322937012,2.0430405635644893,1.8930926322937012,1.9797811370581346,38304000
1998-01-02,1.9422935247421265,1.9844666527466852,1.9165216614121061,1.921207246742736,23992000
1998-01-05,1.963381290435791,2.0149256131410276,1.9446377963600605,1.9727530374736562,24339200
1998-01-06,1.9469796419143677,2.0149246318473124,1.9446368492973822,1.963380334244799,18283200
1998-01-07,1.7946877479553223,1.9071485810802915,1.7759442757678274,1.9024624270307293,77368000
1998-01-08,1.8134335279464722,1.8720068100723173,1.7618886278313328,1.7923466658960399,40539200
1998-01-09,1.740801453590393,1.8228043501189164,1.7197151742563141,1.8134326068586797,33051200
1998-01-12,1.7642297744750977,1.7946883561050317,1.6962848077728805,1.7197144419493242,35160000
1998-01-13,1.8251465559005737,1.8509189845783496,1.7993741272227979,1.8040602833485893,27872000
1998-01-14,1.8251465559005737,1.8743480491904145,1.818117607714702,1.8556045686985105,24870400
1998-01-15,1.7244009971618652,1.7853176227384646,1.7244009971618652,1.7853176227384646,37475200
1998-01-16,1.7244009971618652,1.7712597199108289,1.686914018962694,1.733772741711658,48825600
1998-01-20,1.780631184577942,1.8321760575028363,1.768916648733485,1.8134325713493844,43787200
1998-01-21,2.028982400894165,2.0477258846345,1.9071497565819853,1.935264982192488,117758400
1998-01-22,1.9868099689483643,2.0711556751773044,1.9540091469734073,2.0196113629292496,73201600
1998-01-23,2.040696620941162,2.052411153473275,2.0008668671285936,2.0149241917660006,30686400
1998-01-26,1.9446371793746948,2.0383546200191174,1.9329220702897445,2.0336684619839644,29942400
1998-01-27,1.9680675268173218,2.0149262774558294,1.9446384375011845,1.954010187628886,35248000
1998-01-28,2.021953821182251,2.0617835884114686,1.9774378961582721,2.00086754112041,25020800
1998-01-29,2.017268657684326,2.094586009363284,1.9961823672292087,2.0336693600410247,31752000
1998-01-30,1.9446371793746948,2.0430402060484067,1.9399510213395421,2.028982875954675,37011200
1998-02-02,2.108642339706421,2.115671290506903,1.9914958290589855,2.000867572791014,59187200
1998-02-03,2.099271297454834,2.1367582849093845,2.099271297454834,2.122700950616945,40894400
1998-02-04,2.1391005516052246,2.174244736686764,2.0664699603108407,2.075841704865525,36555200
1998-02-05,2.108642339706421,2.190645240363131,2.0945850101112993,2.164872802098592,28372800
1998-02-06,1.7900030612945557,1.8602914256205632,1.7290870127508051,1.733772598636088,242896000
1998-02-09,1.7876601219177246,1.8087464006859295,1.7572021001407843,1.7572021001407843,55147200
1998-02-10,1.7384587526321411,1.7900030572839936,1.7337725947515121,1.7829741064659723,49556800
1998-02-11,1.7712595462799072,1.8134326786228234,1.7337725717554648,1.7408015224802569,56574400
1998-02-12,1.785317063331604,1.7993743897486587,1.7454867324709034,1.7595446308936715,26593600
1998-02-13,1.7454885244369507,1.7782899397610934,1.7431457296298836,1.7712609833335913,21105600
1998-02-17,1.7525166273117065,1.790003613992171,1.7478310399796597,1.790003613992171,16721600
1998-02-18,1.778287410736084,1.7900019401176812,1.75251498849218,1.7665728813544868,18508800
1998-02-19,1.7712595462799072,1.7993747771732391,1.7618878026487967,1.7946891913606022,13468800
1998-02-20,1.747829794883728,1.7853167548597264,1.7384580548897284,1.7853167548597264,22300800
1998-02-23,1.9258934259414673,1.9258934259414673,1.7665737987932641,1.7806311269505075,79697600
1998-02-24,1.8813775777816772,1.9399508293873309,1.8766914202102054,1.900121064055951,41009600
1998-02-25,1.9071499109268188,1.9165216535554377,1.8884064256695812,1.9141782888939514,23185600
1998-02-26,1.9329227209091187,1.9493234215438138,1.9024646854490104,1.9071508450615187,19755200
1998-02-27,1.9118361473083496,1.9868101138694612,1.8884070687609873,1.9305796389486274,23444800
1998-03-02,1.8579480648040771,1.9305792222342548,1.8274900404644645,1.9212074784370012,20929600
1998-03-03,1.8474050760269165,1.869663399236515,1.8274902610553565,1.8579482890714667,15209600
1998-03-04,1.8485758304595947,1.8649765207540823,1.8368612968231162,1.8415474534811247,11734400
1998-03-05,1.785317063331604,1.8368613562017557,1.7853170633316042,1.8017171821505489,20108800
1998-03-06,1.816946268081665,1.846232813105408,1.7618871515929782,1.7876595800565158,19249600
1998-03-09,1.785317063331604,1.8556048394283042,1.7853170633316042,1.8228040297847012,14668800
1998-03-10,1.7946877479553223,1.82748853828075,1.7759442757678274,1.82748853828075,16099200
1998-03-11,1.8509198427200317,1.869663331901977,1.804061119765169,1.8087467060577076,22347200
1998-03-12,1.8368626832962036,1.8649779284486965,1.8228053467230205,1.8602923402596778,13132800
1998-03-13,1.8017184734344482,1.850920581171363,1.7993756793534876,1.850920581171363,16169600
1998-03-16,1.8321765661239624,1.8485766920566356,1.799375170246693,1.8321765661239624,12332800
1998-03-17,1.7993749380111694,1.8368619158864021,1.780631449073553,1.832176329654942,13542400
1998-03-18,1.8204602003097534,1.8251463559220897,1.7806304516299492,1.7853166072422852,11408000
1998-03-19,1.8204602003097534,1.827489147725474,1.799373930068159,1.8228035641187053,9052800
1998-03-20,1.7900030612945557,1.836861780176612,1.7853174754092729,1.8274900364002007,13064000
1998-03-23,1.7993749380111694,1.8204612200645158,1.7829742421892831,1.8181184269487858,12537600
1998-03-24,1.785317063331604,1.7900026481353843,1.7642302156974519,1.7806309065221102,21945600
1998-03-25,1.8134335279464722,1.8368626119943683,1.7946900319057133,1.7993756199128506,21931200
1998-03-26,1.8438917398452759,1.8696641923325603,1.80406195000521,1.8064047442296471,29443200
1998-03-27,1.8720054626464844,1.8977778941536594,1.8462330311393091,1.8509191877795652,25132800
1998-03-30,1.8579480648040771,1.8837205032479865,1.8228044545687612,1.8743487594507329,18193600
1998-03-31,2.0055527687072754,2.0078955611833043,1.916521506566594,1.925893248476441,70302400
1998-04-01,2.0078961849212646,2.0289830397731934,1.9586946676119161,1.9821243156676451,39075200
1998-04-02,2.0055527687072754,2.0149245106171225,1.9727519580256765,1.9868092848875811,21516800
1998-04-03,2.0898990631103516,2.118014297143226,2.052412084399852,2.061783829077477,47384000
1998-04-06,2.0453836917877197,2.1133292882709425,2.0360119445492812,2.103957541032504,23939200
1998-04-07,2.0008678436279297,2.0430404101276034,1.9540091186250028,2.0149251751258475,21644800
1998-04-08,1.975095510482788,2.0149252859239835,1.9704093517218493,2.010239699168997,10835200
1998-04-09,2.021953821182251,2.0242966140767145,1.958694408990895,1.9680661525745837,13337600
1998-04-13,2.0055527687072754,2.0242962525269697,1.9727519580256765,2.019610667574912,14697600
1998-04-14,2.052412271499634,2.059441223650093,1.9961817983078631,2.0055535438398246,28492800
1998-04-15,2.0477259159088135,2.0805267269524927,2.0477259159088135,2.0547542934144847,19214400
1998-04-16,2.0945847034454346,2.1367572580622034,2.033668092103062,2.043039834462984,25625600
1998-04-17,2.0875558853149414,2.0992704210021205,2.0688123994131367,2.0945848355295666,17156800
1998-04-20,2.2070462703704834,2.2375042991277883,2.0711556795975437,2.073498472885199,53422400
1998-04-21,2.239846706390381,2.270304729898416,2.216417633539841,2.228132169965111,36958400
1998-04-22,2.1648716926574707,2.225788281700391,2.108641259081952,2.174243431586724,72723200
1998-04-23,2.115670919418335,2.150815095250616,2.113328126897714,2.146128938203632,27304000
1998-04-24,2.12504243850708,2.141443128441841,2.1039561640227773,2.11098454084709,12235200
1998-04-27,2.0500690937042236,2.0945850196352307,2.01023932566346,2.080527117970346,26400000
1998-04-28,2.0196118354797363,2.085214066785244,1.9868104338239514,2.0664705721265277,23505600
1998-04-29,2.103956937789917,2.1180142686140546,2.0149250785487687,2.0242968231001583,23768000
1998-04-30,2.108642339706421,2.1320719850394134,2.0945850101112993,2.1180140834384495,14924800
1998-05-01,2.0852134227752686,2.122700400514996,2.075841678340337,2.103956911645132,9915200
1998-05-04,2.141444206237793,2.146129793145606,2.085213731308214,2.085213731308214,13992000
1998-05-05,2.108642339706421,2.141443728771442,2.103956753843328,2.1320719850394134,10004800
1998-05-06,2.0898990631103516,2.1250432486529203,2.06646998741924,2.113328710807364,15372800
1998-05-07,2.0758416652679443,2.110985277673211,2.0617837627011317,2.0852134096438584,34908800
1998-05-08,2.103956937789917,2.1180142686140546,2.0711555458571067,2.0852134486871376,5772800
1998-05-11,2.0547544956207275,2.139100182040794,2.0547544956207275,2.118013903437226,8425600
1998-05-12,2.0500690937042236,2.0711553741957047,2.028982813212742,2.057098044536666,7073600
1998-05-13,2.1016130447387695,2.1086419943881674,2.0477259561087173,2.068812233051162,13880000
1998-05-14,2.0758416652679443,2.1180142289566173,2.073498300169554,2.094585154019773,12857600
1998-05-15,2.146130084991455,2.1648735791835203,2.085214014870268,2.1086430966073246,27409600
1998-05-18,2.1016130447387695,2.155500705374571,2.0852129248978404,2.1461289631772904,8753600
1998-05-19,2.108642339706421,2.120356876369996,2.0992705959743923,2.0992705959743923,4124800
1998-05-20,2.0688130855560303,2.122700768397565,2.0688130855560303,2.103957276279291,6259200
1998-05-21,2.078184127807617,2.089898663412743,2.0758413350877505,2.0758413350877505,6764800
1998-05-22,2.0770134925842285,2.0898993573270888,2.0547551668369093,2.080527611330106,6780800
1998-05-26,2.0055527687072754,2.1086419297155934,2.0055527687072754,2.0992701878057463,14219200
1998-05-27,2.014925003051758,2.0289829053550545,1.979780819299387,2.000867672754332,23267200
1998-05-28,1.9914963245391846,2.024297149759141,1.986810165504342,2.0196115627302835,7244800
1998-05-29,1.9540081024169922,2.000866803050426,1.9446363622903056,1.9914950629237391,9824000
1998-06-01,1.8860630989074707,1.949322505923254,1.8673196132735932,1.939950763106315,14417600
1998-06-02,1.9118361473083496,1.9305796389486274,1.8790353229408483,1.8837209098479326,10470400
1998-06-03,1.8837209939956665,1.9258941380731944,1.8837209939956665,1.914179026270217,7507200
1998-06-04,1.921207070350647,1.9212070703506468,1.8837201031242927,1.8977780018370383,6278400
1998-06-05,1.9446371793746948,1.9727524115680215,1.9071502031169258,1.9258936912458104,10364800
1998-06-08,1.9399493932724,2.0102377007704684,1.9352638111753997,1.9352638111753997,11516800
1998-06-09,1.9868099689483643,1.9868099689483643,1.930579498129071,1.9352656567003097,6494400
1998-06-10,1.9352648258209229,1.9774373748262235,1.930578669261621,1.9586938926003825,6075200
1998-06-11,1.8415488004684448,1.8930931293740885,1.81343355597279,1.8837213812088702,28052800
1998-06-12,1.8368626832962036,1.8462344316803678,1.775946604802199,1.8368626832962036,18510400
1998-06-15,1.7525166273117065,1.818118854002519,1.7478310399796597,1.79468977333024,24219200
1998-06-16,1.8228046894073486,1.8392048141610453,1.7642308541238467,1.7665742193794496,12230400
1998-06-17,1.8345179557800293,1.9094918638373943,1.8321751641546178,1.8462324859126116,15980800
1998-06-18,1.8462337255477905,1.8556054703475255,1.8017177947475724,1.8321763943511422,6176000
1998-06-19,1.8462337255477905,1.8649772151472606,1.8228046495514072,1.8556054703475255,7681600
1998-06-22,1.888406753540039,1.9118358281765198,1.841548032261203,1.846233618386149,8808000
1998-06-23,1.9329227209091187,1.939951674324853,1.8884073506235974,1.9001218916457843,11196800
1998-06-24,2.0875558853149414,2.0969276282658433,1.9446369483151296,1.954008691266032,44129600
1998-06-25,2.113328456878662,2.1648727604093008,2.078184275558871,2.115671249765093,35635200
1998-06-26,2.028982400894165,2.08989843704739,2.005552760215881,2.0149245020860485,20230400
1998-06-29,2.096928834915161,2.099271628999567,2.0266404363339885,2.0336693905933307,15329600
1998-06-30,2.1062989234924316,2.1273851976483207,2.07584090837774,2.089898233813108,15051200
1998-07-01,2.103956937789917,2.1273860131654443,2.0711555458571067,2.1133286823413067,7776000
1998-07-02,2.03835391998291,2.103956105904108,2.028982179137025,2.103956105904108,12750400
1998-07-06,2.0617833137512207,2.0852129555921817,2.0453826216631237,2.0477259862512502,9779200
1998-07-07,2.031325578689575,2.071155346191804,2.005553140656317,2.0617836025438776,7920000
1998-07-08,2.053581953048706,2.0758402598765304,2.014923676672069,2.014923676672069,9499200
1998-07-09,2.134415626525879,2.1408585599016305,2.052412693268211,2.0594416468631134,18936000
1998-07-10,2.118014335632324,2.132072238907176,2.080527356240602,2.120357128842829,8278400
1998-07-13,2.096928834915161,2.1836173640933,2.0945860408307553,2.1461303707183075,17758400
1998-07-14,2.113328456878662,2.1414436875333283,2.0852132262239955,2.094584969775551,9700800
1998-07-15,2.1601877212524414,2.1789312130984237,2.113328991637486,2.122700737560477,11440000
1998-07-16,2.1672163009643555,2.169559666665057,2.136758266915532,2.1601879198803395,7993600
1998-07-17,2.146130084991455,2.1695597387345606,2.122701003254398,2.1695597387345606,11134400
1998-07-20,2.1227002143859863,2.1531582381273306,2.108642312963313,2.136757543802824,7624000
1998-07-21,2.157844066619873,2.2047027899558413,2.113328708455128,2.118014294785775,21814400
1998-07-22,2.516313314437866,2.525685057560529,2.244532763880645,2.246875556659859,181473600
1998-07-23,2.37105131149292,2.511627476205939,2.349965029787437,2.4835122432633354,53073600
1998-07-24,2.3616795539855957,2.417910019556681,2.3335643212000527,2.4038526891668477,20987200
1998-07-27,2.3546502590179443,2.3616792091895995,2.286705266040723,2.3241922376151614,15926400
1998-07-28,2.286705732345581,2.361679690783141,2.2820201459461877,2.356994104383748,13518400
1998-07-29,2.2984209060668945,2.3335651018064603,2.2913925245238347,2.3054498596160213,8126400
1998-07-30,2.3265345096588135,2.342935199053605,2.3148199766649613,2.3241917174611757,12563200
1998-07-31,2.33707857131958,2.389794921773418,2.3218499150381997,2.32419270823454,16291200
1998-08-03,2.284363269805908,2.338250953234587,2.237504538999664,2.333564794150967,12737600
1998-08-04,2.211730718612671,2.2984191736924786,2.1555002766140436,2.289047433359374,18344000
1998-08-05,2.1836161613464355,2.216417548485446,2.136757445437714,2.2023596477099243,13873600
1998-08-06,2.223445415496826,2.239846105294334,2.1508148515469796,2.1601865925733157,13064000
1998-08-07,2.202359676361084,2.3241923393087185,2.202359676361084,2.2445328072304815,20220800
1998-08-10,2.2093894481658936,2.2304757354363685,2.1836170014986296,2.202360495073725,4147200
1998-08-11,2.1227002143859863,2.169558932451838,2.071155338510632,2.1555010310291642,25340800
1998-08-12,2.0617833137512207,2.169558636609277,2.052411571415988,2.1508151519388115,21444800
1998-08-13,2.0055527687072754,2.1086419297155934,2.0055527687072754,2.019610667574912,28662400
1998-08-14,2.0430402755737305,2.061783764340462,2.010239456234892,2.0430402755737305,11040000
1998-08-17,2.014925003051758,2.080527212453443,2.014925003051758,2.033668491452239,13382400
1998-08-18,2.099271297454834,2.1086430443184714,2.043040816273008,2.0500697694222447,16048000
1998-08-19,2.0852134227752686,2.1414438893848593,2.0852134227752686,2.108642497859655,10320000
1998-08-20,2.0805273056030273,2.0945852085357264,2.0430403271236934,2.0805273056030273,9905600
1998-08-21,2.014925003051758,2.0664698821560177,1.9212075610493504,2.0641265171015535,22886400
1998-08-24,2.0242953300476074,2.0336670676867166,1.9586931665738423,2.0242953300476074,9830400
1998-08-25,2.0008678436279297,2.054754948376855,1.9516657533704163,2.033668665127018,14051200
1998-08-26,1.9305799007415771,1.9774386361964698,1.925894313199112,1.9680668891054913,9516800
1998-08-27,1.8392049074172974,1.9118360778875523,1.8017179254979336,1.8977787456707655,33761600
1998-08-28,1.7267435789108276,1.8743486805018001,1.700971713558295,1.864976937099291,31979200
1998-08-31,1.6470842361450195,1.7900031965315366,1.6306835402957454,1.757202376838877,31833600
1998-09-01,1.7829737663269043,1.8134323567257766,1.5369656826798817,1.6564555357677087,31872000
1998-09-02,1.7712595462799072,1.8228044222539341,1.7361153646617833,1.8181182644354603,23657600
1998-09-03,1.6517695188522339,1.761887639310592,1.6494267261631073,1.7572020539323385,35900800
1998-09-04,1.5955389738082886,1.7197149875276032,1.5346229352339944,1.682228018557037,38899200
1998-09-08,1.8368626832962036,1.869664088643842,1.6798857548599198,1.7103443661130489,35086400
1998-09-09,1.8556052446365356,1.9024639629354383,1.787660246104587,1.7900030390180723,29355200
1998-09-10,1.66817045211792,1.7665740513075843,1.5744530109876997,1.752516149135118,71860800
1998-09-11,1.7056576013565063,1.747830740140261,1.6517699242462345,1.6634850345786756,19172800
1998-09-14,1.7337726354599,1.7993748432881125,1.7173719405013823,1.724400891484441,15889600
1998-09-15,1.7876601219177246,1.8087464006859295,1.7337724566160464,1.7431441996247818,8011200
1998-09-16,1.780631184577942,1.8415478005795622,1.7431442122710377,1.8040608282726582,15736000
1998-09-17,1.7618883848190308,1.8274906119133563,1.6611419644940957,1.7056579044524658,29329600
1998-09-18,1.8017184734344482,1.8040618395215324,1.7525169377036571,1.764231480114584,12556800
1998-09-21,1.8532624244689941,1.8673197537490187,1.7244008080405904,1.7572021963703646,13676800
1998-09-22,1.8907489776611328,1.9352648924823037,1.8556048042756976,1.8884061853036245,19870400
1998-09-23,1.9235509634017944,1.956352364495742,1.8837211809357604,1.9118364224422641,21174400
1998-09-24,1.8468971252441406,1.9714608644269265,1.8181516469711898,1.935528870378675,16096000
1998-09-25,1.9546923637390137,1.9786472194342317,1.7582652372479703,1.772637682802537,32470400
1998-09-28,1.878037452697754,2.0169741893164894,1.8660603192319638,1.9786468943634739,15286400
1998-09-29,1.858872890472412,1.9115731875131179,1.8205456143801972,1.9019913684900642,16905600
1998-09-30,1.8373141288757324,1.8397094376657228,1.7918003377265113,1.8301276176778805,11825600
1998-10-01,1.779823899269104,1.8373148414945277,1.7391012947331221,1.791801032692374,17176000
1998-10-02,1.8253363370895386,1.8253363370895386,1.7103545389997306,1.7917996868995107,17041600
1998-10-05,1.681610107421875,1.8085691067923864,1.6241191735754523,1.7726371269313668,41467200
1998-10-06,1.693587303161621,1.7630553713134272,1.6840054804914393,1.7319145938423477,20108800
1998-10-07,1.643282413482666,1.7343094105739918,1.5953733137430528,1.705563950730224,17353600
1998-10-08,1.4995557069778442,1.588187430321712,1.4468553840200145,1.5810009163132608,46729600
1998-10-09,1.5690233707427979,1.5810005010589832,1.4947641100921294,1.5283007767709946,28046400
1998-10-12,1.6121413707733154,1.695982457685084,1.6025595489784843,1.6408868361578082,16947200
1998-10-13,1.590582013130188,1.6480729292674237,1.571418374417776,1.6097456518425999,14984000
1998-10-14,1.7462871074676514,1.7822190901700319,1.5618371596651355,1.6073509654329463,40408000
1998-10-15,1.8349193334579468,1.8445011561265834,1.7103556387656698,1.7343099030232396,27352000
1998-10-16,1.8205457925796509,1.8732460947787906,1.7534730528530322,1.8540824548568997,24107200
1998-10-19,1.8205457925796509,1.8301276125405965,1.7918003326968144,1.825336994974063,10051200
1998-10-20,1.8924096822738647,1.9930184966626137,1.8397093815347203,1.8540824034918915,36667200
1998-10-21,1.983437418937683,1.9906239326046224,1.8972010094186533,1.904387523085593,22296000
1998-10-22,1.9618781805038452,2.0265556245448066,1.9163643802655395,1.978646515038168,19022400
1998-10-23,2.079256296157837,2.103211154195906,1.9618790708076053,1.9642743811629335,27371200
1998-10-26,2.0888378620147705,2.1080015121249978,2.0265562915706266,2.093629066956422,14883200
1998-10-27,2.057697057723999,2.158305927456254,2.0409287178258952,2.1080014925901267,18417600
1998-10-28,2.119978904724121,2.1511202785567347,1.9115746230842845,1.9882292328354685,48809600
1998-10-29,2.098419189453125,2.14393299387887,2.069673721104452,2.108001012236016,17555200
1998-10-30,2.13195538520813,2.1463278237568275,2.093628102641044,2.1223735645663586,17868800
1998-11-02,2.2349600791931152,2.299637530958335,2.1559101852734393,2.160701389210302,42923200
1998-11-03,2.2086102962493896,2.2996373141886863,2.175073626336799,2.2589147162902643,34891200
1998-11-04,2.108001232147217,2.254123898623121,2.0720692467558615,2.2469379694073393,107624000
1998-11-05,2.1702826023101807,2.203818681130829,2.141537141251953,2.1463277590143726,44193600
1998-11-06,2.1822595596313477,2.211005018425083,2.1750730487259498,2.1894460705367456,19228800
1998-11-09,2.1702826023101807,2.2014233722496193,2.13914124754284,2.1846550404253438,14476800
1998-11-10,2.1798648834228516,2.199028528178973,2.143932903298117,2.1750736798198083,19299200
1998-11-11,2.1008152961730957,2.2277749348469214,2.0888381593563317,2.222983729223252,24054400
1998-11-12,2.115187644958496,2.1319559819823466,2.0744650420389315,2.1080011312585483,12400000
1998-11-13,2.1032097339630127,2.1271639909972464,2.0936279141837457,2.1127915537422797,7676800
1998-11-16,2.079256296157837,2.1199789115114664,2.0696744699082616,2.1080017749065627,14800000
1998-11-17,2.1103971004486084,2.1607021272420774,2.0385336954737854,2.081651621493026,14784000
1998-11-18,2.2014241218566895,2.2086106357753024,2.1175830190144755,2.1223742232362515,25854400
1998-11-19,2.127164840698242,2.2373561045899044,2.1175830170914933,2.2110059434643197,27828800
1998-11-20,2.1223740577697754,2.1846556140004982,2.117582853921536,2.1654919682636518,14158400
1998-11-23,2.1702826023101807,2.1822597315441334,2.13195532089921,2.13674593866163,13398400
1998-11-24,2.1056056022644043,2.1918420031950827,2.0888372669875443,2.165491845592592,18131200
1998-11-25,2.108001232147217,2.131956084017491,2.0720692467558615,2.1271648797121916,10084800
1998-11-27,2.1056056022644043,2.1223739375412642,2.0864419576131423,2.1223739375412642,3409600
1998-11-30,2.1032097339630127,2.14632763055578,2.069673072321645,2.1080003514387124,12921600
1998-12-01,2.076859474182129,2.0984184213451544,2.0409275056918625,2.088836602069606,14590400
1998-12-02,2.0696728229522705,2.091231768651074,2.0409273670779333,2.0648822060537793,13718400
1998-12-03,2.064882755279541,2.09841883697243,2.0457191129327605,2.072068682538619,13505600
1998-12-04,2.0672786235809326,2.0864422711116295,2.0505102857845454,2.0768604473462813,12248000
1998-12-07,2.043323040008545,2.1583048840159833,2.0073916523771462,2.074464394714819,27315200
1998-12-08,1.93552827835083,2.045719537106622,1.9259464551906773,2.0409283331125088,45696000
1998-12-09,1.964272141456604,1.9834357721049611,1.9475038184323927,1.964272141456604,20265600
1998-12-10,1.969064712524414,1.9930189750995906,1.9043872678466336,1.949901068533072,23188800
1998-12-11,2.0002048015594482,2.002600110029567,1.930736762131402,1.9690640369645036,16993600
1998-12-14,1.8828279972076416,1.9882280213945658,1.878036794603375,1.9858321276784803,18513600
1998-12-15,1.9810407161712646,2.002599657182823,1.9067814917673767,1.9259451248504658,25577600
1998-12-16,1.993018627166748,2.036137111033825,1.966668475071751,1.9906233182929938,22380800
1998-12-17,2.007391929626465,2.0121825480411433,1.9546916180971108,1.9858323922764662,9611200
1998-12-18,1.9235516786575317,2.016974626565174,1.9163651630888894,2.016974626565174,16427200
1998-12-21,1.9738564491271973,1.9930201039730924,1.9259473120124595,1.9403203455610478,19916800
1998-12-22,1.9499002695083618,1.9906228500957777,1.93552724999059,1.9690639056468826,12780800
1998-12-23,1.978646159172058,1.9930185970251202,1.9522960074755704,1.9642731364911041,10888000
1998-12-24,1.9570865631103516,1.978646096448338,1.9451094344744964,1.9642730742230137,3291200
1998-12-28,1.9882277250289917,2.0026001610436257,1.9546910662818167,1.969064087124268,12704000
1998-12-29,1.9810407161712646,1.993017840641278,1.9666676989451128,1.9882272247843407,8430400
1998-12-30,1.9666684865951538,1.9882280210689676,1.9451095369492442,1.9882280210689676,10958400
1998-12-31,1.9858328104019165,1.9858328104019167,1.9403195865675433,1.9642738533405708,13241600
1999-01-04,2.124769449234009,2.1535149189480154,2.0026010567424612,2.0097875703779824,38713600
1999-01-05,2.1894466876983643,2.201423819364906,2.0840466424111526,2.1463281949395854,27603200
1999-01-06,2.278078556060791,2.2804738655949466,2.2038192818774696,2.244541883270364,59651200
1999-01-07,2.2972419261932373,2.2972419261932373,2.218192042431991,2.2229826609251617,32401600
1999-01-08,2.309218645095825,2.3571277456164856,2.285264387249439,2.3020321338107546,41897600
1999-01-11,2.3762919902801514,2.3858738128216035,2.309219232489986,2.3235922587161824,32193600
1999-01-12,2.333173990249634,2.4050373640933977,2.2900554980809646,2.388269029092915,26548800
1999-01-13,2.2565181255340576,2.328980614336485,2.179863591924878,2.2613087414707915,29102400
1999-01-14,2.3211965560913086,2.4098288605380045,2.2804739531352007,2.2876604668415976,38238400
1999-01-15,2.4481563568115234,2.4888791093504246,2.3283832628124546,2.3505413773127133,50884800
1999-01-19,2.548764705657959,2.5583465278596806,2.3954555504304125,2.4433646614390208,53657600
1999-01-20,2.3762919902801514,2.5918832898768445,2.3379647001143424,2.4745053789160187,100614400
1999-01-21,2.2804739475250244,2.393060517611957,2.2517284775982382,2.3738968709940997,33467200
1999-01-22,2.261310577392578,2.361920026851664,2.2277744841249856,2.242146928431624,26424000
1999-01-25,2.227773427963257,2.31880042495886,2.2038185857047017,2.2708913252696274,19984000
1999-01-26,2.299638032913208,2.3331747133072898,2.213401606678963,2.3331747133072898,21844800
1999-01-27,2.2661008834838867,2.349941375822192,2.2661008834838867,2.318800604815738,13889600
1999-01-28,2.4673194885253906,2.4816919292926167,2.2996373089970192,2.3092191311178403,29947200
1999-01-29,2.522413969039917,2.558346088540112,2.452946062420482,2.472109703533142,37928000
1999-02-01,2.4289920330047607,2.5439738905475195,2.366709901088448,2.520019044478793,24654400
1999-02-02,2.4002461433410645,2.4792961563955505,2.3571276619883204,2.4433640398659415,18457600
1999-02-03,2.5535547733306885,2.5775090257659365,2.3523365965980316,2.37629084903328,46507200
1999-02-04,2.5080413818359375,2.5511589819265557,2.472109268656673,2.548763819622771,33529600
1999-02-05,2.570324182510376,2.6062563175375697,2.385874349510496,2.491274421175618,32184000
1999-02-08,2.6733272075653076,2.6805138634403822,2.5487635742378916,2.567927210134417,47929600
1999-02-09,2.6038599014282227,2.6733278046549547,2.5775096037712646,2.668537187024713,44377600
1999-02-10,2.548764705657959,2.6397923089883224,2.4721101280441857,2.5966738166665673,30961600
1999-02-11,2.611046314239502,2.6445823927480836,2.5583460103758635,2.563137212921602,24846400
1999-02-12,2.565532922744751,2.620628394731313,2.5343920037958245,2.606255370494754,21841600
1999-02-16,2.582301616668701,2.6541649974714008,2.567928589611319,2.60146526285983,16444800
1999-02-17,2.4936697483062744,2.630211344009659,2.4912745843892337,2.5679291869858254,20990400
1999-02-18,2.4493534564971924,2.553555767145231,2.419410263782239,2.5296009205592767,31611200
1999-02-19,2.486483573913574,2.4960653977343816,2.414619602843462,2.491274193409921,15352000
1999-02-22,2.7356104850769043,2.749982925724178,2.5200191967437586,2.5272058556883996,56350400
1999-02-23,2.8218462467193604,2.8266368642448216,2.6924913859416773,2.740400485335657,57692800
1999-02-24,2.78830885887146,2.8961040120325268,2.747586427401459,2.826636128409212,65460800
1999-02-25,2.78830885887146,2.78830885887146,2.74039977194927,2.759563406718146,28604800
1999-02-26,2.797891139984131,2.797891139984131,2.735609609076475,2.797891139984131,27078400
1999-03-01,2.7739369869232178,2.841009722196327,2.7260278902995685,2.7883094234963925,13780800
1999-03-02,2.826637029647827,2.874546131845248,2.7643554892051343,2.797891568329375,22120000
1999-03-03,2.8026838302612305,2.8745472183047855,2.7787289776946262,2.833824758459532,25624000
1999-03-04,2.852987289428711,2.8697554749695198,2.797891530237818,2.80986851321016,27012800
1999-03-05,2.9344329833984375,2.936829023961855,2.869756263371856,2.87454688242854,44340800
1999-03-08,2.979945421218872,3.008690875442848,2.932036330845578,2.9511999669948956,26275200
1999-03-09,3.0566015243530273,3.0757651702737356,2.9703651177098385,2.9895287636305468,29440000
1999-03-10,3.0518105030059814,3.082951423522226,3.0158786716410835,3.0326468596113694,20126400
1999-03-11,3.0805552005767822,3.097322799541432,3.0374367212678925,3.0518097426468023,18665600
1999-03-12,2.9607834815979004,3.0901383921400134,2.917665567969262,3.06618354081336,24486400
1999-03-15,3.1452322006225586,3.1452322006225586,2.9440139756301242,2.975155476230658,29947200
1999-03-16,3.099719285964966,3.154814170110515,3.0518101825097723,3.147628389420159,19979200
1999-03-17,3.070974588394165,3.099720057623308,3.039833078567858,3.097324017026144,8761600
1999-03-18,3.1452322006225586,3.1620006784525425,3.042228217894803,3.0637873134297067,16806400
1999-03-19,3.2410507202148438,3.2889598260925794,3.075764597350632,3.1715828091061034,32552000
1999-03-22,3.3584306240081787,3.459039514138214,3.241052659544992,3.2674029759588112,33827200
1999-03-23,3.1476306915283203,3.377594556303783,3.0757666913718125,3.377594556303783,39398400
1999-03-24,3.3488473892211914,3.351242844941368,3.116487599535985,3.181165196394787,23873600
1999-03-25,3.7728402614593506,3.7776305845289273,3.6219263702837172,3.655463017977934,151515200
1999-03-26,4.2758870124816895,4.596878577060858,3.74170111608173,3.74170111608173,210268800
1999-03-29,4.405243396759033,4.483095415868228,4.158511163209855,4.455547674867702,60611200
1999-03-30,4.484294891357422,4.644790780844722,4.307031389989275,4.359731144375271,44193600
1999-03-31,4.7669548988342285,4.819654607094334,4.525013401821298,4.599272786093996,48187200
1999-04-01,5.250839710235596,5.303540328651869,4.84840309010805,4.84840309010805,81382400
1999-04-05,5.705974578857422,5.9503104119098795,5.28916481058656,5.511942132771591,75632000
1999-04-06,5.593387126922607,5.911982624944323,5.384982553028703,5.686810451771862,57796800
1999-04-07,5.308330059051514,5.667649014302753,4.982548069867847,5.634112048235181,84753600
1999-04-08,5.686809539794922,5.835327133235054,5.2412544201635045,5.301140782368297,67347200
1999-04-09,5.579017639160156,5.7203495587438615,5.504759079800297,5.600577330365521,23556800
1999-04-12,6.165903568267822,6.177880261962379,5.44487081637863,5.456848679729293,66414400
1999-04-13,6.50605583190918,6.716855873591067,6.170692129233449,6.232974544558255,92947200
1999-04-14,6.053317070007324,6.78393112079966,6.010198863731055,6.697694708247122,55622400
1999-04-15,6.04612922668457,6.438983899099892,5.3658199159165765,6.400656613986202,98865600
1999-04-16,5.461639881134033,6.220999461098721,5.459244425045816,6.220999461098721,46470400
1999-04-19,4.7765374183654785,5.435287231085286,4.757373778943406,5.435287231085286,97537600
1999-04-20,5.389777183532715,5.471222111751616,4.714257931666891,4.752585231924345,49244800
1999-04-21,7.476214408874512,7.58880078414433,6.429400664344501,6.678527962813886,196297600
1999-04-22,7.41393518447876,7.607967090760757,7.004312271216767,7.421122136206129,76785600
1999-04-23,7.315720081329346,7.478611019692837,6.994728529726357,7.229483702195734,44044800
1999-04-26,7.7995991706848145,8.374508200465021,7.243853775230614,7.26780890296583,72328000
1999-04-27,7.552868366241455,7.83313713973091,7.435491090648105,7.72773713715729,44848000
1999-04-28,7.298952579498291,7.751693648590899,7.20552981920934,7.4546571799798755,30510400
1999-04-29,7.59838342666626,7.698993123700957,7.1097105959474955,7.243856078889902,41712000
1999-04-30,7.665457248687744,8.010402824878692,7.397166244983674,7.7037845349311835,41913600
1999-05-03,8.369723320007324,8.441586410638703,7.933749770725138,7.986450384223501,58996800
1999-05-04,8.043943405151367,8.393679464685004,7.991242778022023,8.218811142504066,32337600
1999-05-05,8.609265327453613,8.628428966279714,7.739714630891446,8.063101620909741,49744000
1999-05-06,8.281092643737793,8.796115761586687,8.2403698855823,8.623642903516359,46577600
1999-05-07,8.288272857666016,8.614054680973119,7.8570910327007315,8.460745587652129,44038400
1999-05-10,8.125386238098145,8.508659173857492,8.053523147471356,8.384095469735703,34020800
1999-05-11,8.3936767578125,8.451167694509845,8.01040384649686,8.374513112246717,28200000
1999-05-12,8.93504810333252,9.035656632653996,8.202038258273406,8.523029826339814,39492800
1999-05-13,8.82007122039795,9.179389102526656,8.815279722676955,9.083570844671472,27896000
1999-05-14,8.585312843322754,8.748203823609012,8.355349106448038,8.527821909104075,23609600
1999-05-17,8.33618450164795,8.585311854570762,7.847511617068586,8.460748178109355,37836000
1999-05-18,7.909794330596924,8.355348451012137,7.876257370105478,8.072685298105187,32167200
1999-05-19,7.924161911010742,8.087052784634905,7.512143818902565,8.000816439775054,40083200
1999-05-20,7.837930202484131,8.168503638150387,7.818766558957275,8.029566637752692,20312800
1999-05-21,7.689409255981445,8.010399562722117,7.588799585736743,7.996027421061718,14789600
1999-05-24,7.109708786010742,7.809181483286731,6.965981519447182,7.703781487806788,29304000
1999-05-25,7.018686294555664,7.40674956125517,6.937240210024247,6.9755675040022815,37589600
1999-05-26,7.574430465698242,7.612757751622949,6.597084674618207,7.181575784969993,33976000
1999-05-27,7.3875885009765625,7.6079705185154225,7.071388214942546,7.440289133477197,30551200
1999-05-28,7.45465612411499,7.560056146435382,7.373211237149854,7.512147045380659,14150400
1999-06-01,7.200738906860352,7.584011738372389,7.167201949275119,7.57922024315056,16706400
1999-06-02,7.579218864440918,7.588800683485724,6.9468188074837744,7.033055178887022,22845600
1999-06-03,7.823558330535889,8.225994858790305,7.742112257846866,7.837930478859823,42983200
1999-06-04,8.427212715148926,8.441584862777432,7.914584672706197,7.967285276541301,29068800
1999-06-07,8.398468017578125,8.599686290353654,8.20204007123112,8.355349231441048,22542400
1999-06-08,8.03915023803711,8.546986903848751,8.000822942504156,8.499077784432558,17099200
1999-06-09,8.3936767578125,8.398468254031997,8.125385719891552,8.163713011023116,14969600
1999-06-10,8.489495277404785,8.53740439296576,8.317022461385275,8.345767930721859,18796000
1999-06-11,8.33618450164795,8.709875531032166,8.240366288985328,8.48949364190814,16758400
1999-06-14,7.876256942749023,8.503866809511353,7.876256942749023,8.451166208643112,15163200
1999-06-15,8.714669227600098,8.729041378301577,7.7564868589610665,7.857095422840059,24366400
1999-06-16,9.078776359558105,9.10273032822547,8.796112043485243,8.796112043485243,32735200
1999-06-17,9.193751335144043,9.19854165742976,8.824850902596674,8.968578115994015,19223200
1999-06-18,9.945932388305664,9.965096034525905,8.949422784853073,8.968586431073316,55141600
1999-06-21,10.003422737121582,10.013004559666719,9.586614041236219,9.888440866579955,29219200
1999-06-22,10.013001441955566,10.540001517847966,9.859692328968688,9.878855968092047,38646400
1999-06-23,10.262129783630371,10.348366168366761,9.926766065211078,9.941138796000475,20480000
1999-06-24,9.792623519897461,10.348369277386748,9.749505899403104,10.333996542279268,21212000
1999-06-25,9.715968132019043,10.060913746173565,9.581822615403395,9.8788591164809,17822400
1999-06-28,10.310039520263672,10.348366804725618,9.59140293660217,9.874066659509028,15676000
1999-06-29,10.501679420471191,10.525633981193069,10.175897394653655,10.314833846840544,20174400
1999-06-30,10.99992847442627,11.18677394938386,10.353155676496154,10.42981023032491,37519200
1999-07-01,10.71247386932373,11.26821938311691,10.693310230917069,11.038255722236974,26896800
1999-07-02,11.057415008544922,11.16760588601309,10.74121509928844,10.961596854224776,20079200
1999-07-06,10.9041109085083,11.517347374364656,10.846619989834268,11.205938231546975,31608800
1999-07-07,10.688520431518555,11.095747789958303,10.62623860022777,11.019093228369645,46773600
1999-07-08,10.9041109085083,10.961601827182335,10.60707449535913,10.664565414033163,22009600
1999-07-09,11.402366638183594,11.776057645653475,11.292175700083499,11.766475824949119,50617600
1999-07-12,11.3017578125,11.651494277236118,11.210730513459094,11.584421530574396,27400800
1999-07-13,11.067000389099121,11.143654937248726,10.702891285388501,10.961600385393416,21477600
1999-07-14,11.46465015411377,11.56525928626437,11.11491364711406,11.244268245593403,17785600
1999-07-15,11.72575569152832,11.776060261400044,11.498187399251467,11.632332918909402,21162400
1999-07-16,12.130581855773926,12.255145492523578,11.689818218044383,11.761681854630721,37693600
1999-07-19,12.164128303527832,12.604892306648967,11.809600735799963,12.370137565856188,44417600
1999-07-20,12.48990249633789,12.820475289681701,11.996438761346404,12.39887520541713,77368000
1999-07-21,12.006020545959473,12.571347930007047,11.95811144561646,12.571347930007047,100947200
1999-07-22,11.536513328552246,11.996440770222105,11.249058677508586,11.938949840013372,56054400
1999-07-23,11.857503890991211,11.996440300218987,11.574840161872633,11.598794715187767,38781600
1999-07-26,11.699399948120117,11.862290856488702,11.402363585800932,11.632327221144816,28670400
1999-07-27,11.833548545837402,11.938948573371176,11.689821235564073,11.895830380289178,31259200
1999-07-28,12.245566368103027,12.259939098582022,11.732938981018902,11.756893531817227,24476000
1999-07-29,11.986861228942871,12.130588581807894,11.862297523126518,12.02518852304021,24801600
1999-07-30,11.958114624023438,12.111423785869892,11.613169009868916,12.006023737100454,19856000
1999-08-02,11.689818382263184,12.015600206031174,11.507763833686953,11.900618385877765,19630400
1999-08-03,10.73164176940918,11.766478654316494,10.501678017207555,11.761687742812294,71893600
1999-08-04,10.918486595153809,11.134077598568428,10.83704110497495,10.875368394470883,57937600
1999-08-05,10.97597885131836,11.095751645418298,10.415442174930648,11.009515233666342,46039200
1999-08-06,11.325714111328125,11.422730063423892,10.846622989867544,10.88495027958439,28088000
1999-08-09,11.3017578125,11.49339423153349,11.18198505060407,11.402366932492582,17400000
1999-08-10,11.316129684448242,11.33529332489608,10.808293212580539,11.186775111425336,48811200
1999-08-11,11.479025840759277,11.498189489909127,11.062216471750073,11.335298472135413,22624800
1999-08-12,11.574838638305664,11.795220499796581,11.402365877138857,11.459856797527792,29253600
1999-08-13,12.264730453491211,12.264730453491211,11.70898485481739,11.732939406484364,24576000
1999-08-16,12.398877143859863,12.528231735391632,12.111422496011489,12.293477106315459,20960800
1999-08-17,13.266032218933105,13.313941327704985,12.55218649823212,12.556977409109306,39671200
1999-08-18,12.762986183166504,13.366640935073027,12.75340436170767,13.021695362555013,29160800
1999-08-19,12.628843307495117,12.93546165790471,12.418043191588522,12.456370485389721,21305600
1999-08-20,13.409761428833008,13.419343251933281,12.628842846160703,12.676751961662072,29739200
1999-08-23,14.061324119567871,14.104442319593804,13.472042052546799,13.519951163686724,26557600
1999-08-24,13.721162796020508,14.008617323870098,13.644508255260616,13.931962783110208,29850400
1999-08-25,14.564366340637207,14.612275440441936,13.773866193859202,13.951129863136694,26909600
1999-08-26,14.621856689453125,15.225511323421372,14.272120274535013,14.506874854411553,34950400
1999-08-27,14.085280418395996,15.014717289541853,14.05653494815437,14.794335351022733,31424000
1999-08-30,14.027787208557129,14.415850994039756,13.797823483826685,14.406269172175987,23143200
1999-08-31,14.732048034667969,14.86140260277725,13.951129716082319,14.152347933141197,31839200
1999-09-01,12.930662155151367,14.468543797168259,12.657580368251171,14.372725626326083,194933600
1999-09-02,12.820481300354004,13.251663406868152,12.05393533321774,12.384508281545253,121016800
1999-09-03,12.523441314697266,13.261241606381802,12.283895765449039,13.246868873426909,62366400
1999-09-07,12.71028995513916,12.954626475196491,12.398880664870015,12.533026205293647,42132000
1999-09-08,12.868385314941406,13.17500358007776,12.494694304306472,12.652794347267406,35501600
1999-09-09,12.734238624572754,13.141465969602356,12.4383999356836,13.088765960245583,34472800
1999-09-10,12.700708389282227,12.916299440778907,12.57135375838422,12.89713579175698,24034400
1999-09-13,11.756895065307617,12.264731608470864,11.673054126577837,12.226404322194393,77348000
1999-09-14,13.06960678100586,13.313943271413226,12.125797200412695,12.125797200412695,120692000
1999-09-15,13.328314781188965,13.663678560730025,12.830060023013676,13.35706024800677,61736000
1999-09-16,13.788238525390625,13.92238400096774,13.184583885293607,13.299565721502562,53188800
1999-09-17,14.559578895568848,14.569160717810092,13.81698767187251,13.87447860531997,52569600
1999-09-20,14.41105842590332,14.573949378855685,14.13318562380811,14.391894784379513,21517600
1999-09-21,13.975083351135254,14.315237933902003,13.95112880305309,14.18588337425831,25990400
1999-09-22,14.573952674865723,14.593116320723533,13.840943220804428,14.085279705491526,30475200
1999-09-23,14.3056640625,15.254264693569992,14.018209325812123,14.655400658803583,52252000
1999-09-24,14.526039123535156,14.794330083600448,14.085275403427888,14.315239083483853,40697600
1999-09-27,14.818284034729004,15.13448408202681,14.746420387615867,14.842238583766717,27277600
1999-09-28,14.84225082397461,15.062632856867712,14.23859569039785,14.30566848301749,38868000
1999-09-29,14.391898155212402,14.909316597543606,14.1906798720836,14.80391654447614,25724000
1999-09-30,14.50208854675293,14.880570540540006,13.89843372121911,14.39189758653644,35874400
1999-10-01,14.320030212402344,14.444593874336922,14.008621057565891,14.363148403072005,21776800
1999-10-04,14.552397727966309,14.564375010046938,14.133192855144232,14.487720404730903,18584800
1999-10-05,14.928481101989746,15.062626631789396,14.617071836383412,14.617071836383412,35221600
1999-10-06,15.661492347717285,15.982483472616966,14.928482763991147,15.081791957973083,53060000
1999-10-07,15.374027252197266,15.98247270593022,15.139272707056204,15.963309069592174,34461600
1999-10-08,16.399293899536133,16.442412113119488,15.426738637600451,15.426738637600451,42052000
1999-10-11,17.055641174316406,17.223323039794238,16.327422787098403,16.33700460798285,40125600
1999-10-12,16.25556182861328,17.055644005264746,16.207652716238943,17.03648036031501,37512800
1999-10-13,15.663881301879883,16.653204283631894,15.455476702818322,16.289095099064568,58283200
1999-10-14,15.639934539794922,15.683052754179407,14.717683843237861,15.297384281073727,71625600
1999-10-15,15.215929985046387,15.580039140859839,14.650602611546553,14.95722084802104,46405600
1999-10-18,15.000341415405273,15.053041433153423,14.487713970036904,14.98596868329214,35796800
1999-10-19,15.177599906921387,15.766881721489357,14.947636271968031,15.397981723751684,41896800
1999-10-20,15.50817584991455,15.512966759970132,15.06501666977334,15.44110310913642,27703200
1999-10-21,16.533430099487305,16.62445738777773,15.153648045400853,15.254257153511324,35216000
1999-10-22,16.538227081298828,17.304772948334694,16.178908706125764,16.883172721464966,39022400
1999-10-25,16.183696746826172,16.840051529039073,16.107042173721016,16.576551433990097,23416800
1999-10-26,15.924989700317383,16.653208242570162,15.896244231544246,16.547808190401998,18317600
1999-10-27,15.953728675842285,16.159737784869677,15.599201371934678,16.159737784869677,20225600
1999-10-28,16.710702896118164,16.710702896118164,15.982484191929528,16.337011718968732,28864000
1999-10-29,17.07480812072754,17.352680980155764,16.66278974295465,16.94066260238288,35095200
1999-11-01,17.261655807495117,17.597019644998493,16.8640101144554,16.98378291356375,32648000
1999-11-02,17.2329044342041,17.592222708478584,16.806513415398385,17.592222708478584,39400000
1999-11-03,19.968505859375,19.987669492637355,18.47374246491123,19.077396912675443,113090400
1999-11-04,20.23201560974121,20.62487028177502,19.748133635650785,20.596124817967667,53275200
1999-11-05,22.565183639526367,22.910129121914032,20.778174404379165,20.907528960274536,92534400
1999-11-08,22.18191146850586,22.680166067366464,21.923202349866695,22.574766056069027,47781600
1999-11-09,22.981983184814453,23.456283025401618,22.248974340270653,23.07301042694734,48782400
1999-11-10,24.495927810668945,25.161864436071447,22.857436257520348,23.18800911473454,76672800
1999-11-11,26.48413848876953,26.52246575141609,24.682757144381444,24.994166153384704,72888000
1999-11-12,28.975414276123047,30.316868640758372,26.829087292706525,27.18361451764586,145692000
1999-11-15,28.208885192871094,31.131341029768404,26.829102764958918,29.914449582929194,131190400
1999-11-16,28.017250061035156,28.630486724477787,27.212376940266704,28.131034207572363,71872000
1999-11-17,26.282943725585938,28.247217682474425,25.142706648172624,27.940599308716223,115020800
1999-11-18,27.274658203125,27.825613006103985,25.296011823730897,26.35001231638635,60215200
1999-11-19,28.137035369873047,28.28555369040192,26.752461349458727,27.341743718008765,41789600
1999-11-22,27.59563446044922,28.055561701456707,27.341716296143,28.01723443137275,27664800
1999-11-23,27.61480712890625,28.050779968727635,26.42666136763478,27.63397077021708,38456000
1999-11-24,28.76942253112793,28.831704378405973,27.135721767911505,27.576485610186904,34574400
1999-11-26,29.49285316467285,29.92403522848386,29.0520892772216,29.219771190925883,18361600
1999-11-29,28.4580135345459,29.87612329990374,28.362195307156853,29.32037758104729,30764800
1999-11-30,27.772903442382812,28.975421773250176,27.53814886783102,28.438839888560356,33812800
1999-12-01,27.91185188293457,28.228052058745362,27.212378766747058,27.86394276538748,25880800
1999-12-02,28.668807983398438,28.726298908498833,27.787280465192335,28.24720786599552,26660000
1999-12-03,29.468881607055664,30.086908875355157,29.056863428189335,29.205381608943476,31661600
1999-12-06,30.259395599365234,30.767232194288084,29.51201344079953,29.698858980440956,39209600
1999-12-07,30.575605392456055,31.236751356755477,30.316896102078015,30.64267817144295,32708000
1999-12-08,29.837770462036133,31.198388126008236,29.799443203896075,30.36477026146195,30504000
1999-12-09,30.278547286987305,30.733683678168287,29.090401760535904,30.6618200374555,24025600
1999-12-10,30.010263442993164,30.728900019693196,29.430563271121812,30.35520899980918,26709600
1999-12-13,32.0080680847168,32.15658628717544,29.895276881998626,30.125240550321692,47453600
1999-12-14,32.29075241088867,33.54597156988761,31.735006523698306,32.19493415447654,47085600
1999-12-15,32.43926239013672,32.58778064949194,31.04510711683443,31.74577793717965,38286400
1999-12-16,33.67051696777344,33.72800789031375,32.50153487612052,33.0764441015236,27794400
1999-12-17,34.877830505371094,34.95448507791037,33.88132106236049,34.72452136029254,40534400
1999-12-20,35.783302307128906,36.75585691528892,34.619111322976764,34.944893162163375,45477600
1999-12-21,38.087745666503906,38.39436399639778,36.717545004790686,36.76066320743201,50101600
1999-12-22,37.21100997924805,40.02327505686085,37.177473598424726,39.82205677192092,56937600
1999-12-23,35.759361267089844,36.71754350897328,35.60126119717908,36.69837986413561,43408800
1999-12-27,39.35732650756836,39.869953888738145,35.1269528853915,36.66004411879648,50074400
1999-12-28,38.55726623535156,40.51195865881372,36.02766427557701,40.45566543338313,39803200
1999-12-29,50.51537322998047,50.75012790451281,42.92656905734304,43.146950996699935,118083200
1999-12-30,49.59550857543945,56.73396566367407,48.97748108256545,56.41776555104086,129003200
1999-12-31,54.00315475463867,55.536246443911594,51.281917006179235,52.43173577313393,72674200
2000-01-03,54.9804801940918,61.32364469191138,53.3515708819629,61.093681024316716,91334000
2000-01-04,49.691349029541016,53.754043203957785,49.058948521259154,52.91084252624864,63567400
2000-01-05,47.966609954833984,50.055447543758035,42.6199522730926,49.020610573098416,93778400
2000-01-06,42.94571304321289,47.83244076566683,42.84989485257653,45.53280419039439,58782600
2000-01-07,45.992740631103516,46.14604976654053,40.756275473833085,41.08684829711914,68198600
2000-01-10,48.8672981262207,49.97878961301317,46.75929703057981,49.67217127182904,35360800
2000-01-11,44.287174224853516,48.407357028117694,43.38648310041902,47.83244779975525,30575800
2000-01-12,42.389984130859375,45.22620368391868,41.7192565338521,44.459657858767514,34455600
2000-01-13,43.884742736816406,44.65128846147695,42.1983421425632,44.26801559914668,25146800
2000-01-14,43.060726165771484,45.666982845141725,42.77327138495859,45.26454615200367,26209200
2000-01-18,42.63909912109375,43.3098265229986,41.39346251755618,42.14084447967873,28503000
2000-01-19,44.95790100097656,45.07288284496883,42.00670033850837,42.045027619839125,30728400
2000-01-20,47.71745300292969,47.832434817394585,45.1111985417255,45.76276215702655,39224000
2000-01-21,47.506675720214844,49.1930764718804,46.299366091181554,48.52234890019524,34955000
2000-01-24,42.94571304321289,48.13905897570316,42.81156757632199,47.75578621315775,32170600
2000-01-25,45.68610763549805,45.97356217179522,42.926544087045144,44.03803496072756,39671400
2000-01-26,38.21229553222656,40.12865940044254,36.79418626974674,39.553750239977745,136953200
2000-01-27,36.79420852661133,39.24715576171875,35.98933521509171,38.84471910595894,62571000
2000-01-28,33.900474548339844,37.215783817340856,32.38654719428736,37.11996563037551,85675000
2000-01-31,38.94052505493164,39.09383420869121,34.398741374804274,34.5328868843439,80518000
2000-02-01,41.71924591064453,42.92655527783361,40.14303645903658,40.320300135965134,69648400
2000-02-02,43.5589599609375,44.61296031195006,41.70008661460624,41.96837761304581,57368200
2000-02-03,42.67744445800781,45.37951884892793,40.4736249193141,44.49799103345045,52571000
2000-02-04,42.14085006713867,43.50146869140736,41.39346800592066,43.50146869140736,30028800
2000-02-07,40.91436767578125,41.47011318519467,39.937022124743855,41.220985887871414,20868400
2000-02-08,42.63909912109375,42.81157188158357,40.91437151619558,40.93353515625,21450800
2000-02-09,40.87602996826172,42.92653873835267,40.78021180143504,42.77322967142998,20141200
2000-02-10,41.987545013427734,42.045035946809875,40.780235412402654,41.25932652392054,15072200
2000-02-11,40.47362518310547,41.853407859802246,40.32031599680583,41.41743486126264,12419400
2000-02-14,38.978851318359375,39.86037892929573,38.32728743201512,39.66874249213565,23353600
2000-02-15,38.82554244995117,39.15132439548383,36.813359845190625,38.13086036021242,30036000
2000-02-16,37.369110107421875,40.32031162359776,37.1008190604968,38.442274295122196,30052000
2000-02-17,39.860374450683594,40.16699271568885,37.40742833064152,38.365610408782956,34971600
2000-02-18,41.24015808105469,42.54328575276087,40.396957822891856,40.47840330237349,42991600
2000-02-22,40.03285217285156,41.623434619164,38.710560741579776,40.626925134727294,24472000
2000-02-23,45.03458023071289,45.226216742332944,40.09035823091548,40.895231579719706,52349200
2000-02-24,42.830753326416016,43.616462895267496,41.39347972485843,41.96838916548146,51715400
2000-02-25,40.95271301269531,43.53980531812998,40.89522207257455,41.77674982109302,23405600
2000-02-28,43.92306900024414,45.22619670182206,42.16001387457989,42.16001387457989,36400800
2000-02-29,43.673946380615234,45.379510763184236,42.389982182501484,44.76627413124931,31323400
2000-03-01,42.61994171142578,43.32899649709248,41.86297781861943,43.07986913996634,20865400
2000-03-02,40.531089782714844,42.65825335996371,40.47359887522163,42.58159881663943,20560800
2000-03-03,40.43529510498047,41.393477453439715,38.63391228987707,40.16700404741187,33932600
2000-03-06,40.85687255859375,42.31330891621717,39.24712711069419,39.70705438152263,23576200
2000-03-07,39.24713897705078,41.31681232154369,39.09382984042168,41.24015775322914,21447000
2000-03-08,39.59209442138672,40.35864029595375,38.322502816635094,40.052021946126935,22876000
2000-03-09,38.94052505493164,39.63041624684972,38.25063386301356,38.99801598759148,17427800
2000-03-10,41.7384147644043,44.612961235782,37.40743141419522,38.38477721446364,83012800
2000-03-13,39.91785430908203,41.700072480346854,38.97883613282422,39.36210885782741,35140400
2000-03-14,38.36560821533203,41.08684516167426,38.327280934397635,40.5119359476583,24239800
2000-03-15,39.24713897705078,40.78023034334183,38.48059329390526,38.63390243053436,31392000
2000-03-16,40.74190139770508,41.08684694105347,38.787209985397496,39.99451938711688,23705600
2000-03-17,41.776737213134766,42.16001003160389,40.6652460395743,40.70357332142121,31121600
2000-03-20,39.745384216308594,41.68091160582025,39.247129640790746,41.1826570303024,18187800
2000-03-21,41.27848815917969,41.393470020347316,38.557250778212406,39.17048737110644,18525200
2000-03-22,41.35513687133789,41.62342784269968,40.01368201452897,40.991027695918326,19331800
2000-03-23,44.19135284423828,44.344661960783775,40.55026132628283,40.64607952412376,42424400
2000-03-24,44.766258239746094,46.735322038604785,43.65476723893048,43.999712721942224,50165800
2000-03-27,45.6669807434082,47.83247332586944,44.91959834769149,45.283707719963736,37870000
2000-03-28,47.46833038330078,48.13905769998045,45.072875680873416,45.91607573612785,41268000
2000-03-29,48.2923698425293,49.844624587467735,46.66346054228525,48.5223335084461,50245600
2000-03-30,44.531517028808594,48.21572752855618,42.69659814531922,46.56765417106181,41385600
2000-03-31,45.78195571899414,47.06592015313923,44.45966398830741,45.93526490516072,34407000
2000-04-03,43.15650939941406,46.60596396952709,42.33247302988706,45.59029123499381,26965400
2000-04-04,44.95790100097656,45.22619197029186,38.02066308010976,43.50146431040784,42759000
2000-04-05,43.30984115600586,44.459659947758226,42.04504048507825,43.15653198377221,23548800
2000-04-06,42.65826416015625,43.84640988249663,42.00670037693733,43.348155224740985,16193600
2000-04-07,46.68264389038086,46.835953065718726,42.92656909460309,43.501478502120094,31462600
2000-04-10,43.290679931640625,46.5485000238845,43.00322521761911,46.414354490674455,20188800
2000-04-11,42.14085006713867,45.22619652498739,41.067686081799984,41.546777146683326,22864800
2000-04-12,38.36560821533203,43.23317289400053,38.327280934397635,42.29415451110779,31838800
2000-04-13,38.78720474243164,41.58509599361495,37.714040974854484,39.24713207139328,30230600
2000-04-14,32.252410888671875,40.09034080754698,31.581683389501634,37.71404909620098,66002600
2000-04-17,35.83600997924805,36.00848275454924,30.086917469208252,30.182735677708916,64758800
2000-04-18,34.39874267578125,37.17747119276637,32.80816014536908,35.41920676908785,44492400
2000-04-19,35.18445587158203,38.59558503560251,34.64787375589342,36.56423845478133,59833800
2000-04-20,33.57470703125,36.3342719927226,32.654852044092465,35.54856252452554,38979800
2000-04-24,30.546825408935547,31.88827947331791,28.285517128976704,31.581661401459083,64246400
2000-04-25,32.1757698059082,33.21060695273312,31.12176900821615,32.04162424983831,47791400
2000-04-26,29.81862449645996,32.27157047046181,29.741969934772403,32.17575226835236,31038600
2000-04-27,31.73499870300293,31.888307875481203,28.97543359839398,29.090415477752686,41750800
2000-04-28,33.248931884765625,33.72802312229827,32.04162196618336,32.46322225521209,31301200
2000-05-01,33.65135192871094,34.3220793304791,32.88480632669019,33.6130246486099,22545000
2000-05-02,34.85867691040039,36.79420542494159,33.766348936847436,33.9771490720945,52975000
2000-05-03,34.015464782714844,34.95448324713908,33.15310088681503,34.226264846157015,32021800
2000-05-04,32.71234130859375,34.41790567676296,32.405722995215015,33.99151458472066,20103200
2000-05-05,33.65135192871094,34.149606570024424,32.19491528487151,32.29073348512411,15971000
2000-05-08,31.581703186035156,33.02855912690024,31.52421222149747,32.654867857405286,16030200
2000-05-09,32.194923400878906,33.07645106542678,31.275068446568078,32.0416142418271,23062400
2000-05-10,29.837770462036133,31.888278772529304,29.741952316685985,31.351697158568474,34484800
2000-05-11,30.451030731201172,31.045103703301386,29.128739277171668,30.891794549211006,32332200
2000-05-12,30.048599243164062,31.428381861472616,29.895290063352,31.198418091754526,17078000
2000-05-15,31.984128952026367,32.04161989681731,29.62700021559782,30.14441871871628,21605400
2000-05-16,33.32555389404297,33.42137204784988,32.19489967912144,32.305090555999385,23164200
2000-05-17,31.62958526611328,32.578185369519886,31.409203423907705,32.04160349284545,18169600
2000-05-18,29.722806930541992,31.639171013749085,29.43535231806093,31.620007372917016,27271200
2000-05-19,27.34651756286621,29.626990996630106,27.298608457114867,29.128736296816143,50833400
2000-05-22,27.116546630859375,27.633964835123123,23.839564670522307,27.595637560733216,51737000
2000-05-23,24.337831497192383,26.790778293759804,24.299504203496017,26.599141825277975,37273800
2000-05-24,23.53294563293457,24.069527455183895,21.396200162191736,23.39880017737224,82046200
2000-05-25,21.156660079956055,25.219352051831674,21.041678231695425,24.39531547263049,60416400
2000-05-26,20.255966186523438,21.46327542942881,19.12531149872317,21.40578451309998,76242600
2000-05-30,23.417964935302734,23.494619485009128,18.397091929534064,19.417555622500405,114359800
2000-05-31,20.351791381835938,22.076519465042374,20.236809509622177,21.693246557663166,109686200
2000-06-01,21.156660079956055,22.0765148660411,20.926696383434795,21.84655116951984,64625400
2000-06-02,22.287309646606445,22.9197096623743,20.94585506770494,22.747236930801247,75612600
2000-06-05,20.620079040527344,21.424952014228225,19.891860635750355,19.949351562443276,59490200
2000-06-06,21.118343353271484,22.344817014441517,20.73507033415585,20.77339763606741,47774000
2000-06-07,22.900554656982422,22.938881945111266,21.616590504666256,21.96153609782582,45259200
2000-06-08,23.743759155273438,24.52946869955609,23.14968608520606,23.954559276910246,43289400
2000-06-09,24.242002487182617,24.836075275406067,24.06952974221452,24.682766168767756,29512400
2000-06-12,25.04688262939453,25.85175567486857,24.52946424301836,25.52597372789098,30566000
2000-06-13,24.951065063476562,25.391828885642433,23.55211901921098,24.816919552382604,38326000
2000-06-14,21.61659049987793,25.142701006950215,21.156663042433717,25.046882786649338,83876600
2000-06-15,18.837862014770508,19.527753197407065,18.39230729265106,19.27862582589942,122278000
2000-06-16,20.16014289855957,20.696724648711346,19.546906612671826,19.73854295201175,55383200
2000-06-19,19.98767852783203,20.31346044055796,19.39360562815534,20.179314947082577,26381800
2000-06-20,19.297792434692383,20.140992898571692,19.163646906347946,20.0643383109463,28998800
2000-06-21,19.776874542236328,20.696729172107787,18.972001741098804,19.086983569832736,38151600
2000-06-22,20.926692962646484,22.651420404622844,19.738547391507215,20.00683832692576,84558800
2000-06-23,20.351791381835938,22.91971986127663,20.083500346670494,21.94237394745965,58846800
2000-06-26,19.853532791137695,20.96023309875179,19.28820536127422,20.9075330841035,34292400
2000-06-27,19.52775001525879,20.69673210645681,19.278622684347734,19.738550064491218,29835800
2000-06-28,19.489425659179688,20.236807764103983,17.630552218726955,18.435425254799274,77099400
2000-06-29,18.857030868530273,19.384031223087774,18.703721674477183,18.97201276407009,23910000
2000-06-30,18.397104263305664,19.048668372631074,17.78386745452881,19.01034107208252,37016200
2000-07-03,18.4737491607666,18.97200380618147,18.243785478267434,18.37793095972528,8696800
2000-07-05,17.918004989624023,19.316950833733706,17.860514064523624,18.703714299329462,20386800
2000-07-06,18.914512634277344,19.201967233582472,17.64971239733479,18.205457955991363,24744200
2000-07-07,17.362258911132812,18.171922751083542,17.189786140492423,17.592222605320003,56752800
2000-07-10,16.82567596435547,17.630548846477257,16.557385003648207,17.15145784521429,35357000
2000-07-11,16.25077247619629,17.132300228442787,15.790844953285074,16.423245297287995,36054000
2000-07-12,18.703720092773438,18.857029273861745,16.538227909901103,16.95982815789395,48357000
2000-07-13,19.01033592224121,19.316954243567682,18.205462828759224,18.895354051743784,32298800
2000-07-14,19.336111068725586,19.891856580116112,18.703711004039814,19.451092898668453,22639000
2000-07-17,21.405792236328125,21.750737858757766,19.81520964401368,19.891864226775823,50497000
2000-07-18,19.968505859375,21.118323855116362,19.93017859285029,20.98417842227987,27709600
2000-07-19,19.316951751708984,19.91102467264448,19.04866075515747,19.834370102201188,25049400
2000-07-20,19.336111068725586,19.527747451963698,17.4964017896397,18.20545640762072,48041800
2000-07-21,19.259458541870117,19.930185953776043,18.780367533365887,18.799531173706054,19396600
2000-07-24,19.508588790893555,19.911025298367782,19.04866135378015,19.240297785910737,22134400
2000-07-25,20.96502685546875,21.30997245272509,20.140990150911936,20.179317439495975,47747400
2000-07-26,21.060850143432617,21.616595961594168,20.255976889543472,20.69674081429229,32742000
2000-07-27,20.102659225463867,20.581750246089793,19.48942271906268,20.255968352064162,26503600
2000-07-28,19.144479751586914,20.313461998680808,18.70371595350233,19.738552696831352,17759200
2000-07-31,19.91102409362793,20.351787860859346,19.508587610503593,19.93018773568147,23021400
2000-08-01,19.297792434692383,19.930192782601864,19.259465140879687,19.911029135695518,11945000
2000-08-02,18.991174697875977,19.815211541477055,18.85702916519673,19.39361129591371,10719800
2000-08-03,19.700231552124023,19.776886149603108,17.898848511365603,18.397103394979634,32228200
2000-08-04,19.62356948852539,20.81171529740095,19.355278499424458,20.390115171670914,22564600
2000-08-07,19.489425659179688,20.179316832955962,19.106152784859535,19.374443796883643,14546800
2000-08-08,18.722881317138672,19.546918058834642,18.550408510737192,19.316954316966,16626600
2000-08-09,18.837862014770508,19.350489490757397,18.780371082884127,19.201971250050914,14096200
2000-08-10,18.837862014770508,19.508589553444942,18.780371082884127,19.125316674202406,11360400
2000-08-11,18.895357131958008,19.125320910440255,18.052156610856432,18.76121159451003,15463800
2000-08-14,19.201969146728516,19.31695099790653,18.703714458290452,18.91451451878348,11490400
2000-08-15,18.818695068359375,19.12531331794568,18.70371322476451,19.12531331794568,9656000
2000-08-16,18.550403594970703,19.29778555799122,18.41625811442856,19.04865823698438,10482000
2000-08-17,18.5695743560791,19.125320131441633,18.416265176668748,18.47375611894763,11370000
2000-08-18,18.3204402923584,18.818694944661033,18.30127665188522,18.684549461348787,13836400
2000-08-21,18.090484619140625,18.397103002515887,17.573066097194864,18.01383002329681,15207200
2000-08-22,17.362258911132812,18.01382271132985,17.323931628768282,17.803022658324927,22435200
2000-08-23,17.304773330688477,17.400591566185092,16.806518506106084,16.998154977099315,28425200
2000-08-24,18.58873748779297,18.627064781582234,17.438918674115055,17.49640961479895,27267000
2000-08-25,18.052141189575195,18.799522831181815,17.860504871214527,18.492904721804738,15588800
2000-08-28,18.205455780029297,18.722873996935395,17.92758303391306,17.937164852744655,18180800
2000-08-29,18.4737491607666,18.722876483474035,17.975494515351734,18.243785478267434,15618600
2000-08-30,17.879680633544922,18.51208091318799,17.78386240935658,18.435426333837317,19122000
2000-08-31,18.358774185180664,19.02950184330313,17.783864763932833,18.013828532431965,38055400
2000-09-01,18.167139053344727,19.01033960012444,17.937175267859352,18.646230273105928,20437600
2000-09-05,18.205455780029297,18.89534673590409,18.205455780029297,18.722873996935395,19835400
2000-09-06,18.95284652709961,19.60441051286441,18.358773481255234,18.4354280678158,57655800
2000-09-07,19.66189193725586,19.81520103618183,18.588728244774057,19.12531009101496,39563800
2000-09-08,18.876184463500977,19.930184611209153,18.8378571854025,19.52774819117512,32579600
2000-09-11,17.822185516357422,18.742040252685545,17.783858235677084,18.564776579538982,29739400
2000-09-12,18.837862014770508,19.508589553444942,18.550407355338606,18.722880150997746,44940200
2000-09-13,19.62356948852539,19.73855134099722,18.83786016330123,18.857023805379868,24549400
2000-09-14,19.201969146728516,19.96851482124862,19.01033272809849,19.930187537522613,20935800
2000-09-15,20.313459396362305,20.42844124200209,18.895349966804936,19.201968221844368,55480600
2000-09-18,21.405792236328125,21.84655608721044,20.581755471635102,20.773391928540455,75770000
2000-09-19,23.762916564941406,24.146189412763043,21.65491590192241,21.9806978225708,85274000
2000-09-20,23.0107479095459,24.06953934989769,22.268156627851205,23.9737211200016,52449800
2000-09-21,22.05735206604004,23.590443434661413,21.76989743442353,22.53644311873422,32562800
2000-09-22,22.383129119873047,22.42145639576324,21.156656291386852,21.27163811905743,34164000
2000-09-25,21.46328353881836,23.149684388296947,21.290810724667143,23.073029804229737,20946200
2000-09-26,22.498117446899414,22.996372177409963,21.271644264104214,21.884880855501816,37944600
2000-09-27,22.344818115234375,23.188018798828125,22.114854292436082,22.76641845703125,30288200
2000-09-28,22.938888549804688,23.05387044729744,21.94237877153414,22.153178916937524,20885000
2000-09-29,21.846559524536133,22.90056020335147,21.731577632301732,22.90056020335147,13227800
2000-10-02,21.86571502685547,22.670587972629292,21.69324225276108,22.26815149974238,16962400
2000-10-03,22.22981834411621,23.168836532790085,21.904036523555888,22.076509252087824,25109000
2000-10-04,24.05036163330078,24.376143424349475,21.923198174100474,21.96152544363561,39061200
2000-10-05,25.41100311279297,26.675804172705742,23.609619785038415,23.91623822380515,64696200
2000-10-06,23.858726501464844,25.755926440135543,23.705417415511658,25.41098099674087,34240400
2000-10-09,24.337831497192383,24.83608631524514,23.456303742175965,23.72459479805053,20522600
2000-10-10,24.43364906311035,25.717613366818895,24.050376136630188,24.797758343266505,36832000
2000-10-11,21.61659049987793,24.20368244800162,20.351789991906347,23.839573210858283,58025400
2000-10-12,19.738554000854492,22.747246212635226,19.43193568627811,22.287318740770655,45688000
2000-10-13,21.44411849975586,21.482445789299657,19.35528121961878,19.62357224642538,28286400
2000-10-16,23.60959815979004,23.93537995257935,22.325634623502754,22.958034574211418,39924000
2000-10-17,22.747234344482422,24.107852405525602,21.769888976690844,24.03119786687528,23364400
2000-10-18,22.938888549804688,23.53296168685059,20.850050745352966,21.501614831145247,28142400
2000-10-19,23.60959815979004,23.91621631770939,22.47894370246243,23.87309813925198,22504600
2000-10-20,22.919729232788086,23.5329661353376,22.766420007150707,22.86702918647524,19325000
2000-10-23,22.574766159057617,22.93887529065532,21.712402426326214,22.63704798419933,18488000
2000-10-24,21.7699031829834,22.689758247053117,21.616594005638444,22.057357890505184,17440200
2000-10-25,20.16014289855957,22.30646989916667,19.94934292528566,21.698024521762427,19413200
2000-10-26,22.019025802612305,22.40229866253593,20.275134289959805,20.658407149883434,23014800
2000-10-27,22.958051681518555,23.30299736621583,21.73157813592825,22.22983301382431,21752800
2000-10-30,20.888368606567383,22.689750853372274,20.102659328705673,21.865714293663654,31944000
2000-10-31,19.963727951049805,21.63575604198246,19.47026407321008,20.428446360277505,38786400
2000-11-01,18.857030868530273,20.045177122441732,18.742048972990453,19.436731258543524,28733200
2000-11-02,19.259458541870117,19.853531392415363,18.703712972005206,19.259458541870117,33365600
2000-11-03,21.61659049987793,22.5747727028867,20.773390161230207,20.792553805290385,55045400
2000-11-06,21.635753631591797,22.148381098062195,21.386626264708987,21.884880998474607,14825800
2000-11-07,22.613096237182617,22.862223568609206,21.42495050268658,21.463277784444518,18673000
2000-11-08,21.175825119018555,23.073025740541485,21.11833419109362,23.039489365918605,18517400
2000-11-09,22.287309646606445,22.363964193972244,20.754218699290437,20.792545972973336,19473800
2000-11-10,22.67058753967285,23.762915088076358,22.268151074471557,22.30647835687168,33861800
2000-11-13,23.015539169311523,23.935394190233215,21.750738515544196,21.7699021618134,35406600
2000-11-14,24.644437789916992,24.759419614753305,22.82389223000866,23.532946816499273,28926000
2000-11-15,25.813434600830078,26.464998651630538,24.912743118841203,24.95107041594711,51017600
2000-11-16,27.001577377319336,27.53815946856486,25.200194642423654,25.238521934655477,40047000
2000-11-17,27.231536865234375,27.365682367033557,25.94757277658504,26.709327590373263,32321200
2000-11-20,25.947574615478516,27.059065994871244,25.79426545970021,26.560811238591747,20086600
2000-11-21,26.8290958404541,27.672295995439804,25.18102281025478,25.410986488887243,30790600
2000-11-22,24.203672409057617,26.254181473007865,23.76290877848887,26.254181473007865,37088000
2000-11-24,25.90923309326172,26.292505772156126,24.91272412813627,24.97021502997043,12493800
2000-11-27,27.423179626464844,28.01725270013389,26.61830642988097,26.675797372494102,40959000
2000-11-28,25.593042373657227,27.193206385787796,25.2385150176762,26.82909720937485,33772400
2000-11-29,25.334327697753906,26.350000442066282,24.069527676534726,25.181018604272793,29682400
2000-11-30,24.606124877929688,25.39183447294146,23.073032985223787,24.146197310117916,30656800
2000-12-01,25.449312210083008,27.097385139350433,24.989384880985124,25.25767582295889,28858600
2000-12-04,27.59563446044922,27.633961730533176,26.369161817762585,26.7141072485182,43292600
2000-12-05,30.546825408935547,30.700134444864958,28.13220809304729,28.36217164694141,58903800
2000-12-06,30.470190048217773,33.05728165608532,29.89528080202499,30.125244500502102,68904400
2000-12-07,32.022438049316406,32.1949107856682,29.4353470040395,29.56949246564645,47557800
2000-12-08,31.65833282470703,32.57818753147818,30.201896205652712,32.2907329356122,42941400
2000-12-11,30.508522033691406,31.447540613874118,29.282048786105822,30.048594565846813,36458200
2000-12-12,27.53815460205078,30.431864654179986,27.499827316592114,30.086919085052003,42861200
2000-12-13,27.998088836669922,29.320380506574253,27.921434247110252,28.285543547518692,31667600
2000-12-14,27.001577377319336,28.975432927258222,26.90575914673978,27.92143239088309,21760400
2000-12-15,24.39531707763672,26.52248141040787,24.222844293898515,26.177535842931466,57547800
2000-12-18,26.196701049804688,26.59913756922378,24.91273691641997,24.91273691641997,31734000
2000-12-19,25.58345603942871,28.458001661836434,25.487637852015123,26.44581972615103,37262600
2000-12-20,23.647933959960938,25.755934556067665,22.766406437952668,25.104370735452857,44586200
2000-12-21,23.245508193969727,25.296018809596074,22.766416928636467,23.647944856849662,35720200
2000-12-22,26.06254768371582,26.06254768371582,24.06952933143167,24.107856607437135,32830200
2000-12-26,25.698436737060547,26.40749129281837,24.721091268313277,25.83258219355527,16418600
2000-12-27,27.557315826416016,27.633970390606326,25.755933567943757,25.851751773181643,26665200
2000-12-28,27.404006958007812,27.787279782595334,26.560806743915265,27.499825164154693,20138800
2000-12-29,25.200204849243164,28.132243892539133,24.93191369495464,27.442352352940084,23929400
2001-01-02,21.7315731048584,25.219356442675178,21.559100302438885,25.104374574395504,36380600
2001-01-03,25.775100708007812,26.292519086532874,21.175826232229465,21.19498987587854,47526000
2001-01-04,24.203672409057617,25.257672395200267,23.532945145148656,24.2228360451693,40355600
2001-01-05,22.402297973632812,24.471971353574936,22.24898883437784,24.337825856726834,31656400
2001-01-08,23.877901077270508,23.916228366319096,21.99986391388968,22.383136804375564,23359400
2001-01-09,22.459796905517578,23.398815718120275,21.980705674597836,23.03470638262127,29433000
2001-01-10,22.21065902709961,22.26814994779098,20.77338600981534,21.27164065580722,35403600
2001-01-11,21.635753631591797,22.70891767354852,21.329135333889877,21.539935413559945,25866400
2001-01-12,22.019025802612305,23.015535238413733,21.63575294268868,22.038189445608484,22619600
2001-01-16,21.750732421875,21.808223344575993,20.984186785861784,21.348295962968063,21852600
2001-01-17,22.383129119873047,22.823892792610273,21.94236544713582,22.383129119873047,26540000
2001-01-18,22.402297973632812,22.689752609735883,21.904043271054153,22.574770755294654,23147800
2001-01-19,21.57825469970703,22.823891072247847,21.463272880703265,22.804727435747218,25167400
2001-01-22,23.130516052246094,23.216752441836075,21.25247912339761,21.597424681757538,33483800
2001-01-23,23.801244735717773,24.491135887477707,23.34131730121115,23.398808230524477,37063200
2001-01-24,22.766401290893555,24.035992271972425,22.34480126698812,24.031201362609863,28724200
2001-01-25,22.67058753967285,23.456296828875374,22.344805639271804,22.728078463273036,31479800
2001-01-26,24.836078643798828,24.95106048937197,23.226332805774828,23.590441983423112,57665400
2001-01-29,26.618303298950195,26.675794234801057,24.376156800766484,24.58695689888632,34226200
2001-01-30,26.273353576660156,26.36917178809947,25.45889877942598,26.29251721894802,22811800
2001-01-31,25.775100708007812,26.560810097619946,25.736773420709657,26.36917366112918,22513800
2001-02-01,26.13921356201172,26.215868147237558,24.816921966865966,25.48764958759207,22344000
2001-02-02,26.618303298950195,27.327358174444186,25.52597551778377,25.794266551754472,44556200
2001-02-05,26.503313064575195,27.13092224958231,26.10087664060117,26.311676672206612,21904200
2001-02-06,25.43015480041504,26.790773482275977,25.08520921909818,26.330846040520168,16467400
2001-02-07,26.560806274414062,26.905751810445416,24.816914953366677,25.008551362272982,28307600
2001-02-08,25.98589515686035,27.404004479579868,25.947567877867932,26.503313423258014,25561800
2001-02-09,24.26116371154785,26.369163718080443,23.839563710241332,25.75592735254369,25314800
2001-02-12,25.41100311279297,26.043403642749357,24.222856662571882,24.2420203149948,26479400
2001-02-13,24.682771682739258,26.71411779948643,24.663608040128434,26.21586309160505,24444800
2001-02-14,25.56431007385254,25.755946581152784,24.452818331511125,25.008564202681832,24141800
2001-02-15,26.254192352294922,26.96324718224741,25.89008311529229,25.918828581371443,25560200
2001-02-16,24.721094131469727,25.564294241380324,24.51029410399208,24.912730520085773,23395000
2001-02-20,23.154478073120117,25.10437928887842,23.111359864417842,24.66361537769964,24447400
2001-02-21,21.846559524536133,23.245505880054672,21.424959253009995,22.306487093473734,32640000
2001-02-22,20.524259567260742,21.61658710725501,19.336113822003817,21.4249506967297,51144600
2001-02-23,18.95284652709961,19.201973933421446,15.369244605393211,18.12880972157354,149932400
2001-02-26,19.336111068725586,19.68105655855419,18.013820024382607,19.27862015375415,53842800
2001-02-27,17.055641174316406,18.9336780676681,16.998150249009722,18.914514425899206,47386000
2001-02-28,16.806522369384766,17.93717780814611,15.982485354694292,17.170631747968926,57997000
2001-03-01,18.761207580566406,18.857025801100452,16.844843169885465,16.90233410220589,55642200
2001-03-02,18.550403594970703,19.85353112023724,18.243785353731518,18.301276273963865,54743000
2001-03-05,19.297792434692383,19.393610669224124,18.243791854843245,18.742046674408293,22659000
2001-03-06,18.10963249206543,20.380522915673634,17.841341640331127,19.89185029287187,41703600
2001-03-07,17.66887855529785,18.799533473695437,17.189787488180233,18.703715260271913,45456400
2001-03-08,17.553895950317383,18.16713249006646,17.534732308450224,17.688041443387494,22061200
2001-03-09,15.924989700317383,17.55389959746176,15.924989700317383,17.132299388789097,33687600
2001-03-12,14.73684310913086,16.557389396994882,14.48771572237052,15.637534430495165,48112000
2001-03-13,16.193275451660156,16.250766370423445,14.583529726288022,14.90931159928,42182600
2001-03-14,15.73334789276123,16.423238908765377,15.024293237423636,15.297375097925277,40149000
2001-03-15,16.001638412475586,16.90232943689038,15.98247477365825,16.442402105274315,26985600
2001-03-16,15.426729202270508,15.752511061200444,15.100947343340572,15.445892841031093,30580400
2001-03-19,17.841346740722656,18.28211040886081,15.407564747090241,15.484219298070789,44608600
2001-03-20,16.557382583618164,18.24378266157927,16.365746211122584,17.78385536758988,42417400
2001-03-21,17.822185516357422,18.12880376180013,16.59571253458659,16.80651257832845,43807600
2001-03-22,17.438915252685547,18.262951907482776,16.25076937832675,17.860515401651572,59501800
2001-03-23,18.052141189575195,18.377922930788337,17.18977775695218,18.205450244263734,35733800
2001-03-26,17.362258911132812,18.74204107625595,16.902331522758434,18.205459123152508,38035000
2001-03-27,18.358774185180664,18.70371983792936,17.362264521684427,17.49641005330892,43913800
2001-03-28,16.806522369384766,18.01383241416383,16.4424129908006,17.89885050513725,39496800
2001-03-29,16.76818084716797,17.20894445800781,15.944144531249998,16.059126342773435,36864200
2001-03-30,17.362258911132812,17.688040811231332,16.116622234285536,16.844840599211636,29803400
2001-04-02,15.790851593017578,17.630562458223512,15.618378699404524,17.017325503154865,37414800
2001-04-03,14.027787208557129,16.17411530604128,14.008623564829593,15.944151581310836,49397200
2001-04-04,13.452877044677734,14.60269559550489,13.107931479429586,13.759495324898309,62465400
2001-04-05,14.698511123657227,14.87098387478228,13.299565475642915,14.142765592254282,63258000
2001-04-06,13.682839393615723,14.545203220944446,13.395384784506149,14.343984994567744,40943200
2001-04-09,13.87141227722168,14.165765561757786,13.423748674460045,13.70890378437189,23734400
2001-04-10,14.962976455688477,15.539419327792338,13.862216443415857,14.058452016134718,34930600
2001-04-11,15.66513729095459,16.266109196546847,15.238937815359504,16.21091777974178,29363800
2001-04-12,16.26304054260254,16.336628305069553,14.441726461526276,15.024301901062694,36153200
2001-04-16,14.831124305725098,15.950281377087203,14.720741549467862,15.821501104901833,23467800
2001-04-17,15.563941955566406,15.793905644547126,14.687014737430816,14.70234541609837,28842800
2001-04-18,18.013824462890625,18.39709732380319,16.174114730510308,16.551255085289558,51701600
2001-04-19,20.33799171447754,20.390116262284614,17.740934426780857,18.335773487642044,55586000
2001-04-20,19.57144546508789,20.236806574355338,18.783435405730305,19.654231371776678,33502800
2001-04-23,17.845186233520508,19.332284598957198,17.799193018236465,18.80183505238655,27689000
2001-04-24,18.243791580200195,19.203507330326218,18.167136993728764,18.231526565647286,26453200
2001-04-25,19.310821533203125,19.40893930142073,17.832921333562396,18.170201015603404,35864400
2001-04-26,17.7991886138916,18.443087620257458,17.3331287483186,17.3331287483186,62933200
2001-04-27,17.262603759765625,18.550400383990276,17.12769217804897,18.39402562267451,33430000
2001-04-30,17.58761978149414,18.584128911229758,17.38525182039559,18.078208423655592,29310000
2001-05-01,18.93368148803711,18.964342852543968,17.093971545879658,17.391391694151725,27274200
2001-05-02,18.427757263183594,19.298553182784644,18.102742650783163,18.847825128489436,25198200
2001-05-03,18.04141616821289,18.70371147870541,17.698004088238612,18.133401400570467,22814000
2001-05-04,18.884620666503906,19.093121198806827,17.277940300461864,17.523235869987158,30661200
2001-05-07,18.54734230041504,18.872356964182874,18.262187175254482,18.820232412316727,19977000
2001-05-08,19.025665283203125,19.29855538308878,18.52587712664338,18.850892945755998,20837200
2001-05-09,18.17633056640625,18.884619187094508,18.10580850507197,18.761971411940014,17913600
2001-05-10,17.970897674560547,18.795700431118743,17.94330198242595,18.657721970445756,15230200
2001-05-11,17.768535614013672,18.406301245491637,17.520174301516057,17.995432563514523,12634600
2001-05-14,17.452714920043945,17.848252849586217,16.9253321836437,17.820657152881964,18167600
2001-05-15,18.243791580200195,19.120720236578332,17.796129075924526,17.845187964479997,37908200
2001-05-16,19.856599807739258,19.90872435217171,18.35723548586978,18.636258064608345,34841400
2001-05-17,20.3441162109375,20.94508757589383,19.746211682853968,19.825933066368812,31584000
2001-05-18,20.046701431274414,20.50049749521017,19.783009534812454,20.08656330309812,15781000
2001-05-21,21.7699031829834,21.78216819788848,20.160156820861385,20.34719420436722,25088400
2001-05-22,21.435688018798828,21.66565176035149,20.54342757870466,21.66565176035149,21910000
2001-05-23,20.883777618408203,21.76990453119494,20.877643940919604,21.48168251135685,24848400
2001-05-24,21.46328353881836,21.46328353881836,20.558760382550204,20.97269466865068,20010200
2001-05-25,20.702861785888672,21.432614667824975,20.696730450607745,21.20878233143248,14916600
2001-05-29,20.29200553894043,20.98802826849725,20.083504936107566,20.653815339758847,17413400
2001-05-30,18.955141067504883,19.71555539475532,18.7190448628623,19.55917942444313,24797400
2001-05-31,18.623994827270508,19.4089368748763,18.519744565365873,18.995002665062678,21987400
2001-06-01,18.884620666503906,19.163643265665762,18.39709753503913,18.780370400352446,14297000
2001-06-04,18.991933822631836,19.36294279091939,18.568801483377534,19.148309783811037,12150200
2001-06-05,19.476396560668945,19.87806699608089,18.979675191055172,19.016469063337944,17964200
2001-06-06,19.157508850097656,19.789142890257306,18.866221267559997,19.577575541110747,12808600
2001-06-07,19.930187225341797,20.09269453150471,18.918347184755614,19.111517019212567,14187000
2001-06-08,18.777311325073242,19.838209538384326,18.703722394446288,19.838209538384326,11969200
2001-06-11,18.32964324951172,18.768107551549186,17.78386300067743,18.719048665919768,19297200
2001-06-12,17.7746639251709,17.961701282680494,17.017316320060267,17.176757982697033,25350000
2001-06-13,16.624845504760742,17.86971512190775,16.618712998068386,17.8666494533896,21186200
2001-06-14,15.790851593017578,16.864016264387704,15.76938839316271,16.58805916674415,23156600
2001-06-15,15.131608009338379,15.484219414359309,14.870983001909435,15.376903510042833,34356600
2001-06-18,15.343178749084473,16.017739187460247,15.162273920197185,15.57314245514513,27066400
2001-06-19,15.42597484588623,16.076005641033888,15.287996307618513,15.999351027513665,21160200
2001-06-20,14.855658531188965,15.524086593554477,14.711547539773907,15.208268913850327,28049800
2001-06-21,16.097461700439453,16.465403916094996,14.717679268973214,14.926179818856152,32745600
2001-06-22,16.566587448120117,16.74135979687178,16.07906427274546,16.158785690918258,22582000
2001-06-25,16.664710998535156,16.955998737398886,16.177187654019875,16.93146987152068,22868600
2001-06-26,16.388750076293945,16.618713825251326,15.913491895713245,16.345823696966878,21046600
2001-06-27,17.03570556640625,17.400580759494122,16.348880366272965,16.419402403441776,25090000
2001-06-28,17.66121482849121,18.136474161947806,17.385259041279326,17.385259041279326,25078800
2001-06-29,17.931039810180664,17.937172317143546,17.34846568457992,17.572296925272724,16127000
2001-07-02,17.743999481201172,18.228456923537227,17.492572585951493,17.64281605733528,12945800
2001-07-03,19.583711624145508,19.608241650996604,18.765041277315134,19.010335697545806,30307800
2001-07-05,18.829435348510742,19.62357702815515,18.78037645272661,19.29856111255005,20964000
2001-07-06,17.83905792236328,19.010340071932415,17.786932188138305,18.728251716171037,20909800
2001-07-09,18.924480438232422,19.258694407081155,18.305111378088167,18.41855981311949,26743200
2001-07-10,18.105815887451172,19.24030417640556,18.01076493412389,19.090060649064515,21977000
2001-07-11,17.308605194091797,18.240725210484875,16.931464783502836,17.89117932709538,30185400
2001-07-12,19.42733383178711,19.485590882183246,18.20392641622119,18.265250304333684,29961200
2001-07-13,20.1080265045166,20.831645801537615,18.936743648888033,19.1759066924334,42109600
2001-07-16,19.65729522705078,20.439172661788945,19.54691247533924,20.058964366199643,24689600
2001-07-17,19.83514404296875,20.098836040798165,19.335355748702675,19.68796618910315,21693200
2001-07-18,19.17898178100586,20.02218359880102,18.92142226351541,19.694101985643197,18210800
2001-07-19,20.144821166992188,20.66914051319167,19.727820096138018,19.74621878468085,27739600
2001-07-20,19.770753860473633,20.144826313162547,19.59291464143809,19.908731193576607,25012400
2001-07-23,18.65772819519043,20.022181407333232,18.627066824658453,19.74315755507323,21318000
2001-07-24,17.707210540771484,17.897313599160004,17.305540062406745,17.783865131857077,37194200
2001-07-25,18.271385192871094,18.397098653550785,17.510971922216388,17.863582277949156,21651000
2001-07-26,18.2928466796875,18.535075403480924,17.679610114938132,18.31737670371232,27929400
2001-07-27,19.37214469909668,19.80754213291099,19.163644157095003,19.384409712074664,34511000
2001-07-30,19.65729522705078,19.939383441730723,19.286287443530345,19.350676992143498,22950600
2001-07-31,19.387479782104492,19.893399400919048,18.939817233677665,19.724760697637144,28376400
2001-08-01,20.043636322021484,20.218408635111487,19.6082377884308,19.687958020680906,18907000
2001-08-02,20.95429039001465,20.966555400912252,20.264399317377986,20.298127512518487,25390600
2001-08-03,20.500497817993164,20.889901993469802,20.32879233454668,20.696733324592508,17544000
2001-08-06,20.63541603088379,20.911370676308227,20.31346582547211,20.331862178017108,13833000
2001-08-07,20.715129852294922,21.116801382149877,20.466769798821577,20.549555703542097,15868400
2001-08-08,19.957780838012695,21.116799792005637,19.63583307799655,20.54035598287112,22618800
2001-08-09,20.15095329284668,20.359453812235014,19.592908129088453,19.976180970661733,22507600
2001-08-10,19.55305290222168,20.108032553327273,19.07166217195656,20.012979271263823,25817000
2001-08-13,20.4207820892334,20.497436678411685,19.822877229367716,20.043642820491172,19800800
2001-08-14,20.215347290039062,20.773392576378132,20.08350131000395,20.61701656765921,15580000
2001-08-15,19.47945785522461,20.28586538329269,19.470259681633394,20.160150772714893,20480200
2001-08-16,19.871925354003906,19.881123525973592,18.550401623303546,19.206564402668885,23959800
2001-08-17,18.87542152404785,19.715556116379076,18.82023014070061,19.433466693753623,18508600
2001-08-20,19.53465461730957,19.53465461730957,18.853962681964415,19.02873504627727,14763600
2001-08-21,19.145246505737305,20.230676753691146,19.13298266249982,19.537718730736977,22653600
2001-08-22,19.54691505432129,19.635834634893655,18.62706022823558,19.49785617704962,27677400
2001-08-23,19.30162239074707,20.06510247919192,19.29548988433376,19.451864704077117,22051200
2001-08-24,20.27053451538086,20.282799527199916,19.47026062385389,19.559180205058198,20919200
2001-08-27,19.920995712280273,20.41771597050806,19.770753367201344,20.1724226800769,14804400
2001-08-28,19.255632400512695,20.074304014051837,19.185110319439556,20.052840822840714,22055000
2001-08-29,19.231107711791992,19.470269705538463,18.884628569055767,19.433475822575108,21390400
2001-08-30,18.271385192871094,19.301622904614906,18.26218701783425,18.97967391210897,28877600
2001-08-31,18.044485092163086,18.443089787072736,17.793058199172755,18.124206499007375,23522600
2001-09-04,16.649370193481445,18.09047615501553,16.557384955437943,18.01382159503665,41623800
2001-09-05,16.31516456604004,16.618717292646927,15.750986670766022,16.50220197469459,47923800
2001-09-06,14.874053955078125,16.854809160125463,14.840326922918623,16.14652043096706,49786000
2001-09-07,15.079496383666992,15.42290874109412,14.549046573194895,14.717686497042177,45528800
2001-09-10,15.496480941772461,15.879753613444779,15.226656653411645,15.47501776573124,36125800
2001-09-17,14.040054321289062,15.465828926083217,14.01552429221388,14.487716825005618,42100800
2001-09-18,14.217888832092285,14.834192208919454,13.892874214936187,14.26694770843599,32045400
2001-09-19,13.79781723022461,14.239346960515832,13.061933176750447,13.994052665909598,41121800
2001-09-20,13.963390350341797,14.104434413762128,13.408411096898265,13.64450720461771,44107600
2001-09-21,13.764093399047852,14.104439852191312,13.123261193759882,13.138591872711533,45258000
2001-09-24,14.5950288772583,14.671683443146538,14.073778764942958,14.276146772101674,30381400
2001-09-25,14.969115257263184,14.978313438084141,14.319084356914319,14.512254341751817,36162000
2001-09-26,14.205626487731934,15.116282048962063,14.128971912260873,15.054958154654013,32100800
2001-09-27,14.582765579223633,14.644088298495332,13.521865458847172,14.079910625742077,31670400
2001-09-28,14.576638221740723,15.09175719921981,14.432527207310171,14.665557833608776,29678400
2001-10-01,13.73650074005127,14.533709087656405,13.669045503848745,14.487715870997155,31600800
2001-10-02,14.064577102661133,14.411056010851139,13.659841155077766,13.825415270813414,32895400
2001-10-03,13.7395658493042,14.733008443291716,13.288836593525897,14.00325659337826,66462200
2001-10-04,12.877973556518555,13.920476645623108,12.868775378268245,13.534136783919944,76788600
2001-10-05,11.792542457580566,12.64800800714497,11.746550402984717,12.577485921039644,77904400
2001-10-08,12.638801574707031,12.831970183216459,11.909049989149311,11.982638865954462,47433600
2001-10-09,12.52535343170166,12.954619394285817,12.280059097220278,12.764516431269701,41547200
2001-10-10,13.767165184020996,13.825422252834949,12.356719990148648,12.37818318232517,51378600
2001-10-11,15.232793807983398,15.468889986186216,14.411056855420977,14.55516779826502,68818200
2001-10-12,15.177599906921387,15.312511485018028,14.441715807208439,14.913908085029988,37382800
2001-10-15,15.49956226348877,15.787784352278159,14.613435138714054,14.9077885671463,31874800
2001-10-16,15.284918785095215,15.51488246492908,14.831123930581747,15.364640182444848,34895200
2001-10-17,14.300676345825195,15.63753222944848,14.25774997390891,15.606870869409965,36550200
2001-10-18,14.530640602111816,14.923111639728402,14.165765257431142,14.573566975644136,33358800
2001-10-19,14.809659004211426,15.070285179139812,14.503040800523173,14.515305809388053,28841600
2001-10-22,14.818861961364746,15.116280896144229,14.288411310261656,14.791266269513464,22802400
2001-10-23,15.131608009338379,15.69885239264789,14.803526622250146,14.913909363636025,33173200
2001-10-24,16.324352264404297,16.404072475806515,15.162269092410211,15.19293044225979,40147800
2001-10-25,17.127696990966797,17.161425188287545,15.536347398637735,15.980944130340873,35369800
2001-10-26,16.946794509887695,17.47724405759275,16.747492136105357,16.870139930687728,39769400
2001-10-29,16.036134719848633,16.864004253496923,16.01160586733731,16.848673574470364,26788000
2001-10-30,14.929244995117188,15.579276650215299,14.852590418118863,15.554746624140947,42631400
2001-10-31,15.06108570098877,15.806168022762286,15.024291844383647,15.24199048630941,32084400
2001-11-01,15.830698013305664,15.849094356749085,15.024291818793387,15.312512506077892,29547600
2001-11-02,16.41020393371582,16.511387317494385,15.692717398206586,15.806165789005417,32466800
2001-11-05,16.275297164916992,16.58191541291025,15.94414889564949,16.42860628891362,31249600
2001-11-06,16.781225204467773,16.81188774683319,15.92269390239477,16.376489002495408,35199200
2001-11-07,16.897737503051758,17.437385285917028,15.695792959458478,15.824573275040986,91845200
2001-11-08,17.25954246520996,17.799190098451003,16.753621858701095,17.057174456537584,57340600
2001-11-09,16.99278450012207,17.336197815550108,16.802681494205206,16.986653163825064,26454800
2001-11-12,17.241153717041016,17.30554330489992,16.462342644970178,16.94066780404301,23800200
2001-11-13,17.648944854736328,17.762393266643,17.357657316914,17.590686645378465,22768400
2001-11-14,17.805326461791992,17.998496338630638,17.354597139053855,17.814524637470363,22871800
2001-11-15,18.078214645385742,18.39709795736416,17.664280409207446,17.69187610292973,27431000
2001-11-16,18.4216251373291,18.516676046847373,18.07821185301644,18.17326393219052,27170200
2001-11-19,19.15444564819336,19.16057815457542,18.433891938657275,18.498282670840904,26054600
2001-11-20,18.157928466796875,19.08084864715768,18.115002109987838,19.010326608163478,28568400
2001-11-21,18.32964324951172,18.458423555324003,17.84518690012823,18.145672720815426,17289000
2001-11-23,18.79876708984375,18.8570241417258,18.366435363624564,18.452288107378305,7164200
2001-11-26,18.51974105834961,18.899946998246467,18.090475080111798,18.84168995720012,29628000
2001-11-27,18.403226852416992,18.909146245173627,17.77772536389223,18.326572292636676,27891400
2001-11-28,17.5661678314209,18.581073953024617,17.547770306957602,18.28058807139543,27288400
2001-11-29,17.912641525268555,17.96783291592434,17.323934917814885,17.553898655661985,20094800
2001-11-30,18.004621505737305,18.412423113198003,17.814517375072008,17.90650377298034,21344400
2001-12-03,17.563098907470703,18.115012879284507,17.492576826551428,17.82985771706611,17876200
2001-12-04,18.369504928588867,18.3879024502914,17.51097379995875,17.68267932389108,19909000
2001-12-05,19.00727081298828,19.086991064230357,18.482952579152713,18.49828443139505,30072400
2001-12-06,18.409360885620117,18.93981034297097,18.295911285576263,18.921412826020543,29728200
2001-12-07,17.468042373657227,18.335771427683166,17.314733246051755,18.32963892222025,33465200
2001-12-10,17.486434936523438,18.01381859565626,17.23194244798868,17.339258346228235,23118800
2001-12-11,17.639753341674805,18.121144058706598,17.446584622884135,17.477245990091998,23313800
2001-12-12,17.682682037353516,17.915712669386888,17.118505321108444,17.753205296540486,22571600
2001-12-13,16.864009857177734,17.477246579256924,16.864009857177734,17.354598766978597,23683200
2001-12-14,17.121562957763672,17.247276392236408,16.78734902177677,16.96212132897897,19307400
2001-12-17,16.41020393371582,17.247271363534015,16.348880068269942,17.139955476245316,30373000
2001-12-18,16.434734344482422,16.8026764025705,16.315153438776296,16.781213223067123,25106000
2001-12-19,16.029998779296875,16.588043797804147,15.974807410903356,16.069859471948988,21482800
2001-12-20,15.196001052856445,15.944149169745325,15.137742836156502,15.925751653473373,30375400
2001-12-21,15.327851295471191,15.668196669565614,15.223601013328281,15.395306534747563,30459600
2001-12-24,15.367704391479492,15.668190097581377,15.346241210304761,15.389167572654223,5218400
2001-12-26,15.517953872680664,15.962550685233241,15.435166783199335,15.441299290159742,12261200
2001-12-27,16.005477905273438,16.01774291983869,15.597674943400067,15.597674943400067,14290200
2001-12-28,15.882827758789062,16.333557035575097,15.806173183534622,16.14345401644776,14839200
2001-12-31,15.48422622680664,15.867499153212744,15.327851387481653,15.790844567931524,14681400
2002-01-02,15.959480285644531,15.959480285644531,15.260391023342036,15.628333171269187,18612800
2002-01-03,15.938024520874023,16.35502573801667,15.836841055640038,15.96255455466189,22240000
2002-01-04,15.45661735534668,16.12197919670817,15.266514473381319,16.088251020786622,38927400
2002-01-07,14.472384452819824,15.459694614759261,14.441721920053986,15.453563277862122,40064600
2002-01-08,14.7759370803833,14.895519213041135,14.245487503424647,14.365068466426363,56385400
2002-01-09,14.168831825256348,15.104017436882815,14.101376592418287,15.0702904052918,45937000
2002-01-10,14.316007614135742,14.453986079290864,13.95113226819749,14.306809439677385,49996800
2002-01-11,14.260818481445312,14.4110619827224,14.119774325736143,14.190296403590729,23483000
2002-01-14,14.457059860229492,14.64409612542414,14.128978224219138,14.168837779118569,26820800
2002-01-15,14.273077964782715,14.496909125929104,14.150431378080198,14.39572572114092,36854000
2002-01-16,13.951130867004395,14.291477323652074,13.932733350279495,14.153498872354929,28107000
2002-01-17,14.493851661682129,14.536778049806529,14.046189086018607,14.162703233883018,23851400
2002-01-18,13.782491683959961,14.322139332872005,13.75182915469139,14.165764527397915,25815400
2002-01-22,12.693998336791992,13.843816984339961,12.65107079143915,13.840750146272466,37067800
2002-01-23,13.3501558303833,13.534126270417266,12.672529933683041,12.87796355273245,33356600
2002-01-24,13.4022855758667,13.797823462509404,13.368557375813383,13.678242512979281,37546000
2002-01-25,14.119770050048828,14.21482212775974,12.825841842192277,12.828907510015823,56492200
2002-01-28,13.91740608215332,14.365068571939826,13.537200000568333,14.28841398794942,29880400
2002-01-29,13.239776611328125,14.116705025448077,13.178452725160943,14.036983622533985,28530400
2002-01-30,13.702767372131348,13.721164885791683,13.18458301874955,13.386950990390643,31119400
2002-01-31,13.506534576416016,13.705836920026963,13.310299070516184,13.644513032019296,19762400
2002-02-01,13.019014358520508,13.48814121130623,12.914764076752139,13.442147992716368,19889400
2002-02-04,12.506959915161133,13.199916712938194,12.448701693412819,13.000615532839404,24413600
2002-02-05,12.206477165222168,12.64494150757961,11.988777243669949,12.243271040413672,33471400
2002-02-06,12.448704719543457,12.60201389672826,11.896791915609409,12.322991241038167,26281600
2002-02-07,11.991836547851562,12.510020822495212,11.973439036986731,12.418035607481995,25089800
2002-02-08,11.485920906066895,12.307658019943213,10.60592673794667,12.11142250074695,113367200
2002-02-11,12.657209396362305,12.66640874534117,11.878399412785384,11.89986261097511,52587400
2002-02-12,12.418039321899414,12.64493734514564,12.353649769095849,12.470163863791111,25137800
2002-02-13,12.847306251525879,12.90862897109311,12.510025445626615,12.556018654957937,21881000
2002-02-14,12.280062675476074,12.877968594134968,12.273930169120149,12.877968594134968,19634800
2002-02-15,11.46752643585205,12.464036045369863,11.240628348574674,12.28926368435,40053600
2002-02-19,11.442997932434082,11.682159896308189,11.007600391057496,11.317284442493039,35042400
2002-02-20,11.010663032531738,11.67602534730033,10.559933760258048,11.639230309394245,46179400
2002-02-21,9.965093612670898,10.961602973937987,9.95896110701209,10.943205456961564,53571600
2002-02-22,10.026415824890137,10.290107675895126,9.514363384466396,10.032548329524632,59226400
2002-02-25,11.010663032531738,11.0229280451671,10.517007385690265,10.710177240901272,53386400
2002-02-26,10.661118507385254,11.268222605355914,10.455683636699144,11.222229392165533,44648000
2002-02-27,10.293177604675293,10.937075652342187,10.293177604675293,10.872686081506727,27107800
2002-02-28,10.195058822631836,10.694846996177326,10.13373492660961,10.437287568608806,23921600
2002-03-01,11.029062271118164,11.056657969022412,10.265582075538058,10.36369985260735,29224800
2002-03-04,11.91825008392334,11.939713266111106,11.114910661544288,11.117976329147238,33465400
2002-03-05,11.915184020996094,12.12675016825143,11.559506938413627,11.620830815339362,30854400
2002-03-06,12.24940013885498,12.402709274085566,11.927451188801925,11.988773907169458,31665800
2002-03-07,12.70626163482666,12.733857327969831,12.200342153409823,12.439504047546656,29273200
2002-03-08,13.429877281188965,13.521862509690166,13.003678159064075,13.06193519752852,35033400
2002-03-11,13.383889198303223,13.690507496824203,12.92396175052175,13.340961653999257,23977800
2002-03-12,13.055811882019043,13.092605762088539,12.709332766533583,12.767589840781648,23590400
2002-03-13,12.562152862548828,12.893300037762376,12.448703242738281,12.838108646950774,21610000
2002-03-14,12.393511772155762,12.844241070997363,12.387380435132657,12.693998751154197,22304400
2002-03-15,12.87490177154541,12.87490177154541,12.393510007838087,12.454833896243647,25970600
2002-03-18,13.4022855758667,13.49120516334253,13.06500591464553,13.101799783041878,28936400
2002-03-19,13.196849822998047,13.46054170638743,13.080334559944545,13.454409200999793,20375200
2002-03-20,12.329121589660645,12.877968628596854,12.3137909085578,12.721593809898243,22534600
2002-03-21,12.80744743347168,12.816645608829651,11.964247049079518,12.14821757417538,30621000
2002-03-22,12.408843040466309,12.77985090469756,12.326055958672757,12.697063822904008,17770000
2002-03-25,12.102229118347168,12.559089898065825,12.10222911834717,12.402715022304992,18076000
2002-03-26,12.224872589111328,12.55602094964193,11.829335829130152,11.970379981360837,23613000
2002-03-27,11.611629486083984,11.896784470774362,11.513511767658851,11.7833360781557,30071200
2002-03-28,11.54111385345459,11.76801193425747,11.384739018456475,11.731216892188172,20250200
2002-04-01,12.06236457824707,12.142084825626364,11.28355377617958,11.375539036896011,25126800
2002-04-02,11.427665710449219,12.0960937874614,11.421533203269934,11.80480612955416,20257600
2002-04-03,11.54111385345459,11.829335834716852,11.360208990410277,11.77414444126902,24533600
2002-04-04,11.222224235534668,11.452187856505915,10.983062444014319,11.268217427591102,31288200
2002-04-05,11.010663032531738,11.406200917602286,10.91254527076081,11.23449424967517,18313200
2002-04-08,11.075058937072754,11.133317195627253,10.590602357087374,10.710183374626276,22611000
2002-04-09,10.73164176940918,11.40620234313184,10.716311086526964,11.283554540761855,20154800
2002-04-10,10.823626518249512,11.12717917127379,10.713243735331591,10.869619734350668,19937800
2002-04-11,10.621254920959473,10.73163766696459,10.492475830390624,10.700976312921249,15160400
2002-04-12,10.949339866638184,11.081185837090056,10.455684186991322,10.679516588665289,22892400
2002-04-15,11.099583625793457,11.176238207228971,10.563001555744869,11.03519405810509,24249600
2002-04-16,12.148212432861328,12.154344937056628,11.442990825579944,11.458321501240405,29353600
2002-04-17,12.20340347290039,12.372043239943084,11.92744780946386,12.270859847579686,27450400
2002-04-18,11.774139404296875,12.111418958051246,11.559506429336995,11.666822331989128,21469600
2002-04-19,11.42459774017334,11.918253407464933,11.42459774017334,11.918253407464933,14485000
2002-04-22,10.740840911865234,11.053591783365242,10.584466060943347,11.03826109910329,28149000
2002-04-23,9.888437271118164,10.826689414663084,9.735128166139589,10.636585282337583,51037600
2002-04-24,10.207318305969238,10.391288724714205,9.594082017278824,10.311568521832825,61125800
2002-04-25,9.934435844421387,10.179730311145905,9.750464117135788,9.75966287894851,34710400
2002-04-26,9.397849082946777,10.256380518990479,9.379452152016865,10.008019319711169,27146800
2002-04-29,8.95938777923584,9.670742826832136,8.757019719476885,9.403984610880014,34277600
2002-04-30,9.247607231140137,9.428512062209416,8.968584644540664,9.0268422811972,29371800
2002-05-01,9.13109302520752,9.321196040386692,8.815275971180206,9.12496051895581,26505600
2002-05-02,8.717157363891602,9.10656270063811,8.661965982642121,9.103496447810036,25236800
2002-05-03,8.22963809967041,8.711028905614594,8.036468175545268,8.67423502423813,40977600
2002-05-06,8.11005687713623,8.416675275745114,8.060997980145064,8.171380205961096,21685600
2002-05-07,7.604133129119873,8.34308313898497,7.552007997996163,8.208171516523096,41761600
2002-05-08,9.023775100708008,9.060568962835928,7.935279973211503,8.165243658408638,44238200
2002-05-09,8.689558982849121,8.974713974464557,8.30628627042574,8.870463749899177,38446000
2002-05-10,8.217367172241211,8.901126173268691,8.131514454227696,8.763147755278716,37510600
2002-05-13,8.91952896118164,8.968587856516503,8.352284825940604,8.769286021115102,34209600
2002-05-14,9.407047271728516,9.578753314618417,9.183216107000698,9.361054654772202,36657600
2002-05-15,9.833247184753418,10.191991145504565,9.143356122195476,9.22920944274073,43400200
2002-05-16,9.916031837463379,9.980421373568634,9.581817979550438,9.762722749790571,28697800
2002-05-17,9.962031364440918,10.412759573358887,9.637015470887604,10.271715403756156,31691000
2002-05-20,9.778058052062988,9.919102198753361,9.621682638453207,9.762727369971612,19849600
2002-05-21,10.001888275146484,10.259447685091095,9.897638009939,10.017218955689007,33245600
2002-05-22,9.618618965148926,9.998825691198507,9.284404879742057,9.860847184442218,29454200
2002-05-23,9.710599899291992,9.885372791218796,9.400915399852845,9.532761339545816,24982800
2002-05-24,9.508231163024902,9.646209012443592,9.459172294143434,9.572620709121388,11827800
2002-05-28,9.630878448486328,9.756591874576946,9.324260221957434,9.63394470093096,20174000
2002-05-29,9.548090934753418,9.62781174005458,9.324259780346978,9.336524789544615,20171800
2002-05-30,9.560356140136719,9.66154012878229,9.29053178052997,9.354921910483245,19351600
2002-05-31,9.701403617858887,10.103074044768045,9.652344732634997,9.735131820760827,30388000
2002-06-03,9.557293891906738,10.152133648373278,9.511301256858335,9.952831255116717,25463200
2002-06-04,9.946698188781738,10.01108892692106,9.394785429564244,9.394785429564244,29882800
2002-06-05,10.069343566894531,10.078541740278336,9.701401426016657,9.93136511785835,22340600
2002-06-06,9.431583404541016,9.9497687384838,9.351862538947643,9.909908013272979,31421000
2002-06-07,9.465309143066406,9.612485817257582,8.803012939549877,8.845939908143391,37571600
2002-06-10,9.655410766601562,9.903771440505876,9.137225645270808,9.43157953475165,33652400
2002-06-11,9.600218772888184,9.989624737600058,9.508233517167769,9.72286597545807,30480400
2002-06-12,10.118406295776367,10.170530857683238,9.293602709732417,9.382522318503714,46934000
2002-06-13,9.93136978149414,10.425025592273277,9.922171603790998,9.98349551767682,42372200
2002-06-14,9.1709566116333,9.30586887601056,8.493330205118903,8.695698309270691,83128200
2002-06-17,8.95938777923584,9.256807946478608,8.864336256580106,9.216947234352343,42778400
2002-06-18,8.855137825012207,9.097366605904414,8.821410203683644,8.898064792346531,26764400
2002-06-19,8.62516975402832,9.00844250604363,8.576110888556585,8.827538305133986,30120400
2002-06-20,8.073261260986328,8.55465198459863,8.03646680107459,8.471864888418297,43284200
2002-06-21,8.008869171142578,8.508656675285517,7.892353905382783,8.340016867003817,59071600
2002-06-24,8.217367172241211,8.49638967544069,7.77277115228154,7.923013993632969,42759400
2002-06-25,8.0824613571167,8.447336838630166,7.9720785439781325,8.401344194765162,35010800
2002-06-26,8.30322265625,8.37067846452736,7.509081297045904,7.6286622341646595,43684000
2002-06-27,8.4197359085083,8.554648086945429,7.9874042718710685,8.46572910864966,33418400
2002-06-28,8.428937911987305,8.600644014878348,8.303224442124282,8.450401101745177,21931600
2002-07-01,8.103919982910156,8.582244262115855,8.097787477898166,8.355346840123051,23074000
2002-07-02,7.604133129119873,7.883155717832687,7.432427055641516,7.818766159588788,37663800
2002-07-03,8.08858871459961,8.168309525214898,7.5182791999331124,7.5182791999331124,26193400
2002-07-05,8.75088119506836,8.775410620629286,8.06405610970713,8.340012878302105,14726600
2002-07-08,8.327751159667969,8.861266814791655,8.235765923719283,8.707957698325266,27555200
2002-07-09,8.44119930267334,8.671162953930205,8.355345995666099,8.41360361773629,23528600
2002-07-10,8.097786903381348,8.554647967459854,8.094720651092896,8.536251038556966,23689800
2002-07-11,8.55771255493164,8.60983766403926,7.9996676132075315,8.021130790223426,30485400
2002-07-12,8.619041442871094,8.821409493871375,8.36454825238116,8.612908935912769,29567800
2002-07-15,9.008443832397461,9.042172026685662,8.244964468151787,8.487193163807236,31238000
2002-07-16,9.149490356445312,9.321196445153559,8.81221010071882,8.818342607236831,36736400
2002-07-17,9.189350128173828,9.624748132246657,9.06976917977999,9.53582913044375,41099800
2002-07-18,9.311997413635254,9.566490562442928,9.20161464577671,9.247607270775118,33492400
2002-07-19,9.19548225402832,9.440777231779588,9.063636298521557,9.167886561720952,26307000
2002-07-22,9.036039352416992,9.43464341664394,8.842870117896616,9.131091428210274,37770000
2002-07-23,8.591447830200195,9.121897529364116,8.573050304862994,8.996184030367537,32794600
2002-07-24,8.922593116760254,8.947122558658664,8.254165093993532,8.530121461557659,42608800
2002-07-25,7.864760875701904,8.389078579323693,7.726782963569518,8.208173698787975,60369200
2002-07-26,7.969012260437012,8.48106501919487,7.83103432934942,8.462668078682164,46448200
2002-07-29,8.62516975402832,8.665030447741485,8.186706216978163,8.32468405680699,32944400
2002-07-30,8.456533432006836,8.563849963381074,8.162180118917773,8.548518696140157,36436800
2002-07-31,8.42586898803711,8.432001493118067,8.202037816033029,8.395207047460197,19353000
2002-08-01,7.8524956703186035,8.082459419337745,7.680788983308111,7.895422049657199,39902600
2002-08-02,7.834100723266602,7.90462340727249,7.631732604426615,7.806505017531308,23451000
2002-08-05,7.2821831703186035,7.827963845832098,7.116609040676083,7.745176781010837,29918800
2002-08-06,7.720649719238281,7.999672355508266,7.3895019429602735,7.404832625680491,30236600
2002-08-07,7.66852331161499,7.972075340956678,7.162603262712179,7.947545901762238,30726600
2002-08-08,7.984342575073242,8.024202705547111,7.460024862231884,7.5550763924604345,25655600
2002-08-09,7.941413879394531,8.156046924038167,7.696119472511517,7.806501663194875,21595600
2002-08-12,7.916882514953613,7.9782063941870485,7.696117602403385,7.754375229192363,18501000
2002-08-13,8.070195198059082,8.386012321605582,7.86476087202944,7.901555332811097,33673600
2002-08-14,8.508659362792969,8.594512712847555,7.855562523081332,8.033401145829467,31037000
2002-08-15,8.729427337646484,8.787685008744916,8.340022338273544,8.530125455795142,30105600
2002-08-16,8.91952896118164,8.9808528727643,8.523990959612625,8.65277070607368,19193400
2002-08-19,9.167893409729004,9.23841552726784,8.824481003122607,8.888870610050656,19819800
2002-08-20,8.980851173400879,9.094299628085386,8.873534640851819,9.054439502478733,19372000
2002-08-21,8.96245002746582,9.072832768850093,8.569979097793414,8.879662971427615,28561800
2002-08-22,9.275201797485352,9.407047734790662,8.959384798470953,9.054436874331177,22731400
2002-08-23,9.039107322692871,9.256806619298905,8.894996932564931,9.13109316337649,17544000
2002-08-26,9.167893409729004,9.269077495493368,8.845944205431957,9.164827154423612,16346400
2002-08-27,8.763147354125977,9.27213347412358,8.59450759303834,9.244537791788838,19649400
2002-08-28,8.373747825622559,8.842874159329602,8.340020201378524,8.677299952787768,18235800
2002-08-29,8.701826095581055,8.830605790158817,8.217369260708123,8.278693147584363,22263600
2002-08-30,8.496392250061035,8.747819730679144,8.450399625070048,8.591444337847424,14370200
2002-09-03,8.244966506958008,8.462665820098454,8.079392916876857,8.398275668246646,20643600
2002-09-04,8.315485954284668,8.47492697598144,8.0487278593367,8.220433889917429,26485000
2002-09-05,8.20510196685791,8.392139230122883,8.048726636315875,8.177506285890038,21889600
2002-09-06,8.726357460021973,9.014578856250816,8.355349558508424,8.355349558508424,36641000
2002-09-09,9.155618667602539,9.226140705760468,8.695691416407413,8.738617772707414,34339400
2002-09-10,9.066704750061035,9.210815752572456,8.876601695655651,9.029910874614622,32763200
2002-09-11,8.956320762634277,9.526631019640055,8.916460638731778,9.170953818556114,28566000
2002-09-12,8.634373664855957,8.96858775090677,8.588381024124631,8.901131916822703,29638800
2002-09-13,8.763147354125977,8.845934401130199,8.554646903075826,8.600639512024475,22273400
2002-09-16,8.37987995147705,8.7232927800365,8.312424121236857,8.640505680540723,26239000
2002-09-17,8.26642894744873,8.600642935581451,8.217370067064843,8.554650308325055,27689800
2002-09-18,7.969012260437012,8.514793230824996,7.9199533625176635,8.18057912323182,29700800
2002-09-19,7.886221408843994,8.508656684986459,7.6961184158182006,7.757441716705137,36628400
2002-09-20,8.609845161437988,8.619043924524044,8.202042688541038,8.336954956328755,65288800
2002-09-23,8.413605690002441,8.554649816795056,8.352281800632117,8.419737611077112,26904600
2002-09-24,8.444268226623535,8.615974310137762,8.272561558281316,8.281760317780076,29343200
2002-09-25,8.692627906799316,8.82754010679547,8.523987510597143,8.658899710593296,34427000
2002-09-26,8.82754135131836,9.029909387428841,8.588378860993242,8.876600233719204,34016600
2002-09-27,8.772350311279297,9.026843493165151,8.720225173551928,8.738622108976871,22914200
2002-09-30,8.468798637390137,8.701828056443471,8.435070433525127,8.585313346916804,24364000
2002-10-01,9.128028869628906,9.137227046292155,8.539321585228098,8.646638129981582,33711000
2002-10-02,8.82754135131836,9.220012410525106,8.714092320248904,9.026843134175287,42211200
2002-10-03,8.922593116760254,9.152556853868365,8.86433547294102,8.89499742152104,30012600
2002-10-04,8.971647262573242,9.158684523790576,8.849000117851924,9.069764978350296,30755400
2002-10-07,9.042173385620117,9.180151851328514,8.796878985280724,8.904195504739702,30279800
2002-10-08,8.799945831298828,9.180152469855907,8.37987848448343,9.121894826539606,45208000
2002-10-09,8.55771255493164,8.830602522409807,8.52398437114797,8.606771412347317,31630600
2002-10-10,9.1709566116333,9.183221628771326,8.59144800291029,8.640506901805985,37961800
2002-10-11,9.618618965148926,9.738199947785604,9.29053680295377,9.318132504305028,43647400
2002-10-14,10.041746139526367,10.08773933779866,9.400914049026857,9.468369843090244,33496200
2002-10-15,10.835888862609863,10.857352046261726,10.391292171889111,10.412755355540973,52726200
2002-10-16,10.474081993103027,10.70098006950575,10.308507815970453,10.428088776236391,34709000
2002-10-17,11.03519344329834,11.160906903062429,10.860419931278974,10.921743826942047,40691400
2002-10-18,11.099583625793457,11.114914308149343,10.584464744974326,10.728575732363037,34668200
2002-10-21,11.311144828796387,11.360203692353092,10.719371629212375,11.01985731470414,33349000
2002-10-22,11.332609176635742,11.375535540465654,10.99226276390474,11.090380501131879,25275600
2002-10-23,11.197698593139648,11.280485660723174,10.817491449754833,11.191566087801334,37240000
2002-10-24,10.851226806640625,11.191573474800148,10.78377037305036,10.848161136775872,31911400
2002-10-25,11.197698593139648,11.237559293010783,10.897212849497102,10.918676033353298,27650400
2002-10-28,10.851226806640625,11.222234852073958,10.759241505162624,11.11491886195905,29605200
2002-10-29,10.329968452453613,10.471013736815701,9.824049040227386,10.348365968584964,56098000
2002-10-30,10.314638137817383,10.458749095125453,10.124535143041689,10.394359540877277,36887600
2002-10-31,10.584464073181152,10.78989777695458,10.409691732173426,10.431154920040619,34936800
2002-11-01,10.937078475952148,11.035197446400081,10.27171706623136,10.440356963238198,27855400
2002-11-04,10.946272850036621,11.237560450502823,10.823625069948983,11.01986058236447,34441400
2002-11-05,10.924808502197266,10.946271685981763,10.81749141361898,10.823623918936807,27863400
2002-11-06,10.992267608642578,11.041326498878387,10.612061501729096,11.041326498878387,27287200
2002-11-07,10.713241577148438,10.85122002800007,10.547668605782315,10.805227990820084,30577600
2002-11-08,10.651924133300781,11.087321716324128,10.621261590347887,11.06585852108531,49730800
2002-11-11,10.11227035522461,10.569132089958673,10.087741501964564,10.532337055584797,34366600
2002-11-12,10.572202682495117,10.743909413919402,10.24105540647393,10.253319253988481,32656800
2002-11-13,10.771499633789062,10.891080566184447,10.34836611406585,10.480212057387895,36637200
2002-11-14,11.712821960449219,11.718954468204052,10.952408543693714,10.958541051448547,46916000
2002-11-15,12.09302806854248,12.206477707377514,11.495123183913618,11.504321360705983,58749600
2002-11-18,11.771075248718262,12.264730852683723,11.749612063298535,12.23713516147895,35818800
2002-11-19,11.347943305969238,11.669893471946677,11.25289237704596,11.651495951998923,36166600
2002-11-20,12.004105567932129,12.093023976031231,11.375537187631629,11.387802198974905,37288400
2002-11-21,12.46096134185791,12.500822028583137,12.13288001722087,12.181938874092145,44574800
2002-11-22,12.47322940826416,12.473229408264158,12.21873572167716,12.295390277445915,32546400
2002-11-25,12.847306251525879,12.877967611309495,12.289261081941607,12.467099074067194,30382800
2002-11-26,12.365917205810547,12.779851463212376,12.329122165856926,12.605079117228843,27549800
2002-11-27,12.789044380187988,12.871831431561867,12.448698003313899,12.644934626749517,21725800
2002-11-29,12.638801574707031,12.838102687088181,12.556014526922056,12.801308833513364,8551200
2002-12-02,13.089529037475586,13.150852904381859,12.709323168036553,12.877962924787196,29784200
2002-12-03,12.513096809387207,12.825847704856898,12.427242865559082,12.816648357869688,26763600
2002-12-04,12.258598327636719,12.418039968829781,12.028634624510241,12.295392192633308,30910200
2002-12-05,12.135952949523926,12.414975557441098,11.915187397886253,12.402710544648784,24688600
2002-12-06,12.718525886535645,12.902497553038357,12.356716229035127,12.36284873488414,41959600
2002-12-09,12.016368865966797,12.485495586547739,11.982641840782478,12.479363081153553,30479200
2002-12-10,12.145149230957031,12.304590863433434,11.829332803552207,11.948913735495555,26046000
2002-12-11,12.123684883117676,12.329118532194022,11.927449406490808,12.007169630249585,21406600
2002-12-12,11.807870864868164,12.093025993053752,11.672959226557499,12.016371413856682,26806000
2002-12-13,11.531914710998535,11.7373484152106,11.409266920361826,11.617767462650619,25384200
2002-12-16,12.077693939208984,12.077693939208984,11.574840143941634,11.62083335409781,24684600
2002-12-17,12.123684883117676,12.243265803583693,11.896786882233046,12.047030326956826,21147000
2002-12-18,11.758814811706543,11.9887786046577,11.574844245208155,11.93665403969048,26603800
2002-12-19,11.54111385345459,12.031703887473533,11.375539673111092,11.807871475348371,28300400
2002-12-20,11.553375244140625,11.804802104481803,10.986131974514837,11.513514545894608,31139200
2002-12-23,11.955045700073242,11.985707056231005,11.562573557250447,11.577904235329328,19391800
2002-12-24,11.792542457580566,12.016373731651289,11.771079264837914,11.835468843065872,7738400
2002-12-26,11.672958374023438,12.139018321861686,11.452192827769538,11.866128226995599,14171200
2002-12-27,11.427665710449219,11.709754022759459,11.351011125192374,11.559511690663484,12862800
2002-12-30,11.283550262451172,11.584035977702671,11.14557182951536,11.412330523076493,17673400
