Price,Close,High,Low,Open,Volume
Ticker,GOOGL,GOOGL,GOOGL,GOOGL,GOOGL
Date,,,,,
2022-01-03,143.7171173095703,144.56905994450653,142.44985112763527,143.78005107792654,28646000
2022-01-04,143.13034057617188,145.19750561007717,142.45334497286012,144.11807263912576,28400000
2022-01-05,136.56405639648438,143.22945569243274,136.47783061916755,143.15065613098375,54618000
2022-01-06,136.5368194580078,138.71005417116862,135.35827430935993,135.79440952029407,37348000
2022-01-07,135.81271362304688,137.23163499485634,134.57320114440378,136.93128920152486,29760000
2022-01-10,137.45069885253906,137.59938954533916,131.9940937569273,133.89077354018556,44408000
2022-01-11,138.50782775878906,138.98361984255865,135.49108996730467,136.7940355023196,28730000
2022-01-12,140.18743896484375,141.35459515725228,139.45791529880384,139.90940202922133,26108000
2022-01-13,137.36892700195312,141.59445882785775,137.1924825382084,140.29596006685344,31436000
2022-01-14,138.25457763671875,139.50499514618633,135.79439774836212,135.87418041718718,29662000
2022-01-18,134.8026885986328,135.92622520287958,134.24811208025204,134.97813484766374,34872000
2022-01-19,133.92892456054688,136.74693894623502,133.82881433443535,135.3235557494751,28648000
2022-01-20,132.13580322265625,136.41635808899423,131.795815685325,135.05244527519218,29908000
2022-01-21,129.20578002929688,133.68009671034852,128.94310984550887,131.42807837929055,55652000
2022-01-24,129.65432739257812,130.04982252537027,123.40573418952586,124.87074048240562,76622000
2022-01-25,125.8193359375,128.26168373746512,125.38866078931534,127.60847923176541,46960000
2022-01-26,128.0971221923828,131.8310108586025,126.0244974232128,129.96654697196033,49130000
2022-01-27,127.87113189697266,131.4865641925573,127.7992594466559,130.14992113768704,31950000
2022-01-28,132.17893981933594,132.18439982716436,127.3557110756648,128.51938847818633,34362000
2022-01-31,134.11428833007812,134.28230836211273,131.0474879109952,132.9828264004286,39986000
2022-02-01,136.43421936035156,136.58191182952572,133.18751085954932,136.38515490873857,68644000
2022-02-02,146.69920349121094,150.21452630254774,144.24348530384265,149.92063870301118,123200000
2022-02-03,141.83233642578125,148.35946558582248,141.41156796467584,144.42485698358425,71518000
2022-02-04,142.0335235595703,143.60161927567793,139.27994094822716,142.1836964252239,57998000
2022-02-07,137.9775390625,142.98215841687698,137.6791745678362,142.98215841687698,54974000
2022-02-08,138.17376708984375,138.76948259746732,135.8097352776193,137.8045435650232,54284000
2022-02-09,140.34751892089844,141.2718333033263,138.95486891672266,139.72454860201665,40144000
2022-02-10,137.40164184570312,140.24096723376755,136.74447462445005,138.4756300439531,39330000
2022-02-11,133.10226440429688,137.93341878729322,132.22751362039665,137.38182183921865,39958000
2022-02-14,134.33480834960938,135.10200740871497,132.08525517352243,132.08525517352243,34302000
2022-02-15,135.40782165527344,136.8946378100411,134.62773623845976,136.36135685706915,26680000
2022-02-16,136.52740478515625,136.87233817056384,133.73812696337785,135.44549125984014,25022000
2022-02-17,131.3740997314453,135.90838734933962,131.31413038447724,135.04553961284972,38950000
2022-02-18,129.25685119628906,132.89162828166567,129.05216896587058,132.293916239701,45620000
2022-02-22,128.67254638671875,131.01873151195204,127.09650976671601,128.6968214918031,44990000
2022-02-23,126.46659088134766,130.89036178652327,126.40662154377361,130.49140310139634,32786000
2022-02-24,131.52471923828125,131.83100899869677,123.85523180480044,123.85523180480044,54456000
2022-02-25,133.27772521972656,134.08258496199525,130.5935183573774,132.37820011756196,36406000
2022-02-28,133.86996459960938,134.55834913060832,131.42711758243306,131.88060076108007,38864000
2022-03-01,132.8831787109375,135.0578951055112,132.04760096390638,133.69299913792386,26496000
2022-03-02,133.38868713378906,134.07360790585835,131.9018713763087,133.44469379424999,23520000
2022-03-03,132.72262573242188,135.24029431326773,131.8562994539406,134.81456495195397,24604000
2022-03-04,130.7471466064453,132.67505894637247,129.19193655948962,131.75918412489344,30430000
2022-03-07,125.2677230834961,130.57714191731998,125.18495329978524,130.3323188037654,45112000
2022-03-08,125.98733520507812,130.0963991793199,124.5699036581928,125.14034587725057,40428000
2022-03-09,132.24732971191406,132.56006261647792,128.75876292905036,130.0964043089668,37026000
2022-03-10,131.2655487060547,132.10064255507427,129.76188368845354,130.11227705245972,27102000
2022-03-11,128.72900390625,132.61950820403771,128.49210616604088,132.31519979996398,31526000
2022-03-14,124.8439712524414,129.26278859105312,124.17391792288964,129.10518948279775,38812000
2022-03-15,128.06243896484375,128.71317811067638,124.61550282436785,125.85996865327388,30920000
2022-03-16,132.1090545654297,132.16108344524727,127.6030057057171,129.58394480607387,35576000
2022-03-17,132.6626739501953,132.9020522183908,131.02320430101446,131.97873604106536,28264000
2022-03-18,134.92906188964844,135.0465201210338,131.09604557963877,132.25179767226226,44566000
2022-03-21,134.90525817871094,135.84542305630865,132.9139133143383,134.96670973028958,26832000
2022-03-22,138.63865661621094,139.81027445788428,134.90526665885673,134.90526665885673,35496000
2022-03-23,137.0601348876953,138.36159787746607,136.62351582659406,137.48338373783585,25154000
2022-03-24,140.3276824951172,140.37426649245424,136.53976827528788,137.97652160094876,26396000
2022-03-25,140.42779541015625,140.78661319393285,138.50930604145182,140.6686558555551,24126000
2022-03-28,140.21221923828125,140.75440862104264,138.5826564041628,139.66208940065627,35050000
2022-03-29,141.2529754638672,142.52966445696305,140.79008476675781,141.39374081978931,34318000
2022-03-30,140.6909637451172,141.46608819585558,140.3554379628545,141.20787975036384,19884000
2022-03-31,137.84519958496094,140.85897258818176,137.80257825062185,140.80444813456486,37524000
2022-04-01,138.91867065429688,139.23634932313234,137.0918670617453,138.27389064424523,25942000
2022-04-04,141.71485900878906,142.4488593916899,139.07725215170152,139.12483437310286,25942000
2022-04-05,139.35531616210938,141.73371683584432,139.14865258935774,141.6132941655978,21418000
2022-04-06,135.34783935546875,138.13561937873442,134.3258953417317,137.53048114777272,32468000
2022-04-07,134.6941375732422,135.9589233791473,133.04772597265375,134.81456023404073,26234000
2022-04-08,132.11599731445312,134.4775488545769,131.7968213100517,134.39180707525873,25142000
2022-04-11,127.69123840332031,130.9315035311139,127.53760194851499,130.66487062485646,36884000
2022-04-12,126.59197998046875,130.4433348003117,125.67461550166297,130.4433348003117,32710000
2022-04-13,128.7523193359375,129.18845446203287,126.61824282890016,126.87496906105243,27928000
2022-04-14,125.61613464355469,129.33268319605867,125.48826307957773,129.33268319605867,31598000
2022-04-18,126.55431365966797,127.0855981275949,125.07295002814799,125.88376118192888,20808000
2022-04-19,128.86631774902344,129.18745998099084,125.88326290264443,126.56918205499946,26490000
2022-04-20,126.91461181640625,130.24409728114765,126.37936469139383,129.74154970357304,31696000
2022-04-21,123.71747589111328,128.9550302257485,123.43200519213937,128.11399236207833,36446000
2022-04-22,118.583984375,124.2998031690539,117.8797341417918,123.90133604882998,56884000
2022-04-25,121.99226379394531,122.19397402288331,117.46937340165847,118.05418408752932,46128000
2022-04-26,117.60714721679688,121.4332209985113,117.46936899450668,121.21961522065254,73054000
2022-04-27,113.28993225097656,116.2115203098223,111.74562732959535,113.46338958402451,91820000
2022-04-28,117.48077392578125,118.59786733984906,113.11201138291597,115.39179910794181,48884000
2022-04-29,113.10655975341797,116.88356939125211,112.81415439821426,115.70848796251151,42676000
2022-05-02,115.55830383300781,115.7193740406315,111.6103103782905,112.40823520185023,35534000
2022-05-03,116.30271911621094,117.40098229604361,115.01464126005,115.40715683615127,24968000
2022-05-04,121.18641662597656,121.7746984397327,114.10421172565688,116.0028802952593,49916000
2022-05-05,115.48150634765625,119.97516100768799,113.99469020299561,119.14750092797412,45840000
2022-05-06,114.72917175292969,116.5381358862753,113.01339074570949,114.17211482737774,39710000
2022-05-09,111.52210998535156,114.06555854767906,111.0160988528587,112.25461312851758,40802000
2022-05-10,113.38954162597656,115.22824075207245,111.90817806145773,114.4922665247754,39900000
2022-05-11,112.60401153564453,115.34173644656327,112.24123109079025,112.24123109079025,37534000
2022-05-12,111.85218048095703,113.29042361789074,108.85921908657511,110.3985706744424,53836000
2022-05-13,115.03050231933594,116.83896736441086,112.60650078179894,113.52633818857002,35038000
2022-05-16,113.4391098022461,115.14894677053942,112.88849600182488,113.94512093552153,25990000
2022-05-17,115.44928741455078,115.87253633398905,113.86037975364924,115.81355766184248,23054000
2022-05-18,110.9159927368164,114.38572970803413,110.57501446156296,113.98924386906536,35126000
2022-05-19,109.413818359375,112.01673744111378,109.03319074066447,110.45211230346068,34144000
2022-05-20,107.95077514648438,111.19749090818948,104.86662695851531,110.96702866649967,48962000
2022-05-23,110.50809478759766,111.1617983492407,107.78523742789535,108.6243014393132,37184000
2022-05-24,105.0385971069336,105.52280600519344,100.98900326705386,104.8423393279953,76780000
2022-05-25,104.87505340576172,105.56394457254443,102.94367769195411,104.0627524475445,40258000
2022-05-26,106.84508514404297,107.69454740943145,104.3001467738534,104.74817746889774,37948000
2022-05-27,111.32930755615234,111.33079733654694,108.17923875397253,108.5207160824911,37914000
2022-05-31,112.76211547851562,114.71777381462744,111.0934100457265,111.75553808376368,50012000
2022-06-01,112.8909683227539,116.07226223773644,112.25461274183665,113.84550925646737,36606000
2022-06-02,116.58867645263672,116.863242236052,111.95378036843927,112.99801816382626,37992000
2022-06-03,113.53426361083984,115.2991165371884,112.52075159132542,115.04239030742981,26136000
2022-06-06,115.79373931884766,118.2980302082557,115.14300770312117,115.6787539707655,33542000
2022-06-07,116.1198501586914,116.65659469055186,114.0407893926202,114.46552056776969,31590000
2022-06-08,116.16395568847656,117.52836028330441,115.57517473426661,115.73525430628604,26108000
2022-06-09,113.826171875,117.25923088930595,113.76719320854649,115.3050549411603,25798000
2022-06-10,110.18445587158203,112.28334461438776,109.39594614726754,111.45667533902316,41452000
2022-06-13,105.45738220214844,107.83529107558937,105.18628753798215,105.84791642014875,47252000
2022-06-14,105.77754974365234,106.97592316690826,104.87009945591228,105.5986399557648,33706000
2022-06-15,108.79975128173828,110.44416645951732,106.7231636370719,107.59096455911155,39698000
2022-06-16,105.10154724121094,107.69356127238406,104.21391782028991,106.27861002380959,51684000
2022-06-17,106.20177459716797,107.74409805466348,104.12270672580617,105.10153022197909,51376000
2022-06-21,110.56360626220703,111.50079919576064,107.64548168742688,107.97208392269314,47416000
2022-06-22,110.50759887695312,112.3502530375987,109.41230779604143,109.58478201623927,30774000
2022-06-23,111.2554702758789,111.7515747494861,109.529283524712,111.24506449929154,28362000
2022-06-24,116.9380874633789,117.04117725395231,111.95973234728507,112.00186213185698,41164000
2022-06-27,114.81542205810547,117.53728158186594,114.16716328582419,117.23347976134313,36420000
2022-06-28,111.02302551269531,116.27842626455549,110.86492729453904,114.78466807841109,35792000
2022-06-29,110.71971130371094,112.16588721301933,109.89799535294098,110.57152731476076,24716000
2022-06-30,108.00529479980469,109.91337852535331,105.81174794310992,109.03318289219757,43170000
2022-07-01,107.78178405761719,108.28977655197615,105.7924202926031,106.9843506377648,35476000
2022-07-05,112.26749420166016,112.38049064467288,104.80218931259407,106.15915998193664,39342000
2022-07-06,113.56498718261719,114.57354585155757,110.49619829116553,112.30615296257244,37432000
2022-07-07,117.73897552490234,118.14190442135235,113.82419547258564,114.06852703009027,40936000
2022-07-08,118.30445861816406,118.63304215997859,115.87400669825091,116.21944668919558,38238000
2022-07-11,114.65977478027344,116.96087291799587,114.31681523707087,116.96087291799587,31196000
2022-07-12,113.01834869384766,115.94588857717979,112.69075577017246,115.19355693473877,29960000
2022-07-13,110.37478637695312,113.19230171782554,110.22412191978457,110.71922817942544,43722000
2022-07-14,109.3974380493164,110.116563348243,107.42046926064337,109.24182028143328,37004000
2022-07-15,110.7950439453125,112.14607058469424,109.9252617490399,111.01609105740265,46770000
2022-07-18,108.07170867919922,112.68084025664578,107.41751350561796,111.64998015183659,43164600
2022-07-19,112.80968475341797,113.01783808815178,108.59703937527189,109.87570205635436,36530900
2022-07-20,112.89889526367188,114.38571124810389,111.4913779467038,112.17530815715327,35600400
2022-07-21,113.33502960205078,113.54319050720274,110.13342322528176,113.27555937905743,32676200
2022-07-22,106.9516372680664,111.35260768410927,105.56394075969678,110.02438896081073,48901200
2022-07-25,106.56507110595703,108.90432910851514,105.36570699180157,107.45716230393901,34690900
2022-07-26,104.09695434570312,106.25779418092783,103.15530711554915,105.66306921649698,47991000
2022-07-27,112.06629180908203,112.90882704783183,107.06068175373248,108.29969526679004,59858500
2022-07-28,113.2160873413086,113.33502778538879,110.48034369240179,111.3823490591432,32816600
2022-07-29,115.29763793945312,115.68420953971332,112.06628867044458,112.08611712100763,37223400
2022-08-01,113.8504638671875,115.69411641077537,113.33503005804593,114.28659900379381,26034300
2022-08-02,114.11807250976562,115.32735063959784,112.72046951021323,112.99800726545277,20236000
2022-08-03,117.04216003417969,117.57741471400418,114.46501375387983,114.69298797756183,28499000
2022-08-04,117.15119171142578,117.73600237782314,115.86261481324507,116.4474330419797,21602900
2022-08-05,116.4375228881836,117.07189713527843,114.98044193983411,115.20842372972953,19159500
2022-08-08,116.2690200805664,119.09396911037126,115.85270583222336,117.34943613172396,19138300
2022-08-09,115.60489654541016,116.28883432071103,114.69298455323379,116.11041609942981,19086500
2022-08-10,118.64791870117188,119.85719697468683,117.36926354294056,117.73600666493809,30930400
2022-08-11,117.79547882080078,120.42218875210386,117.51794102802992,120.21403540752571,24293700
2022-08-12,120.61051940917969,120.61051940917969,118.41003042457679,119.20300201694565,19096300
2022-08-15,121.00699615478516,121.22506370449337,119.54991531113217,120.06534151398492,19494800
2022-08-16,120.63033294677734,121.35392004790616,119.57965207888614,120.451914727481,19041200
2022-08-17,118.49923706054688,120.22394148614529,118.33072550149306,119.06422683250173,22847000
2022-08-18,119.1137924194336,119.75808091078403,117.6765398760915,118.38029859169842,17987700
2022-08-19,116.17981719970703,118.10276857561419,115.73377536372404,118.01355567101463,21809500
2022-08-22,113.23592376708984,114.61370622389826,112.84935214610553,114.18748526200035,21456600
2022-08-23,112.8592529296875,113.99914676758455,112.43303201855512,112.48259557937843,15870400
2022-08-24,112.69074249267578,113.77115848347056,111.87795005297879,112.50241004709838,17734600
2022-08-25,115.62472534179688,115.69410978570761,113.1070493505059,113.23590401424377,16956800
2022-08-26,109.37018585205078,114.10817938697578,109.2215102957735,113.71169359144874,37245700
2022-08-29,108.4582748413086,109.97482602837435,107.8437290366526,109.02326464751619,21191200
2022-08-30,107.98249053955078,109.52877673229412,106.85251100449418,109.20167540311007,27513300
2022-08-31,107.2688217163086,109.87570309968547,107.1796088220971,109.67746398729584,28627000
2022-09-01,108.77545928955078,109.47921797382328,106.4163805635808,107.32829258582089,28360900
2022-09-02,106.90206909179688,109.76666731895013,106.31725842726799,109.61798420619859,24160700
2022-09-06,105.8712158203125,107.08049412281643,104.8502699767572,106.3569145236708,25068300
2022-09-07,108.48800659179688,109.01335460790509,105.96042387910643,106.11901365650074,23167000
2022-09-08,107.42742156982422,108.63669993090151,106.21815077108502,107.09041353468496,24238300
2022-09-09,109.6774673461914,110.0144753600422,108.06178903761959,108.11135259840358,23197700
2022-09-12,109.88561248779297,110.63893469392616,108.96378628731095,110.01446714894143,22966800
2022-09-13,103.40310668945312,107.34812886109147,103.17512488610275,106.85252347865307,38172900
2022-09-14,104.07713317871094,104.35467099054672,102.74891434711448,103.65091223558079,26395100
2022-09-15,102.00550842285156,104.34475898480173,101.45042522503401,103.11565969380993,34188300
2022-09-16,101.89646911621094,102.22356291951621,100.05281649828837,101.17288193424302,42797200
2022-09-19,102.1640853881836,102.42180228471612,100.65744846869414,100.85568758151153,23036800
2022-09-20,100.25103759765625,101.47022994020449,99.636484314748,101.18277796411853,26517100
2022-09-21,98.40739440917969,101.97575131964689,98.39748018499488,100.7763873127521,31487300
2022-09-22,99.25984191894531,100.35017220971649,97.92170894561988,97.95144405755235,34298600
2022-09-23,97.87213897705078,98.78405853652902,96.61330475951237,98.75431586420589,31625400
2022-09-26,97.30716705322266,99.00213669442894,96.9404238796608,97.23778259641323,27072700
2022-09-27,96.6430435180664,99.12107027493991,96.0185834977758,98.55608047686624,30072800
2022-09-28,99.17063903808594,99.81491997880579,96.25647699916067,96.79173171420844,32466300
2022-09-29,96.56375885009766,97.77303729278968,95.11659192170285,97.77303729278968,31047200
2022-09-30,94.80931091308594,98.03074589010642,94.72009801207578,96.19700749257774,32941500
2022-10-03,97.77303314208984,98.4173216774245,95.67166351429726,95.90955955223941,27982000
2022-10-04,100.74664306640625,100.94488215810166,99.49771561418267,99.55719339156057,28850800
2022-10-05,100.53851318359375,101.03411859067795,97.93163146477268,98.95257739339199,22176900
2022-10-06,100.52857971191406,102.02530987221579,99.70587307869936,99.79508596731075,22324000
2022-10-07,97.81266784667969,99.64640604800172,97.43601051980215,98.97238249935859,27502800
2022-10-10,96.9998779296875,98.22897705771258,96.15735036259238,98.12985750199623,18225100
2022-10-11,96.32585906982422,98.37766497898305,95.4635030120505,96.57366175239092,26507100
2022-10-12,96.7025146484375,97.88205781573463,95.88972216704339,96.44480530818547,21876400
2022-10-13,98.18932342529297,98.90299629495368,93.55045733483536,94.31369376135358,34574500
2022-10-14,95.71131134033203,99.80501673770523,95.52298643286228,99.11116464818762,25410700
2022-10-17,99.09133911132812,100.04290051639435,97.96135947016587,97.99109458245891,28419200
2022-10-18,99.88429260253906,102.56056586089902,99.09132863002786,102.22355031177057,24060700
2022-10-19,98.75432586669922,100.13210822606936,98.05056713051532,99.13099079757089,23811100
2022-10-20,99.09133911132812,101.42068284311566,98.51643506587006,99.12107422362116,25323200
2022-10-21,100.24113464355469,100.41955287075776,96.86111011341654,96.98996478104308,32458700
2022-10-24,101.6189193725586,101.84690116488177,99.10125080640549,100.90525400873032,27176400
2022-10-25,103.56170654296875,103.89871458124401,101.81717343719716,101.99559168167764,40611400
2022-10-26,94.09562683105469,97.44591608866746,93.85773839371232,95.58244279853433,88114100
2022-10-27,91.40946197509766,94.59124776308492,90.99315525046492,93.68924229737569,60710900
2022-10-28,95.44367980957031,95.70139671064247,91.32023964176592,91.45900853564996,43697300
2022-10-31,93.67933654785156,95.18597366412389,93.15399602416672,94.58133446001989,31675000
2022-11-01,89.67484283447266,95.18597249623339,89.57572326633404,94.61106841375579,47161400
2022-11-02,86.20559692382812,90.37859311828306,86.11638402723818,90.14070466460588,57038300
2022-11-03,82.69671630859375,85.75955401223071,82.60750340529754,85.56131487965403,61288000
2022-11-04,85.81902313232422,85.87849335362182,82.97424573696946,84.64939421866777,51124900
2022-11-07,87.71223449707031,88.11863452220038,86.08664952122535,86.51287043332725,34078900
2022-11-08,88.11863708496094,89.52615453336252,86.8201458615817,88.11863708496094,30429000
2022-11-09,86.55252075195312,88.6538902246859,86.51287141522182,87.67258615584599,31769100
2022-11-10,93.11434173583984,93.56038355540274,90.80481883714413,91.43919312210994,51620100
2022-11-11,95.56261444091797,96.07804060858086,93.09449468300406,93.85773105487408,33090500
2022-11-14,94.8588638305664,95.93928745861939,93.67932820432442,94.25422468031444,30179500
2022-11-15,97.57477569580078,99.25983072215564,95.85997799853077,97.39635748199429,41640800
2022-11-16,97.9811782836914,98.76423566096419,96.78181421845211,97.03953112343324,29105200
2022-11-17,97.49549102783203,98.4074031127186,95.93929043602027,96.11770867544051,26052600
2022-11-18,96.57366943359375,98.03075053295224,95.52298839589072,97.90188828787205,28342300
2022-11-21,94.7597427368164,97.53513576068444,94.52185428293382,96.43489126326328,21647400
2022-11-22,96.1969985961914,96.36550259521411,93.22336658471515,95.10666080878029,23438500
2022-11-23,97.59459686279297,97.89196307410882,96.23663558921139,96.23663558921139,18868100
2022-11-25,96.6033935546875,97.77302247882432,96.543923332857,97.37653668783366,9701400
2022-11-28,95.20577239990234,96.72232326846789,94.76963735606115,96.18706868620899,26237500
2022-11-29,94.35334014892578,95.27516631640454,93.282830877853,94.88859478446217,20061700
2022-11-30,100.10237121582031,100.15193477810236,93.59011691093076,93.98660272217356,43647500
2022-12-01,100.10237121582031,101.35129887441687,99.36887738054075,100.1321063282544,28687100
2022-12-02,99.55721282958984,99.88430663851699,98.03074732602357,98.17943045499304,21480700
2022-12-05,98.60564422607422,100.48893851504042,98.1298597604134,98.52634555474117,24405100
2022-12-06,96.12761688232422,98.9030023011365,95.57253374869178,98.42722540069438,24910700
2022-12-07,94.10555267333984,96.02849641963317,93.88748509454602,95.56263371133674,31045400
2022-12-08,92.88636016845703,94.73992702719157,92.62864325130393,94.54168033617455,32213300
2022-12-09,92.01409149169922,93.43152310128887,91.93479282039716,92.94582441131696,28225400
2022-12-12,92.4898681640625,92.73767083950996,90.80481299595476,91.89514325545609,29420000
2022-12-13,94.78947448730469,98.65519764693319,94.19474959251662,96.90075807295776,40593700
2022-12-14,94.2343978881836,96.018580115214,92.77731699649831,94.3632525525602,28733600
2022-12-15,90.0614013671875,92.81696579796765,89.21887381683445,92.31144624282094,40107000
2022-12-16,89.4666748046875,90.52726989079738,88.73317348357445,89.96228012646478,58011800
2022-12-19,87.66268157958984,89.76404353999254,87.43469977854382,89.4666848509379,29493000
2022-12-20,88.23757934570312,88.39617669869548,86.6714720777627,87.33558147815765,23453800
2022-12-21,88.79265594482422,89.42703018514993,87.54372835066033,88.29705059692365,24745600
2022-12-22,86.98865509033203,87.76179824360828,85.56130923053732,87.38514089164586,27658300
2022-12-23,88.44573211669922,88.76291923113465,86.30471342250716,86.34436275710375,23003000
2022-12-27,86.62189483642578,88.15827431100223,86.24523752605165,88.01950543021509,20097300
2022-12-28,85.2639389038086,87.26618870145985,85.18464779721495,86.21550780630535,19523200
2022-12-29,87.6725845336914,88.06907033133078,85.84876045182291,85.85867467640674,23333500
2022-12-30,87.45452880859375,87.52391325940049,85.80911531469404,86.21551535680346,23986300
2023-01-03,88.33670043945312,90.24973739582715,87.74196796868762,88.80256311679109,28131200
2023-01-04,87.30585479736328,89.85326641772139,86.50296885438544,89.55590013330904,34854800
2023-01-05,85.4423599243164,86.80032131544093,85.14500124959856,86.70120175720164,27194400
2023-01-06,86.57233428955078,86.9192640659125,84.11413611960162,86.02717297103696,41381500
2023-01-09,87.2463607788086,89.25852481278592,87.08777100232832,87.58337634262733,29003900
2023-01-10,87.64285278320312,87.89065547093827,85.07562056818927,85.22430369329793,30467800
2023-01-11,90.71560668945312,90.79490536631714,88.22767309213403,88.39617710871649,26862000
2023-01-12,90.32902526855469,91.06252660626463,88.96115727194007,90.67595505151839,30258100
2023-01-13,91.31031799316406,91.37970242871828,89.33780356664126,90.05147636796244,26329200
2023-01-17,90.48763275146484,91.43919419002684,89.2585335052812,91.25086172242439,32602400
2023-01-18,90.31912231445312,91.98435660415667,89.84333784782173,91.3301539078307,29116700
2023-01-19,92.23216247558594,92.78723807060146,89.83342673497357,89.92263963407981,37000400
2023-01-20,97.15847778320312,97.436023155267,94.18484542927642,94.26414410700895,63191100
2023-01-23,98.91291046142578,99.16071312089554,96.64303719320243,97.08907895531317,40005100
2023-01-24,96.8412857055664,98.73450183779414,96.3456803384707,97.23777151171052,33078500
2023-01-25,94.38309478759766,95.31483537140821,92.93592790865387,94.7300170595468,42330000
2023-01-26,96.66285705566406,96.71242061196835,94.54166691803599,95.65182554315432,30114000
2023-01-27,98.49661254882812,99.43825971343786,96.45471331121503,96.45471331121503,33879800
2023-01-30,96.08797454833984,97.42610757655028,95.55271982458807,96.62322927209162,27226200
2023-01-31,97.97125244140625,98.01090177303531,95.96901034932732,96.01857390444783,29870700
2023-02-01,99.54728698730469,100.3006092071235,96.72233811590564,97.84240344040079,35531100
2023-02-02,106.79305267333984,106.90208646959282,104.68177632854211,104.87010880613151,69883800
2023-02-03,103.85905456542969,106.86242173682118,101.67839407914221,102.02531630709647,65309300
2023-02-06,101.9955825805664,103.44274929562647,100.98454343127975,101.49997723038128,31999600
2023-02-07,106.69393157958984,107.2291863274613,102.21366202078417,102.31278158987035,49010200
2023-02-08,98.49661254882812,102.23347365780366,97.17830046850436,101.15305759656383,94743500
2023-02-09,94.17493438720703,99.15080896730558,92.80705872811015,99.12107385512309,119455000
2023-02-10,93.7387924194336,95.89963197469012,93.42160530867747,94.61105508342865,54980700
2023-02-13,93.7784423828125,94.36325304999363,93.01520592965052,93.90729704786835,50076100
2023-02-14,93.84783172607422,94.01633573432831,91.44910358703162,93.6000290448755,54726100
2023-02-15,96.08797454833984,96.26639278959044,93.32249559012467,93.65950362229911,50169000
2023-02-16,94.6705322265625,96.82145754317696,93.90729578367531,94.53176333918978,42462600
2023-02-17,93.52072143554688,94.72008539046281,92.39074192224304,94.0163267505867,34284100
2023-02-21,90.98323822021484,92.28172191944829,90.91385376824827,92.18260235411577,33629300
2023-02-22,90.84445190429688,91.30040786730466,89.81359198527798,90.89400789629578,30884000
2023-02-23,90.09114837646484,91.13192273411576,88.97108290274596,91.11209428334512,41206400
2023-02-24,88.34661102294922,89.09993330697509,87.80144965033324,88.6538914964404,36585100
2023-02-27,89.08011627197266,89.3675683080764,88.55476820178005,89.08011627197266,27502300
2023-02-28,89.26844024658203,90.42816260421704,88.53494638831793,88.54486061355257,30142000
2023-03-01,89.56580352783203,90.22991291205538,88.88186569379845,89.18914616715412,31111200
2023-03-02,91.1913833618164,91.46892114468274,88.80256197209034,88.87195398014434,32204400
2023-03-03,92.82688903808594,92.90618771372029,91.63743159058448,91.66717426570082,35160100
2023-03-06,94.29386901855469,95.1264899199855,93.1738036755349,93.19362456165446,32639300
2023-03-07,93.03504180908203,94.8291308506661,92.70794044588578,94.14520057401873,27835500
2023-03-08,93.42161560058594,95.11658511938656,93.17381290668519,93.29276092219925,34103300
2023-03-09,91.50857543945312,94.69036101520102,91.09226874258992,93.22337335130082,28813500
2023-03-10,89.83341979980469,91.97443846501345,89.60544558188205,91.35988513059155,35941000
2023-03-13,90.30921936035156,91.75638626521682,88.63407063707139,89.29818007846065,37335600
2023-03-14,93.1440658569336,93.5306374048924,91.62751477458181,91.74645521251553,36050200
2023-03-15,95.2652587890625,96.07805124185921,91.82575652926289,92.40066053699009,50622100
2023-03-16,99.4382553100586,100.30061132579071,94.66062012558537,95.35446457801073,65492000
2023-03-17,100.72683715820312,101.93610789707766,99.22019261289883,99.37878995970463,61028500
2023-03-20,100.3303451538086,100.85568559854943,98.9922122627572,99.2400149300755,32960400
2023-03-21,103.9978256225586,104.17624385241345,100.33034902951017,100.36008414076306,42110300
2023-03-22,102.4614486694336,105.65314064298035,102.42179933554432,103.35353221376229,43427400
2023-03-23,104.6718521118164,105.36570416377398,103.541872478814,104.13659740739351,40797800
2023-03-24,104.51325225830078,104.56280825287806,102.92730918508741,104.06720293308314,30393300
2023-03-27,101.5594482421875,103.83923589570183,101.03410777688019,103.70046700155793,31120900
2023-03-28,100.14201354980469,101.54953089706174,98.86335086819658,101.53962423516843,32057900
2023-03-29,100.49886322021484,101.58919359656976,99.76536933973438,101.38104023436605,28779600
2023-03-30,100.00325012207031,100.27088125455408,98.90300560483199,100.0230785716146,33086200
2023-03-31,102.81829833984375,102.97688813346652,100.15193890087117,100.40965582313862,36863400
2023-04-03,103.44275665283203,103.61126066891856,101.03411417712786,101.49007022424684,25035400
2023-04-04,103.79959106445312,104.6520329153803,103.12556745121624,103.41301947651381,24420100
2023-04-05,103.55178833007812,105.16745913119128,102.74891004200208,104.85027199347772,28290500
2023-04-06,107.4670639038086,108.21047194004801,103.41301570943838,104.33484197686876,48711500
2023-04-10,105.50446319580078,106.64434938467814,104.19606545034118,106.03971785017113,27067400
2023-04-11,104.42406463623047,105.79194048975054,103.75995516196895,105.6135222289583,26311800
2023-04-12,103.72029113769531,105.81174640224904,103.42292489102086,105.64324239155782,24370300
2023-04-13,106.48577880859375,106.54524903790885,104.90974967069793,104.90974967069793,24843600
2023-04-14,107.91311645507812,107.98250090468606,105.90095229177238,105.95051585392284,26578000
2023-04-17,105.0385971069336,105.22692955632782,103.60133708165166,103.7401135343835,37571200
2023-04-18,103.5815200805664,105.60359085373453,103.15529916912894,105.55402729287576,26596400
2023-04-19,103.26434326171875,104.05731494059326,102.16409864939112,102.66961828373206,20905700
2023-04-20,104.36457061767578,105.31613193758433,102.95705330462381,102.99670263824548,27820800
2023-04-21,104.48352813720703,105.0683388461455,103.85906052869694,104.54299836188882,25800100
2023-04-24,105.0385971069336,105.69279222417367,103.77975530677848,104.56281265248298,23542800
2023-04-25,102.93722534179688,105.75226754350551,102.92731111776044,104.89982577246494,46664100
2023-04-26,102.79845428466797,105.41524976209612,101.72794498144636,103.99781824829445,53347600
2023-04-27,106.64435577392578,107.41750647367289,102.62995696914422,103.53195477534291,50089200
2023-04-28,106.39656066894531,106.40647489412298,104.16633643126642,106.09920197465762,36139800
2023-05-01,106.2577896118164,107.04084701354168,105.88113224841882,105.90095313603432,26681700
2023-05-02,104.3943099975586,106.25778337997941,102.79846017510972,106.19831315828286,30997200
2023-05-03,104.48352813720703,106.54524073699993,104.03747876508014,104.60246858657061,21795400
2023-05-04,103.76984405517578,104.67184180284514,103.05617118623383,104.56280802773806,23419500
2023-05-05,104.6421127319336,104.94938562732777,103.19494602522195,103.89870471094449,26639300
2023-05-08,106.8227767944336,107.0111092526405,104.2357237525446,104.25554463966958,26511400
2023-05-09,106.40646362304688,109.18185651644418,106.24787384869296,107.43732362452766,36360100
2023-05-10,110.76779174804688,111.94733485864512,106.98136731248631,107.02101664654327,63153400
2023-05-11,115.54541778564453,116.88355056518189,113.40440685085208,114.38570321420126,78900000
2023-05-12,116.47718048095703,116.99260675738344,115.08948388118702,115.65447372138091,41102300
2023-05-15,115.48595428466797,117.43864046390988,114.99034896251874,115.08946851448118,36266800
2023-05-16,118.4595947265625,119.68869389632489,115.40666390786913,115.46613413085095,45035600
2023-05-17,119.77789306640625,120.60059973288946,117.84503529559602,118.55870818399895,33323600
2023-05-18,121.75041961669922,122.2261965471798,119.76799809424153,119.8869385456927,35234200
2023-05-19,121.68104553222656,124.86283143935506,121.07640631137917,122.46410300778857,41353400
2023-05-22,123.9509048461914,125.31877293153339,121.66120291685972,121.85944960031794,35253000
2023-05-23,121.48278045654297,123.53458629434267,121.13585822548262,123.06872361968306,34046300
2023-05-24,119.8373794555664,120.83850441605266,118.80651938298395,120.05544702738894,34182600
2023-05-25,122.39470672607422,124.21853087598284,120.88806215130478,123.42555925112126,42317000
2023-05-26,123.51476287841797,124.15905132995717,121.37374418942687,122.08741708575724,35635900
2023-05-30,122.58302307128906,124.55553777083063,120.92770304942592,124.53570932230704,35076700
2023-05-31,121.7900619506836,122.96959754632296,121.42331126767849,121.67111394373497,37325800
2023-06-01,122.63259887695312,123.32644339782199,121.54226853172855,121.74050766273734,30772700
2023-06-02,123.5742416381836,125.04123686671639,122.67224379356901,122.90021802977736,26980100
2023-06-05,124.9024658203125,126.30998323761919,122.75153279545627,122.92004436641427,32305500
2023-06-06,126.1910400390625,127.16242235359813,124.25818207275529,124.90247058230369,26638300
2023-06-07,121.4233169555664,127.90582861001033,121.04665959275812,125.85403022098032,52539000
2023-06-08,121.06648254394531,122.14690621299393,120.17439134067995,121.15569544544086,29389200
2023-06-09,121.15568542480469,122.67223656375475,120.83849830791537,121.17550631108766,23778300
2023-06-12,122.55329895019531,122.95969899565966,120.59070586126717,121.71077130849028,28306400
2023-06-13,122.74162292480469,124.05993497214953,122.09733445666087,123.88151674346875,22278300
2023-06-14,122.58302307128906,122.95968796986351,120.38253415008784,122.01803328576474,30592300
2023-06-15,123.99053955078125,124.35729022251407,121.32418798075481,122.05768176188316,35246300
2023-06-16,122.44426727294922,125.00159291763548,122.19646457627043,124.82317467353323,45535600
2023-06-20,122.01805114746094,123.47513227140824,121.06648966214276,121.84954712203071,26097500
2023-06-21,119.49046325683594,121.58191861992594,119.0444138658092,121.32420169815525,30306300
2023-06-22,122.06759643554688,122.1568017665919,117.78556661162784,118.94528128923695,26952200
2023-06-23,121.26470947265625,121.71075881058304,119.99596102780514,120.31314813901791,34913600
2023-06-26,117.29987335205078,120.927708228838,117.23048890392118,119.69860904954042,33969900
2023-06-27,117.28997039794922,118.03337846384325,115.07956708792895,116.0509569547925,39535900
2023-06-28,119.12370300292969,119.33185634380241,115.82296953551025,116.0608579876023,27091400
2023-06-29,118.05318450927734,119.00474580650618,117.26022054275512,118.19195339247716,24090900
2023-06-30,118.64791870117188,120.01579431786013,118.63801203897671,119.1137889438215,29532200
2023-07-03,118.8461685180664,119.13362053840451,117.77565911039436,118.19196580370979,14467900
2023-07-05,120.6799087524414,121.5323506020042,118.18206099111318,118.19196765372497,27584800
2023-07-06,119.0543212890625,119.24265374755836,117.35935184961298,118.74704838295892,24745200
2023-07-07,118.42986297607422,119.98606354107629,118.35056430162291,119.04440879722722,21709500
2023-07-10,115.42647552490234,117.27012791265184,115.1192026477231,117.26022125117554,35315200
2023-07-11,116.11042785644531,116.67541768732227,114.33615968802944,115.2679002226587,23078800
2023-07-12,117.88468170166016,119.27237810993883,117.36925549635855,117.75582704091902,30404400
2023-07-13,123.44537353515625,123.73282552712381,119.39131810083644,119.86710253362271,44297900
2023-07-14,124.3176498413086,125.6656970596948,122.4046128006824,123.703104019214,33283100
2023-07-17,123.55440521240234,125.98286820483494,123.1083558963001,124.83306781882314,25716200
2023-07-18,122.67224884033203,123.58416094735736,121.87927718758245,123.50486226961478,26193600
2023-07-19,120.95744323730469,124.07975852514653,120.72946900607533,123.50485449122769,37224000
2023-07-20,118.15232849121094,122.99934886872349,117.18094610795086,120.35281775458984,37906800
2023-07-21,118.9651107788086,119.92658641540363,117.68645556733492,119.55984327813516,72937900
2023-07-24,120.46183776855469,121.9189187390688,119.91667640915657,120.59070000224004,29686100
2023-07-25,121.13585662841797,122.067597090128,119.95631349602652,120.29332906056865,52509600
2023-07-26,128.13380432128906,129.8287660545172,127.19215723342076,128.92677586226864,61682100
2023-07-27,128.26266479492188,132.0689255635858,127.6580256334022,130.5127174287312,44952100
2023-07-28,131.41473388671875,132.56454208145672,129.4224055598101,129.63055136465587,36591200
2023-07-31,131.55348205566406,132.35636028283042,130.62174160079337,131.5633887175357,28055500
2023-08-01,130.39376831054688,131.4642776626303,129.53140473197496,129.63053185009693,23166800
2023-08-02,127.25162506103516,128.94658676241383,126.43882508751874,128.3122125664853,26273300
2023-08-03,127.3210220336914,128.2527625895299,126.30007613731763,126.84524509282699,20089500
2023-08-04,126.9840087890625,130.35411926269438,126.78576966555633,128.14372354248303,26147200
2023-08-07,130.3739471435547,130.45324581754625,127.8860136363558,128.02478253467217,22746300
2023-08-08,130.24508666992188,130.35412045755103,128.4014340675314,129.47194349388803,23535200
2023-08-09,128.52037048339844,130.87944143501775,127.86616785514812,130.50279169045498,24912900
2023-08-10,128.5501251220703,130.889383106786,128.31222909619765,130.16580349118593,20857800
2023-08-11,128.4212646484375,128.78800779260496,127.04348228626603,127.52918100734196,19591100
2023-08-14,130.17568969726562,130.21533146634363,127.8265254190536,128.25273871650413,24695600
2023-08-15,128.6393280029297,130.26491300365356,128.14372263533488,129.9477334332242,19770700
2023-08-16,127.56881713867188,129.1349318973664,126.74611798522649,127.56881713867188,25216100
2023-08-17,128.7781219482422,130.82993582900713,128.15365422371747,128.65918147678167,33446300
2023-08-18,126.33971405029297,128.1139820986366,125.26920468665479,127.38048074077112,30504800
2023-08-21,127.24169921875,127.59853563787662,125.44761046205095,126.0621637532883,25248700
2023-08-22,127.94549560546875,129.13494557517706,127.19218082041144,127.38049817316805,22054900
2023-08-23,131.20654296875,132.23741046796198,128.7285164557817,129.035789323442,27819700
2023-08-24,128.6393280029297,133.07004119920114,128.43118221835817,132.77267495370916,28500700
2023-08-25,128.7384796142578,129.610734942361,126.13159004494459,128.40145640543324,26762900
2023-08-28,129.8585205078125,131.37507181068187,128.99617195805286,130.15588677056022,20543300
2023-08-29,133.38720703125,135.369628072662,131.07768470304433,131.07768470304433,43075600
2023-08-30,134.6857147216797,135.08219295170898,132.89162577508347,133.59537690208668,28315800
2023-08-31,134.97317504882812,136.78709265772878,134.59651009871462,134.81457768828804,30053800
2023-09-01,134.46763610839844,136.25181824627185,133.66475792752385,136.25181824627185,21543700
2023-09-05,134.57667541503906,135.22095629355618,133.39713231081367,134.24957408258942,19403100
2023-09-06,133.2781982421875,135.32999653967815,132.4951333142853,134.824484524279,18684500
2023-09-07,134.07113647460938,134.38833111737597,131.7814424740778,132.41581663493795,18844300
2023-09-08,135.18130493164062,135.4588426865127,133.66475394084918,133.7242241562256,23558300
2023-09-11,135.71656799316406,136.27164356834132,134.59649505596173,135.33990308514734,20763400
2023-09-12,134.15045166015625,135.66700281159663,134.00177610596597,135.06236368343136,18405500
2023-09-13,135.5084228515625,135.69674018178068,132.9709107286248,133.90265121619703,20749500
2023-09-14,136.88621520996094,137.48093260507594,135.0425625482196,136.39060981836033,24751000
2023-09-15,136.19236755371094,137.30253401342628,135.28045536783313,136.7672716735491,38919600
2023-09-18,136.9952392578125,137.9368864099472,135.40929606761446,135.40929606761446,21861300
2023-09-19,136.82672119140625,137.1934794427395,135.41920378337616,136.21217538464424,20353700
2023-09-20,132.56454467773438,136.86639614180442,132.44558909081576,136.86639614180442,29927500
2023-09-21,129.29354858398438,131.06780939028556,128.92680540118346,130.28475945614042,31503900
2023-09-22,129.10519409179688,130.86954793351885,128.4609131845869,129.61070610554586,26397300
2023-09-25,129.95765686035156,130.01712709218657,127.82655955465064,128.68890816561319,20094600
2023-09-26,127.43997192382812,129.21423249109523,126.10183137682498,128.62942178523338,25718700
2023-09-27,129.3926239013672,129.74946031913365,127.43995295168975,127.43995295168975,22746500
2023-09-28,131.14710998535156,132.128414207964,128.649254316224,128.69881788548926,22513100
2023-09-29,129.7098388671875,132.87180356786632,129.21423349403221,132.10856705829798,30859800
2023-10-02,132.99073791503906,133.2385405902459,130.01710581255713,130.05676271040824,22288000
2023-10-03,131.2660369873047,133.0799545386721,130.68122625412332,132.76277495232893,22989400
2023-10-04,134.05133056640625,134.37843188809666,131.3651431138617,131.62285243185696,26752300
2023-10-05,133.88282775878906,134.2991344106199,132.27705624495698,133.88282775878906,19832600
2023-10-06,136.37075805664062,136.94566202758472,132.83212890565903,132.83212890565903,27597600
2023-10-09,137.20339965820312,137.71883351864395,134.41809967864563,135.73641188198502,19278100
2023-10-10,136.8465576171875,138.4919711389079,136.12297798401696,137.28269277954,27786600
2023-10-11,139.3146514892578,139.86972699986873,137.36196541642576,137.36196541642576,25884300
2023-10-12,137.74856567382812,139.97878996715525,137.04479935307614,139.8102859466206,24765500
2023-10-13,136.1527099609375,138.7695057500951,135.4192085570894,138.15495992166953,23420500
2023-10-16,137.87742614746094,138.4027666531714,136.77718157188923,136.95559225322052,28501900
2023-10-17,138.49195861816406,138.6703692822643,135.97427499935674,137.41154259753543,23515800
2023-10-18,136.7474365234375,139.48317264449588,136.17253249534386,138.22433080496884,23375000
2023-10-19,136.53927612304688,138.4324922204464,136.17253299803895,137.28268416001447,26066000
2023-10-20,134.40818786621094,136.6582254478533,133.8927540255162,136.12297828131832,26335700
2023-10-23,135.3002471923828,136.45005512078916,132.77265713198602,133.85307305839916,26317900
2023-10-24,137.58995056152344,138.135119454478,136.21216833642438,136.61856834068817,44814300
2023-10-25,124.5059814453125,127.18224741384032,123.97072673913938,127.03357185296261,84366200
2023-10-26,121.20525360107422,123.23723873561569,120.20412859059402,122.18655016094156,57061100
2023-10-27,121.0962142944336,122.22619393308011,119.15344215145646,121.79997301237394,44566500
2023-10-30,123.3660888671875,124.29782939084916,121.6711193945083,122.12707543139821,28940100
2023-10-31,122.98943328857422,124.26809608033074,121.61165093298484,123.96081560140948,26292300
2023-11-01,125.33859252929688,125.37824186558063,122.63259149838505,122.97951373794584,30082400
2023-11-02,126.36945343017578,127.8463552955118,125.81437784316901,127.29127970850502,27124600
2023-11-03,127.9653091430664,128.39152248996186,126.73620241363211,126.8947997576898,26393100
2023-11-06,129.10519409179688,129.19439942516289,127.53907936577991,127.91574427289191,19052700
2023-11-07,129.81887817382812,130.75061873492334,128.7384620443353,129.5611688137135,29757300
2023-11-08,130.6812286376953,131.04798691958564,129.63054760646278,129.81888007898115,26425800
2023-11-09,129.09530639648438,131.38500103733298,128.92680236714457,130.8001902664459,23747800
2023-11-10,131.4246368408203,131.63279776446794,128.27259374470339,128.95653161924707,26913300
2023-11-13,130.92901611328125,131.42462145714984,130.09640276550397,130.62174322003068,18324800
2023-11-14,132.44557189941406,134.50729201715737,132.1482207824069,133.01056927107837,32395200
2023-11-15,133.436767578125,133.8431675584507,132.39600853658533,133.68457023081038,23861500
2023-11-16,135.72647094726562,136.01393051384863,133.1394255960663,134.00177404646607,28013200
2023-11-17,134.12071228027344,134.86412027691202,132.47529895112487,134.80465005712884,37240600
2023-11-20,135.05245971679688,135.45885973926121,132.44557070034907,132.5149627101394,27815500
2023-11-21,135.76612854003906,135.97427431377318,134.76501119450535,135.09209741037324,22635300
2023-11-22,137.27279663085938,138.19461546533844,136.26175732475545,136.26175732475545,17813900
2023-11-24,135.48858642578125,136.9159321844401,134.7947419943983,136.81680506938213,12514300
2023-11-27,135.2110595703125,137.2033876965765,134.80465954030564,134.83439465228903,23436500
2023-11-28,135.99412536621094,136.04368893356298,134.22977126615422,134.88397405597584,18730000
2023-11-29,133.80355834960938,137.0745420613024,133.6548676470105,136.36088416260156,23967200
2023-11-30,131.36514282226562,134.3586031424181,130.12612954194947,133.86299783029165,38988300
2023-12-01,130.7010498046875,130.94885249162763,129.52150659490437,130.7010498046875,31442300
2023-12-04,128.13380432128906,128.88711896664887,126.7758430151211,128.73844341976016,36669900
2023-12-05,129.83871459960938,130.97860102647664,127.12279142754068,127.8166359971415,27384800
2023-12-06,128.87721252441406,130.68120803665548,128.73844363885704,130.28472982782802,23576200
2023-12-07,135.72647094726562,137.34214919311776,133.51607536911783,133.85308336988615,56767100
2023-12-08,133.80355834960938,135.20115415610408,132.85198927687938,133.02049330674961,32260100
2023-12-11,132.1184539794922,132.16801753433697,130.20542478480553,131.21646382988015,31138000
2023-12-12,131.35525512695312,131.83103206038206,130.10631988027265,130.65148882726206,29032800
2023-12-13,131.40480041503906,132.3266190406473,130.4135897855211,132.20767860500078,30104800
2023-12-14,130.78033447265625,132.5446882047304,128.55011052905618,132.20768021650815,38722400
2023-12-15,131.43455505371094,132.33654536584615,130.0270224409382,130.4631576026789,50847100
2023-12-18,134.60641479492188,135.94454015229283,131.26602448315583,131.46427872099582,32258000
2023-12-19,135.44894409179688,136.26174417356714,134.883961824314,135.63727655584978,25476800
2023-12-20,137.1240692138672,140.45453739695972,136.85645324467703,137.74853672465744,49107200
2023-12-21,139.1858367919922,139.45346797764904,137.95672979552964,138.26401788815414,27488300
2023-12-22,140.24639892578125,140.74200424587772,139.4732558364047,139.53272605486842,26532200
2023-12-26,140.27615356445312,141.42594657240042,139.94905219268907,140.34553045409487,16780300
2023-12-27,139.13623046875,140.8312072908629,138.66045360407793,140.3455086401583,19628600
2023-12-28,138.99749755859375,139.89950308990763,138.52172057079167,139.5426665678866,16045700
2023-12-29,138.4622039794922,139.1263132322163,137.5601987501779,138.4027337665128,18733000
2024-01-02,136.95555114746094,138.2242993606029,135.28040300480598,137.33221597234336,23711200
2024-01-03,137.69898986816406,138.4027561263541,135.87516579367383,136.04366979922918,24212100
2024-01-04,135.19122314453125,137.93688094484938,135.15158137245075,137.20337960162615,27137700
2024-01-05,134.53701782226562,135.9544569222083,133.9621138280285,135.54805692417742,22513900
2024-01-08,137.6196746826172,137.78817866795262,135.06234954551326,135.09208465323874,21404000
2024-01-09,139.71116638183594,140.24642871103555,136.93577297492843,137.28270282254584,24759600
2024-01-10,141.02943420410156,141.74310700177662,139.67148060628745,139.7606859248287,21320200
2024-01-11,140.83120727539062,143.94360802981913,139.40386155685738,142.22881788517725,24008700
2024-01-12,141.39622497558594,141.94139398064064,140.57353326075875,141.41605342795455,18785500
2024-01-16,141.23764038085938,143.08129317884888,140.20677262032902,140.7519416163136,22670500
2024-01-17,140.22659301757812,140.59333617350276,137.6791740029759,140.10765256153263,20968600
2024-01-18,142.21888732910156,142.94248192977855,140.74199327018036,140.80146348400635,25746400
2024-01-19,145.0934295654297,145.16280645077472,143.11100813182492,143.4678445948608,34271900
2024-01-22,144.7068328857422,147.0857321434837,144.55814222921296,145.80707719549898,32200400
2024-01-23,145.74761962890625,145.88638852663772,144.22116175386006,144.60773333501743,21636100
2024-01-24,147.3930206298828,148.53292195218594,146.79830331468807,147.2344232959612,25233500
2024-01-25,150.53515625,151.7047926793007,148.22563362553456,148.7509891835985,29149100
2024-01-26,150.8523712158203,151.19928591444616,149.68273462913356,149.7719550941985,26115500
2024-01-29,152.16075134277344,152.42838247060587,150.0990312415879,150.7234988316385,27784300
2024-01-30,150.1287841796875,152.26978786685433,149.86115304703833,151.4570029311418,36331800
2024-01-31,138.86863708496094,142.73435309816574,138.6406477145511,142.35768815981584,71910000
2024-02-01,139.9193115234375,141.80260587734793,139.5525532652903,140.87086536289783,40466500
2024-02-02,141.12860107421875,141.3664819906908,135.3002766258251,138.0360130379911,62499600
2024-02-05,142.41714477539062,144.19142038150497,141.52506120365902,141.56471810110367,38505400
2024-02-06,142.83346557617188,144.08238559279584,141.93146022405054,143.37861935248668,29128200
2024-02-07,144.26080322265625,144.34010189614554,142.66495333978824,143.48766006197988,25208900
2024-02-08,144.62753295898438,145.043839569205,143.8246548446537,144.548234301132,22563800
2024-02-09,147.69039916992188,148.12653431225093,144.89517764390865,145.3907830102507,26829500
2024-02-12,146.2333221435547,148.02741119835667,146.07472479210762,147.11549911454978,21564100
2024-02-13,143.8643035888672,145.38085457275164,142.4270512666812,143.64623605036468,27837700
2024-02-14,144.6573028564453,145.23220692064015,142.82355687367422,144.796071759894,22704200
2024-02-15,141.5151824951172,142.25859065996383,139.22548776733797,141.88192568321128,37590700
2024-02-16,139.28492736816406,141.9314580380152,138.90826247425002,141.7332189292563,31468900
2024-02-20,139.87965393066406,140.83122289008293,138.26399071915645,138.43249472896153,25144700
2024-02-21,141.29708862304688,141.43585751636738,139.44351432516038,140.20675080076072,23223300
2024-02-22,142.8235626220703,143.7255680931289,141.54490732630646,143.6561760762736,27191900
2024-02-23,142.6947021484375,143.40835995334845,142.16934655124388,142.40724256933106,19493800
2024-02-26,136.36087036132812,141.18806188186093,136.18244456120365,140.89069563143732,53641800
2024-02-27,137.65933227539062,138.0260753556502,135.88505684049912,136.80689055869198,33099200
2024-02-28,135.18130493164062,136.7969679065016,134.21982945059332,136.6879341367538,37328600
2024-02-29,137.2430419921875,137.63952022756177,135.20113521845195,136.0734054858856,42133000
2024-03-01,135.9346466064453,137.64943703156058,135.7165790235201,137.21330186571015,31151100
2024-03-04,132.17794799804688,134.46764221027212,130.75060222297805,134.46764221027212,55999400
2024-03-05,131.50393676757812,132.06893419092674,129.52151514124904,130.7208868800359,40194800
2024-03-06,130.24508666992188,132.4059339725702,129.6999328564518,131.94997037211849,35318600
2024-03-07,133.19891357421875,133.75398920823105,130.45325539382577,131.62287689054074,37738200
2024-03-08,134.21986389160156,136.8763016912152,132.822252972934,133.03041390483907,39370400
2024-03-11,136.45999145507812,137.8774307891928,134.93353345070832,134.93353345070832,32437800
2024-03-12,137.2826690673828,138.1549392414249,135.8255882651414,135.8255882651414,27563400
2024-03-13,138.56134033203125,139.84991729704038,137.7683838532644,137.7782905156126,23347200
2024-03-14,141.84226989746094,142.3279535040784,139.22547402056372,139.9490536613269,42753400
2024-03-15,139.93911743164062,141.9215388042357,138.7992311922684,141.24752279739727,49475400
2024-03-18,146.38198852539062,150.81270155253688,145.87647651462308,147.3038223387608,69273700
2024-03-19,145.7377166748047,147.4822421656298,144.79606947876087,146.8577896722865,24070400
2024-03-20,147.4326934814453,147.55163393242162,145.45027196690233,146.6991920761811,21311500
2024-03-21,146.30270385742188,149.04834657827197,145.60884427485487,148.15626300736415,24755600
2024-03-22,149.44485473632812,150.24773305463123,147.6705789560528,147.8093478613808,29211800
2024-03-25,148.7509765625,149.05824941731626,146.5207527940521,148.62211434931658,19229300
2024-03-26,149.34571838378906,150.92173980939236,148.66178056238658,148.89967658168865,22149100
2024-03-27,149.5439453125,150.30718174477965,147.59125913003174,149.85121819279237,22879200
2024-03-28,149.60342407226562,150.09902942352818,148.85010938322958,149.52414052577765,24485400
2024-04-01,154.1233367919922,154.37113943419925,149.2862243762148,149.36552303668182,31730800
2024-04-02,153.20152282714844,153.34029171966787,150.81270141872292,152.15084190883346,24586000
2024-04-03,153.55836486816406,153.71696221529052,151.38761094398126,152.2499745660593,24705000
2024-04-04,149.2069549560547,153.40969403638587,149.1276562800474,152.1508521323684,34724700
2024-04-05,151.1596221923828,152.07153416376286,148.28511739400383,148.71133070821097,23459200
2024-04-08,153.489013671875,153.90532043425455,151.268695814506,151.43719985227787,20702000
2024-04-09,155.2235870361328,157.1663513551603,153.82597645097087,154.7180599469995,31079500
2024-04-10,154.7676544189453,155.23352470706243,153.32047998943062,154.83704643510924,22838600
2024-04-11,158.00892639160156,158.27654243330397,155.08485738751153,155.53089924835962,27166400
2024-04-12,156.34365844726562,158.81177851890706,155.758847768036,156.57164779653132,25353700
2024-04-15,153.49888610839844,157.8403937153416,153.23125499058935,157.46372881803066,27136500
2024-04-16,153.04293823242188,154.28195170620987,152.0814625667883,152.83479243864417,20779500
2024-04-17,154.10353088378906,155.69938073798713,153.22135395349792,154.25220644098835,21763100
2024-04-18,154.63877868652344,155.5606125191913,153.26099639334586,153.97466932035476,19883000
2024-04-19,152.7356719970703,154.98572479887758,150.96141127979288,154.8271274373676,32615600
2024-04-22,154.90640258789062,156.2544497066036,152.7059136863934,152.9537163543577,26446200
2024-04-23,156.8690185546875,157.57278489006907,154.90642537067149,155.58045659149803,21151600
2024-04-24,157.73135375976562,158.16748886069595,155.78857425325978,156.10576891745424,22779100
2024-04-25,154.62887573242188,155.11457444082362,149.5439597867095,149.99992338282905,57109700
2024-04-26,170.43869018554688,173.17444161155032,168.15890237210272,172.83741845240817,64665300
2024-04-29,164.68963623046875,168.05976136758494,163.7579109650259,167.5740627254869,45610000
2024-04-30,161.34927368164062,166.62252177219705,161.17086301864083,164.15440172797688,33562900
2024-05-01,162.41978454589844,165.65112595593658,161.6565480783854,162.85591967019158,33493200
2024-05-02,165.155517578125,165.26455135719664,162.4495166743879,163.34160023066508,24294500
2024-05-03,165.7700958251953,166.48376879475936,161.61692024874446,166.08727540907034,34662400
2024-05-06,166.62252807617188,166.6621698501134,164.5707146259979,165.98815382038057,21871300
2024-05-07,169.74484252929688,170.2503545716541,166.90997915272567,167.01901294123516,28039700
2024-05-08,167.89129638671875,168.65451784133106,167.25692205611742,167.51463142881647,19569100
2024-05-09,168.46620178222656,169.1897814637854,166.70183256435388,167.90120434102943,15346700
2024-05-10,167.16766357421875,168.35712840771933,164.72929393982457,166.55311783500412,29799900
2024-05-13,167.6533966064453,167.79216551552707,162.55857362347706,162.81628299043555,31327600
2024-05-14,168.8428192138672,169.74482453915033,167.31636146118933,168.2778370057792,25127100
2024-05-15,170.99374389648438,171.13251278258656,169.01132259521063,169.13027815806552,26948400
2024-05-16,172.64906311035156,173.5808035378088,171.17216892717605,171.7668862401435,27867900
2024-05-17,174.51254272460938,174.72070361370632,172.16337834950676,172.64906188294287,24479300
2024-05-20,175.36500549316406,177.19875144536334,174.53239208635316,174.6414258747219,22554400
2024-05-21,176.2868194580078,176.58417055209722,174.26474127015484,175.34515724447746,16989400
2024-05-22,174.8297576904297,175.5929790815051,173.67004292281268,175.08746704167487,17880000
2024-05-23,172.0246124267578,176.6832994864589,171.42987998310477,175.51367817186207,21024900
2024-05-24,173.45196533203125,174.22510846580246,172.12373150315187,173.44204354526818,16579400
2024-05-28,174.84957885742188,175.71194253715282,172.83742214584382,172.91672082470853,20572200
2024-05-29,174.3539581298828,175.2856986187846,173.1843367499764,173.88808788543193,23388700
2024-05-30,170.5972900390625,173.67995620758435,170.28009532573515,173.6601277568323,22931500
2024-05-31,170.98385620117188,171.53893180715215,167.95075369372532,170.34948191938355,37638900
2024-06-03,171.64794921875,172.99599632951654,169.6556212249439,171.02348165926512,27459100
2024-06-04,172.2624969482422,172.3219822936052,170.37920271129525,171.75698494771635,26879600
2024-06-05,173.8682861328125,175.09737781727256,172.40128329216327,173.6601252146541,22068500
2024-06-06,175.1766815185547,175.59298824213508,174.20529916353377,174.35397473457084,23251000
2024-06-07,172.9266357421875,176.30665293703487,172.76803839075907,175.493867979147,19661400
2024-06-10,173.67088317871094,175.70520037025813,171.43809934111798,173.63119590631558,23726700
2024-06-11,175.2685546875,175.48687252833415,172.440371072749,174.8716214180017,21540600
2024-06-12,176.42959594726562,179.0295587655737,174.76245808700693,176.8860828234983,27864700
2024-06-13,173.8197479248047,175.38766020073976,173.54189158649058,174.76247586851568,20913300
2024-06-14,175.43727111816406,175.7052094322638,172.81747188595338,172.8869435437714,18063600
2024-06-17,175.88381958007812,176.99524483970762,173.47240531751984,174.1174408030097,19618500
2024-06-18,173.75025939941406,176.03266350713454,172.7678442779151,175.78457643329608,21869900
2024-06-20,174.9510040283203,175.9334191303285,173.65103020992316,174.02811225809378,20160100
2024-06-21,178.25550842285156,179.46617441384126,175.25861267941545,175.64562786394288,57759000
2024-06-24,177.84866333007812,179.5058831721026,177.30286873730756,178.78147315371626,18298000
2024-06-25,182.62184143066406,182.87984651633045,178.04711553791142,178.24558215319573,23130200
2024-06-26,182.47303771972656,183.09820694625952,181.0837408053558,181.23260215798607,19839000
2024-06-27,183.99131774902344,184.62642010992184,182.61195409916436,182.77071833286294,18848900
2024-06-28,180.7562255859375,183.71343423893046,180.5676921399298,182.90963458847077,29156600
2024-07-01,181.58984375,182.47303324260807,179.9127724889494,181.62953102450626,16006100
2024-07-02,183.82261657714844,184.15009335463083,180.17076672022137,180.65702287018632,17372500
2024-07-03,184.39817810058594,184.666101253454,182.59209683114494,183.43559898745033,10242100
2024-07-05,189.1416015625,189.39960668236182,184.3783264542018,184.43786493247498,20967500
2024-07-08,187.58358764648438,188.71486404073931,186.34315233953677,188.4469257746695,21035900
2024-07-09,187.5339813232422,189.89577517091524,187.27597621110633,188.85380640623399,15121400
2024-07-10,189.71713256835938,190.28277834321375,187.5835898719109,187.70266681734014,15952500
2024-07-11,184.1501007080078,189.39961710579536,183.66384453862594,188.39735066829172,25625800
2024-07-12,183.65390014648438,185.67828393880026,183.0783363373865,183.66381817797418,22898400
2024-07-15,185.1027374267578,186.79965977611926,183.50505596969933,183.50505596969933,16474000
2024-07-16,182.51271057128906,187.2362833659617,181.96691593885006,185.9263913901426,18290700
2024-07-17,179.63490295410156,182.14554307379208,178.52346250305996,181.56997921247492,20734100
2024-07-18,176.3303680419922,181.10356083919302,175.119701930773,180.53791505223174,25315700
2024-07-19,176.30059814453125,178.91046381081307,175.77465477022162,177.51126425121495,18881900
2024-07-22,180.27989196777344,181.30200938138125,178.85090816644907,179.20815411678015,24100300
2024-07-23,180.3990020751953,182.205083362309,180.15091498468195,180.65702234023118,36352700
2024-07-24,171.30909729003906,174.84185492699467,170.5052975643539,172.2716763828317,49585200
2024-07-25,166.0000457763672,172.09306459024975,165.91073805088556,171.1999570513624,44852000
2024-07-26,165.72216796875,166.80382399385917,162.8046615111257,165.8710141586151,41336900
2024-07-29,168.23280334472656,169.12591074335177,166.70459365013758,167.53816257445885,20293800
2024-07-30,168.9869842529297,169.91979407162952,167.15114899500833,168.9373789518768,18959700
2024-07-31,170.2274169921875,172.91668748879763,168.70912533779483,171.9144211788754,25729100
2024-08-01,169.45339965820312,172.718234225876,167.58779504728142,168.94730744825696,24531400
2024-08-02,165.38478088378906,167.22061625981866,163.41000220136607,165.1664630337912,29130100
2024-08-05,158.03147888183594,163.17183620146415,153.7445266292353,154.3101724717456,53630700
2024-08-06,157.07882690429688,159.3413952637539,155.2132221455675,158.11087775486118,49004600
2024-08-07,157.72384643554688,161.7329270375027,157.2574415077753,160.01616866155442,25138600
2024-08-08,160.79019165039062,162.4374934400702,158.9841256428161,159.28181801513983,25578800
2024-08-09,162.41763305664062,162.5367099988413,157.84290710869936,158.7856348991968,28602300
2024-08-12,161.04820251464844,163.638232240746,160.60164879815585,163.09245277727376,15895300
2024-08-13,162.9038848876953,163.46951549041373,161.72298810159427,162.1596237343071,18551700
2024-08-14,159.1428985595703,161.97109738750262,156.50326348113867,161.1573644799167,40591100
2024-08-15,160.0657958984375,160.40319071181239,158.388724722145,159.27191417011724,31524300
2024-08-16,161.7130889892578,163.79701137732062,159.8970897454957,160.23448454041534,24208600
2024-08-19,165.3946990966797,165.4145503036196,163.0031359185699,164.01533548402497,22416200
2024-08-20,165.9008026123047,167.34963797695062,165.54357171525163,165.62294626435101,18341500
2024-08-21,164.58096313476562,165.57331138365288,163.40998432722168,163.88630724691845,22902000
2024-08-22,162.546630859375,166.30762370530235,162.06037481216822,165.98014699702406,22493300
2024-08-23,164.35272216796875,164.9084347985432,162.57642535652303,163.4596147462646,13955700
2024-08-26,164.88856506347656,166.26792832627663,163.2015763102868,165.10688285833962,14190400
2024-08-27,163.419921875,165.1664646925233,163.201619164844,164.57104961527048,11821900
2024-08-28,161.60391235351562,164.33286993605128,160.29400544572312,163.77714221811894,16407400
2024-08-29,160.5421142578125,164.70005625165825,159.02382249929119,163.05275436266322,19699800
2024-08-30,162.12989807128906,162.40775443186422,160.4528267322231,161.37570354226852,22123800
2024-09-03,156.1559295654297,160.61157889702227,155.28265821334085,160.48256877218185,38945300
2024-09-04,155.25289916992188,157.78339053713182,154.76665816042646,155.4612989897302,19353800
2024-09-05,156.036865234375,158.22994668183233,154.78649658056972,155.1040553313884,18688700
2024-09-06,149.7652130126953,156.62234382988387,149.39804896411633,156.09640040925774,37912100
2024-09-09,147.7679443359375,152.4282209390493,146.2873778721235,151.54385960268255,39260500
2024-09-10,147.71826171875,150.31172831197244,147.40028159964342,149.4969156283568,31118800
2024-09-11,150.20242309570312,150.54026559740743,146.5854826673726,148.97027288921362,29607700
2024-09-12,153.71005249023438,153.839233801539,151.68296725155358,152.8256911821986,29621500
2024-09-13,156.46250915527344,157.37667920350046,154.2267627397466,154.44535510677574,29591200
2024-09-16,157.0587158203125,157.2475146303272,155.60797314926953,156.31346693580858,18379800
2024-09-17,158.3107452392578,159.53294917671778,157.37669753536267,158.01264265003823,20715600
2024-09-18,158.79763793945312,159.483269373917,157.5953115022546,158.84732423336595,23677300
2024-09-19,161.11288452148438,162.752426134326,160.31794928169234,162.67294625626252,26587700
2024-09-20,162.55368041992188,162.69279293629415,161.03337393309369,162.46425419413836,40896400
2024-09-23,160.82472229003906,164.44166309263446,160.64585466572302,163.30888534572622,24150900
2024-09-24,161.26190185546875,162.18601827960998,159.67204679818846,161.9972194853163,23332100
2024-09-25,160.4669952392578,161.77862539142924,160.27819642927898,160.44711769027916,18869200
2024-09-26,161.69911193847656,163.0405658423745,161.25196569121914,162.60335078741144,20319300
2024-09-27,162.91140747070312,164.65032158098356,161.5997772832552,161.7786297424913,21101300
2024-09-30,164.79934692382812,165.09743429522993,162.22574304110324,162.28537567750828,20413900
2024-10-01,165.93214416503906,168.08839566011457,163.53740758234116,166.62770671794624,28338100
2024-10-02,164.80931091308594,166.45879878634457,163.68646438360673,165.3657609999376,17760200
2024-10-03,164.80931091308594,165.584368557219,162.88159799640147,163.36849940346053,15073100
2024-10-04,166.001708984375,167.1642954706186,164.43171611961677,166.9953742029211,19047400
2024-10-07,161.94754028320312,167.4126985535878,161.71900154638254,166.65751850550026,22463100
2024-10-08,163.3386688232422,163.68644249996592,161.83822486594266,162.90145376713176,23072700
2024-10-09,160.8346405029297,163.7957583809211,158.72807525360884,162.41456443992033,31181800
2024-10-10,161.05323791503906,162.03697180217182,159.38387269706766,159.85089649743236,14144100
2024-10-11,162.20590209960938,162.86170956550862,160.21857182956228,161.10293319324816,15344300
2024-10-14,163.91500854492188,165.17695235890986,162.36487818674945,162.60336327926677,19016100
2024-10-15,164.4118194580078,166.61774183416674,163.58707567908868,164.73971556910084,20247200
2024-10-16,164.11375427246094,164.749699418007,162.70275145459712,163.4877403209242,16406000
2024-10-17,161.89784240722656,165.31605267037628,161.72892116495908,164.6801076327293,21453400
2024-10-18,162.384765625,163.66660222742627,162.04692309495266,162.1562268737477,19757700
2024-10-21,163.0306396484375,163.45790836208016,161.58981312891888,161.9177244301946,20946500
2024-10-22,164.0938720703125,164.719886004102,161.94755157914383,161.94755157914383,16568100
2024-10-23,161.74879455566406,164.7695447784646,160.90417320390316,163.71624709624942,18280500
2024-10-24,161.68919372558594,162.29533007096418,159.9900196550578,161.79849749810091,22412500
2024-10-25,164.22303771972656,164.54100267206263,162.38475119304076,162.63316747166715,19828900
2024-10-28,165.66384887695312,167.68098784367282,162.91139226813863,167.68098784367282,32138600
2024-10-29,168.60508728027344,169.30066498158368,166.03149830422933,166.66744336321563,42169000
2024-10-30,173.3548126220703,180.86691803166593,172.95733750175077,179.5353953312524,68890800
2024-10-31,170.02603149414062,175.69986574053596,169.91672772946706,172.03323918990733,44769000
2024-11-01,170.20489501953125,171.22838406204764,167.8101735573136,168.9926374988831,31796500
2024-11-04,168.1678924560547,169.64844379948434,166.9456734265419,168.8535086611848,21492700
2024-11-05,168.6647186279297,169.44970738138483,167.77041094544956,168.3566697123956,18242100
2024-11-06,175.39181518554688,175.81909904785277,172.40088879790804,172.69899134986846,33695500
2024-11-07,179.60498046875,179.93289179611503,176.067534869967,176.28614242154367,25352900
2024-11-08,177.2201690673828,179.75400283427035,176.9518752564666,179.50558656989898,22006200
2024-11-11,179.20750427246094,179.40623425717754,177.3394090594478,177.44871282536081,17450400
2024-11-12,180.46946716308594,181.33396618962504,178.25359803223796,178.6808819487348,25134900
2024-11-13,177.74684143066406,179.81366693126807,177.40898372879735,179.31683431560734,23184000
2024-11-14,174.46771240234375,177.68719264307913,173.21569988978717,177.15060502189382,31007500
2024-11-15,171.39730834960938,173.03684979342893,170.135349355116,172.62944344024277,32504600
2024-11-18,174.18948364257812,174.32859614097288,171.80467846165004,172.3213885251699,20135300
2024-11-19,176.9916229248047,177.73687175049812,172.46051249052883,172.61950254558704,23434900
2024-11-20,174.86517333984375,176.5544009125721,172.67911323618793,176.21655843045156,18997100
2024-11-21,166.56808471679688,173.0269078339117,162.6629730093742,172.79835394534456,59734400
2024-11-22,163.71624755859375,165.4054902668861,162.8616950123504,164.7993539822004,38604600
2024-11-25,166.5879669189453,167.5617697445597,164.56089655546532,165.03785161237923,33135300
2024-11-26,168.04864501953125,168.74422275300518,166.5184073625678,166.5680936524055,20486700
2024-11-27,168.15794372558594,168.40636000516253,166.95561742322607,167.9294049937709,19266500
2024-11-29,167.87973022460938,168.3566852687276,166.10107621213314,167.43258392311557,14257200
2024-12-02,170.4036407470703,170.98989954223964,167.50214035040204,167.7008703464783,23789100
2024-12-03,170.25457763671875,171.5860852555961,169.7676914327812,170.40363650165742,22248700
2024-12-04,173.265380859375,173.80196851105399,169.976351762093,170.06577798333072,31615100
2024-12-05,171.54635620117188,174.94468929994056,171.23832242107443,174.24912670582898,21356200
2024-12-06,173.60324096679688,173.97089221181594,170.77128929069295,170.9402105427862,21462400
2024-12-09,174.45877075195312,175.34414569527965,172.74770667593938,173.05610866341627,25389600
2024-12-10,184.20782470703125,185.3916437019826,180.10923775533584,181.8998876981403,54813000
2024-12-11,194.3846893310547,194.59360484337623,183.88951960925283,184.34712093414166,67894100
2024-12-12,190.96255493164062,194.16580938373951,190.71385396756912,193.9867519757691,34817500
2024-12-13,188.8336944580078,191.72856243728444,188.65462185235455,190.01749841639386,25143500
2024-12-16,195.6381378173828,197.96597529078676,191.6191215772895,191.8678225512729,44934900
2024-12-17,194.40457153320312,200.37339478634232,193.96685539925252,196.22506444695088,43504000
2024-12-18,187.4210662841797,195.976386699195,186.764507184961,194.2056368053088,34166100
2024-12-19,187.5304718017578,192.0269895380088,187.40115762090377,190.63427019379503,32265200
2024-12-20,190.41543579101562,191.88774144921763,184.2575966505468,184.81468445746083,63462900
2024-12-23,193.6186981201172,194.08625719212253,189.16196548395996,191.6191324608379,25675000
2024-12-24,195.0909881591797,195.0909881591797,192.7730933133359,193.82758299009262,10403300
2024-12-26,194.58364868164062,195.72766709348628,193.36998671071595,194.13597478356786,12046600
2024-12-27,191.75839233398438,194.3051030426647,189.65935551931798,193.9370152813754,18891400
2024-12-30,190.24630737304688,191.5494980812226,188.13731273783964,188.8137872976618,14264700
2024-12-31,188.31637573242188,190.96255767118524,187.53047217416017,190.0871254076539,17466900
2025-01-02,188.44570922851562,191.00236272405684,186.52574484771176,189.65937128935172,20370800
2025-01-03,190.79344177246094,192.20607673113864,188.9928490622425,190.37562593745199,18596200
2025-01-06,195.8470458984375,197.19003728298551,192.8427489428689,192.9720631324044,29563600
2025-01-07,194.4742431640625,199.95560784483914,193.5888681942183,196.08582081760926,26487200
2025-01-08,192.94223022460938,195.2700679108895,191.3803958585084,191.56941104474132,24864800
2025-01-10,191.04212951660156,195.49886180679007,189.32112306274666,193.29039598946073,26665200
2025-01-13,190.01748657226562,190.1866014129224,186.38645842630518,189.08238366148746,21823700
2025-01-14,188.6745147705078,190.98245196740993,187.33152340912505,190.24630678281764,17174900
2025-01-15,194.53390502929688,195.33969375687735,190.8630762218721,192.08668076451275,21776000
2025-01-16,191.90762329101562,194.46426141133438,191.8081368295779,193.1312278332848,17815400
2025-01-17,194.98158264160156,196.20518730281572,192.74327365719543,195.508827543568,27735100
2025-01-21,197.02093505859375,201.23889429991502,196.8418624454126,198.03563938794179,29971300
2025-01-22,197.33924865722656,199.43828553458843,196.5036170079127,198.02566579041408,26200600
2025-01-23,196.9512939453125,199.25924653814067,194.18574000771966,197.11046623023265,26951400
2025-01-24,199.16969299316406,199.85609492474924,196.9711697228321,197.07065618338206,23877500
2025-01-27,190.81332397460938,195.85698677854776,189.73893399543607,191.41021235620636,41728900
2025-01-28,194.2852020263672,194.4642594397363,189.6891977496922,191.7484490804529,24157900
2025-01-29,194.39463806152344,195.7674571519655,192.4249153665142,194.54385257803781,18218300
2025-01-30,199.82627868652344,200.35352360288593,196.64290885768258,196.97119600589963,24354700
2025-01-31,202.95989990234375,204.41230512426117,200.75143398674038,200.95039173473552,32001100
2025-02-03,200.18438720703125,202.6912973186069,199.06026910715457,199.6471997728737,27838300
2025-02-04,205.3076629638672,205.9741798502019,201.75620524917517,202.33319341484665,43856400
2025-02-05,190.33584594726562,191.74846576717462,187.05298980095407,190.0772023789456,70373900
2025-02-06,190.60443115234375,191.10183309670842,187.73939109536238,188.51533691421105,29297400
2025-02-07,184.376953125,190.18660431911357,182.28787402069702,190.05729013281342,49315000
2025-02-10,185.50111389160156,187.22212066151292,184.8942828091003,186.3765463199982,23105600
2025-02-11,184.3570556640625,185.96863303397024,183.32245116573748,184.06855404876913,21239500
2025-02-12,182.65594482421875,184.14815067534644,180.88519509524076,182.26797191010567,22072600
2025-02-13,185.17279052734375,185.3120624610406,182.18837893712364,183.36225538928474,21402500
2025-02-14,184.2675323486328,185.43145115453234,183.36227228593566,184.0984174978102,20448400
2025-02-18,182.8151397705078,184.9937630121433,180.79568881581937,184.6356329562648,29916700
2025-02-19,184.3073272705078,184.4963424448096,182.63604878465782,183.11356559747395,19549400
2025-02-20,183.6009979248047,184.34710081960932,181.77056246596453,183.839756315763,20441500
2025-02-21,178.72647094726562,184.37694976979722,178.14948286814752,184.18793460152546,35199200
2025-02-24,178.31861877441406,182.16850543528213,177.9604887236702,181.04438722615922,29854200
2025-02-25,174.50851440429688,177.81127094293745,173.7823117406095,177.11489600513676,41913400
2025-02-26,171.83248901367188,175.16508845335508,170.68847049649932,174.1603418876601,35431300
2025-02-27,167.6244659423828,173.65297546387492,167.06737815788244,173.08594510447406,39991000
2025-02-28,169.39520263671875,169.7234897370402,165.90344649975822,167.80351036476668,48130600
2025-03-03,166.1422119140625,172.46916601222185,165.0678217638651,171.03664581195866,40770500
2025-03-04,170.03187561035156,172.3895559244155,164.9384846542463,165.3762007856933,45388000
2025-03-05,172.12098693847656,172.87703249017144,168.18155654289944,169.6339770163835,30954900
2025-03-06,171.4544677734375,173.9016770030345,169.61407438427003,169.64391728856972,28302000
2025-03-07,172.95660400390625,174.06083692312112,169.38526170085638,170.37010783184354,27385800
2025-03-10,165.19815063476562,167.77767157580016,163.0269878624875,167.57846950382446,43604000
2025-03-11,163.3755645751953,166.0745946593306,160.71638098509786,164.24205105519363,39587400
2025-03-12,166.4331512451172,166.96100335852913,162.86764957538162,165.90529913170525,28372400
2025-03-13,162.1007537841797,165.45711431897539,161.4533926135524,165.36746730396223,31756200
2025-03-14,164.81971740722656,165.81566708355933,161.79202188086273,162.60870791000892,31995900
2025-03-17,163.62457275390625,165.62644141646544,163.0070887907617,164.36158101735924,31184300
2025-03-18,160.01922607421875,163.5847275921019,156.08522805432327,163.01702900544848,42074800
2025-03-19,163.22618103027344,165.19815700358515,160.3478872642785,161.10480349722013,34275600
2025-03-20,162.14059448242188,164.22212545502225,160.3080509045436,160.91558075554488,28138500
2025-03-21,163.3258056640625,163.5747931026154,160.23835534721192,160.55706656311347,36625800
2025-03-24,167.00083923339844,167.63826163368083,164.47113366947016,166.3933245024789,30879100
2025-03-25,169.86917114257812,169.93889491315255,167.63825363596857,168.29556886017417,24174400
2025-03-26,164.39144897460938,168.92302298152063,164.17233883294872,168.31549307909538,28901600
2025-03-27,161.58287048339844,164.74998295425303,161.3438371056606,163.96318944763343,24508300
2025-03-28,153.70489501953125,161.16456257842086,153.00773337780885,159.8399478606563,48669300
2025-03-31,154.01365661621094,154.91000524190235,150.04978117819655,152.489854834344,54603500
2025-04-01,156.43382263183594,157.45964958057314,152.99778409802235,152.99778409802235,30672900
2025-04-02,156.40391540527344,157.7683766642482,154.07339703462338,154.52157130636616,25041700
2025-04-03,150.10951232910156,152.16116590138915,149.78084716504816,150.49793203262217,46883400
2025-04-04,145.01028442382812,150.4581305746649,144.7911742710094,147.41051168463707,62259500
2025-04-07,146.15562438964844,152.23092388429916,139.96081578919706,140.97668877946376,76794100
2025-04-08,144.11390686035156,151.62337549950988,142.45067281990836,150.60750263275938,52200200
2025-04-09,158.0671844482422,158.90377855359424,143.3271257672898,143.83505464618503,70406200
2025-04-10,152.20101928710938,157.081166059798,149.32271046519142,155.9059376747643,48022000
2025-04-11,156.50352478027344,157.03137687020202,152.2010302665367,152.28069286385934,33636200
2025-04-14,158.4257049560547,161.06496523045752,156.92181138344625,159.3519307590391,30333000
2025-04-15,155.6768798828125,159.0033479067655,154.5813444386225,158.4854650554691,27551500
2025-04-16,152.70896911621094,155.2585979132132,150.8963333701315,152.47990494067977,28187400
2025-04-17,150.54774475097656,154.0534763910807,147.8985151753075,153.66505665607545,33046600
2025-04-21,147.07186889648438,148.34668311054725,145.50823599827558,148.27697454416065,26049100
2025-04-22,150.85650634765625,151.57359136677536,147.93836574543795,148.28695422864388,26971800
2025-04-23,154.7207794189453,156.89194229421238,153.1870084950911,154.97972084901838,31128800
2025-04-24,158.63485717773438,158.94359913409957,155.15898746904153,155.51752994672043,45894000
2025-04-25,161.3040008544922,165.4272315126956,160.3877138664607,164.40140465983956,56034000
2025-04-28,159.95945739746094,162.48916256089402,157.95760427833062,161.77207767108948,29745800
2025-04-29,159.5113067626953,160.0889594093041,156.88200017636458,159.6706623611363,26809000
2025-04-30,158.15679931640625,158.62489684356424,154.7705615625615,157.34011335090173,34981100
2025-05-01,160.64666748046875,161.29402861733962,158.2663486338276,159.80010427349828,30203200
2025-05-02,163.36563110351562,164.3018262703875,161.21437606436152,162.7481471411051,25715000
2025-05-05,163.54489135742188,164.72010459701127,162.06092097475153,162.3397856484502,21341800
2025-05-06,162.56886291503906,164.13251121588542,160.5371322432176,161.51315867988768,21277200
2025-05-07,150.76686096191406,164.33169015930102,147.24119073545722,163.41541831659652,127490100
2025-05-08,153.65509033203125,155.2984009569833,152.2806751349548,154.37217520033343,57498700
2025-05-09,152.13131713867188,154.4220044950508,151.58354176260508,153.5455638933439,32435300
2025-05-12,157.8181915283203,158.45559870977985,155.61713606908535,156.85211913184455,44138800
2025-05-13,158.8838653564453,159.91966162602043,155.52751949956448,158.14685705682408,42382100
2025-05-14,164.7001953125,166.32359816964652,158.9635305710967,159.3121190412647,48755900
2025-05-15,163.29591369628906,165.53680044166376,161.71234217984835,165.1682887318073,33146700
2025-05-16,165.51687622070312,168.66408078965867,164.94917762065725,167.0506320085185,42846900
2025-05-19,165.86544799804688,165.96504904182535,163.55485271284547,163.84367142462605,30426100
2025-05-20,163.31581115722656,167.8175076045031,162.24018376555952,165.75588463789506,46607700
2025-05-21,167.87725830078125,172.4387091879809,162.89751041479707,163.02698872286769,73416000
2025-05-22,170.1779022216797,176.05401394301808,170.0185618363875,171.15394376538748,74864400
2025-05-23,167.7876434326172,169.27161392343552,167.20999079586213,168.37525009523515,35211400
2025-05-27,172.19969177246094,172.46860243837372,169.3114438097941,169.47079940418584,37995700
2025-05-28,171.66188049316406,174.56009759174123,171.21370619473115,172.45864324425892,34784000
2025-05-29,171.16390991210938,173.71353862116436,169.93889608019336,173.29524158580244,29317300
2025-05-30,171.0443878173828,171.5124853397844,166.76180154699824,170.6559680857075,52639900
2025-06-02,168.34536743164062,169.18196148692468,166.7120106202351,167.16018492149544,38612300
2025-06-03,165.50689697265625,167.79758408844376,164.61054841286258,166.8116037120677,45084900
2025-06-04,167.3693389892578,167.5386486033552,165.68618167672102,166.0646474005772,26900800
2025-06-05,167.52870178222656,170.23767092126516,166.9112026488037,169.65006425936653,36379100
2025-06-06,172.97653198242188,173.79321800916722,170.1380845314093,170.1380845314093,35731800
2025-06-09,175.58908081054688,175.96800471005412,173.87397240224888,174.04348698482235,28935900
2025-06-10,178.0919647216797,180.59481935710423,174.41245877453574,175.69878257607027,61766100
2025-06-11,176.8455047607422,179.8569029175766,176.24720547354727,179.2586188457646,31646800
2025-06-12,175.2001953125,176.2172980493167,174.25290075490625,175.6788256293735,20941900
2025-06-13,174.1731414794922,176.6261505932867,171.89962825957767,171.94948907539901,27663100
2025-06-16,176.2671661376953,176.43668073159893,174.15318632141427,174.23296058008373,27389200
2025-06-17,175.44949340820312,176.8554862045177,174.08339534937244,175.2002045527736,24973000
2025-06-18,172.82696533203125,176.057738792968,172.70729634857923,175.50930033034524,28707500
2025-06-20,166.1659698486328,173.8440631360939,164.98933381824614,173.45517315134433,75659900
2025-06-23,164.7200927734375,166.86397066469698,161.53916480969883,165.79702236468145,57671000
2025-06-24,166.2956085205078,167.74148079179992,165.65742968002243,166.4451757427373,40524300
2025-06-25,170.1944580078125,171.86968681108624,167.0733722889804,167.15314653822034,35479000
2025-06-26,173.0463409423828,173.19592338119924,169.4565906415466,171.9394978428303,31796700
2025-06-27,178.02215576171875,178.17172298843596,171.24149586849427,173.04634474267505,108140200
2025-06-30,175.72869873046875,180.71447592478233,174.08339834249907,180.265759020371,63378900
2025-07-01,175.3397979736328,175.58908681807281,173.0363714854685,175.24009156508697,35904500
2025-07-02,178.1318359375,178.35121133766924,174.57199915363273,175.04064818266679,29128900
2025-07-03,179.01930236816406,179.15890351135596,176.54636131074304,177.9922335542414,21689700
2025-07-07,176.28709411621094,178.78996387462078,175.18025102838192,178.5506411042797,34175600
2025-07-08,173.864013671875,177.44379785510552,172.3184197808512,177.3440914457585,40442500
2025-07-09,176.11756896972656,178.92955429499338,172.27853009035698,174.75147104078385,43025600
2025-07-10,177.11471557617188,177.92240891673904,173.8839422139032,175.1303863111691,29252400
2025-07-11,179.67742919921875,180.91389212460822,175.97797606848104,176.2870917998284,34282900
2025-07-14,181.04351806640625,183.14751640721383,179.16886118965368,180.49507959550706,32536600
2025-07-15,181.48226928710938,183.69595532751242,181.08341324296114,182.28996266650833,33448300
2025-07-16,182.4495086669922,183.80564050002502,181.51218023918355,182.71874486155866,33104200
2025-07-17,183.0577850341797,183.53641535247564,179.96659729454643,181.62187886390834,31992600
2025-07-18,184.53355407714844,185.88968586946515,183.1874035754976,184.8725832213821,34014500
2025-07-21,189.55923461914062,189.74868135121883,185.62045888710102,185.720180506412,45803100
2025-07-22,190.79571533203125,191.1048310792618,186.92676263021804,190.95526385169356,44660200
2025-07-23,189.68885803222656,191.9823183810532,188.64184187130752,190.95524958744798,58681900
2025-07-24,191.62335205078125,197.3869090653604,190.45668205461735,196.46952792005337,74881700
2025-07-25,192.63046264648438,193.77720042486192,190.71592620592727,191.43387927305906,39785900
2025-07-28,192.0321807861328,193.49800038051387,190.29712498462092,193.0991291078416,38139500
2025-07-29,195.19314575195312,195.36266032343974,191.53358770597436,191.88258292419434,41389200
2025-07-30,195.970947265625,197.0379108346005,194.13618500265545,195.04360005779435,32445400
2025-07-31,191.35411071777344,195.43248777249184,190.54641729704366,195.15328548422434,51329200
2025-08-01,188.5919952392578,190.2871562824159,187.28572417197353,188.49227361862017,34832200
2025-08-04,194.48516845703125,194.71452513752175,189.579166069655,189.7486806495505,31547400
2025-08-05,194.11622619628906,197.2971541323202,193.33844625639603,194.1561209300893,31602300
2025-08-06,195.5321807861328,196.07065317332066,193.11906676548202,193.94670749735778,21562900
2025-08-07,195.96096801757812,196.9780554903085,193.77719542929833,196.49942519635405,26321800
2025-08-08,200.84703063964844,202.03364795164893,196.60912036272285,196.65898117376335,39161800
2025-08-11,200.42822265625,200.90685295750995,198.50372015999918,200.36839577051538,25832400
2025-08-12,202.76156616210938,203.9182700251912,200.01938893683175,200.7971688962253,30397900
2025-08-13,201.38551330566406,203.94819479745718,196.94815955869606,203.54933871959636,28342900
2025-08-14,202.36270141601562,203.85843438375156,200.65755913802832,200.92679533252792,25230400
2025-08-15,203.31996154785156,205.85274455493158,200.70741950553764,203.270115954676,34931400
2025-08-18,202.92112731933594,204.68609666738416,201.9140058259036,203.61913306802094,18526600
2025-08-19,200.9966278076172,202.86130359723919,199.39120695287482,202.45246621827235,24240200
2025-08-20,198.7530059814453,200.70742189093835,196.04074228977996,200.15898342104597,28955500
2025-08-21,199.18177795410156,201.9040077554449,198.86268094385764,199.18177795410156,19774600
2025-08-22,205.50372314453125,207.94675047969133,200.72735616103287,202.1532808743346,42827000
2025-08-25,207.8969268798828,209.92115104730735,204.69605147341804,205.84277405344866,29928900
2025-08-26,206.55075073242188,207.258737698756,205.11484464858782,206.91969332896332,28464100
2025-08-27,206.8897705078125,208.31571045142093,205.06497454361283,205.1148353500322,23022900
2025-08-28,211.0379638671875,211.6163158130296,206.31144189175058,206.66045236066026,32339300
2025-08-29,212.30433654785156,214.03937701544265,209.6020390158818,209.91115472146953,39728400
2025-09-02,210.74879455566406,211.0778424398192,205.61343524607918,207.84706876322787,47523000
2025-09-03,230.0038604736328,230.65200537566233,224.15054812619755,225.5665221360729,103336100
2025-09-04,231.63919067382812,231.70898363627637,225.46679662750995,228.996719869086,51684200
2025-09-05,234.33151245117188,235.08934505645462,231.24032471140728,231.53947436612376,46588900
2025-09-08,233.5829620361328,237.66498669397225,233.21368944217105,235.01017746372742,32474700
2025-09-09,239.1620635986328,240.00041962038168,232.77455216251747,233.71271899928072,38061000
2025-09-10,238.70294189453125,241.1880848518513,237.38552753776509,238.4334648921733,35141100
2025-09-11,239.90060424804688,241.77693788592924,235.78865459463688,239.41157085914617,30599300
2025-09-12,240.32977294921875,241.60727216892423,237.53523769524105,239.90060472674395,26771600
2025-09-15,251.11865234375,251.91709313601174,244.18222746714693,244.18222746714693,58383800
2025-09-16,250.66952514648438,252.54584342751238,248.98282303107263,251.58772669443232,34109700
2025-09-17,249.04270935058594,251.10867430438276,245.7990560449756,250.7294115061419,34108000
2025-09-18,251.53782653808594,253.4940056881638,249.312185617516,251.18850393768201,31239500
2025-09-19,254.2225799560547,255.50007913340238,251.3182589953225,252.75544937708653,55571400
2025-09-22,252.036865234375,255.28051872493555,249.81122418035432,253.93314887572123,32290500
2025-09-23,251.16856384277344,253.8632882566711,249.9908602190898,252.54585863312587,26628000
2025-09-24,246.65736389160156,251.8571960720408,245.9587339554844,251.1685411246573,28201000
2025-09-25,245.3100128173828,246.0086580355356,240.26988667693965,243.92272782855147,31020400
2025-09-26,246.0585479736328,248.93292875938775,245.4896689933639,246.58752699597628,18503200
2025-09-29,243.57342529296875,250.6595513653868,242.2959260790964,247.36600774683615,32505800
2025-09-30,242.62527465820312,242.81489082935371,238.7827869377237,242.33583244883135,34724300
2025-10-01,244.4217529296875,245.81902814560354,238.1440427490887,240.2798631456683,31658200
2025-10-02,245.210205078125,246.32801300536266,241.82682587144092,244.6712510924991,25483300
2025-10-03,244.87088012695312,245.8190218960462,241.18808361984188,244.01255894852343,30249600
2025-10-06,249.9409637451172,250.82924041118625,244.1023965111835,244.30200291397747,28894700
2025-10-07,245.28005981445312,249.95092835197497,245.04053824724073,247.78516788414848,23181300
2025-10-08,244.14230346679688,245.52958847857047,243.3438778825467,244.4816510919942,21307100
2025-10-09,241.05833435058594,244.28202248032238,238.68297718710045,243.99259549865826,27892100
2025-10-10,236.10804748535156,243.6133519117745,235.37946202105573,240.95854254659665,33180300
2025-10-13,243.67320251464844,244.02252510434914,239.24188601676218,239.74090958548274,24995000
2025-10-14,244.97067260742188,246.63740953871613,240.0403171957297,240.75891236992726,22111600
2025-10-15,250.53977966308594,251.61767243328853,245.5096286311317,246.76716258187247,27007700
2025-10-16,250.9689483642578,256.4581925767255,249.61160360230107,251.27834055068328,27997200
2025-10-17,252.80535888671875,253.72356048353365,247.32607427452788,250.27031046967195,29671600
2025-10-20,256.0489807128906,256.8274562611235,253.73351927504157,254.19262765863593,22350200
2025-10-21,249.9709014892578,254.38226816359625,243.6732110393333,254.24254216862593,47312100
2025-10-22,251.19851684570312,255.8593804848901,248.8031942886971,253.873276187685,35029400
2025-10-23,252.58578491210938,254.54194887812838,251.35819113136333,252.48597410141812,19901400
2025-10-24,259.4124450683594,261.16898745224296,254.82142179583195,256.07894057309267,28655100
2025-10-27,268.7441711425781,269.61249783187736,263.76392512831256,264.30287916974333,35235200
2025-10-28,266.94769287109375,270.20133657580493,265.9795858431389,269.1633589320839,29738600
2025-10-29,274.0338134765625,274.80229881772505,267.14729422835535,267.22712459889897,43580300
2025-10-30,280.93035888671875,291.02060225143094,279.51311834988803,291.02060225143094,74876000
2025-10-31,280.6408996582031,285.44150434001006,276.48901957648127,282.6569440736325,39267900
2025-11-03,283.16595458984375,284.97241759660864,279.25359613963377,281.62895336390585,29786000
2025-11-04,276.9980163574219,280.7207127582489,275.72051721535576,276.20955057551157,30078400
2025-11-05,283.7547912597656,285.86068664735006,276.79840119805726,278.32541216487215,31010300
2025-11-06,284.1939392089844,287.78691520805194,280.59100344938025,284.77279318145315,37173600
2025-11-07,278.2854919433594,283.225837847663,274.65261591386644,282.6569436244069,34479600
2025-11-10,289.5334777832031,290.2320924976737,282.30759586857965,283.8645774088431,29557300
2025-11-11,290.7411193847656,291.34994399814246,286.75892091303916,287.18807388729897,19842100
2025-11-12,286.1501159667969,291.43978461940384,283.13602426355726,291.1104119733703,24829900
2025-11-13,278.0260314941406,282.2876823136169,276.69861158680555,281.7886586854728,29494000
2025-11-14,275.8702392578125,278.0160347166159,270.17139808707816,270.88000309409097,31647200
2025-11-17,284.4634094238281,293.3759943011471,283.01625922074476,285.2219350622342,52670200
2025-11-18,283.724853515625,288.236015842567,277.65674001133203,287.3577599014325,49158700
2025-11-19,292.23822021484375,303.21674024205015,286.0702953640207,286.59925920155763,68198900
2025-11-20,288.884765625,305.8216273232207,288.1062900504894,303.94529376978943,62025200
2025-11-21,299.0748596191406,303.3265508927851,293.2762072031069,295.8411960915725,74137700
2025-11-24,317.9578552246094,318.85612204740676,308.9954110970811,310.52242205466104,85165100
2025-11-25,322.8083801269531,328.187838552192,317.0296784660599,325.5729598317621,88632100
2025-11-26,319.3252258300781,323.86632857763385,316.1713929045335,320.053780820363,51373400
2025-11-28,319.5547790527344,326.2117679837596,316.1714145243143,322.73855239479167,26018600
2025-12-01,314.2751159667969,319.2254218425781,313.27706870792247,317.0796263275952,41183000
2025-12-02,315.1932678222656,317.75825630619534,313.29698432996054,316.1214443613123,35854700
2025-12-03,319.00579833984375,320.95197190330543,313.48659911430565,315.2731119453438,41838300
2025-12-04,316.999755859375,321.73048997615604,314.0854750084747,321.6007694211511,31240900
2025-12-05,320.642578125,322.528901747787,318.5467035992101,318.8660555204289,28851700
2025-12-08,313.31219482421875,320.0234606774875,310.81544458829893,319.63395301128804,33909400
2025-12-09,316.66778564453125,317.57660631064704,311.4945269093235,311.96391713296777,30194000
2025-12-10,319.7937316894531,320.8923078304596,314.27092168020465,315.4194206321133,33428900
2025-12-11,312.0238342285156,320.7025396818571,308.19882663213485,319.6638831462354,42353700
2025-12-12,308.887939453125,314.46067218572114,305.1627773855729,313.29221022339095,35940200
2025-12-15,307.8193054199219,311.01515750934647,304.4836511834585,310.9152814169449,29151900
2025-12-16,306.1714782714844,310.3660001485481,302.1966411442108,304.55358908476643,30585000
2025-12-17,296.3342590332031,307.6894729197007,295.7350329501308,307.60959033164653,43930400
2025-12-18,302.0668029785156,303.56485302569047,298.8410213827925,301.32777470817274,33518000
2025-12-19,306.7607116699219,306.85059101726483,300.5787559089981,301.33777770154796,59943200
2025-12-22,309.3772888183594,309.7268399185022,304.90310178792384,309.47716491524386,26429900
2025-12-23,313.94134521484375,314.5305745464577,308.91788552805923,309.2274800840275,25478700
2025-12-24,313.68170166015625,314.67040497756983,311.51453957359615,314.3608103937755,10097400
2025-12-26,313.1024475097656,314.6803801033015,311.87403553475036,314.0711877312235,10899000
2025-12-29,313.1523742675781,313.61176774066803,310.2161937852231,310.96521879647884,19621800
2025-12-30,313.4420166015625,316.5379928503015,312.0538089034933,312.09376543928346,17380900
2025-12-31,312.5931091308594,314.17104176667254,311.03513952358344,312.4433102220648,16377700
2026-01-02,314.7403259277344,322.0807776535599,309.92658419973367,316.4880510777925,32009400
2026-01-05,316.1285400390625,318.60529679570504,314.2210191795431,317.24707928114736,30195600
2026-01-06,313.9313659667969,320.5227923064431,311.3746963103618,315.9886856047422,31212100
2026-01-07,321.5614318847656,325.725993751253,313.7815504740342,313.95131240372154,35104400
2026-01-08,325.0169372558594,329.8905982345552,321.08205673508803,328.54234711069296,31896100
2026-01-09,328.14288330078125,330.3999246926398,325.37646465172014,326.6647962522232,26214200
2026-01-12,331.4285583496094,333.6057474535575,324.57749116547984,325.37643895257156,33923900
2026-01-13,335.53326416015625,340.04737751020235,333.18631289711504,334.5146010595183,33517600
2026-01-14,335.4034118652344,336.08252056576845,330.05039437456895,334.62442706687915,28525600
2026-01-15,332.3473815917969,337.2510022020921,330.3100250775331,337.21104566866205,28442400
2026-01-16,329.5710144042969,334.2149635116852,327.27401649506595,333.97528525413946,40341600
2026-01-20,321.5814208984375,327.30398324237245,320.01345448184367,320.4528849486331,35361000
2026-01-21,327.953125,332.0478012719212,318.9348648307384,320.50283121296127,35386600
2026-01-22,330.1103210449219,334.71431361791133,328.32263943252485,334.0152418739244,26253600
2026-01-23,327.5036926269531,333.2562145369407,327.0243361197249,332.05776231305794,27280000
2026-01-26,332.8267822265625,335.4034148973675,326.5749102768944,327.3838548641184,26042100
2026-01-27,334.1150817871094,337.4707297257924,333.04649592160257,334.93402312381306,21636200
2026-01-28,335.5732116699219,337.1012215187292,331.5084951745387,335.62313448097893,27434400
2026-01-29,337.8102722167969,341.84502871736817,326.115503846963,339.85759500876696,39785600
2026-01-30,337.56060791015625,339.5580079569619,331.8580393103398,339.5580079569619,31024000
2026-02-02,343.24322509765625,344.3817273143538,335.1937050748485,335.78293445124825,32006100
2026-02-03,339.26837158203125,348.5463032010534,337.0312933144156,346.8884575284791,36506700
2026-02-04,332.6070556640625,342.86369366519597,328.09291217000737,342.514142570529,70618400
2026-02-05,330.8193664550781,332.25749685616427,306.06158556074746,311.814107165092,88205800
2026-02-06,322.4402770996094,329.95052083207565,319.50412705068965,326.75466854448496,56380500
2026-02-09,323.8984069824219,327.2740180221729,316.84758707958963,320.5127991892576,39640100
2026-02-10,318.16583251953125,321.25184233940706,314.2009923012897,320.5527401483992,39170000
2026-02-11,310.5557556152344,320.64263210541753,309.25745775560665,318.55535268111106,45406400
2026-02-12,308.5982971191406,315.8288752987113,306.80064932708433,311.68427643298344,47761300
2026-02-13,305.32257080078125,308.2287915112591,303.31517401115394,307.32996759040856,38499700
2026-02-17,301.6273498535156,304.0442171582303,295.86486207725466,299.6499434457439,39247600
2026-02-18,302.9356689453125,304.983022308801,300.8583862777236,301.6972906518214,28482100
2026-02-19,302.456298828125,305.0728879320441,299.64995428739604,301.42763905495286,25834400
2026-02-20,314.5705261230469,316.08853909864735,303.504913437054,303.9243808328656,53210800
2026-02-23,311.0850524902344,319.1046122516075,309.4671633706354,318.6352220336332,31423000
2026-02-24,310.495849609375,311.8640638461802,305.53230897934316,310.11633870149166,25615600
2026-02-25,312.49322509765625,313.2322838254539,309.03773161827513,311.6543207518016,29963600
2026-02-26,306.9804382324219,312.73296049797625,301.95697800388234,312.23361045347764,36431200
2026-02-27,311.354736328125,311.9639287272481,303.4050620118916,303.7446468483449,44640600
2026-03-02,306.12152099609375,308.0889612664211,300.908305641281,302.83581985466094,34790200
2026-03-03,303.1853332519531,303.5448811012492,296.3242691134317,298.2018299939976,35497000
2026-03-04,302.7359619140625,305.07291645770977,300.3590508331652,302.49628364637806,29536200
2026-03-05,300.4888610839844,302.9056980180265,297.6026034525966,302.6460567428228,35752300
2026-03-06,298.1319274902344,300.1393243405422,294.7962729857715,295.7050936872067,25576900
2026-03-09,306.1770935058594,306.6168332730834,293.9044256827884,294.1842573074437,29312100
2026-03-10,306.8567199707031,309.3252467158022,305.3875962722132,305.98724420005084,23239700
2026-03-11,308.5157470703125,311.23412470378855,305.7374076911934,306.56689883882945,24125700
2026-03-12,303.3687744140625,308.7555713296518,300.8502897843219,306.636841807898,24928300
2026-03-13,302.09954833984375,307.50632242162294,300.26065041451466,306.8267356773544,23693100
2026-03-16,305.3775939941406,306.3070315122431,302.8391017033621,304.16832484157635,23519700
2026-03-17,310.7344055175781,311.2341070358109,305.3176276402165,305.67739809365116,21955200
2026-03-18,307.5063171386719,312.28346234614037,306.74676108497374,309.0853604878573,20009800
2026-03-19,306.9466552734375,307.8760927647981,302.16951004441273,303.8285227221892,25075800
2026-03-20,300.8203125,305.8173276578073,298.0919312440676,305.2776414809433,44364100
2026-03-23,301.87969970703125,305.7973733016039,300.75036931754545,301.92965766257777,29326900
2026-03-24,290.2666320800781,299.7409842283802,290.15668188195673,299.02141279307426,36864300
2026-03-25,290.7563171386719,295.82329783701033,289.0673235725591,293.2648285118823,29460700
2026-03-26,280.7523193359375,287.7781215852462,278.33375052565475,287.7381369232671,39080600
2026-03-27,274.1762390136719,279.203235317384,273.7864876697142,277.1144865271076,35890600
2026-03-30,273.33673095703125,276.9245842043685,271.9475460941929,276.2550012483934,35141200
2026-03-31,287.3883361816406,287.9080147834651,276.9245851168754,277.87403020607053,43875400
2026-04-01,297.2124938964844,300.34059988895723,290.23664948178913,290.6663854824321,37684500
2026-04-02,295.59344482421875,297.90206355243157,289.2772403921399,290.5164904801884,21666500
2026-04-06,299.8109130859375,300.4405418912755,295.0037868253031,295.69337737406744,16945500
2026-04-07,305.27764892578125,305.4475608650088,297.5422790326475,302.54929810267237,23205400
2026-04-08,317.1305847167969,321.88772251879675,314.8319393907938,320.25872115869026,33547100
2026-04-09,318.29986572265625,319.3492572184689,310.8743084256086,315.72141928886384,23739200
2026-04-10,317.0506286621094,321.6378852163977,316.1311948927162,319.8289680511782,19152600
2026-04-13,321.1181945800781,321.43801087893695,315.28168437302884,316.9507009019676,18866400
2026-04-14,332.7112731933594,333.09105123243734,323.5567375910905,324.59612530340485,27721400
2026-04-15,336.91876220703125,337.278563176308,330.70247381548376,332.69130668872015,24918800
2026-04-16,335.81939697265625,339.67710854893676,334.3202924195682,338.5477782390461,20541500
2026-04-17,341.4760437011719,342.1156763245155,336.0392884001999,337.4484504303517,25581900
2026-04-20,337.2185974121094,341.1962021124509,336.40905286572576,340.55660000710446,18784200
2026-04-21,332.0916442871094,339.13742351057505,331.1522029907326,337.48841459650436,23123800
2026-04-22,339.1174621582031,339.6171637007564,334.96994545488326,336.818816762841,20293000
2026-04-23,338.6877136230469,341.7558578013153,335.97930940305434,340.9763246437424,18650300
2026-04-24,344.19439697265625,345.06387272769797,335.1897964239415,338.5277988797623,26426100
2026-04-27,350.130859375,352.9691603649003,342.5254168368208,345.77347673538645,28576900
2026-04-28,349.5711975097656,352.20963620070955,345.91337868788094,348.34192077884484,27824100
2026-04-29,349.7311096191406,355.5776236260777,344.0045190996302,347.36252924438134,35376300
2026-04-30,384.5702819824219,385.6096696957082,365.60163158627074,373.8467067603946,72040000
2026-05-01,385.45977783203125,386.52914645154755,378.82372671588394,381.4022037517389,30105200
2026-05-04,383.0212097167969,387.14874909409923,379.56328378663693,385.39979379858875,26298600
2026-05-05,388.1981201171875,392.58551415458055,383.79074899852696,385.99945170269467,23878600
2026-05-06,397.8023986816406,399.61131576273664,392.52555179602564,394.0146525811788,31308500
2026-05-07,397.7524108886719,399.8611671879692,392.4455831227277,399.6812819584635,24433500
2026-05-08,400.56072998046875,401.76002583943523,396.1233780013978,396.7630105926761,21461800
2026-05-11,388.40802001953125,397.2027547509894,388.23810807955056,393.41500861238904,30753700
2026-05-12,387.1187744140625,388.28805889354703,382.541491402114,387.10877062384725,26017500
2026-05-13,402.3796691894531,403.4590416115898,384.77019153718186,385.3698394939953,28144600
2026-05-14,400.8305969238281,402.6894719958145,395.6037078837972,397.04285074569174,21136700
2026-05-15,396.54315185546875,399.30151410906007,392.9452946767326,396.0834349796574,20309700
2026-05-18,396.70306396484375,408.36608091552193,394.29449886421145,395.4538101055549,26837200
2026-05-19,387.4285888671875,396.91291402359946,385.8794958446922,396.72302500471704,39545700
2026-05-20,388.6778564453125,393.62488340369265,382.6714341601505,387.4685872554011,31744400
2026-05-21,387.4285888671875,392.2656959548347,382.7913440893277,385.46976743485186,24852800
2026-05-22,382.74139404296875,388.5079387636157,381.54209816202837,387.1187843592316,20442100
2026-05-26,388.6478576660156,389.0276356997364,382.3716078175452,384.2804712769477,27747400
2026-05-27,388.5978698730469,393.64487351491664,385.66962629134815,386.4391861502527,23087300
2026-05-28,389.8971252441406,391.6360768291116,384.9300907577927,387.76839182151133,24357500
2026-05-29,380.1129455566406,385.0100143138995,378.2340629764561,385.0100143138995,44415800
2026-06-01,376.14532470703125,378.3340198477676,373.2970198869562,376.2952290661171,28672100
2026-06-02,361.6340026855469,373.31702687507857,358.2260345973877,366.371163421305,50412300
2026-06-03,358.77569580078125,366.2312646097652,357.8662353535933,361.81388965190393,55441600
2026-06-04,371.96783447265625,373.0271992966173,357.99616844622375,358.68575901079333,44055500
2026-06-05,368.30999755859375,371.8578661166277,363.90262653478294,366.1213024821565,37471200
2026-06-08,363.30999755859375,366.20001220703125,360.5299987792969,365.17999267578125,27942500
2026-06-09,364.260009765625,372.0799865722656,357.29998779296875,367.0899963378906,29535100
2026-06-10,356.3800048828125,368.55999755859375,355.20001220703125,363.19000244140625,32357100
2026-06-11,357.7699890136719,358.79998779296875,346.3599853515625,355.92999267578125,35538200
2026-06-12,359.67999267578125,366.57000732421875,354.94000244140625,362.6199951171875,24704600
2026-06-15,369.3500061035156,372.989990234375,366.54998779296875,367.92999267578125,27727500
2026-06-16,373.25,376.0,367.05999755859375,369.6000061035156,24876100
2026-06-17,363.7900085449219,372.3299865722656,362.0199890136719,369.1300048828125,24543600
2026-06-18,368.0299987792969,369.4800109863281,358.6700134277344,365.75,44470100
2026-06-22,349.67999267578125,358.9200134277344,341.7200012207031,357.95001220703125,52814800
2026-06-23,346.1300048828125,349.2900085449219,340.20001220703125,340.69000244140625,34007700
2026-06-24,345.2900085449219,353.4800109863281,341.92999267578125,349.0400085449219,44997300
2026-06-25,343.7099914550781,345.57000732421875,335.8399963378906,336.7300109863281,44491400
2026-06-26,337.3900146484375,346.3599853515625,330.20001220703125,342.54998779296875,114706300
2026-06-29,353.6499938964844,354.3500061035156,340.6700134277344,341.8299865722656,34213900
2026-06-30,357.3699951171875,358.6199951171875,350.3999938964844,353.8699951171875,35237200
