Price,Close,High,Low,Open,Volume
Ticker,META,META,META,META,META
Date,,,,,
2022-01-03,335.59295654296875,338.11082360220985,334.2547024867432,335.35502521507095,14537900
2022-01-04,333.60052490234375,340.10341806741985,328.98108629845854,336.9907673140269,15998000
2022-01-05,321.34808349609375,332.8371878445383,321.0209392355223,330.1210192265055,20564500
2022-01-06,329.56591796875,336.2175290132258,319.9107146206738,320.00985016827264,27962800
2022-01-07,328.9017639160156,334.0664021975525,326.0170919463344,329.8434759787728,14722000
2022-01-10,325.2141418457031,325.4817805917903,312.6841591437298,322.4781581002386,24942400
2022-01-11,331.459228515625,331.7169748373019,322.448362656351,323.93530481633513,16226800
2022-01-12,330.35894775390625,333.44186036917864,327.15705433912973,332.2622170190989,14104900
2022-01-13,323.6379699707031,332.7083122589069,322.92423643234406,332.06397662403594,14797100
2022-01-14,329.0107116699219,329.8335032289747,318.41376868806327,318.9887365670013,16868500
2022-01-18,315.3804626464844,321.38770724912837,314.8749228247817,320.4757328930127,22645600
2022-01-19,316.8078918457031,324.25252524740955,316.5501455249458,316.7979692173923,20814700
2022-01-20,313.8042907714844,324.966280302167,313.22935307761765,321.080391235349,16925000
2022-01-21,300.5308837890625,315.5390726265912,300.4020106136228,312.06954052686575,28710700
2022-01-24,306.02264404296875,306.8355131318804,286.4941524130444,295.24727318173785,38878100
2022-01-25,297.5371398925781,303.56422945511866,294.98950489574133,297.3388990759173,25108500
2022-01-26,292.065185546875,304.8330671393812,288.3180924927191,304.3374197499325,28348800
2022-01-27,292.07513427734375,299.08356599902004,291.69843738739166,295.15804679430795,21629900
2022-01-28,299.08355712890625,299.27190556829635,290.4791251947652,293.0465751951822,21871600
2022-01-31,310.5330810546875,311.0584661940592,296.7144263490374,298.06257302669957,21579500
2022-02-01,316.22308349609375,316.87734178183337,309.40296951956975,311.8217315752421,18023800
2022-02-02,320.188232421875,325.1447066079721,314.1115902294131,324.96628079773285,58458300
2022-02-03,235.69024658203125,245.84111079571545,233.697749476169,242.5202671599868,188119900
2022-02-04,235.02610778808594,240.49805995464288,228.1068735160375,232.92456740840566,89342200
2022-02-07,222.95211791992188,236.2255547358029,222.0599435210588,235.63077180322753,88613800
2022-02-08,218.2632598876953,223.80460875901596,214.2683434549021,218.9274406478481,94729700
2022-02-09,229.98043823242188,231.33850753167644,220.27566691243354,222.24833426665683,86563300
2022-02-10,226.0846405029297,232.9543070635339,224.72655617184256,226.28289646247256,49310400
2022-02-11,217.63877868652344,228.4141484371467,216.86556994435307,226.47121907896008,46156900
2022-02-14,215.8048858642578,219.0761618951234,212.9103067167767,217.4008711781249,38184000
2022-02-15,219.07615661621094,219.22484478977512,213.18786292773044,218.55077156833923,42685500
2022-02-16,214.6549835205078,215.56698810761435,210.51137824316746,210.56094601163443,45817500
2022-02-17,205.90185546875,215.60662518366414,205.3566402879214,212.15692341599396,38747500
2022-02-18,204.36537170410156,208.9154119206845,203.3938917567918,207.56725017584947,37128400
2022-02-22,200.32089233398438,205.6738792012657,198.31847222951438,200.57862358467415,39852400
2022-02-23,196.72242736816406,205.13852469579405,196.32591554423402,202.38272667939776,44481400
2022-02-24,205.79283142089844,206.53630261082083,188.56412087278997,189.3968049752726,49957200
2022-02-25,208.64776611328125,209.4804654040174,201.41130963149257,203.15599850164332,37627600
2022-02-28,209.19296264648438,211.29450300532383,205.02952706959343,205.87211866348667,34239800
2022-03-01,201.71861267089844,209.90670342528273,200.45966386254756,208.0430640988383,27094900
2022-03-02,206.29837036132812,207.32931034252405,200.2613883982864,202.99735671935014,29452100
2022-03-03,201.203125,207.25993738193364,199.66661489556296,207.20046210869705,27263500
2022-03-04,198.31845092773438,204.09770188319834,197.05950219705525,200.60833967639832,32130900
2022-03-07,185.83804321289062,199.1412180323185,185.6496947748115,199.0420824988162,38560600
2022-03-08,188.6334991455078,194.9877030604823,184.48989373978588,186.2147523045471,37508100
2022-03-09,196.7720489501953,197.36683197473633,192.2319162323501,194.03608031442005,31894700
2022-03-10,193.5106964111328,194.57137415619934,189.40673586874723,193.14390698911552,24853000
2022-03-11,185.97683715820312,191.87503879956054,185.04501753022495,190.96304930488995,34694500
2022-03-14,185.00535583496094,190.616072982161,184.2024094563913,185.40186770987287,31010500
2022-03-15,190.35838317871094,190.60620693592176,184.29166244249743,189.1390945285029,31721700
2022-03-16,201.8573760986328,201.95649650852528,192.8266793674669,193.0051051808488,40640300
2022-03-17,206.0307159423828,206.22897188521705,199.3593059035766,199.94416622902315,29499700
2022-03-18,214.6054229736328,214.91272195046668,204.20673477217082,204.90063812727288,52128000
2022-03-21,209.64895629882812,212.8409269719916,205.82255751754292,212.63274839506389,30142300
2022-03-22,214.76402282714844,217.5495740565906,208.3503439487697,209.52998723836356,31998800
2022-03-23,211.60182189941406,214.9127433273441,210.3131354683512,211.47294871851972,23717300
2022-03-24,217.65863037109375,218.74904569512475,212.9202267914641,213.12840537772053,31502300
2022-03-25,219.8890380859375,223.53699599289988,216.98453621485453,218.59042908411953,40039000
2022-03-28,221.64361572265625,222.08969538769563,217.6288684853834,220.19633368710993,26224100
2022-03-29,227.8590087890625,228.88004115781453,223.32878458176148,224.10200839228912,31417900
2022-03-30,225.86654663085938,229.1378076655561,224.73647106182824,226.9173167936126,25588000
2022-03-31,220.42434692382812,226.5009898417312,220.32521137788765,226.46132957297078,24192300
2022-04-01,222.89266967773438,225.30150908222552,220.76137651588385,222.59527817538776,19544800
2022-04-04,231.8539581298828,232.3099604286333,223.89386147924975,224.01281202415882,28054800
2022-04-05,229.82177734375,234.79808135683643,229.0089234925527,232.04228308836034,29727200
2022-04-06,221.3561553955078,226.99662582724713,219.4826086293868,224.9347306089512,28995100
2022-04-07,221.0092010498047,223.55683627381228,216.6574169233372,221.9806658434369,21037200
2022-04-08,220.39459228515625,223.17022097182485,218.11461103803705,220.44416005430307,18375700
2022-04-11,214.57571411132812,218.68958215288694,213.3465029132089,216.51864376614157,20516600
2022-04-12,212.27589416503906,220.09721050095476,211.27469173834876,218.32279924455113,20128800
2022-04-13,213.11846923828125,214.72436193434646,209.4903267295819,209.97606661494044,19231800
2022-04-14,208.35035705566406,213.1184982815987,208.1719312322115,213.01936274015176,18379500
2022-04-18,208.9352264404297,211.52250668657197,206.48672687267987,208.1719251462913,16580800
2022-04-19,215.41827392578125,216.5285192787811,207.18061642952617,208.687388784282,20089900
2022-04-20,198.6753387451172,212.29573726150196,197.18839627011295,211.75052199547486,43036500
2022-04-21,186.43283081054688,201.20311811315037,183.96450117399772,199.8450490008672,49954100
2022-04-22,182.5072784423828,191.04232691108706,181.6745944761574,188.7127781801448,36426800
2022-04-25,185.3622283935547,185.55056170817895,180.07862505796282,181.139302675937,29281100
2022-04-26,179.37477111816406,185.5604554286896,177.9373968429527,185.00533282248026,31747400
2022-04-27,173.42701721191406,179.6325321607996,167.52881634793283,172.91153969557533,71062900
2022-04-28,203.9390869140625,206.7147155418311,191.22077206999722,201.1535507830585,100890600
2022-04-29,198.72488403320312,210.6303299905901,198.15983869617668,202.68015601451035,49193400
2022-05-02,209.29212951660156,210.0356008068361,199.24039827766893,199.4188241268634,49915300
2022-05-03,210.1842498779297,213.02926131184137,206.27854567365722,208.61800216969073,41556300
2022-05-04,221.4652099609375,222.34746186757863,205.15841094441203,208.81627662972593,41375900
2022-05-05,206.46690368652344,218.2533996208579,204.36536330702657,216.83585515286595,41129200
2022-05-06,201.99615478515625,207.55731947021067,199.27009396161898,205.53506951603146,34747200
2022-05-09,194.50198364257812,200.80661996260716,193.87746300031426,198.10037393010384,36303200
2022-05-10,195.92942810058594,201.19321664925386,192.49955626673494,197.77323719295447,34452500
2022-05-11,187.0970001220703,198.92314071841457,186.6310903208202,194.62092459185249,31153400
2022-05-12,189.57525634765625,196.32597270309722,183.17148415767517,185.43163548920708,38262200
2022-05-13,196.89096069335938,198.14990927576153,189.6148607740116,190.90354698918281,24549800
2022-05-16,198.29861450195312,203.58221785060556,194.2243920764948,195.33465259058252,27112600
2022-05-17,200.8561553955078,203.67144423340272,196.6332448276037,200.36050797611236,24872700
2022-05-18,190.5665283203125,199.25026580247822,189.96183785388354,198.25897094773953,23960000
2022-05-19,189.6248016357422,193.58998137940185,187.94952589985266,189.5355887217403,24446900
2022-05-20,191.8551788330078,196.1871471665272,186.23453942811966,193.27273818785392,31465600
2022-05-23,194.52178955078125,195.27518333819546,189.57523779332573,193.49084953374,25059200
2022-05-24,179.7019500732422,182.08105193923015,174.57695691850554,178.97830898394798,50406300
2022-05-25,182.229736328125,183.8356291645361,177.75900194507628,178.82958708537754,28030200
2022-05-26,189.9618682861328,191.15141927719574,180.67342372355273,181.28803691760507,23056500
2022-05-27,193.43138122558594,193.62963718300583,188.1477775238642,189.69419516808324,22562700
2022-05-31,191.95433044433594,195.87986462999697,190.3385150297135,193.19344898292155,26131100
2022-06-01,186.9978485107422,197.79304816477324,183.38953608152775,194.79933366482274,36623500
2022-06-02,197.12889099121094,199.19078605787604,186.09577466544653,186.80950815490593,31951600
2022-06-03,189.11923217773438,194.89848302655813,188.12793731775005,194.27396242446108,19465000
2022-06-06,192.5590362548828,195.2057918492942,186.75995498137883,192.30130502364528,30574200
2022-06-07,193.94680786132812,194.8191520639769,189.8230332805275,190.2591902558947,18828700
2022-06-08,194.92820739746094,200.27128572414287,192.71762424539412,192.9753554461062,22267200
2022-06-09,182.3982391357422,197.71374042928548,182.08101754635067,192.58874824259723,23501600
2022-06-10,174.04165649414062,181.50610603720847,173.4964412625436,181.44661563615782,27450800
2022-06-13,162.8301239013672,171.077706202403,162.6021302689285,169.10502355384233,31749300
2022-06-14,162.30471801757812,165.2984330034951,159.9553538250922,164.58469942902533,27244300
2022-06-15,167.8757781982422,170.6613141290513,162.55251490737075,165.74448533100573,30008300
2022-06-16,159.46961975097656,163.64297830252244,158.22059351244727,162.29481651488845,26944100
2022-06-17,162.3146209716797,164.45580630957073,158.5080373272939,160.27254091529267,31374200
2022-06-21,155.68287658691406,166.29963714436744,154.61227621435427,164.48556555136005,50724900
2022-06-22,154.4933319091797,159.39031650682068,154.08689732866276,157.00130705086892,47267800
2022-06-23,157.36807250976562,158.35936745470903,152.90724525752032,154.90966528157492,40499200
2022-06-24,168.67874145507812,168.76795436460003,159.8958681588776,160.32211769945533,68736000
2022-06-27,168.01458740234375,170.25490855575194,166.54745997795482,169.82865898547666,29174600
2022-06-28,159.28126525878906,169.80882791035233,159.2118824778089,168.42100590518334,27744500
2022-06-29,162.51287841796875,164.88207247948387,158.92439593906067,162.1461041676376,28595200
2022-06-30,159.8463134765625,163.7916632111336,157.11034481217,160.73847289674504,35250600
2022-07-01,158.63693237304688,159.2217927733983,153.6507198986701,158.9144937537547,31423900
2022-07-05,166.72589111328125,166.7853663869358,155.65312893111812,156.76337437522923,28618600
2022-07-06,168.2921142578125,170.096262840692,164.0196362974676,166.73577423693942,23085900
2022-07-07,170.69107055664062,171.21645564142614,166.31945643519762,167.97491709634667,24083400
2022-07-08,169.39244079589844,170.8991978280357,166.68619541223944,168.5002665028618,19249200
2022-07-11,161.46212768554688,166.03199804940502,160.5005703656967,165.61565598193803,21885600
2022-07-12,161.84872436523438,164.46574232541377,160.68891113440077,163.3654043690906,16639700
2022-07-13,162.06680297851562,163.54382264724677,158.2205740607195,158.7657892618441,16555100
2022-07-14,156.67416381835938,161.17463606202577,155.91086250108654,159.81656687331278,23765200
2022-07-15,163.26625061035156,163.54381194440333,158.42874226976485,159.1424606102135,23342800
2022-07-18,165.7742462158203,170.19542824056563,164.1980909139379,165.29842888667773,23574300
2022-07-19,174.2498321533203,174.95365825172885,168.0344083299951,168.88692262653726,25933700
2022-07-20,181.49618530273438,182.00175539820398,175.16181129811827,175.9449427642158,24784300
2022-07-21,181.57550048828125,182.24958894321327,177.31292902991436,179.05761788317767,27195800
2022-07-22,167.79647827148438,174.07137629177012,166.94396412198364,171.5634016094168,42583900
2022-07-25,165.19927978515625,169.08516888643103,163.37530090151066,167.52882872010937,26166300
2022-07-26,157.76458740234375,164.55496395320677,156.57503647124767,164.49548867554608,28468400
2022-07-27,168.10377502441406,169.38253866879188,160.60958871085882,161.17461888480676,43846600
2022-07-28,159.3209228515625,160.1040391932578,153.50202643480458,159.6579594985726,73214300
2022-07-29,157.71502685546875,158.74596691052585,153.81922997825376,156.3172973966075,42065400
2022-08-01,158.5377960205078,163.75201720151597,153.8787127240558,155.88113278266974,40596700
2022-08-02,158.79551696777344,160.8276743398196,156.63448643098596,156.9318778971807,27374500
2022-08-03,167.33058166503906,168.06413020831988,160.16352379387357,161.2737692383806,31721900
2022-08-04,169.08517456054688,170.65140715656858,165.34798863611059,166.83493095275554,23938200
2022-08-05,165.6552734375,170.1161000053061,164.35667967902532,165.53632290266512,25832700
2022-08-08,168.7679443359375,175.96473933628346,165.67510931528614,166.5375309746696,27299100
2022-08-09,167.0629119873047,168.05420679058827,165.14972027742735,167.47925398956878,18655100
2022-08-10,176.7875213623047,178.90889175358808,172.43573754030913,174.4579875213586,30262100
2022-08-11,175.9449462890625,181.50611156891782,174.83468565834784,178.14562229024335,24079100
2022-08-12,178.92872619628906,179.8803759384062,177.35257096418084,179.23602518954743,21274000
2022-08-15,179.31532287597656,179.86053806278343,176.64873733810558,177.4021310965874,15878700
2022-08-16,177.90768432617188,179.41445670283701,175.49883002409837,177.87794669135258,21156700
2022-08-17,173.32789611816406,176.58924924726082,172.65380781088112,175.2212576280379,20118100
2022-08-18,173.13955688476562,174.22997211114853,170.36392836368074,172.82233528191773,18844500
2022-08-19,166.49789428710938,170.81994055822395,165.59581231831734,168.71838513218586,26240800
2022-08-22,161.63063049316406,164.0493923798729,160.84749908058643,164.0493923798729,19499700
2022-08-23,159.70750427246094,163.6132081664498,159.30106977820242,161.06557329488396,18111800
2022-08-24,161.8387908935547,164.0196516525699,158.37918156631125,159.20195810249263,20891500
2022-08-25,167.31076049804688,167.409896043459,162.59220198006366,163.74209262665752,15550500
2022-08-26,160.37168884277344,169.43212368762408,160.26264579796614,167.01336169441478,24023600
2022-08-29,157.78440856933594,161.6306376497114,157.62579775394812,159.2614434264603,20052700
2022-08-30,155.79190063476562,160.25272741333785,154.55278208516222,158.9541335935069,19567900
2022-08-31,161.51165771484375,166.3789189098485,160.72854146269484,165.61563278936217,40953000
2022-09-01,163.9205322265625,165.90312211071253,158.95415001211242,162.1560284397458,30145700
2022-09-02,158.9243927001953,166.46813175460187,157.8339623485163,165.99231447657763,22634200
2022-09-06,157.15989685058594,160.2824850610427,156.3173052072264,158.7063296993813,19339800
2022-09-07,158.99378967285156,159.55883503081463,155.44495208745863,156.38667922477052,16831200
2022-09-08,160.64926147460938,160.8177798055024,156.3668750415445,157.32843237884535,22530800
2022-09-09,167.67752075195312,168.06412514515839,161.60089350110928,161.82888708531772,22086800
2022-09-12,167.48916625976562,169.8980052223089,165.82378322774733,165.93282625440304,23220400
2022-09-13,151.7969970703125,160.22300395305948,151.3409947482943,160.13377591386535,44444100
2022-09-14,150.15142822265625,152.20340064312884,147.75249656335097,151.99523720059614,43064200
2022-09-15,148.24813842773438,152.85765313710925,147.40553180836312,148.49596212449558,34606300
2022-09-16,145.0165252685547,147.28659907579265,143.03393545484252,146.7612139852357,40122800
2022-09-19,146.73146057128906,147.28658323928715,143.83688156961458,143.97566223661408,22169500
2022-09-20,144.81826782226562,147.54432878807003,143.9558461024819,144.51096882445577,23217400
2022-09-21,140.88279724121094,148.29769245197957,140.76384671809333,145.11562982497358,38338600
2022-09-22,141.5767364501953,143.32140992498688,139.64369940950394,140.31778776687358,34418500
2022-09-23,139.18771362304688,141.37846677265173,137.68094121464907,140.188915976952,31710700
2022-09-26,135.18287658691406,141.00178775969545,135.0044507707675,138.90023234956038,30497000
2022-09-27,133.23001098632812,138.20631496508062,132.9524496609116,136.71937281065303,30826500
2022-09-28,140.3772735595703,140.79361560887784,133.10117251155577,133.44811665633205,32658500
2022-09-29,135.22254943847656,138.6226838987271,134.02307587866284,138.14686655208894,38985400
2022-09-30,134.4988555908203,139.76264307360117,134.32042980799207,134.86564490989477,33166400
2022-10-03,137.4033966064453,138.40459908232745,134.91525167329377,135.94619178824445,27723100
2022-10-04,139.05885314941406,141.15048608050412,138.12703348447909,139.26703174250054,34670700
2022-10-05,137.77015686035156,138.9894604417,133.60672142963895,137.03660833682997,27979300
2022-10-06,137.859375,140.21864633669762,135.41087563563656,136.52112097055306,36231100
2022-10-07,132.28831481933594,137.0861789925336,131.2871123139666,135.56949885152673,33214800
2022-10-10,132.62533569335938,134.92514708155127,130.72205133380032,132.3874346021392,24024000
2022-10-11,127.42103576660156,131.50518091127628,125.88453325791248,130.4742257772965,38481400
2022-10-12,126.39009094238281,128.54119891036558,125.150972403732,127.20295996419793,34605200
2022-10-13,129.15582275390625,129.99842957946888,121.46337876939296,122.45467379901403,34325700
2022-10-14,125.65653228759766,130.642736410999,125.4186160877497,129.85962016618188,23559400
2022-10-17,132.87315368652344,133.61662481645823,129.0467549994207,129.1657206658623,29612200
2022-10-18,131.64395141601562,136.6400705127759,130.25612963150132,135.89659941870124,25445000
2022-10-19,132.07020568847656,135.80739142500235,131.06900335762276,131.73316907721394,30691000
2022-10-20,130.385009765625,135.57940019928222,130.1669236896268,131.7728164983782,26356300
2022-10-21,128.87823486328125,128.987277899163,124.3480253746499,125.21044703283174,46348600
2022-10-24,128.5907745361328,132.31803788284694,123.485604332285,126.14227494403816,63563400
2022-10-25,136.31295776367188,137.1456569846256,129.45319879479754,129.74068278951964,38433200
2022-10-26,128.6898956298828,134.3700104853309,127.41111689285002,130.53368940019047,82791500
2022-10-27,97.08741760253906,101.60771958540467,95.54099253236453,97.12707030310553,232316600
2022-10-28,98.3364486694336,99.97208672735346,96.66116547189773,98.71314556260309,95928300
2022-10-31,92.34904479980469,98.45541799892014,91.79391446317196,97.36499502368316,121361400
2022-11-01,94.37127685546875,96.64134321393725,92.73564622724912,93.50885508342138,110189600
2022-11-02,89.75184631347656,94.37127688030247,89.69237103621083,93.38989699051638,71821100
2022-11-03,88.13602447509766,89.67252688039356,87.64037707410301,89.29583757831013,60664000
2022-11-04,89.99966430664062,90.59443973026505,87.32316355586093,89.56349213325879,55638100
2022-11-07,95.87803649902344,96.03663973796807,92.289546516777,93.95492212208184,81987300
2022-11-08,95.63021850585938,96.94864251443767,93.96484280107093,95.08500329540075,52088300
2022-11-09,100.58670043945312,103.98684244254157,99.86305179354484,100.83452417856167,107677300
2022-11-10,110.89616394042969,111.76850073569403,103.69936079981403,106.18751313338271,80671000
2022-11-11,112.03614044189453,113.89977959725059,107.86279003756002,108.27913962176521,59961700
2022-11-14,113.2257080078125,115.25785807460645,109.83548116552747,110.02382205922324,53395000
2022-11-15,116.06080627441406,117.70635184117295,113.41405076200675,115.05959632876564,50670500
2022-11-16,112.24432373046875,115.0695126545756,111.67928594564738,113.50326491314802,33287800
2022-11-17,110.47980499267578,111.35214927717924,108.84417458519039,109.44886503222872,35093800
2022-11-18,111.0745849609375,113.32482082103698,109.65703309957749,112.80935085462384,33357700
2022-11-21,108.90365600585938,111.39180826964389,108.23949025208182,110.54920157215746,24351100
2022-11-22,110.46989440917969,110.64832777485412,107.37705192514898,108.90364681747944,29029000
2022-11-23,111.262939453125,111.68919657028627,109.7660895726345,110.74746942359464,21343100
2022-11-25,110.4401626586914,111.74867155568367,110.05355070998553,110.33111962036043,12007600
2022-11-28,107.83305358886719,111.06467694794803,107.4365341325355,109.81564330754605,23309400
2022-11-29,108.50715637207031,109.97427638874463,107.59516673188469,108.58646179199457,23899200
2022-11-30,117.07192993164062,117.13141277037444,108.427836916367,108.5567100978068,43348600
2022-12-01,119.39156341552734,120.14494211462276,117.36932085710157,118.16235226083045,36551400
2022-12-02,122.41500854492188,122.960223780531,116.58619709077205,116.80428318501569,39950500
2022-12-05,121.3642349243164,123.58473338295278,120.29363461707071,120.69015408971502,35474900
2022-12-06,113.12657165527344,119.5005978799502,112.74987476980014,118.8661697773399,43689200
2022-12-07,112.938232421875,114.87125452292487,111.8973697133219,112.76971409777941,29461100
2022-12-08,114.3260498046875,116.31854723334702,113.59248608731976,115.37682004445702,30619400
2022-12-09,114.89107513427734,116.5167980904086,112.8787477899795,114.29629973425023,26033400
2022-12-12,113.71142578125,114.71263564847612,112.15509324529451,114.17733554806748,24747100
2022-12-13,119.10407257080078,122.22665272537202,117.60721529463237,121.06683205334555,44701100
2022-12-14,120.53154754638672,123.05935265645726,118.35070171403657,118.35070171403657,36922000
2022-12-15,115.138916015625,117.59732338575841,113.01754531600153,117.29993942289329,34531000
2022-12-16,118.39034271240234,122.23656395816606,117.78565225665622,119.1833816073748,67064000
2022-12-19,113.48343658447266,116.77453514998675,113.33474084591141,115.81297794533405,29769900
2022-12-20,116.07070922851562,116.30862543554926,111.48101684028215,112.2740557377687,28742500
2022-12-21,118.71747589111328,119.29242116853779,114.61351572943319,115.68410844245172,20392800
2022-12-22,116.1004638671875,117.587406248649,113.38431033837217,116.1797617130006,23618100
2022-12-23,117.01245880126953,117.15123949159809,114.53422138400184,115.0199538001518,17796600
2022-12-27,115.86254119873047,117.56756957808179,115.03977220793341,116.9034038330725,21392300
2022-12-28,114.61351776123047,117.12149261971926,114.50447471842836,115.23803081847723,19612500
2022-12-29,119.21311950683594,119.97641320548192,114.76220023247431,115.38672082161865,22366200
2022-12-30,119.29242706298828,119.37173247171707,116.71506178314314,117.13141139747924,19583800
2023-01-03,123.65412139892578,125.26993689605494,121.21553689802785,121.75083704158786,35528500
2023-01-04,126.26123046875,127.92660615490277,124.75445802924148,126.27113797211675,32397100
2023-01-05,125.8349838256836,127.40123166743142,123.45587442453174,125.0320297704694,25447100
2023-01-06,128.88815307617188,129.19545204150296,124.9427964767583,127.84729051950087,27584500
2023-01-09,128.3429412841797,131.79264301521917,128.15459284862445,130.01823194659175,26649100
2023-01-10,131.83230590820312,132.27838555996667,126.04314012341165,126.16209066362623,28684400
2023-01-11,131.73318481445312,132.6848346183648,129.20537967608695,129.81999282847258,25423000
2023-01-12,135.51995849609375,136.48150081812375,130.61303569668183,132.2784193144487,30757700
2023-01-13,135.7875518798828,136.19398636138445,133.66618170023415,133.79505485923653,22423800
2023-01-17,134.18167114257812,135.55957037535876,133.08133325697926,134.99452505190794,21147600
2023-01-18,131.86209106445312,136.05526550372414,131.64400491149206,134.62779800287504,20215500
2023-01-19,134.9647979736328,136.25348440118418,130.98971077016242,131.3366700442586,28625200
2023-01-20,138.15676879882812,138.72181416630133,133.43821040315862,134.70706669654805,28688600
2023-01-23,142.0228271484375,142.50855197768175,137.45295697105522,138.07746248379212,27470100
2023-01-24,141.89393615722656,143.73774507844354,140.1294326346161,140.45656173163377,21970200
2023-01-25,140.26820373535156,141.92366411273167,139.088560591205,139.99064242213555,26622000
2023-01-26,146.01773071289062,146.2258941555542,142.05255141383566,143.1429666455006,25482100
2023-01-27,150.41909790039062,151.85647252156616,146.1069589109038,146.94956565053786,35771900
2023-01-30,145.7798309326172,149.80448595440728,145.67078788457044,148.1093800836338,28040100
2023-01-31,147.6731719970703,148.57525380019487,146.2357977138026,146.66204717240367,29842100
2023-02-01,151.7870635986328,152.24306588807985,145.77981918793483,146.7413764088904,55661000
2023-02-02,187.1267547607422,195.44371891127255,178.59170450785547,181.7836755049325,150475700
2023-02-03,184.90625,195.05711596317784,181.29793690534038,181.87288980447352,76809700
2023-02-06,184.44033813476562,189.0399461515418,183.90504551092542,184.90624797679354,42483800
2023-02-07,189.951904296875,192.0931046901585,182.79475464733247,183.9644903741285,47080700
2023-02-08,181.8332061767578,189.16879710609436,181.32765125110058,188.34602056954392,36139100
2023-02-09,176.37118530273438,185.02518547134846,175.72684967356224,184.50972301839462,37118800
2023-02-10,172.63401794433594,177.33276168273383,171.84099404627764,174.81487904188006,33433600
2023-02-13,177.86802673339844,179.42436690011945,174.28946686476417,176.66856844178548,31463200
2023-02-14,177.91757202148438,179.9298990920029,174.3489201068407,175.6177761377305,24034600
2023-02-15,175.61778259277344,176.63881498131627,173.80371137428614,174.88421902803222,25308900
2023-02-16,170.93890380859375,174.31922322248573,170.29455301472416,171.24620282331836,25827500
2023-02-17,171.37506103515625,171.67243739377372,168.22273550017792,168.73821306504692,24171300
2023-02-21,170.58203125,176.61901366845885,170.3837752916554,172.7926146811642,34592600
2023-02-22,169.63038635253906,171.25610945926005,168.2128418399416,169.58083370599772,22433200
2023-02-23,170.54234313964844,172.1779885623624,167.9055105848363,170.50269800483608,20017800
2023-02-24,168.90673828125,169.2338674150604,166.20050742549483,167.17197219726032,19791300
2023-02-27,168.06411743164062,171.61295470878045,167.5883001524476,170.3837588103686,19277000
2023-02-28,173.41712951660156,176.00440977021506,170.37384696069057,170.40358459714915,46051100
2023-03-01,171.9103546142578,176.3017987557463,171.54358035250698,173.07016779754176,30998400
2023-03-02,173.01068115234375,173.4864984236013,169.93766120564743,170.87940337141325,17352000
2023-03-03,183.6373748779297,184.99544401107892,175.50875995980698,177.36247652852418,45877700
2023-03-06,183.29042053222656,188.00899392583824,183.03268930417306,186.36344076544492,33209400
2023-03-07,182.90380859375,188.7028895567601,182.4081611653204,187.35472794639318,36701500
2023-03-08,183.3597869873047,183.647255802908,179.76138228555416,181.2780620088136,19432400
2023-03-09,180.10836791992188,187.28533312080012,178.7304686513036,184.7278056589579,26582800
2023-03-10,177.94735717773438,183.16157847551509,177.24354620945363,179.4342996541124,25665000
2023-03-13,179.3252410888672,182.18017523686387,173.29818141681156,176.4108467930736,24728000
2023-03-14,192.33102416992188,192.62841563950278,184.93595819735492,185.94708314354665,41642600
2023-03-15,196.02857971191406,196.05831735084533,189.17872786014453,191.27036084542135,42123600
2023-03-16,203.14602661132812,203.96880307199802,194.38298461902048,196.53409241939272,50447100
2023-03-17,193.90719604492188,200.14243431213578,193.72875509737597,198.81410277601756,50141100
2023-03-20,196.08802795410156,197.62453796620042,191.95433032702135,196.7521936752625,25186300
2023-03-21,200.4001922607422,201.77809164678217,196.22683383377986,201.4311323612343,31827000
2023-03-22,198.0706329345703,205.56482001084692,197.93185225263778,200.7372186543796,28477800
2023-03-23,202.501708984375,206.07037646367976,200.39024613195645,201.0742419926531,27389700
2023-03-24,204.21665954589844,205.77299981949574,201.77808253088455,203.39388295313782,27716400
2023-03-27,201.07424926757812,204.06796403208844,199.6071370845429,203.02710138580258,18527200
2023-03-28,198.93304443359375,199.2800036835634,196.17724594410166,198.40765937001166,19127300
2023-03-29,203.5624237060547,203.92919799665844,200.7768721952202,201.7879972778657,18851100
2023-03-30,206.0307159423828,206.2785396524153,201.05442673562075,201.60954942594012,22608300
2023-03-31,210.0950469970703,210.3230405925682,204.97005409451702,205.43596391529096,25440300
2023-04-03,211.21519470214844,211.63153671171784,206.3875786397987,207.02200671999375,17924600
2023-04-04,212.850830078125,214.35760247602127,210.6897994530681,211.53240612071065,21026400
2023-04-05,209.63900756835938,213.3167177124862,208.11242032280848,212.28576271142344,19396600
2023-04-06,214.21884155273438,215.0515256680938,206.83368218453202,207.42846519605177,26104400
2023-04-10,212.88059997558594,213.78268205041633,208.82620708008835,212.84095483124625,16106100
2023-04-11,211.98841857910156,214.1395266783531,211.5522464067262,213.60421896645255,16710100
2023-04-12,212.13710021972656,214.95237399428152,210.7294633324491,212.96978427260183,18972200
2023-04-13,218.43186950683594,219.22489344312174,213.81243096075724,213.85207610718675,23310400
2023-04-14,219.56190490722656,220.17650288269624,215.656200722299,215.98332984258553,21591200
2023-04-17,216.95480346679688,219.0563438246389,215.23986751678353,217.87670046778837,15481900
2023-04-18,215.99325561523438,218.52106075783294,214.32788736305116,217.99567564546845,12281000
2023-04-19,213.8223114013672,215.43812696265397,211.07642023535394,211.61172796314864,15898100
2023-04-20,211.21519470214844,214.86315238178037,210.91780323075358,211.62161408289757,16475400
2023-04-21,211.03675842285156,211.55223597623976,207.7555749142046,208.3800955053103,17717200
2023-04-24,210.9376220703125,212.05779007834377,208.8757421166724,211.81987387171196,15750900
2023-04-25,205.74327087402344,209.42096668543763,205.32692880816302,208.98480961117474,19198200
2023-04-26,207.5771026611328,212.24610732052335,207.06164031146824,210.6501222597757,41992700
2023-04-27,236.48330688476562,239.58606473531918,234.7088956844878,237.80173090551267,71196500
2023-04-28,238.22799682617188,238.3370247438833,233.69777188796778,236.92938780573903,39554000
2023-05-01,241.06309509277344,241.8759642001365,234.4016070438007,236.54279260820323,29143900
2023-05-02,237.15740966796875,242.78795773263934,236.90958593006684,241.06309907149617,24350100
2023-05-03,234.9666290283203,239.6455421682171,230.72388806474677,237.38539100541473,34463900
2023-05-04,231.4871826171875,236.12643535513135,230.9023071473006,234.00506493525833,17889400
2023-05-05,230.7536163330078,232.63707051688766,227.84912965326185,230.21832376395497,27000500
2023-05-08,231.23934936523438,233.56888314152786,228.26546487348705,229.40544787827335,16400500
2023-05-09,231.3385009765625,233.82666101755078,229.0684421637561,229.44513909049456,16865600
2023-05-10,231.05101013183594,234.6890604898904,228.71155363342422,234.1141076501327,19119000
2023-05-11,233.73741149902344,236.13635840303854,230.2778020721307,231.02127322703902,20449000
2023-05-12,231.77464294433594,234.8972307500688,229.43518652876685,234.67914467629853,16161400
2023-05-15,236.7806854248047,238.16849214653735,233.28141585947415,234.85757102043314,20653200
2023-05-16,236.7410430908203,237.55389700147478,233.46976706403657,233.73740578256724,18163800
2023-05-17,240.3790740966797,241.71731295990375,236.06693579905627,236.37423475744197,21193100
2023-05-18,244.70114135742188,244.9390424423486,239.09040883985995,239.1994518791044,22943300
2023-05-19,243.50169372558594,246.52514638320116,241.29111019682102,245.3157653201551,21733600
2023-05-22,246.15838623046875,251.36268507708817,242.98623007080764,243.2737140966832,27738500
2023-05-23,244.59210205078125,249.41970323490676,244.50287401661294,244.66148482629066,17748100
2023-05-24,247.0406036376953,247.41728540634753,242.81767776935007,243.14480689478242,17724300
2023-05-25,250.4903106689453,253.39479746511117,247.00094838612523,251.19412157731733,22371400
2023-05-26,259.75897216796875,260.0266109498383,250.51018722318975,250.72825822568853,25727200
2023-05-30,260.23468017578125,266.31132167705607,259.0154070259148,262.940925664259,23816500
2023-05-31,262.4156188964844,262.693180291999,256.200210011966,257.73670519214994,25473700
2023-06-01,270.23687744140625,271.6147918186333,263.5754050196668,263.5852973969688,25609500
2023-06-02,270.23687744140625,272.9530459308971,268.7598577796487,270.2864603355899,19416900
2023-06-05,269.02752685546875,273.1711321141078,267.2134403187121,267.9469888352594,20742900
2023-06-06,268.7598571777344,274.1624262569552,267.3423127906372,267.7884075776989,19419000
2023-06-07,261.30535888671875,271.8626442161029,260.5123047633767,269.3051165166383,26163600
2023-06-08,262.2767639160156,265.32004620136956,256.6264017277857,258.35124499287787,20899400
2023-06-09,262.6435852050781,265.61746978448156,259.42187691072445,260.1950856912926,16949800
2023-06-12,268.6904296875,269.38434811275147,263.0202225116279,264.84423147196054,15442500
2023-06-13,268.9580993652344,273.3197902235238,266.7475011776496,272.487106262098,16164000
2023-06-14,270.970458984375,272.59616684149415,265.9842469943128,269.5231769435399,19175100
2023-06-15,279.3765869140625,281.517787210672,269.05723515750105,269.92954912849154,25973500
2023-06-16,278.5538330078125,285.3442082969982,277.69141139005217,282.2711884305146,43127700
2023-06-20,281.8548889160156,282.3207987676239,273.8155011330665,276.30366121845566,20701600
2023-06-21,279.18829345703125,281.52773476017416,275.93681733767835,281.06182497496616,20556200
2023-06-22,282.40008544921875,282.77678233751567,275.3718084998464,276.6505570919048,17563100
2023-06-23,286.2165832519531,287.1484028647073,276.5217204794401,279.05943296679476,51092000
2023-06-26,276.04583740234375,287.2673007108386,275.1834158502656,286.18679311382806,24232700
2023-06-27,284.5511779785156,286.8311743118034,278.2068969133884,279.555073656432,26108300
2023-06-28,282.8065185546875,287.02941407913994,281.5872149884615,282.3406087612761,16722100
2023-06-29,279.0792236328125,284.0753578917488,278.2465396316425,282.0233703967676,15395700
2023-06-30,284.4818420410156,286.5337996422137,281.9441293320843,282.2811659924353,19694900
2023-07-03,283.5301818847656,286.88076378814935,282.3703836886234,284.2042854687981,8629300
2023-07-05,291.80743408203125,295.5247894373961,283.8671533623589,285.1459320751407,33865500
2023-07-06,289.4482116699219,295.5248547405756,288.7741383436563,293.31428629533394,47600500
2023-07-07,288.0008850097656,293.62153999226626,286.1471685227358,289.63651542467915,25586000
2023-07-10,291.539794921875,295.5347115939885,284.55114871379277,292.9771541725064,37058300
2023-07-11,295.69342041015625,297.56695239636275,289.35903027391095,291.34162045085026,27585900
2023-07-12,306.6471252441406,306.7561834015163,297.48757110889034,299.12320145419704,36677100
2023-07-13,310.6817321777344,313.4870833791565,307.58889699038366,310.88989563213556,30281000
2023-07-14,306.1812438964844,312.13893578938223,304.68437895121997,309.0758382489042,23054100
2023-07-17,307.9159851074219,308.9964928062854,302.05742922495097,304.86281044247795,25323100
2023-07-18,309.33355712890625,311.4648653357093,304.9421280436291,308.17375905316084,20731900
2023-07-19,313.25909423828125,315.90583453833557,307.81686495769065,310.3050247039344,21763700
2023-07-20,299.8865051269531,312.7931833489161,299.5891287747079,310.7709333978952,23836900
2023-07-21,291.6984558105469,302.80094087646535,288.665095744608,301.9187041196789,42139300
2023-07-24,289.071533203125,294.9300905422449,285.7903490282836,293.20524684663945,24915700
2023-07-25,291.9066162109375,295.703262442502,289.31932073955034,292.62034976319046,19585600
2023-07-26,295.970947265625,299.1430730271776,289.3589964867336,298.56813525384524,47256900
2023-07-27,308.99652099609375,322.51779778619095,307.14280439627186,322.28978907131307,64229200
2023-07-28,322.64666748046875,323.3604010020382,311.51441512024616,314.12152548725567,39220300
2023-07-31,315.8265380859375,322.82507714780235,314.8253206295678,320.87222512758746,25799600
2023-08-01,319.9007568359375,321.31833148178566,311.92084528786495,314.7757793342165,22817900
2023-08-02,311.5738525390625,315.61835208722226,307.9457100995338,315.2317326112138,20461100
2023-08-03,310.4636535644531,313.1996371815222,307.23202249512775,307.23202249512775,15180200
2023-08-04,308.0250549316406,315.6381920030264,307.4996698792332,312.21821272193796,17612800
2023-08-07,313.8042907714844,314.30986081830895,307.75738622328373,310.5032922794214,16236500
2023-08-08,309.9184265136719,315.12272430973746,307.41042158153704,311.6630848225731,15183500
2023-08-09,302.5531311035156,310.89984811087686,300.21368948147176,310.156376879002,19955800
2023-08-10,303.0784912109375,309.6210435617212,301.22477459946464,305.2593520785052,14358900
2023-08-11,299.0141906738281,302.0673654764671,297.745304234176,299.93608761646493,14046300
2023-08-14,303.5246276855469,303.5444426954563,295.653742726423,298.3599890492802,15641900
2023-08-15,299.32147216796875,304.5555074180836,297.4181728716015,303.4749997336149,11623600
2023-08-16,291.72821044921875,298.45908163543555,291.718287818725,297.58676745772937,18547700
2023-08-17,282.60833740234375,293.47292403411205,282.46957180904667,290.4990385134073,23950100
2023-08-18,280.78424072265625,283.2030023568016,271.99146104324524,276.60097562608496,35347900
2023-08-21,287.3764343261719,287.9712174176949,279.3965211250056,280.9825992850922,20181500
2023-08-22,285.0964660644531,290.35031779565327,284.2538592108278,290.0033584733458,12980200
2023-08-23,291.6785583496094,294.8110533983258,285.1657748159202,285.98853614980663,18287000
2023-08-24,284.2537841796875,296.8531326295478,284.1447562725001,295.9014980911481,18360900
2023-08-25,283.0146789550781,285.8795355852113,273.6271155393811,283.6391995492964,23701400
2023-08-28,287.7332458496094,288.9128891125971,283.3120491446648,285.4929098624364,14239300
2023-08-29,295.39599609375,296.5459019579426,285.6713942766928,286.0679062380191,20844500
2023-08-30,292.5311584472656,295.6933918946849,290.87568249832157,294.58314634297454,17717000
2023-08-31,293.31427001953125,298.478908110715,293.0862612959808,293.2250268545487,17229900
2023-09-01,293.7999572753906,299.1132828754372,291.906580579667,296.7639190428538,12842300
2023-09-05,297.5371398925781,298.7663660643128,292.9375475703508,294.43438220602286,14956000
2023-09-06,296.565673828125,300.6596958742699,293.0862194558126,299.0835407980036,15418100
2023-09-07,296.070068359375,304.3770944136162,289.6762039967024,295.40588744923144,33748700
2023-09-08,295.296875,302.5927915043755,294.19652184534834,296.6152840075846,17548000
2023-09-11,304.88262939453125,306.3497566042671,298.6572991967648,298.78617236239313,19489300
2023-09-12,299.0340576171875,305.973122716666,297.616513007327,303.663388392477,13480400
2023-09-13,302.4044189453125,304.5059592872475,298.69698571008445,299.7279106218778,13210900
2023-09-14,309.00640869140625,310.14639163307857,302.3746442218173,304.06974981772856,19343100
2023-09-15,297.69573974609375,309.2839784085415,296.1493222742044,308.89735891461083,28131100
2023-09-18,299.916259765625,300.9571375613304,295.2076089926441,295.59422852439974,14234200
2023-09-19,302.41436767578125,303.50479820729083,297.2001463854222,299.8469173004536,15924400
2023-09-20,297.0613708496094,305.3783197455341,296.82343949040535,302.3945122667024,19379500
2023-09-21,293.1556091308594,297.64617316620246,290.71700224931874,293.12587149825106,21319600
2023-09-22,296.4764709472656,302.7216470856656,295.6735244833445,296.6945570394368,25369600
2023-09-25,298.2112121582031,298.33019295011604,291.14330539019653,293.0664197919008,18987000
2023-09-26,296.3575134277344,297.6858449572033,293.4332116377571,295.0688421646148,19417200
2023-09-27,295.1481018066406,298.67710884740836,284.29344198108106,297.83453247540683,36429800
2023-09-28,301.3139953613281,303.6633594810206,294.1172148146599,296.3377057544672,22167100
2023-09-29,297.5966796875,307.93591009206773,296.7540728412245,304.7042785354478,25373700
2023-10-02,304.1490783691406,304.5059299768926,299.00425592730016,300.104578636452,16265600
2023-10-03,298.3202819824219,304.0995177904984,297.03161074620874,301.61138822655596,17362300
2023-10-04,302.9198913574219,304.2284079253051,295.9015365648199,296.1295452893803,16880500
2023-10-05,302.13677978515625,303.54440159622794,296.89282131542484,301.97816897158543,19130000
2023-10-06,312.68408203125,313.5564262133331,298.2904937826192,298.81587876702196,21803900
2023-10-09,315.588623046875,317.5414751678971,309.10557632186953,309.7796495788927,22503700
2023-10-10,319.038330078125,321.83378880843856,315.3903722999116,316.34200688294163,19038000
2023-10-11,324.96624755859375,325.97735729844595,320.1386470354326,320.1981222994289,22036300
2023-10-12,321.3381652832031,327.662631720703,319.8809605389769,325.1447341503426,20530500
2023-10-13,311.9505920410156,322.22039260310345,309.65078063069194,320.71363525767725,21341000
2023-10-16,318.3543701171875,319.01855105073963,312.77337465622486,315.86624034074185,16536100
2023-10-17,321.1795349121094,321.57604680606164,314.5378472437151,315.4101915615611,16387800
2023-10-18,314.2107849121094,323.10270248590285,312.8130552982843,318.59232222826523,16851000
2023-10-19,310.08697509765625,319.08795030688776,309.03620485654955,317.09543774973184,18709200
2023-10-20,305.9631652832031,312.5552703274842,303.80214965849547,311.4053948634876,22312300
2023-10-23,311.2764892578125,314.5973026301898,304.5852493700825,306.8057400373974,17796800
2023-10-24,309.8292236328125,315.5787524774694,307.9259542753489,314.02241214997355,19525500
2023-10-25,296.9225769042969,308.17378070314754,296.2385809646329,307.3014363017255,42192500
2023-10-26,285.8399353027344,292.4320413713997,276.967832455273,292.4320413713997,66684100
2023-10-27,294.14691162109375,296.704438848398,290.41963355930477,291.91649836108155,29596300
2023-10-30,300.0253601074219,306.70667898907504,296.44676928594816,296.4864295580433,28435100
2023-10-31,298.6473693847656,301.03639345003336,294.2757557468523,300.66961921940054,19434200
2023-11-01,309.13531494140625,310.0175516552152,299.222366123352,299.222366123352,20434600
2023-11-02,308.1638488769531,316.04465564125337,305.64595129379006,314.537867992154,21631800
2023-11-03,311.86138916015625,312.8031011868626,308.31253639094047,309.82921641467783,16764300
2023-11-06,313.0509338378906,315.5589088571514,311.7127098538126,313.22938992076604,12887700
2023-11-07,316.04461669921875,318.20563211166666,312.37681382333324,314.29992816341377,14055600
2023-11-08,316.9963073730469,318.53280249069024,312.1389680232896,315.37059933746826,13609700
2023-11-09,317.7596130371094,321.3580188733632,316.0248467167497,316.63947505329315,16103100
2023-11-10,325.907958984375,326.23510318784565,316.6790074259509,317.1548397892198,19096200
2023-11-13,326.3243408203125,329.4369907917262,322.8647316151257,323.36037901996815,16908900
2023-11-14,333.38232421875,335.15675023465667,330.42825506817,331.62774345842996,17179400
2023-11-15,329.8137512207031,335.4542221949826,327.14716524859887,334.98831233456497,14531200
2023-11-16,331.2808532714844,331.667442561079,323.5388423305294,326.5028044744622,18932600
2023-11-17,332.1234130859375,332.57940021629366,326.4829433416986,327.38502522586845,14494400
2023-11-20,337.0105285644531,338.89398282519466,331.2808452491062,331.97476378028864,16960500
2023-11-21,334.0466003417969,336.9411648037626,332.9759847995949,335.38482439166535,12027900
2023-11-22,338.5173034667969,339.9348782395706,335.6326315263406,336.2571521863876,10702700
2023-11-24,335.2856750488281,338.88405001830046,333.83836275604654,337.16912925300625,5467500
2023-11-27,331.7864074707031,336.9411226805428,331.2907600321463,333.25350452760324,15684500
2023-11-28,336.0390319824219,336.42565149537353,330.4976973935413,330.4976973935413,12637200
2023-11-29,329.3081970214844,336.94115004399055,327.90054487082136,336.7329865734287,16024500
2023-11-30,324.3021240234375,330.5968527575102,319.5934731970562,329.0008824720162,23146400
2023-12-01,321.9924011230469,324.0146208399716,317.96774644363103,322.64665935567007,15276400
2023-12-04,317.23419189453125,318.0668760036283,310.92957067483053,314.52797610294596,19037100
2023-12-05,315.5192565917969,319.078001589407,312.644507483201,316.2032524808111,16952100
2023-12-06,314.6865234375,319.4447260301232,314.2800889688766,319.1275044567712,11294300
2023-12-07,323.7469787597656,325.38260919838507,315.0037509944529,315.0037509944529,15905100
2023-12-08,329.8533935546875,330.26975074319756,320.18826782318274,320.27748073816616,14087400
2023-12-11,322.4483947753906,327.0182798666103,317.2143590609615,326.5325248079935,25802500
2023-12-12,331.310546875,331.55837057321145,321.7346355458796,321.77429580813003,18485500
2023-12-13,331.8260803222656,335.4244860310397,329.74438501312073,331.0231337882988,16353300
2023-12-14,330.2697448730469,331.786424904649,325.779180053839,330.94381816444326,19607300
2023-12-15,332.0044860839844,335.7119191603619,328.33668302041815,329.0999691679317,31776900
2023-12-18,341.62005615234375,344.53446568560287,334.08620858508846,334.54222603722934,18993900
2023-12-19,347.31005859375,350.5218745666176,342.11568311875016,342.57167029164464,17729400
2023-12-20,346.2394714355469,351.87001904403724,344.7624517579326,345.61495082632456,16369900
2023-12-21,351.007568359375,353.3073795313147,346.17004494664536,349.90724566402645,15289600
2023-12-22,350.3137512207031,354.0905827144297,348.16262778042943,352.4846594181729,11772800
2023-12-26,351.74114990234375,353.8724581015916,350.3731883758891,351.8997607137992,9898600
2023-12-27,354.715087890625,355.8749163885874,352.2170353013753,352.9704292061004,13207900
2023-12-28,355.2007751464844,358.7495973710055,354.6952050963075,356.5687668691386,11798800
2023-12-29,350.8787536621094,356.8661836584728,348.7573981902497,355.8649660737051,14987100
2024-01-02,343.2754821777344,350.0856725621482,337.05015209068665,348.2616937741124,19042200
2024-01-03,341.4713439941406,344.92106102147176,340.192565145366,341.97691405684844,15451100
2024-01-04,344.0982666015625,345.11929909621364,340.41064851615806,341.5010789113967,12099900
2024-01-05,348.88616943359375,350.42266406351746,343.24570036981584,343.96932611401303,13920700
2024-01-08,355.5378112792969,355.8550328888557,348.98533664973183,351.61229217973874,13890200
2024-01-09,354.3185729980469,357.50065180494664,352.2665850388887,353.29754033389315,13463900
2024-01-10,367.2450256347656,369.6935252666552,355.95416211609205,357.03470018708344,22117200
2024-01-11,366.4519958496094,369.5349084412359,359.7706477096314,368.8905728121484,17205400
2024-01-12,371.2300109863281,373.7776460956339,366.32311946752475,366.9377174545656,19310000
2024-01-16,364.26116943359375,372.3402157968574,364.03319099664327,370.39728650901986,15306900
2024-01-17,365.1632385253906,365.3317719420293,355.4881921825926,363.1112511531766,12724800
2024-01-18,372.8557434082031,373.5694769229854,367.7208432542545,368.25612070140227,16354300
2024-01-19,380.112060546875,381.0141123293726,374.6797533320612,375.7007859201314,21670800
2024-01-22,378.4565124511719,386.95191580906175,377.84191453997227,384.5728144342601,17680500
2024-01-23,381.8468017578125,384.9991122312808,378.75393630536456,381.2718337835055,15506100
2024-01-24,387.2989501953125,392.70148953741614,384.4340932605351,386.60503162752025,15698500
2024-01-25,389.7572937011719,392.04718233656905,382.3027674759573,386.7735168364553,15091100
2024-01-26,390.7090148925781,393.33594051871705,388.18119456212906,390.91717836621734,13163700
2024-01-29,397.529052734375,399.422429541813,389.6780144066085,391.55154595567524,18742400
2024-01-30,396.5774230957031,402.8225686731587,396.09169829023307,400.0766927751704,18614700
2024-01-31,386.7438049316406,394.53536828693876,383.7302599797155,385.6137142301989,20180800
2024-02-01,391.34344482421875,397.0136535202782,389.62849355752127,390.5107606418227,29727100
2024-02-02,470.8551025390625,481.72960759353555,449.066462419903,455.5990914546295,84707600
2024-02-05,455.4107971191406,467.79206083413476,455.22244866654785,465.7896560115249,40832400
2024-02-06,450.7616271972656,463.0536781539214,449.056598724922,459.9608428440702,21655200
2024-02-07,465.5021667480469,467.41535863754694,452.20889855772646,454.0130625295491,23066000
2024-02-08,465.9085998535156,466.49346021033546,460.98186302371124,464.24323169322327,18815100
2024-02-09,464.0350646972656,469.4673719159905,463.4006516600271,468.832958878752,18413100
2024-02-12,464.81817626953125,474.9789490756288,462.5183648227148,464.1143653554513,19382000
2024-02-13,456.1146240234375,463.8170050865518,451.1284116736069,452.89291546087304,20916600
2024-02-14,469.1600341796875,469.982795609744,462.03262165462274,463.85660058253393,16858400
2024-02-15,479.8164978027344,484.3665380343901,468.1093067569019,471.142666911339,24212300
2024-02-16,469.19970703125,474.7905945088787,465.12546928119934,473.9479877976202,23324600
2024-02-20,467.643310546875,472.03473914380294,462.4984882396242,465.6309833618056,18015500
2024-02-21,464.447998046875,465.41057550181085,458.25576468630754,462.92970889465835,12921800
2024-02-22,482.40948486328125,486.23992842019754,472.41654676636847,476.5645485214587,21625800
2024-02-23,480.3255920410156,490.57652055497664,478.6584567835847,484.3148150393008,18374300
2024-02-26,478.0530700683594,482.41941959747976,476.92181062419036,479.7698406915825,12101400
2024-02-27,483.3223876953125,483.54070515337867,476.2469820474711,476.306520419306,10809600
2024-02-28,480.3155822753906,487.2917775435945,479.0553130170317,481.2880928291256,12715500
2024-02-29,486.37890625,487.936897879875,478.916439479653,484.7018378583035,17732000
2024-03-01,498.4557189941406,500.39080710945973,488.0857144887077,488.3437040291378,16273600
2024-03-04,494.3771667480469,500.5594971142455,492.62072412682585,499.1503515840117,12324100
2024-03-05,486.46820068359375,491.7871644614326,484.15604619661946,491.21161670016596,15325300
2024-03-06,492.29327392578125,499.12062411100493,490.5070619679342,493.8214963331061,11757900
2024-03-07,508.2700500488281,515.8713989915751,497.5427848270461,499.42823746816646,18586400
2024-03-08,502.07781982421875,519.5629636532714,495.52832561465306,510.2547468573878,18597100
2024-03-11,479.888916015625,493.51384651254926,472.3570085263561,493.2062214717345,20428300
2024-03-12,495.9252014160156,498.4656062281619,481.02016674493694,489.48488182788077,15448200
2024-03-13,491.7772521972656,497.14585137802413,487.27198978393096,491.59863706276775,12090700
2024-03-14,488.06585693359375,497.5130167599525,484.4239615573876,496.4313625069967,12620000
2024-03-15,480.39501953125,488.0658397573239,477.61643073962875,485.2674452189563,29153600
2024-03-18,493.1764831542969,493.61311813323977,483.0843037003027,488.14527802239974,11755300
2024-03-19,492.4421081542969,492.82913789689565,477.59661025996246,484.43389344040116,10903100
2024-03-20,501.6510925292969,504.31060469928195,491.3803284187274,495.6771763017406,11711100
2024-03-21,503.87396240234375,511.09821477284595,502.1373557038148,510.7707839758228,9712500
2024-03-22,505.67999267578125,506.06702240568086,500.4801059197025,503.11975164327384,8120600
2024-03-25,499.17022705078125,503.3380953120619,496.41150443106284,501.9190467966136,8380600
2024-03-26,492.0948791503906,506.0968782455196,491.4200602968735,501.2641540771284,11205400
2024-03-27,490.0802917480469,496.0641709946274,484.3346265696149,495.47865983348026,9989700
2024-03-28,481.86370849609375,489.11779090352536,481.4370066733091,489.06815539695725,15212800
2024-04-01,487.5895690917969,493.6230238511937,478.09280367110387,483.4713362423317,9247000
2024-04-02,493.5634460449219,493.7222251422253,480.94079550745505,481.3873636113719,11081000
2024-04-03,502.8616943359375,503.3578676240407,494.93285488293304,495.11146999848677,12099200
2024-04-04,507.0097961425781,525.943758109554,506.67237161008114,512.4676727823381,26476300
2024-04-05,523.3041381835938,526.638408576823,510.47304198515513,512.9043035265651,19263300
2024-04-08,515.2760009765625,527.4223143515474,514.9187707168354,525.2292670059732,13260600
2024-04-09,512.9439697265625,521.845289446962,502.86169458913326,518.2331333714253,10863800
2024-04-10,515.8515625,518.5606494016819,501.928910292975,505.3922206037786,11418500
2024-04-11,519.1561889648438,519.8508439237215,513.3311173792555,517.1218898887405,10369500
2024-04-12,507.98223876953125,516.2088008915841,505.43190063751956,513.787472668167,11984500
2024-04-15,496.40155029296875,514.5615112314049,493.4741157112928,512.7653057412805,13512900
2024-04-16,495.9351501464844,500.90678605584037,493.30540740997316,494.29775401725584,9847900
2024-04-17,490.3879699707031,499.30915689281545,483.41177405310106,499.2496185150052,12193700
2024-04-18,497.9595947265625,508.28995847169983,495.2207382473986,495.9947675129914,14808700
2024-04-19,477.38824462890625,498.95191950753076,472.0891167696375,498.95191950753076,25215400
2024-04-22,478.04315185546875,488.2444739766785,469.7768874878293,485.9719917197624,17271100
2024-04-23,492.30316162109375,494.9428072503399,485.2277254126733,487.4902744828821,15079200
2024-04-24,489.72308349609375,506.09680361298444,480.87133784126775,504.17164864318624,37772700
2024-04-25,438.001953125,442.35833901070566,411.3276713078903,418.1748568844393,82890700
2024-04-26,439.8973693847656,443.023255377978,428.6540645124844,438.0813579966591,32691400
2024-04-29,429.3089904785156,436.3943598912081,425.28006561859786,436.195878453334,21502600
2024-04-30,426.8778076171875,436.2554660770885,426.4312394735651,427.751047303974,18429500
2024-05-01,435.8287658691406,446.5163293249573,423.8412003264866,425.3198175578289,20344900
2024-05-02,438.2996826171875,440.562231878881,428.9716297061358,435.48142162693887,15221300
2024-05-03,448.5009460449219,450.69405376298613,440.453029921028,442.51709745589653,16489100
2024-05-06,462.115966796875,462.592304076786,449.8704131384758,452.093259876696,15094600
2024-05-07,464.65643310546875,467.92126239654385,457.7794773876033,462.7213751109802,13406800
2024-05-08,468.9830017089844,471.94017514787424,459.456468444689,459.95264173674593,11683900
2024-05-09,471.7814636230469,472.4363857703792,464.05107464244514,466.4029313871889,9437700
2024-05-10,472.55548095703125,473.8455194723548,466.0059870918143,473.4386537168411,10750000
2024-05-13,464.42816162109375,469.7272890553807,459.30764931420595,469.13187501336745,14668800
2024-05-14,468.2388000488281,468.9235216998096,456.558859918331,459.82368906593655,10478600
2024-05-15,477.8546447753906,478.8072891405804,467.59378339452235,471.3448527592267,13100500
2024-05-16,469.60821533203125,474.0340729044409,469.1318780385458,471.36465799748123,16608200
2024-05-17,468.2983093261719,469.18148209338233,464.8350292226781,467.22655798949256,10807300
2024-05-20,465.25177001953125,469.57841688472104,463.46555827728747,466.353290478326,11745100
2024-05-21,461.07403564453125,467.0975871671568,458.73208176825443,463.5449691486391,11742200
2024-05-22,464.1999206542969,470.09446225330197,462.0862174173585,464.28922821985554,10078600
2024-05-23,462.2152099609375,470.72953068178265,458.0076699601858,469.26087705798136,11747900
2024-05-24,474.55999755859375,476.1775273800848,462.7312126296393,464.04111742441904,12024300
2024-05-28,476.24700927734375,477.17978725076165,471.2058714243165,472.93254487428226,10175800
2024-05-29,470.7295837402344,476.177587920808,470.0746615435936,471.02730593181747,9226200
2024-05-30,463.47552490234375,468.11973058222674,461.1534372044116,468.06019220156327,10719600
2024-05-31,463.2571716308594,465.52965393072293,450.9818484598858,462.2350557963907,16919800
2024-06-03,473.8355712890625,475.9294383757683,464.65636518199324,467.2563084447153,11279400
2024-06-04,473.33941650390625,475.22489935660434,469.60821371186694,473.3493496612414,7088700
2024-06-05,491.27117919921875,492.84900689624556,480.20651900327624,480.7423947273293,15690500
2024-06-06,489.9811096191406,498.9717681761462,487.13307947431673,489.20708041502814,10667300
2024-06-07,489.1871643066406,495.0916386039483,486.4185391375969,492.11459884745994,9380700
2024-06-10,498.75347900390625,498.81301738575456,489.6338100145634,490.080347878426,11220900
2024-06-11,503.5862121582031,503.71522208261274,494.45660984081775,496.33215975596676,9673700
2024-06-12,504.9456787109375,510.07612434807345,500.60912858458613,510.0562580327931,11983200
2024-06-13,500.2419128417969,505.4616352157157,497.52286264225813,501.8395762858785,9954600
2024-06-14,500.7982482910156,503.76830117284993,497.41098264470133,499.29830731982713,10243300
2024-06-17,503.25177001953125,507.3442927979167,492.70258957460356,498.3248520419291,11266600
2024-06-18,496.15936279296875,502.62596344611273,491.7191677926502,501.195563022246,13060400
2024-06-20,498.3546447753906,500.31150990328194,493.45749528868265,498.652632230771,11801200
2024-06-21,491.4807434082031,500.09294409403304,489.1066959926516,500.09294409403304,22359200
2024-06-24,495.583251953125,504.41395731690596,490.9940631467727,495.87132670955725,13525300
2024-06-25,507.19525146484375,507.3045034181857,492.1959343844585,493.7355866348011,12063200
2024-06-26,509.6984558105469,510.38385724147327,501.3147322130294,503.27159725374554,8882300
2024-06-27,516.0955810546875,519.3934506311559,510.4733485069415,510.8209904621114,10121200
2024-06-28,500.8577880859375,518.4000322459863,500.48031713157917,513.7015919827431,15855100
2024-07-01,501.31475830078125,503.2020829318588,489.8815282371348,501.58297732671764,10328200
2024-07-02,506.1026306152344,507.0959625693369,496.11965660213826,497.4209190368857,7739500
2024-07-03,506.5595397949219,507.87074521081,502.6458095867641,502.9934818232005,6005600
2024-07-05,536.3098754882812,537.2634960736218,508.1886781515911,508.1886781515911,21354100
2024-07-08,525.79052734375,539.1905669814913,523.1383477493558,538.7336124129018,14917500
2024-07-09,526.4659423828125,533.8960460931625,524.6680139481037,530.1909372581625,8753200
2024-07-10,531.1246337890625,535.2866968575805,524.8368259127777,527.2506151441854,10983300
2024-07-11,509.2812805175781,531.8895244068907,504.98013638714235,527.3499903194348,16458300
2024-07-12,495.5434875488281,504.70200901700827,490.93444322689584,494.4409036740209,19750500
2024-07-15,492.8515625,503.30140324613546,490.0801579921721,495.3050935222818,12539200
2024-07-16,486.5240478515625,500.58963142634576,482.55072018571695,498.1559561053816,14075800
2024-07-17,458.9093933105469,475.9748583365877,456.0585356169319,475.9748583365877,28076600
2024-07-18,472.677001953125,476.04438141112735,461.4424203212603,471.83266375516723,19267200
2024-07-19,473.6107482910156,483.46458424586564,472.5379328105717,472.88560505542085,15149400
2024-07-22,484.1499938964844,488.77892449316187,480.6733320174168,483.3354544094365,12023100
2024-07-23,485.4313659667969,491.9178220255653,484.4678328165319,486.5736915826986,9455500
2024-07-24,458.1941833496094,473.1239602274661,457.5087819303117,469.16057574428834,17649700
2024-07-25,450.3865966796875,460.4589658515136,439.69833629849063,460.17092144183493,18240500
2024-07-26,462.59466552734375,466.6375032130232,456.3565425755035,461.10466771737475,14222400
2024-07-29,462.6045837402344,470.7995717926328,461.91918231436165,466.7467910394615,11339600
2024-07-30,460.1014099121094,469.57780482339075,453.6546955153981,463.88600206485654,11390400
2024-07-31,471.663818359375,473.32269613102295,463.6377091692654,467.8792258794459,24285800
2024-08-01,494.4210205078125,523.6547716585801,488.8186442383986,517.5259306837595,43083100
2024-08-02,484.88507080078125,497.8082988081169,472.97500015148046,485.7393217238086,24044700
2024-08-05,472.557861328125,480.25618462225543,447.79407058326694,448.34042139259356,21396200
2024-08-06,490.79534912109375,499.2088714287347,475.4583023384702,475.8059745622405,20955000
2024-08-07,485.65985107421875,506.7482681354804,483.61355944940226,499.77508903606014,20105300
2024-08-08,506.23175048828125,506.55953668319745,491.4211679453795,494.18262946631637,16156800
2024-08-09,514.3174438476562,514.8836502692486,502.32792131826227,504.32449769396317,13696600
2024-08-12,512.5095825195312,514.5657867339853,505.70525325253175,513.4134878308477,9767400
2024-08-13,525.015625,527.9559092747828,514.6949525499102,516.5425353486345,13743800
2024-08-14,523.24755859375,530.4392723612109,519.6417586898049,524.5388780300436,11444200
2024-08-15,533.7469482421875,536.1706800557524,523.1878272447614,528.2438517303515,13482100
2024-08-16,523.9031372070312,530.1015190770014,521.1615312349661,528.3533057155574,14776700
2024-08-19,525.750732421875,528.1148065447744,519.2741890909025,523.3567686125551,9879700
2024-08-20,523.2177124023438,527.5486857302659,522.3734045061494,524.8269052919596,7944400
2024-08-21,531.5914916992188,535.8032700316064,523.4163892745524,523.6349538269176,13423300
2024-08-22,528.3829956054688,540.6009650477762,525.0653012290355,533.4191952832433,15708300
2024-08-23,524.479248046875,536.2700929585844,521.55884980876,533.3397517008707,11323900
2024-08-26,517.6450805664062,524.4792084356696,511.51624012553435,524.0818514507407,9584000
2024-08-27,515.6386108398438,520.5159048538387,511.87390443058763,515.5194158515097,6282700
2024-08-28,513.3341674804688,517.6154262040186,509.03302271484114,514.2181869302751,9106100
2024-08-29,514.7644653320312,523.6846276660798,512.2414239497651,515.5889478445253,8317400
2024-08-30,517.8338623046875,520.0489730917525,511.7646188064961,517.8735737554629,9157500
2024-09-03,508.3475646972656,521.9859928695383,505.22848784642304,516.1750252560046,12459100
2024-09-04,509.3210144042969,513.1453787891634,500.70884337263965,502.6955072728807,8335200
2024-09-05,513.4134521484375,518.1516641667054,507.7415361406705,508.30774253383515,8640900
2024-09-06,496.93414306640625,521.0820696565472,494.9276235238455,518.4000613773472,14744500
2024-09-09,501.4240417480469,507.9204108518389,498.7320903469637,502.78490166446124,11047800
2024-09-10,501.4240417480469,510.751412962104,496.69577198232815,504.77156555740726,9899000
2024-09-11,508.4170837402344,509.6984904565573,492.29532543071457,503.6292467318183,10782500
2024-09-12,522.0952758789062,523.1979204782829,511.7844848502824,513.6022993894097,11970500
2024-09-13,521.1217041015625,524.0619879430583,513.6617728688468,516.8702756870789,10321400
2024-09-16,530.2294311523438,531.0446869851908,514.4402669362904,521.5393768501115,9527600
2024-09-17,533.2520751953125,538.9989800805172,527.5349671432173,534.5247216049645,11690800
2024-09-18,534.8726196289062,541.0868659284195,530.8458001640214,533.9976488950548,10323500
2024-09-19,555.9016723632812,558.8547141847413,543.3936793129712,546.8537527288971,15647000
2024-09-20,558.1387939453125,561.2707987619654,553.1176944195414,556.7965408444652,22066800
2024-09-23,561.1812744140625,570.6965366558616,559.1927153838685,566.2421838477487,12830700
2024-09-24,560.1075439453125,564.5022427843289,551.0198138385321,563.4383563302257,12993000
2024-09-25,565.0589599609375,573.5799422527921,560.4951905177006,560.8233197330189,16543400
2024-09-26,564.5917358398438,574.0970460697704,559.1330900425771,572.436555499505,14400800
2024-09-27,564.1144409179688,567.5745750797583,561.2807684246667,566.8387572234752,9398400
2024-09-30,569.1653442382812,571.3925205491627,561.5690344960939,564.4524692436476,12792300
2024-10-01,573.1722412109375,579.7046644318758,566.8386860157418,574.6736128791929,15259300
2024-10-02,569.5332641601562,572.705018338464,566.0831432657689,571.5715250916941,6524700
2024-10-03,579.436279296875,580.0228702133212,565.4765563823341,566.8884769556879,11581000
2024-10-04,592.531005859375,593.4357736219438,578.1039987005454,580.3908297151592,14169500
2024-10-07,581.434814453125,599.5008565761534,580.698996622439,594.7978731184487,12014200
2024-10-08,589.4984130859375,590.1645633879729,582.6179549512773,586.3167064096679,7857400
2024-10-09,587.132080078125,590.9898899372046,578.2829670054293,590.5921538066963,9529700
2024-10-10,580.4901733398438,586.8535252444071,579.187669721319,584.2087686773417,7740400
2024-10-11,586.5751953125,587.8279971754954,579.3766215385939,581.4844891955055,8587100
2024-10-14,587.04248046875,596.6670986656153,586.585150741633,590.8207303998246,8252000
2024-10-15,582.9163208007812,587.2314602827565,576.821381994876,586.7840223253323,9564200
2024-10-16,573.4906005859375,578.7503793522952,570.7464394262097,578.0742763982156,11268400
2024-10-17,573.6296997070312,581.6236855285798,571.9096154864388,579.9931131702996,8701200
2024-10-18,573.1722412109375,580.6293370312779,571.9592494201094,577.7757598855744,7694300
2024-10-21,571.8697509765625,573.9378692579733,565.8543723443174,572.7348299431258,8171900
2024-10-22,578.6806640625,580.1919884331684,568.8472245196812,571.0047942012734,8544500
2024-10-23,560.4654541015625,581.6535493433651,559.2822589840049,576.6522939692993,14248400
2024-10-24,564.5320434570312,565.6257266322763,558.3078440792799,563.885737507838,7184700
2024-10-25,569.9707641601562,577.9647500652169,568.4494872870167,570.6468669862153,11337900
2024-10-28,574.8526611328125,580.410710743533,570.8357934356153,578.67072146079,10925100
2024-10-29,589.8861694335938,590.2738923162734,572.1084471625843,576.8312747759295,13019100
2024-10-30,588.4146728515625,597.7609256472491,586.0085331392311,597.5421525719394,26864900
2024-10-31,564.3331298828125,586.525453807229,559.7892656536117,581.6534603775302,26838400
2024-11-01,563.9155883789062,570.3883582518947,559.3419265164682,564.3630263338429,15303200
2024-11-04,557.47265625,565.4368452329544,554.6986381254013,560.87307535209,12064600
2024-11-05,569.1554565429688,570.1994379718212,563.4283964137084,564.0547974082218,9775400
2024-11-06,568.7775268554688,569.722104436324,551.994085485955,559.53074043899,18305400
2024-11-07,588.3152465820312,591.3974890420855,571.9195858236583,573.5899682554951,14653700
2024-11-08,585.9688110351562,589.7072516411704,581.1763757138644,588.1561777738406,9415700
2024-11-11,579.8340454101562,583.6421534545929,573.2121696554306,583.0057999151439,10209100
2024-11-12,581.4745483398438,596.2296222338206,577.059944903041,585.1732389751623,16287700
2024-11-13,576.6821899414062,582.2899416634106,571.8798022986036,579.2772452314994,10757600
2024-11-14,573.8583984375,577.4378414789874,569.7321744285508,573.6993404002395,11053700
2024-11-15,550.910400390625,569.2946185704093,548.3451422976771,567.9523048385856,17712900
2024-11-18,551.228515625,556.6970522455416,546.9431739007064,553.8533670815018,14327300
2024-11-19,557.8803100585938,558.2183311036446,547.4502671516217,548.7030690284671,9522400
2024-11-20,562.284912109375,563.1101203268514,551.0296618909093,559.7097017322158,9797300
2024-11-21,559.8689575195312,566.7394032323083,545.9092323271811,566.2621684175319,11154700
2024-11-22,555.9414672851562,560.6046406773982,551.4175075908335,560.32621328156,9164000
2024-11-25,561.8773193359375,569.3145718667378,553.207230520728,558.8845280879963,13599800
2024-11-26,570.2590942382812,574.1964632618979,561.9668364413141,562.7622479761632,10356600
2024-11-27,565.9439697265625,571.6908743519631,560.8731072719025,571.601423170664,7200200
2024-11-29,571.0346069335938,575.1509386081322,563.6570700717043,565.7450327371056,7130500
2024-12-02,589.438720703125,591.0991504414684,572.2774471807156,574.1963992934365,12522400
2024-12-03,610.1397094726562,610.6865511232141,587.8678218422003,591.5963703951107,14907200
2024-12-04,610.2689819335938,614.2461004633882,601.6385813202486,609.4536653526643,14697000
2024-12-05,605.4465942382812,616.3538716503245,603.5773439679037,613.5499962447583,8081200
2024-12-06,620.2017822265625,626.1873039273537,605.0489714012239,606.6099369109293,16935500
2024-12-09,610.0601806640625,622.8168057440383,602.7024868767651,620.3509509110658,11426000
2024-12-10,615.7772216796875,622.0113739130567,609.234845211511,614.0272799520044,10938900
2024-12-11,629.060791015625,634.7481017123007,617.9746102226054,619.804050647096,10837200
2024-12-12,627.1815185546875,633.017934128409,623.6220417827839,627.887478818055,7474700
2024-12-13,616.8012084960938,627.4698678453126,613.3610405721996,623.6319031965186,8453300
2024-12-16,621.169677734375,628.0457250425881,615.5375430599308,626.8814359361309,10885600
2024-12-17,616.3932495117188,629.2596452404018,613.5074890422593,623.0901281665253,12897800
2024-12-18,594.2527465820312,624.2743396016706,593.3870305020766,617.9456355913278,17075500
2024-12-19,592.6407470703125,608.512310503509,592.0735432784724,607.3878634532757,14958100
2024-12-20,582.3715209960938,600.1436642411298,577.1473424651591,587.675323062813,48989400
2024-12-23,596.899658203125,598.1336103729398,583.3665730831542,586.7000720639313,10205800
2024-12-24,604.7608032226562,604.9996130735921,596.3324917694366,599.7555139461255,4726100
2024-12-26,600.3823852539062,603.3178877600023,595.9941026607926,602.5019136601244,6081400
2024-12-27,596.8598022460938,598.8897465400247,586.8990272114817,596.4617453720124,8084200
2024-12-30,588.3319702148438,594.0039468527602,582.6998357068834,585.8542270232425,7025900
2024-12-31,582.6303100585938,591.0486625750132,580.9784403848262,589.3570722318344,6019500
2025-01-02,596.2926635742188,601.9347590067932,584.9288491785778,586.8194676993116,12682300
2025-01-03,601.6561279296875,606.5021699414652,593.4765264756181,601.7854933825649,11436800
2025-01-06,627.100341796875,627.8864342776167,602.6412227555535,608.8207004232554,14560800
2025-01-07,614.8509521484375,628.9910220723464,605.2384303850833,628.5930258941997,12071500
2025-01-08,607.7161254882812,613.4080230721381,599.82513672869,610.382997271492,10085800
2025-01-10,612.8309326171875,626.811816790901,594.4020628949343,607.0296506844576,19256600
2025-01-13,605.3380126953125,605.9748187670136,595.5066015316934,604.1140210154849,10785000
2025-01-14,591.3272094726562,602.5119163465189,585.6552325061541,602.0939991024484,13598000
2025-01-15,614.084716796875,619.3984789584875,603.5169556717734,607.2087300599234,15524300
2025-01-16,608.2933349609375,613.2190007447427,606.7111893194766,608.4923634164871,8355300
2025-01-17,609.7561645507812,621.8961113451103,600.7008856525179,620.9806532892833,17280600
2025-01-21,613.427978515625,618.4431675349931,606.0146090104106,614.791235345522,11674000
2025-01-22,620.433349609375,630.5831936184607,616.3833603918935,620.2343211513619,12274000
2025-01-23,633.3197021484375,633.4689279487995,618.0949656788501,624.27438359991,9910200
2025-01-24,644.305419921875,648.7932479651176,631.0808064099955,633.2699982280365,19065300
2025-01-27,656.6343994140625,660.6047649681485,622.0254349357211,623.5280177511174,28399200
2025-01-28,671.0133666992188,679.222789585596,656.2264085295512,662.7243202820943,20950100
2025-01-29,673.1627807617188,677.7003506905008,662.3959899394188,671.6801188096443,21377800
2025-01-30,683.6209716796875,707.2939380483791,672.7745593343109,693.3926790288638,29322900
2025-01-31,685.790283203125,701.8309926464267,682.2080139805101,687.6013388802664,19303900
2025-02-03,694.0296020507812,700.5374135449807,671.9288188867163,672.5855459885331,21415700
2025-02-04,700.7265014648438,704.2292080677055,688.2083581609453,699.0448111623289,13826300
2025-02-05,701.4031372070312,714.6078889974233,695.5719738179728,700.0896222542642,17778200
2025-02-06,708.4881591796875,715.364207246352,700.0399258686745,702.4082250040422,13080700
2025-02-07,711.0056762695312,721.4440718312758,708.249280988419,713.2744305821955,16427100
2025-02-10,713.8715209960938,717.652818700605,707.8313687608933,715.0257888589608,12904300
2025-02-11,716.2597045898438,720.1007048878689,706.5476987131067,709.8115954275665,12998000
2025-02-12,721.812255859375,723.523766963731,709.0950845634602,711.7818168815365,12016500
2025-02-13,724.9766235351562,725.4144618537392,714.5083460221898,717.9712711727863,12569100
2025-02-14,733.0466918945312,737.2658278537506,722.0510531620941,722.5685149916063,16901200
2025-02-18,712.8466186523438,733.375157429416,702.9654654069245,732.3800758046814,21938700
2025-02-19,700.3085327148438,703.5226265523086,691.9697448143099,700.6368658835008,17535500
2025-02-20,691.4224853515625,702.1593933249234,690.228375354197,693.8504867433877,12587400
2025-02-21,680.18798828125,700.4080528713276,679.0038387952945,693.1539301625503,15660400
2025-02-24,664.8438720703125,683.8897484077801,659.1918158891808,682.9046273446285,15677000
2025-02-25,654.26611328125,664.7144694629277,638.703023401866,662.6944247816905,20579700
2025-02-26,670.3865356445312,679.650743596255,654.7637412221762,656.4056502775858,14488700
2025-02-27,655.00244140625,685.2629040436697,654.3357538023921,679.0933865536915,12500000
2025-02-28,664.9134521484375,666.3364113660828,639.4393300085176,654.8033903750937,17534200
2025-03-03,651.8281860351562,677.8993359462462,647.6389313945824,670.3665609910959,10843800
2025-03-04,636.8522338867188,646.5542796373367,620.5826737681288,642.3351433054311,21495200
2025-03-05,653.2411499023438,656.256276123591,634.523668550264,637.847267619745,13770000
2025-03-06,624.8416137695312,647.3603163884869,621.0403945748483,644.8129097915485,13446500
2025-03-07,622.582763671875,631.6678640718745,597.6559802759192,622.2942118555259,21375700
2025-03-10,595.048828125,607.109212093194,583.9835257431913,605.0792675215534,21999900
2025-03-11,602.7308959960938,611.9055191678449,590.4117809661785,592.1232921602733,17401500
2025-03-12,616.5126953125,630.2149870827395,606.352891273559,626.8018648059933,15747000
2025-03-13,587.7349243164062,617.4480419437915,583.625233054342,617.1992715803975,16480300
2025-03-14,605.1494750976562,606.4044031406513,592.381232702444,600.3688460487675,12364500
2025-03-17,602.4603881835938,610.6272679434014,595.5881924170304,605.01006095703,15473900
2025-03-18,580.01123046875,597.8290917063831,572.34227369431,597.6298861819188,20297700
2025-03-19,581.7044067382812,589.9311027976759,572.4518964146898,581.9235510596104,20537500
2025-03-20,583.6365966796875,607.7390075399582,577.1727812993547,580.4096736870833,24336500
2025-03-21,593.8452758789062,595.1300513212973,578.6069941650959,581.0670032780688,25015900
2025-03-24,616.3540649414062,620.0291850741187,609.7309218178737,612.4897086743648,15741300
2025-03-25,623.7839965820312,631.3234729455945,618.674681768664,624.2321938231848,15312500
2025-03-26,608.5158081054688,624.2222248223229,604.163437823038,622.3697410659778,12609800
2025-03-27,600.1497192382812,611.7726353131792,597.67968012305,599.5720414465346,10436500
2025-03-28,574.4139404296875,599.3230823357646,571.605306475786,597.8888875675808,17602800
2025-03-31,574.035400390625,576.365989409716,551.0684088090011,561.2272821521618,21124700
2025-04-01,583.6365966796875,587.5308004666896,567.7011264631773,568.5377653967017,12836600
2025-04-02,581.5750122070312,590.2697848019704,571.0476335559673,572.5913702725657,13470800
2025-04-03,529.4758911132812,550.3314393515183,528.1612075786397,544.016982785148,34777500
2025-04-04,502.6943664550781,515.9108358048159,492.2068365877987,504.5767280238223,38589800
2025-04-07,514.1679077148438,537.1946573822175,479.95643891438516,483.14354512484755,36606100
2025-04-08,508.3912658691406,545.2220987278512,500.83185110030036,541.0589647931961,28034200
2025-04-09,583.4075317382812,585.5189766353849,500.0849095170737,507.21603593950647,39216600
2025-04-10,544.086669921875,578.9554765876964,533.1410047447706,573.1689120321386,28173500
2025-04-11,541.3777465820312,545.1923169106578,526.4581815568449,533.3502556297472,17642300
2025-04-14,529.3364868164062,555.5204964254532,526.1494412576809,553.926912857093,14130900
2025-04-15,519.4166259765625,535.7703838427552,515.4128199804695,529.9638803667925,15558700
2025-04-16,500.28411865234375,511.2995098605443,493.6310672206579,506.4591254364096,18735100
2025-04-17,499.4574890136719,505.25399323772916,496.00148267523775,503.212273262548,14593500
2025-04-21,482.7052917480469,491.50963495584347,477.8648771062618,489.3483735420339,16166000
2025-04-22,498.2622985839844,504.8356859267328,484.3984265448332,489.886213659528,17399400
2025-04-23,518.1716918945312,533.1809196011152,514.4368162114096,526.398387792126,18173900
2025-04-24,530.9998168945312,531.746792125581,515.4129094243589,516.6379293508005,13910000
2025-04-25,545.0628662109375,547.6423866360049,534.0872906869056,544.5947301221067,17098900
2025-04-28,547.5227661132812,556.2374754096683,538.409706579595,553.3989944115831,15179000
2025-04-29,552.203857421875,554.3252716550422,541.9254723342877,543.7978948573555,11835000
2025-04-30,546.7858276367188,546.8854000110363,527.3644731031741,536.2286028212618,29244000
2025-05-01,569.9022216796875,590.5585647326062,568.1990964565776,589.6920784232152,31159000
2025-05-02,594.6121215820312,601.9026058918658,575.9974995584959,581.1068141330562,24739300
2025-05-05,596.8530883789062,600.7772002962906,585.6783084359005,588.8355064073843,13887700
2025-05-06,584.9412231445312,593.6260847202794,584.2141868774198,590.1402011332192,10600700
2025-05-07,594.4030151367188,600.6477471780503,584.3038959778277,587.9790163444538,13139100
2025-05-08,595.59814453125,608.8345220578558,594.2137360230962,603.8447184228645,14622800
2025-05-09,590.1004028320312,604.5219836999701,589.3235802814015,601.2850913628599,10427300
2025-05-12,636.85107421875,637.8072242767122,618.5253206919152,628.3753866174048,21965100
2025-05-13,653.3841552734375,658.254386921773,640.2373808266427,642.9364120582926,18570800
2025-05-14,656.70068359375,659.9973314154452,651.671063189936,658.5432587283299,12348200
2025-05-15,641.283203125,654.6590319374474,636.0045904601806,651.6412836963046,14341800
2025-05-16,637.7574462890625,637.8570186595293,623.6246741050281,635.3870402976211,18519000
2025-05-19,637.8471069335938,640.4067492915384,625.2680394833011,625.7162367689098,9592400
2025-05-20,634.5304565429688,636.7713819580241,629.7100110253076,633.4448867170665,6743500
2025-05-21,632.9369506835938,644.0021281038256,627.6284302053292,629.2418916838421,11464600
2025-05-22,634.0025634765625,640.6556140942819,628.166212891271,631.4927078056375,8228400
2025-05-23,624.5309448242188,629.8992205141227,620.1387579436545,621.4832888202177,8454100
2025-05-27,639.7294311523438,640.4863756807556,630.1980211513535,632.8472662118028,9508400
2025-05-28,640.984375,648.2549209907568,639.958499945528,640.0082861312126,9042900
2025-05-29,642.4483642578125,650.6850290446924,636.9207607437914,649.021781530125,8858800
2025-05-30,644.8786010742188,646.790840509364,630.227966818394,639.9087359485001,16241000
2025-06-02,668.1941528320312,670.5446198991036,641.6615825955165,641.7910631431,15766300
2025-06-03,664.1605224609375,672.8553550898889,662.3479161440031,668.7420068089284,11585000
2025-06-04,685.1754150390625,686.2211680866209,665.8735723856402,666.6205475323237,14031900
2025-06-05,681.85888671875,691.5795338523676,679.4984499163488,688.8704721449504,13083100
2025-06-06,694.89599609375,699.9754022986715,689.0795234172199,693.3621683649559,11728000
2025-06-09,691.2608032226562,702.3459199881064,691.1412920544841,695.6430820189607,12773200
2025-06-10,699.567138671875,700.3937473880201,688.7708312874433,698.5213248498013,10850100
2025-06-11,691.3404541015625,706.0110265671628,689.1991010267074,700.871864292101,9582500
2025-06-12,690.5634765625,692.5753488073583,684.2291427560363,690.5037209903252,7322700
2025-06-13,680.1158447265625,691.7686684593297,678.2633610655403,685.175373097979,9274400
2025-06-16,699.8262939453125,704.839891030923,691.2444358848513,697.0454302800655,13720300
2025-06-17,694.9522705078125,703.6637089538638,693.7861096962511,699.7067073456836,10066100
2025-06-18,693.4970703125,699.2980647722242,692.6299173050131,695.8991705300261,10068300
2025-06-20,680.120849609375,699.5272759324512,676.4528788689065,698.4607641474819,22538600
2025-06-23,696.248046875,696.7663067524254,676.5326356722177,681.4564999402276,11080100
2025-06-24,709.8734130859375,710.860169242287,699.8163481052391,702.5872956643889,13823200
2025-06-25,706.3648071289062,714.2390229657091,703.0756000608375,710.9896633208298,9320400
2025-06-26,723.7179565429688,725.8409420571106,708.7270519250135,712.026236021567,13964800
2025-06-27,731.2333984375,733.0275060697373,723.4887618360168,724.1466398304902,18775700
2025-06-30,735.6788330078125,745.4567832484664,731.851350759088,742.1176905331245,15402100
2025-07-01,716.8704223632812,735.3399177465482,713.0330238804761,734.4727647300622,13431200
2025-07-02,711.2389526367188,717.9469479430355,710.4714485666279,712.9932128907722,9336700
2025-07-03,716.6611938476562,726.6484806198991,712.0861613983789,724.2363423193813,8601700
2025-07-07,716.0032348632812,724.6250009558648,711.1790804792781,715.2556849998467,9457100
2025-07-08,718.315673828125,720.5483463866185,712.4748320749653,719.2127580119818,7770700
2025-07-09,730.38623046875,735.1207134732275,720.3590354295591,720.3590354295591,11418000
2025-07-10,724.8642578125,733.3962917497249,717.2492014044612,729.1601755610233,9913600
2025-07-11,715.1660766601562,722.791049443565,707.3815924903404,720.1397657932962,10873900
2025-07-14,718.5648193359375,725.6217068153527,714.2091004956787,715.2556580979717,8939400
2025-07-15,708.0692749023438,722.1032338104419,707.5011297082585,721.5351494521201,11529500
2025-07-16,700.6136474609375,711.6375132851348,696.985585155631,711.0394977501286,13067600
2025-07-17,699.1185913085938,703.5939743779064,694.8326508122145,702.0888975460598,11803300
2025-07-18,701.9793090820312,702.4078970710398,689.3905635084973,699.896109861645,12779800
2025-07-21,710.6408081054688,714.6576719200774,703.4544009949688,704.4909815749821,9404400
2025-07-22,702.507568359375,714.2590316242121,699.1186509323247,713.8503977542969,8921100
2025-07-23,711.2489013671875,712.2954590710364,702.6271347622425,704.062433018762,8771600
2025-07-24,712.4649047851562,721.256099225235,711.6675303636672,714.7075545657141,10920800
2025-07-25,710.3517456054688,718.2957401275581,709.5743254141869,714.5778842585692,8271700
2025-07-28,715.28564453125,722.3724029167645,710.3518030699777,712.8635901780652,8715700
2025-07-29,697.7131958007812,722.1032264585367,697.6234630507284,717.6478585379464,13267000
2025-07-30,692.9389038085938,706.1854660197899,688.9419939778502,705.7768321791035,27077300
2025-07-31,770.913330078125,782.1863801577031,763.0092430876867,772.667590247117,38831100
2025-08-01,747.5598754882812,763.497629588928,742.8752172910131,758.2448261685668,19028700
2025-08-04,773.8338012695312,774.3122137700193,755.9324499017634,757.5172825632864,15801700
2025-08-05,760.9660034179688,780.571729784316,760.5074842133715,773.9135588479829,11640300
2025-08-06,769.468017578125,771.1126516160077,757.9757159507556,767.4845283360178,9733900
2025-08-07,759.3411865234375,772.4681442766814,757.0686058784653,770.963067577982,9019700
2025-08-08,766.786865234375,767.3849416766147,756.101914160301,760.2582747146965,7320800
2025-08-11,763.3681030273438,770.9333352985195,762.1720109386977,767.5643719861222,7612000
2025-08-12,787.419189453125,791.077183084039,769.9065806861354,770.4747258826147,14563100
2025-08-13,777.5316772460938,792.861439232817,775.687684264025,788.5655214330485,8811800
2025-08-14,779.574951171875,785.2363885099581,769.9863825490937,775.3388350252033,8116200
2025-08-15,782.6648559570312,793.6488761977264,778.2692889489064,781.5884278136772,13375400
2025-08-18,764.8631591796875,773.2755899130946,754.0884756033142,772.5579712024165,16513700
2025-08-19,749.0250244140625,764.6637703117248,746.9119549568848,764.613945820292,12286700
2025-08-20,745.2772827148438,747.7492222984731,728.6119336256934,745.1278092436016,11898200
2025-08-21,736.6854858398438,743.0646026719377,730.7150636889187,742.2772053426181,8876300
2025-08-22,752.32421875,754.4273720053774,731.9908982789533,736.81505282597,10612700
2025-08-25,750.839111328125,756.40089964729,747.6794841015795,752.354165267511,6861200
2025-08-26,751.6364135742188,752.4039175360126,745.4965643871512,748.3472064798697,7601800
2025-08-27,744.9384765625,751.6863799088018,740.4133296583533,749.8423869559551,8315400
2025-08-28,748.65625,750.5899148175357,738.3799332684189,741.5694916361576,7468000
2025-08-29,736.2868041992188,744.6992345800578,732.9477115811937,742.8453254860702,9070500
2025-09-02,732.70849609375,733.5956032036421,719.3722015925617,723.6681190637612,9350900
2025-09-03,734.6422119140625,737.8317704037993,731.5922106765231,733.5956541941185,7699300
2025-09-04,746.204345703125,758.6734271200463,743.3835736708148,746.1245900119145,11439100
2025-09-05,749.9918823242188,755.4739147328357,742.596139272426,750.1613099282893,9663400
2025-09-08,749.8423461914062,764.0059463353695,749.5632925404257,753.5302710608411,13087800
2025-09-09,763.1986083984375,763.7966239723705,750.9686728075005,755.0154070864886,10999000
2025-09-10,749.5234985351562,763.198711247707,748.5467193541789,762.6305659580242,12478300
2025-09-11,748.447021484375,754.6267189634892,745.9252571616319,752.184771170502,7923300
2025-09-12,753.1216430664062,755.095155276553,741.330272625368,746.2840072815898,8248600
2025-09-15,762.201904296875,771.5412896866574,749.5334031898147,754.995481759339,10533800
2025-09-16,776.4552001953125,778.8074760600178,762.6005837137456,764.4944012192615,11782500
2025-09-17,773.1858520507812,780.7311297077449,763.8066193659058,777.4419223006557,9400900
2025-09-18,777.7010498046875,786.2032128794,770.8335437165625,778.1994163857863,10955000
2025-09-19,775.8372192382812,788.2166289656076,766.6772383880447,783.8509325355676,23696800
2025-09-22,763.1751098632812,783.6917575585782,762.4868973227559,779.8218176027002,11706900
2025-09-23,753.4404907226562,768.6010126974617,749.1217058463387,767.2545389947088,10872600
2025-09-24,758.686767578125,759.1356124217834,750.5779133776451,755.5349916265823,8828200
2025-09-25,746.96728515625,754.806942419776,742.6186096970315,751.4955472633491,10591100
2025-09-26,741.8206176757812,749.9793904076555,735.4371957410184,748.0544043789391,9696300
2025-09-29,741.4716186523438,748.832479543402,737.2326433015477,746.7777648139662,9246800
2025-09-30,732.4749145507812,741.0425967294805,724.4158582201331,740.3244937368279,16226800
2025-10-01,715.4791870117188,719.9774365591268,708.3576941566364,719.618385039583,20419600
2025-10-02,725.1639404296875,725.8821043267139,716.2770807321521,720.7055653205383,11415300
2025-10-03,708.7167358398438,729.1037149276121,708.3377167266436,727.7372737109582,16154300
2025-10-06,713.8035278320312,715.0203947681905,688.718804278428,703.3607165744016,21654700
2025-10-07,711.230224609375,716.636147605649,703.9192222306009,715.8581417735932,12062900
2025-10-08,715.9779052734375,717.7832075860277,705.9738944950672,711.599278595462,10790600
2025-10-09,731.6072387695312,731.6072387695312,710.5918883665408,716.4167658258609,12717200
2025-10-10,703.4703979492188,733.3626856542741,702.6824691715568,729.0239332852144,16980100
2025-10-13,713.8433837890625,718.072374881022,705.8042950194317,711.1603595995662,9251800
2025-10-14,706.8117065429688,713.6937706407739,697.5158763660478,705.9439682909708,8829800
2025-10-15,715.6885986328125,722.0221626881838,707.6694770310874,715.1998794771447,10246800
2025-10-16,710.2228393554688,723.6080097298942,702.0540824517458,715.6886043056783,9017000
2025-10-17,715.0602416992188,716.6760344343375,704.2882698394852,705.2458014471516,12232400
2025-10-20,730.2706909179688,731.8665769499745,718.3118034233538,719.3191931642514,8900200
2025-10-21,731.3678588867188,736.5842723709278,726.8595646449745,734.110725168398,7647300
2025-10-22,731.5074462890625,738.6787972623451,722.1518348008319,731.9264006052239,8734500
2025-10-23,732.095947265625,740.4841042897723,731.1982575844598,732.7941435868839,9856000
2025-10-24,736.444580078125,739.2872233202683,729.2533227506186,734.8786455644157,9151300
2025-10-27,748.872314453125,753.7895182960361,746.069606274355,747.7851152228061,11321100
2025-10-28,749.49072265625,756.4326899204912,743.5860965317024,750.6776381609803,12193800
2025-10-29,749.7200927734375,757.1906533932021,740.5838813084906,752.7921200604676,26818600
2025-10-30,664.7410888671875,679.1935516668058,648.4833846789722,667.414190282622,88440100
2025-10-31,646.6680908203125,673.1392823636344,643.8953340746643,672.7602632515434,56953200
2025-11-03,636.0557861328125,657.6196984387726,634.5297257704245,654.298319497033,33003600
2025-11-04,625.6926879882812,640.0752642850032,624.3860886703497,626.410791028598,27356600
2025-11-05,634.30029296875,640.5639703518489,624.9146693781357,630.6697208898194,20219900
2025-11-06,617.3344116210938,634.3501538797125,616.3968476378337,634.2005186436334,23628800
2025-11-07,620.0972290039062,620.5161224262619,599.640424749484,614.8907386759073,29946800
2025-11-10,630.1211547851562,633.3527401283538,616.5065400363918,629.4529098843899,19245000
2025-11-11,625.4533081054688,627.9268552540688,617.7832543081277,626.3709044869131,13302200
2025-11-12,607.43017578125,627.3583261459861,606.1934022078184,626.5005716840028,24493300
2025-11-13,608.3079223632812,616.0478021853295,601.4357808374693,611.4796659420805,20973800
2025-11-14,607.8790283203125,612.088052043071,593.6560102918138,600.2288811530552,20724100
2025-11-17,600.4483642578125,610.1032465254069,593.855525554584,607.4600964135232,16501300
2025-11-18,596.1395263671875,602.0940102850205,582.2656372803878,590.0652977363707,25500600
2025-11-19,588.7886352539062,593.7856483585136,579.7421567881397,592.1797786556917,24744700
2025-11-20,587.6217651367188,605.1461348624172,581.8367616757555,601.9345167857809,20603000
2025-11-21,592.7084350585938,596.5683908845805,580.3505617853443,586.9733513369498,21052600
2025-11-24,611.4596557617188,615.1002115339802,596.0796743085915,597.1668126146857,23554900
2025-11-25,634.569580078125,635.3974440566444,616.696082618217,622.3813086708644,25213000
2025-11-26,631.9663696289062,636.7040478933542,629.9915253276793,636.0358029520913,15209500
2025-11-28,646.2691650390625,646.3688812783262,633.8514494094911,634.4299618769652,11033200
2025-12-01,639.2075805664062,643.6460494571635,636.1056625060893,637.890997336621,13029900
2025-12-02,645.4213256835938,646.1893476978298,636.4147821721649,640.6737247939117,11640900
2025-12-03,637.9408569335938,647.1668624868771,635.8961867971512,642.7383773862279,11134300
2025-12-04,659.81396484375,674.3461154685141,658.3377626918029,674.2463992276428,29874600
2025-12-05,671.673095703125,672.9398207362489,660.6717397649775,662.2775487290173,21207900
2025-12-08,665.0702514648438,674.9545781663558,663.344758713728,667.603701448277,13161000
2025-12-09,655.2557983398438,662.7562492699393,651.6451938720459,662.0481300460407,12997100
2025-12-10,648.4434814453125,652.8121240146866,641.730959438269,648.2639556943986,16910900
2025-12-11,651.016845703125,653.5801862453618,639.1377070000864,641.6212380225077,13056700
2025-12-12,642.558837890625,709.1556549538686,636.9534211280841,648.1143965293088,14016900
2025-12-15,646.3570556640625,651.8372704406642,637.5627451568915,644.5502809809109,15549100
2025-12-16,655.9799194335938,661.3602758295988,642.054746271156,642.3541999133257,14309100
2025-12-17,648.343505859375,660.0526000253047,648.0440522221027,654.4426118233187,15598500
2025-12-18,663.266845703125,669.3659511843067,655.2910830082761,655.8600753372949,20260300
2025-12-19,657.5969848632812,669.8051880946751,657.0080086354003,665.2333263832898,49977100
2025-12-22,660.3221435546875,672.3806511570199,655.4808037586267,660.4719008376494,15659400
2025-12-23,663.7559814453125,664.8140915262984,657.0778915122911,658.8746741689592,8486800
2025-12-24,666.361328125,666.9902112020924,661.0208788671576,661.3503083186049,5627500
2025-12-26,662.1089477539062,667.7589038803495,660.1424847097468,666.8704739599774,7133800
2025-12-29,657.5171508789062,659.0743707339258,653.2248195668056,656.8383689858442,8506500
2025-12-30,664.7642211914062,671.0230153954109,656.6686764849229,657.5171386037911,9187500
2025-12-31,658.9146118164062,663.8158418258488,658.2657448936569,663.5662869980947,7940400
2026-01-02,649.2518310546875,663.2069792218492,642.3541620430398,661.5499009554064,13726500
2026-01-05,657.616943359375,663.3567049684374,646.5966230035071,649.8508280292294,12213700
2026-01-06,659.4436645507812,664.3349637543794,650.7392210314413,658.3955464147172,11074400
2026-01-07,647.534912109375,657.9763084361789,643.6618161601232,654.4725487720359,12846300
2026-01-08,644.9096069335938,645.9477331499952,634.5879917891143,644.7299347572825,11921700
2026-01-09,651.8971557617188,653.7838050409127,641.7053138036724,644.2907288447692,11634900
2026-01-12,640.8268432617188,652.8054753941815,640.0881706951194,651.3680980277007,14797200
2026-01-13,629.96630859375,641.1263941859123,622.9887038024194,641.1263941859123,18030400
2026-01-14,614.4240112304688,627.3309804807691,613.7252454803604,625.3844405077801,15527900
2026-01-15,619.694580078125,623.0585745209008,613.1362714280776,617.378703801015,13076100
2026-01-16,619.1455688476562,627.9598630097294,618.9758886129073,623.0685636897582,17012500
2026-01-20,603.0443115234375,610.3113781504126,598.9316523845154,606.7976262932837,15169600
2026-01-21,611.8685913085938,617.169133937088,599.0115204374271,605.659634898437,14494700
2026-01-22,646.476806640625,659.3937675491238,625.4343255489129,628.2293275614567,21394700
2026-01-23,657.5870361328125,665.3032527677875,643.3025186421843,643.6219561683764,22797700
2026-01-26,671.1627197265625,674.0775639748149,660.1124246688775,663.9456136216552,16327400
2026-01-27,671.7716674804688,675.6148486525956,663.4764668627315,673.3888389297905,13297400
2026-01-28,667.5391845703125,676.4732596455591,664.9138628916613,673.2989295276801,25709600
2026-01-29,736.995361328125,742.6752321400184,711.2812198864386,736.1169233837337,59852900
2026-01-30,715.2241821289062,730.8662626744616,712.3193905555435,726.2045952530067,23744600
2026-02-02,705.152099609375,720.0156002559207,702.2672920108814,713.3275184694113,14365200
2026-02-03,690.4683227539062,715.7232596178901,685.1877035052055,706.1104025957663,13760700
2026-02-04,667.798828125,687.6035290584308,666.2715840299333,686.5054510943589,16882800
2026-02-05,669.0166625976562,680.2865379695924,652.3363940764909,662.3984629374214,17131800
2026-02-06,660.2822265625,670.7934451675868,645.3488423980709,664.3050190645899,18159300
2026-02-09,676.0140991210938,682.0932819515241,657.6069922476072,661.9991209626965,14837500
2026-02-10,669.525634765625,679.4380062536881,668.5972981068446,676.39338857878,10455800
2026-02-11,667.4993286132812,678.0605068549233,655.9299390360635,672.7998711552045,14323800
2026-02-12,648.6529541015625,674.7963229561075,644.1310518439949,668.7770306530766,14960100
2026-02-13,638.6307983398438,650.2700088851722,633.4400456540794,643.9512634857649,12336400
2026-02-17,638.1516723632812,641.4557762130754,627.6803603746322,638.3613203754355,12674700
2026-02-18,642.0746459960938,643.8515057528024,627.0315334227189,632.67143641335,14649200
2026-02-19,643.6318969726562,646.0375787806976,635.5861905818066,637.432932921519,10035700
2026-02-20,654.4925537109375,662.1688639053526,637.642665037141,638.5510179511008,14183500
2026-02-23,636.1153564453125,656.5289567660449,634.8675821094057,651.3781101885919,8605900
2026-02-24,638.1616821289062,639.9684568961466,627.8600500948714,631.9527863953055,10135600
2026-02-25,652.5260009765625,652.7156650876909,640.9965798171046,641.3858999809694,11330700
2026-02-26,655.8401489257812,659.823034651462,646.3470725216666,649.3916295582877,10637700
2026-02-27,647.0258178710938,648.2835840137412,636.9837335400734,642.3042597917192,15703000
2026-03-02,652.396240234375,658.764884603327,633.3701817354564,636.0254184162494,9816100
2026-03-03,653.91357421875,657.866484005116,637.7025010942567,647.1356255764312,12263800
2026-03-04,666.541015625,671.5720803574089,656.4989309709863,656.788453587829,10810100
2026-03-05,659.393798828125,669.5057662619517,649.1520579976961,660.751362594833,13341400
2026-03-06,643.7117309570312,648.3135076492586,634.9773114336934,646.7463568472266,13159400
2026-03-09,646.2372436523438,646.5965879982328,625.6639573427893,633.6497121926325,13489700
2026-03-10,652.9053955078125,659.1242831137364,647.8444156429986,652.3962938458964,9859300
2026-03-11,653.6939697265625,657.9463943013674,647.2055433479961,653.5941721528687,8977200
2026-03-12,637.043701171875,652.3364309343367,635.7660119177681,647.5948883988538,11617500
2026-03-13,612.6171875,628.0496188589474,608.4645611002024,622.7790526456299,18957600
2026-03-16,626.8690185546875,634.1622468505053,622.5230098937741,631.4147932406764,15134900
2026-03-17,622.0834350585938,635.9605885584036,621.1243629754691,627.4085169382369,10348800
2026-03-18,615.1099243164062,622.0735023862151,614.04090772979,615.769347359454,11726300
2026-03-19,606.1382446289062,612.4323990135786,601.7023533616688,611.5832104537112,13247700
2026-03-20,593.1102905273438,603.400802317344,586.7062525156723,602.9712077810872,21214900
2026-03-23,603.5006713867188,608.0764476338709,598.4553596033379,605.2290499891692,13638000
2026-03-24,592.3709716796875,600.443507118967,590.4527665679026,598.5452420228083,10739700
2026-03-25,594.3391723632812,603.1110107561809,592.850561795072,598.1855830392399,12585000
2026-03-26,547.032958984375,582.460145169462,542.8468364624507,581.9506076701073,35780100
2026-03-27,525.233154296875,543.0966023049141,519.7782492802263,539.599843303006,30133000
2026-03-30,535.8833618164062,539.0504095872608,528.0505941707193,535.8833618164062,22795200
2026-03-31,571.6002197265625,573.1587727471259,546.2637174010383,549.4707059552647,32898300
2026-04-01,578.6936645507812,592.0013387220274,573.2887005646345,579.5928556215499,23608100
2026-04-02,573.9281005859375,577.9643377947169,559.1817578546791,565.5158531822124,13518500
2026-04-06,572.4894409179688,582.2503530791108,571.4703658572956,577.1550997330287,9515700
2026-04-07,574.5175170898438,574.6973431004155,564.2370671243236,571.9498894780604,9580800
2026-04-08,611.8529052734375,629.3667024291958,591.2820049792073,605.4388670235439,32036600
2026-04-09,627.8081665039062,636.9097166035551,622.4231426572783,626.3894374266143,19012900
2026-04-10,629.2767333984375,637.9886903650855,623.7518859014353,633.882449891805,13294800
2026-04-13,633.9425048828125,634.4120404303904,623.8218795800174,628.9171329935918,9538900
2026-04-14,661.8765258789062,665.6430543798978,638.7779398291946,642.624350345733,17818000
2026-04-15,670.9581909179688,677.8717665104965,663.6049593103575,666.3824145357423,14952600
2026-04-16,676.2432250976562,676.9525896021297,667.131674939706,675.3640350842893,9544800
2026-04-17,687.9124145507812,690.8796961433965,674.5048580761284,677.9716157075654,16283500
2026-04-20,670.2887573242188,682.7472426832454,667.381478611767,680.7290935491282,12534000
2026-04-21,668.220703125,675.5738733736962,666.7120915784461,670.3786762058809,8660100
2026-04-22,674.09521484375,677.7518600207422,669.1298460769134,673.7355628200382,9215600
2026-04-23,658.5396728515625,668.9400066983026,652.4452846667049,663.0854475032797,11667000
2026-04-24,674.4049682617188,680.0396994180859,653.2345872360809,659.7085674039201,13348300
2026-04-27,677.9916381835938,681.8680504402118,670.2188736545023,670.3786986745525,12805200
2026-04-28,670.7183837890625,677.5520159823654,665.0136491453696,673.6156618787633,10606800
2026-04-29,668.5004272460938,673.6256820299297,663.1953464496755,668.290599742094,18947500
2026-04-30,611.3433837890625,620.2751083620838,599.4444385151393,618.7465567527638,52765000
2026-05-01,608.1863403320312,618.3069655430758,605.548770151405,614.120842749119,21404000
2026-05-04,609.8447875976562,613.4314904063681,602.1919069095087,607.3771038685389,16203900
2026-05-05,604.3998413085938,613.7811000159977,599.8040642277598,612.7420849871345,17171300
2026-05-06,612.3125,619.3759607512419,597.5461564796674,600.4934370812971,19915500
2026-05-07,616.2388305664062,624.4012480600104,612.9718390781961,614.150739078972,12307400
2026-05-08,609.0654907226562,616.1988937552933,605.4987892063378,614.6303402495529,13557000
2026-05-11,598.3054809570312,604.3498668649182,597.5262348938886,604.010215830275,15940600
2026-05-12,602.441650390625,603.1909559259367,592.0512559095129,594.2692320029287,11351600
2026-05-13,616.0590209960938,619.3260125714435,596.1074810052941,598.275515544453,14634400
2026-05-14,617.8573608398438,623.152441138389,614.4305441468357,615.429618202359,10651200
2026-05-15,613.6612548828125,620.6248329546977,608.7458274653094,613.421486859321,13272600
2026-05-18,610.64404296875,615.0199919776213,603.1309869574205,608.5459509764945,13772400
2026-05-19,602.052001953125,613.361527578881,599.9939118379299,608.3561568042173,11749900
2026-05-20,604.499755859375,607.4370360716302,597.2564688338498,600.2037495434126,11329700
2026-05-21,606.8175659179688,609.0354809096541,594.2591985256718,599.4443949814065,13476100
2026-05-22,609.6949462890625,614.2407210713809,606.3880135859368,607.3171451453314,11688600
2026-05-26,611.7730102539062,613.9009818092591,604.7394901495815,608.3261927003538,12234200
2026-05-27,634.6718139648438,637.908804248614,608.4361186960156,608.8357727220844,23143600
2026-05-28,634.7017211914062,642.4046039468743,628.7272779804616,638.9078448274123,16772400
2026-05-29,631.92431640625,633.9124639439917,622.7727642602187,632.9133899267435,19806500
2026-06-01,599.9139404296875,635.1613007084701,598.974869401479,629.8162791560948,29138800
2026-06-02,597.0765991210938,608.3161816139932,596.1274666259658,602.68138962268,18252000
2026-06-03,622.4031372070312,623.5720977596394,599.7142043737263,602.4416570391962,23020100
2026-06-04,626.9888916015625,641.8051764288737,621.8536364911718,623.0924785224576,21469200
2026-06-05,592.450927734375,628.567480013855,582.3702434655938,622.8827460758752,30091600
2026-06-08,584.8479614257812,591.4518261333767,578.6836307521693,591.4518261333767,19512400
2026-06-09,584.0487060546875,597.0766092757164,580.4720040020986,590.4527436689563,16977400
2026-06-10,570.4512939453125,590.7724873942649,570.0716409197756,580.192266144374,17064000
2026-06-11,567.9036254882812,571.6401524850257,556.4942175026772,565.3060574843756,17628000
2026-06-12,566.4549560546875,575.5365655300229,560.3806300495169,572.4194595335534,14326400
2026-06-15,593.47998046875,601.27001953125,579.2999877929688,579.9000244140625,17653300
2026-06-16,600.2100219726562,605.8099975585938,592.0,593.6500244140625,11344400
2026-06-17,567.5800170898438,593.8099975585938,566.1900024414062,592.0,20478300
2026-06-18,577.219970703125,580.219970703125,563.0999755859375,572.8200073242188,28824600
2026-06-22,563.8499755859375,575.8099975585938,559.8099975585938,572.02001953125,15405500
2026-06-23,562.2000122070312,572.2000122070312,561.02001953125,562.25,13103300
2026-06-24,557.6699829101562,569.0399780273438,555.5499877929688,561.8900146484375,13963600
2026-06-25,542.8699951171875,556.3400268554688,540.1799926757812,555.5499877929688,16968600
2026-06-26,550.25,556.8499755859375,540.4000244140625,543.3400268554688,18867700
2026-06-29,562.5999755859375,570.9000244140625,558.0,560.0,15011400
2026-06-30,563.2899780273438,565.5399780273438,551.4299926757812,560.9400024414062,18111100
