Price,Close,High,Low,Open,Volume
Ticker,MSFT,MSFT,MSFT,MSFT,MSFT
Date,,,,,
2022-01-03,322.4623718261719,325.59307446526094,317.67480384527,323.0403535774783,28865100
2022-01-04,316.93304443359375,322.89583055126775,314.1491135080895,322.5393874417457,32674300
2022-01-05,304.7666015625,314.1009117831904,304.381290295682,313.8985991152846,40054300
2022-01-06,302.35845947265625,307.0015395240339,300.0561747269668,301.65524488813156,39646100
2022-01-07,302.5126037597656,304.88229679267107,298.7075838733872,302.61855190067536,32720000
2022-01-10,302.734130859375,303.1676245403952,293.505795319919,298.1295907297212,44289500
2022-01-11,303.4180908203125,304.9882339809429,298.5149321522782,301.8768158812795,29386800
2022-01-12,306.58721923828125,311.53855883141136,305.44089834095706,307.93585280974463,34372200
2022-01-13,293.6117248535156,309.1014943499301,292.84110213316677,308.7065406516053,45366000
2022-01-14,298.8135070800781,299.41074404993253,292.6002553313774,293.0819018422109,39846400
2022-01-18,291.54071044921875,298.4282516430957,290.6641100212884,292.90859986576606,42333200
2022-01-19,292.1956787109375,302.3873360187906,291.58882876082123,295.0470474103309,45933900
2022-01-20,290.52923583984375,300.21032076889657,290.0861291978272,297.725037240553,35380700
2022-01-21,285.1636047363281,292.9469986716374,284.7590087711074,291.5791391743098,57984400
2022-01-24,285.4911193847656,286.2039467418737,265.917000099836,281.47420435136246,85731500
2022-01-25,277.9004211425781,284.1618263856482,274.70231034504417,280.81919810306823,72848600
2022-01-26,285.8186340332031,297.17586579012413,282.2737231433276,296.6845769938161,90428900
2022-01-27,288.8338317871094,296.0199908832467,286.9939382332395,291.55032568742257,53481300
2022-01-28,296.9447937011719,297.15671939709773,283.6417159546675,289.2095498959442,49743700
2022-01-31,299.56494140625,300.91354605848886,295.1241442973268,297.60945731115953,46444500
2022-02-01,297.4263610839844,299.2277143206684,293.929602731659,299.0157886812132,40950400
2022-02-02,301.9538269042969,303.55289687211734,297.5419577332225,298.26442751039235,36636000
2022-02-03,290.1920471191406,299.8057228648471,288.9493907856898,298.12957287633566,43730000
2022-02-04,294.7098388671875,297.46484251298546,288.9589789477584,289.1901598418486,35096500
2022-02-07,289.9030456542969,296.54011926462067,288.8915703465275,294.93143638637616,28533300
2022-02-08,293.380615234375,294.3439085676629,288.9398470786599,290.1921166529824,32421200
2022-02-09,299.7864074707031,300.47997960930934,296.10665053831843,298.49559837334124,31284700
2022-02-10,291.28057861328125,297.77316484125447,289.66225322547234,292.8796487217257,45386200
2022-02-11,284.21002197265625,293.12048369685596,283.4201145266006,292.06085534207085,39175600
2022-02-14,284.1714172363281,285.86682221750584,280.6554038855894,282.98655633734126,36359500
2022-02-15,289.44061279296875,289.7584865084877,286.11724059844187,288.99750629948704,27058300
2022-02-16,289.1028137207031,290.42524925713894,283.484848801482,288.0120371225755,29982100
2022-02-17,280.6371765136719,286.49643110778806,279.93250821564493,286.07170356625755,32461600
2022-02-18,277.9344482421875,283.65858009488875,276.3706915634675,282.87670175552876,34264000
2022-02-22,277.7318115234375,281.41920742809083,274.6235925315727,275.10623504920284,41736100
2022-02-23,270.54034423828125,281.5735712358109,270.3762623285836,280.106319573653,37811200
2022-02-24,284.3632507324219,284.913470148122,262.0941229321313,263.04977493259855,56989700
2022-02-25,286.9888610839844,287.2977593325136,281.52534482802724,284.8942092758671,32546700
2022-02-28,288.4174499511719,288.7553055184813,282.82844278237695,284.09296349755033,34627500
2022-03-01,284.7108154296875,289.55653540384833,282.0079998222269,286.1104609698699,31217800
2022-03-02,289.7688903808594,291.0044539337732,283.50420050610404,285.10654759375143,31873000
2022-03-03,285.6470947265625,292.6067899776218,283.8419873820218,292.37513104919077,27314500
2022-03-04,279.7974853515625,285.3961558141852,277.20089590151974,284.07372012763096,32356500
2022-03-07,269.22760009765625,279.6333695655803,268.8607871426468,278.5136356085561,43157200
2022-03-08,266.2738952636719,274.10234312414246,260.6269716528933,268.1561834951562,48159500
2022-03-09,278.4847412109375,279.54656067391153,271.0327393319232,273.6004011394195,35204500
2022-03-10,275.67572021484375,276.65066742284495,270.83963327856327,273.1949308694663,30628000
2022-03-11,270.3472900390625,279.4595798639488,269.7294936979138,277.9633709204393,27209300
2022-03-14,266.84332275390625,275.49226599874805,266.244850912999,270.6079274452205,30660700
2022-03-15,277.1816101074219,277.8283640849266,269.05392607565614,270.6176832217213,34245100
2022-03-16,284.1702880859375,284.34403232991673,273.3687457127895,279.07355459724573,37826300
2022-03-17,284.971435546875,285.3478813742308,279.3245124712581,283.1084425886128,30816600
2022-03-18,290.0005187988281,290.5507382302181,282.5678431701578,285.1161798417101,43390600
2022-03-21,288.7746276855469,289.7206174710808,284.662504677972,288.5140113733799,28351200
2022-03-22,293.5044860839844,294.41185612837654,288.3981213802289,289.3923635193199,27599700
2022-03-23,289.09320068359375,292.70338668332965,287.3846568062616,290.07781025541306,25715400
2022-03-24,293.5431823730469,293.6397167673037,287.9638360996713,288.75537689115174,24484500
2022-03-25,293.1377258300781,294.8945515047454,288.9001402281707,294.6339351738191,22566500
2022-03-28,299.9140319824219,300.0105369064653,293.7651423882981,293.7651423882981,29578200
2022-03-29,304.46051025390625,304.8562805932184,298.3212830440557,303.01258292097964,30393400
2022-03-30,302.96429443359375,304.9817657302456,300.76344611358445,302.86778951334975,28163600
2022-03-31,297.60699462890625,304.19990720218783,297.20159145457893,303.0029338565664,33422100
2022-04-01,298.6784973144531,299.36384141537167,294.93318680550044,298.630215389613,27110500
2022-04-04,304.03582763671875,304.17095222292346,298.95841894296694,299.3252319683475,24289600
2022-04-05,300.0877380371094,303.9392148944746,299.11279097971965,302.3947533501223,23156700
2022-04-06,289.1028137207031,296.3424501243935,286.4096607302466,294.59528689562205,40110400
2022-04-07,290.9079284667969,293.10877703347046,286.06220849283096,286.3614444787001,31411200
2022-04-08,286.6606750488281,290.6666017314044,285.99462607140345,290.01021503016705,24361900
2022-04-11,275.357177734375,282.4519981244576,275.1061942358303,281.66048690117145,34569300
2022-04-12,272.26824951171875,280.6469151575573,270.75274518786716,279.1989878449197,30966700
2022-04-13,277.6352233886719,278.5618885948695,271.5346160767129,272.914995798149,21907200
2022-04-14,270.1156921386719,278.30131965119733,269.62341681375074,278.08895577007974,28221600
2022-04-18,270.7817077636719,272.65436281401867,268.67739376545774,269.2276132247998,20778000
2022-04-19,275.39581298828125,276.2356357266572,268.74501431186735,269.6813419887161,22297700
2022-04-20,276.41900634765625,279.64308426283594,275.46338359699905,279.35348107967593,22906700
2022-04-21,271.0616760253906,283.11807613900845,270.33771228198214,278.56192980216474,29454600
2022-04-22,264.5169982910156,273.3686730601937,263.8895690490661,271.901421279217,29405800
2022-04-25,270.9748229980469,271.3512688528921,261.3702248757031,263.8027620781208,35678900
2022-04-26,260.83935546875,268.69676130335756,260.62699155656253,267.86663021091147,46518400
2022-04-27,273.38800048828125,280.86895873505813,269.4689460085579,272.30688607431046,63477700
2022-04-28,279.5754699707031,280.87861047579827,271.68907938541145,275.2896026631033,33646600
2022-04-29,267.8858947753906,279.81683323611406,266.9013146355611,278.59090237715037,37073900
2022-05-02,274.5946350097656,275.04832015441815,266.63103347319105,268.0692987483365,35151100
2022-05-03,271.99798583984375,274.26641131232816,270.42456669386183,274.10229991297473,25978600
2022-05-04,279.9132995605469,280.7820499971457,267.1232758393873,272.77983068105766,33599300
2022-05-05,267.7218322753906,276.40939830190524,264.8163146554661,275.627519716172,43260400
2022-05-06,265.1927490234375,269.55582646003774,261.8528418348636,265.26995885904273,37780300
2022-05-09,255.3950958251953,262.9050120493982,254.17885674013965,260.6848683023518,47726000
2022-05-10,260.14422607421875,264.24668604013874,255.86802193263964,262.25820191919195,39336400
2022-05-11,251.5049591064453,261.9396861119795,250.29835302848662,256.4568751636927,48975900
2022-05-12,246.48550415039062,250.8582435521003,241.3405338858611,248.74426727264887,51033800
2022-05-13,252.05519104003906,253.90855102922657,246.4855077130794,248.4160775334941,34925100
2022-05-16,252.42198181152344,256.59201932670356,246.90055143257808,250.9354349323041,32550900
2022-05-17,257.5572814941406,259.01484142054807,253.34862470791003,256.8719081186117,28828800
2022-05-18,245.83082580566406,255.0417455754485,244.56335973469547,254.46121977706724,31356000
2022-05-19,244.92132568359375,249.30426416130737,243.7022393056512,245.65664551679004,32692300
2022-05-20,244.3601531982422,250.1460116670098,238.4388554517078,248.888200942443,39199300
2022-05-23,252.18753051757812,253.00993966850874,245.2019394152582,247.1950702704872,33175400
2022-05-24,251.19094848632812,252.8454218843062,245.26965040786493,249.51713505523247,29043900
2022-05-25,253.9967803955078,255.98989623202482,248.78179230730603,249.7590101930778,28547900
2022-05-26,257.2670593261719,258.43776617311875,252.9421849537325,253.7549092585627,25002100
2022-05-27,264.3687438964844,264.46550311516876,258.87316278571984,259.763306260141,26910800
2022-05-31,263.04327392578125,265.84911459447005,260.1987236575402,263.68184944791426,37827700
2022-06-01,263.5754089355469,268.6742983008573,261.27267518128724,266.2651500668014,25292200
2022-06-02,265.6651916503906,265.7329260451573,253.10663251468594,255.86410740259439,44008200
2022-06-03,261.25335693359375,264.5720189219099,259.6956423390334,261.5339498859045,28059000
2022-06-06,260.0245666503906,265.27826522689224,258.5442419264379,263.2270994161104,22400300
2022-06-07,263.6527404785156,264.2622909881243,257.3057264093207,257.9830113148334,22860700
2022-06-08,261.6306457519531,264.13655309709793,260.85660150666956,262.88842705123176,17372300
2022-06-09,256.1930847167969,263.8559299419898,256.0382758855006,259.0859990893106,26439700
2022-06-10,244.7761993408203,252.1197571149294,244.33112762791936,252.1197571149294,31422800
2022-06-13,234.39459228515625,240.93512629318718,233.6882971691395,237.15206786424903,46135800
2022-06-14,236.5522003173828,237.76161683238632,233.66894071597716,235.9426496695378,28651500
2022-06-15,243.586181640625,247.01125783719002,238.41955729083625,240.24819466243056,33111700
2022-06-16,237.0166015625,239.38705487358806,235.12991483585378,237.99380474825406,33169200
2022-06-17,239.60958862304688,242.36706412018737,236.10712319916604,236.75536866492723,43084800
2022-06-21,245.50186157226562,246.4790647181553,241.40918580520898,242.13483565226932,29928300
2022-06-22,244.91168212890625,248.82052450027996,242.24128106481916,243.7119356534914,25939900
2022-06-23,250.45562744140625,250.94907881697276,245.3954477538114,247.2724645049341,25861400
2022-06-24,259.0086364746094,259.2795445759663,253.22277759883846,253.30985203926372,33923200
2022-06-27,256.2899169921875,259.589179651512,254.73217298282648,259.5021051953525,24615100
2022-06-28,248.15289306640625,258.2442559262375,247.99808423159308,255.40939111021387,27295500
2022-06-29,251.81016540527344,253.46463868195008,247.4562518414402,249.22683912522928,20069800
2022-06-30,248.4915313720703,251.10388274506582,244.68913309560924,248.70438985080898,31730900
2022-07-01,251.15225219726562,251.33608586530872,246.3436258304713,248.06584848912598,22837700
2022-07-05,254.31610107421875,254.44188511131125,246.46940643072733,247.84330176827007,22941000
2022-07-06,257.5669860839844,259.2891938730712,253.88068722348527,255.18686285339652,23824400
2022-07-07,259.68585205078125,260.3244273758523,256.4155857769769,256.5123449826114,20859900
2022-07-08,258.96990966796875,259.395626588486,254.74179480110894,256.1930944319359,19658800
2022-07-11,255.9221954345703,257.87660171050175,253.66782672632655,257.0251678392389,19455200
2022-07-12,245.4341583251953,257.3057954639804,243.8570743997537,257.24774583098747,35868500
2022-07-13,244.51499938964844,245.31805374321544,240.05467060292142,242.06714149558593,29497400
2022-07-14,245.83082580566406,246.85640858787121,237.95510651412596,242.43478974627138,25102800
2022-07-15,248.38507080078125,251.91656031499826,246.49838441971488,247.4175378091183,29774100
2022-07-18,245.99530029296875,252.37134012804827,245.07614676470823,251.3167325510271,20975000
2022-07-19,251.10389709472656,251.2877307699049,245.44382181429663,249.2171954923263,25012600
2022-07-20,253.75489807128906,256.2704900620598,250.5040009952903,251.46184932540294,22788300
2022-07-21,256.241455078125,256.2898494477531,248.68502415287526,251.35542487841855,22404700
2022-07-22,251.90692138671875,256.71556241158675,250.65882485957425,256.62848796970013,21881300
2022-07-25,250.4265899658203,253.00991644481692,248.47218365007052,252.52614987417672,21056000
2022-07-26,243.7216033935547,251.44252883940965,241.46726406430727,251.42315927857734,39348000
2022-07-27,260.014892578125,261.2823588535323,250.4460034852064,252.68100307171994,45994000
2022-07-28,267.43585205078125,268.81941742326114,259.17311035737987,260.99207747518795,33459300
2022-07-29,271.6252136230469,272.84431469044125,267.6486670392354,268.68393446863337,32152800
2022-08-01,268.9839782714844,272.1478019573402,266.88441773700356,268.8001445576773,21539600
2022-08-02,265.8974304199219,268.86776386408434,263.5366474998383,267.03911229184763,22754200
2022-08-03,273.299072265625,274.29563016416313,267.6293130218933,267.77446660635644,23518900
2022-08-04,274.44073486328125,274.58585891074097,271.0737388551581,272.6507928732396,18098700
2022-08-05,273.7248229980469,274.44078812230066,269.632146904856,270.0868886929883,16774600
2022-08-08,271.2189025878906,276.63709419104765,270.25136942756865,274.8277823787597,18739200
2022-08-09,273.1346130371094,273.8892877589125,268.5968799256363,270.5610006852255,23405200
2022-08-10,279.77191162109375,280.400802313646,277.6239866748656,278.81406317438757,24687800
2022-08-11,277.7013854980469,281.75535221728916,277.2079636139316,281.40705441673725,20065900
2022-08-12,282.4325866699219,282.4325866699219,277.62394605155976,279.11395527145453,22619700
2022-08-15,283.94195556640625,284.62889583747915,280.6910288186994,281.55214749764076,18085700
2022-08-16,283.2066650390625,284.49350086788803,280.9910350330185,282.5100398793754,18102900
2022-08-17,282.4600524902344,284.42831264174936,280.6663108728771,280.9280886741136,18253400
2022-08-18,281.34503173828125,283.0321034033775,280.2881560238518,281.36441282325103,17186200
2022-08-19,277.4472351074219,280.4529598691973,276.875182491092,280.11359859796744,20570000
2022-08-22,269.3027648925781,273.869510964488,268.7888850126345,273.50106320350113,25061100
2022-08-23,268.0325622558594,270.3789456095567,267.0241837556368,268.0325622558594,17527400
2022-08-24,267.4023742675781,268.79858174374715,266.74303270034477,267.0339265183886,18137000
2022-08-25,270.3693542480469,270.5341674761129,266.17102576018783,268.89556299786517,16583400
2022-08-26,259.9365539550781,271.813993730699,259.82991359676106,270.59230474229855,27549300
2022-08-29,257.1635437011719,259.2675307004995,255.82550904713992,257.7646828438369,20338500
2022-08-30,254.97225952148438,258.92816091829354,252.73251622654692,258.559742764077,22767100
2022-08-31,253.51788330078125,258.9863379304906,253.3821269343252,257.31867689878567,24791800
2022-09-01,252.4804229736328,252.95554067570222,247.64219380873456,250.99695619943782,23263400
2022-09-02,248.2724151611328,256.68842221316766,246.7307755662362,253.74089939007345,22855400
2022-09-06,245.54788208007812,249.98857705648493,244.27772561001785,248.40817526683784,21328200
2022-09-07,250.2406768798828,250.95816170983366,245.51879346007277,246.95377791469627,24126700
2022-09-08,250.6575927734375,252.5095072886724,247.04103780727314,249.6783301329259,20319900
2022-09-09,256.4169006347656,257.16350136081496,252.37374050442193,252.57734543450854,22084700
2022-09-12,258.5403137207031,259.31600091262334,257.09563886057305,257.69677794091064,18747700
2022-09-13,244.32623291015625,252.48044831794587,243.93838923418878,250.96789496848143,33353300
2022-09-14,244.5491943359375,246.49805856116708,242.26096879830945,245.8193507310912,23913000
2022-09-15,237.917236328125,243.75413876662034,236.59859756302296,242.1737221928397,31530900
2022-09-16,237.29669189453125,237.83965816543386,234.69819143342704,236.8312795525679,39791800
2022-09-19,237.0833740234375,237.68451311918642,233.5249921595804,235.09571807800603,26826900
2022-09-20,235.07635498046875,236.10411478867206,232.3518179959653,234.7079219968837,26660300
2022-09-21,231.68276977539062,240.12787756364517,231.634287475008,236.84097880590735,28625600
2022-09-22,233.65103149414062,236.44344631490495,230.3447516288207,230.63561584371612,31061200
2022-09-23,230.68411254882812,233.79649299504186,228.0468350078117,232.2548385862269,34176000
2022-09-26,230.22840881347656,234.10675645335732,229.69513305404854,229.84057996737735,27694200
2022-09-27,229.2200469970703,234.44611989699393,227.3681324316485,232.68146460352042,27018700
2022-09-28,233.73831176757812,234.95998588678188,227.5911198226186,229.60786226959718,29029700
2022-09-29,230.27688598632812,232.6523709038743,227.28086605201818,231.6246111693645,27484200
2022-09-30,225.81680297851562,233.22444695507593,225.6519749663668,231.0428762379574,35694800
2022-10-03,233.4183349609375,234.26187075492425,227.52324535563076,228.25043546623195,28880400
2022-10-04,241.3107452392578,242.74572942825094,237.52934819154362,237.6360033214855,34888400
2022-10-05,241.6210479736328,242.95908260476142,236.67616375353109,238.50868236825332,20347100
2022-10-06,239.28436279296875,242.72639950945782,238.5959643265048,240.3896913514899,20239900
2022-10-07,227.1160430908203,233.98072018796898,226.07857799580754,233.5734806664739,37769600
2022-10-10,222.2777862548828,227.4262900818972,219.83442324055144,225.962219258619,29743600
2022-10-11,218.55458068847656,222.0935668585732,217.29411479408543,220.69735939369207,30474000
2022-10-12,218.8842010498047,220.93002961153846,217.1486473385325,218.5448397814522,21903900
2022-10-13,227.1160430908203,228.91947533494175,212.465584291104,213.16368804977824,42551800
2022-10-14,221.60877990722656,230.02480190806705,221.3954696052538,228.37649233923707,30198600
2022-10-17,230.3059844970703,231.69250151345716,227.98867230404574,228.64799911599317,28142300
2022-10-18,231.24647521972656,236.51132497546385,228.2116634940623,235.84232244327512,26329600
2022-10-19,229.28790283203125,232.32271452181564,227.16450518293112,229.83086912144609,19985700
2022-10-20,228.96795654296875,233.9710288478756,227.72688640768192,228.59952355559247,21811000
2022-10-21,234.75637817382812,235.60961938988035,227.3681306457899,227.60083683054654,26299700
2022-10-24,239.73036193847656,240.30241466092306,233.96132282043843,236.34649831848267,24911200
2022-10-25,243.03665161132812,243.40508456640856,238.3535451916917,239.74004733273168,34775500
2022-10-26,224.28485107421875,231.05256356203466,223.06316209926047,224.13940416091688,82543200
2022-10-27,219.8538055419922,226.58274025958372,218.9133051682239,224.01332637862237,40424600
2022-10-28,228.6964569091797,229.40426599695735,219.1751212635659,219.35934514135127,40647700
2022-10-31,225.07020568847656,227.77534655596756,224.11999990021067,226.65062223193135,28357300
2022-11-01,221.2306365966797,228.57041637850017,220.41618716835114,227.46508792727667,30592300
2022-11-02,213.40606689453125,224.2654364159978,213.34787925724922,222.48140020209192,38407000
2022-11-03,207.73397827148438,213.70663669340686,207.4721856849331,213.3963618064245,36633900
2022-11-04,214.65682983398438,214.85074424296624,206.93891208084915,210.9336199205367,36789100
2022-11-07,220.93975830078125,221.46334350265937,214.55018429237435,215.23859748900023,33498000
2022-11-08,221.90933227539062,224.6047824698309,218.97148537429405,221.74450429023085,28192500
2022-11-09,217.68191528320312,221.67662274199262,217.50739677017623,220.4549339719257,27852900
2022-11-10,235.5902557373047,235.92961712049166,227.85295527104887,228.2698705983751,46268000
2022-11-11,239.5946044921875,240.44784564522814,234.5721369704996,235.59991144789905,34620200
2022-11-14,234.20372009277344,236.49194578262,231.93489028356817,234.6303406985499,31123300
2022-11-15,234.6109161376953,239.48793649488397,232.72991540292844,238.1886937504624,31390100
2022-11-16,235.03872680664062,237.05143476413045,233.76499097023776,236.06938283193108,24093300
2022-11-17,234.9901123046875,236.51666066871482,231.0522311596021,231.19807311445172,23123500
2022-11-18,234.54287719726562,236.99312613856966,232.41349542511938,236.76948200355858,27613500
2022-11-21,235.3498992919922,237.8973712159803,234.51370406585946,234.74705121223045,26394700
2022-11-22,238.24740600585938,238.5196542333606,234.04699418411522,236.84726378647278,19665700
2022-11-23,240.72682189941406,241.40744246425524,237.50844728562427,238.3251919634337,19508500
2022-11-25,240.6393280029297,241.81582614094168,239.90035578095558,240.46430280009824,9200800
2022-11-28,235.0679168701172,239.8225578203936,234.13449861777707,239.26834351489458,24778200
2022-11-29,233.67747497558594,236.06937189775329,231.61616302048014,234.71784880402407,17956300
2022-11-30,248.07752990722656,248.26227293636023,233.22049313047097,233.9108463177998,47594200
2022-12-01,247.64002990722656,249.0304395252054,243.97438162172944,246.8427208792038,26041500
2022-12-02,247.9608612060547,248.9720667058495,242.778397783122,242.90480403425175,21528500
2022-12-05,243.27427673339844,246.79408255563942,241.19351410319612,245.03417222631165,23435300
2022-12-06,238.3348846435547,244.8883215875388,237.03198043755035,243.87711611749123,22463700
2022-12-07,237.60565185546875,239.34611163220632,235.50545353805643,238.05292524127822,20481500
2022-12-08,240.5518035888672,241.854722806182,236.3319411296729,238.06266840254827,22611800
2022-12-09,238.62660217285156,241.43660437225947,237.40148518904434,237.92653108598594,20609700
2022-12-12,245.52035522460938,245.54952361837397,240.3281734246865,240.60042165743343,30665100
2022-12-13,249.80828857421875,256.61452370043395,246.0648533202343,254.44624097086364,42196900
2022-12-14,250.10000610351562,255.32135671859504,247.27055298866887,250.01250091515968,35410900
2022-12-15,242.11720275878906,247.16354186623428,240.49343144760888,246.69683279651164,35560400
2022-12-16,237.9168243408203,242.9242630632895,236.76947979184487,241.66997762867638,86102000
2022-12-19,233.79417419433594,238.42242358687312,232.1023480969562,238.08210589515767,29696400
2022-12-20,235.1068115234375,236.18608654823132,231.82036751639754,232.77323628356203,25150800
2022-12-21,237.6640167236328,238.82107914890844,233.463604755998,234.99987114249353,23690600
2022-12-22,231.59674072265625,235.29155709825014,227.39631414751827,234.58175331390822,28651700
2022-12-23,232.12179565429688,232.25791977065128,227.46439246807083,229.57432368977197,21207000
2022-12-27,230.4008026123047,232.31625810648032,229.30207698528272,232.09262880735398,16688600
2022-12-28,228.03805541992188,233.0843952081068,227.68801986130742,230.33272967385747,17457100
2022-12-29,234.33868408203125,235.223498262144,229.12705170853215,229.12705170853215,19770700
2022-12-30,233.18161010742188,233.31773420922855,230.10907771074054,231.61617551843796,21938500
2023-01-03,232.9482879638672,238.94749699304793,230.82862391751698,236.35140592714558,25740000
2023-01-04,222.75836181640625,226.42399496515415,219.70527974958796,225.85033012794412,50623400
2023-01-05,216.15631103515625,221.2512697398711,215.62153242856337,220.910952034835,39585600
2023-01-06,218.70376586914062,219.51079264209568,213.27823740876858,216.82719680304174,43613600
2023-01-09,220.83316040039062,224.8391261091335,220.14282198786435,220.18170823285104,27369800
2023-01-10,222.5152587890625,224.90715575496424,221.03732942473408,221.4554195666482,27033900
2023-01-11,229.2437286376953,229.41873899259986,224.71271707723938,224.88772743214392,28669300
2023-01-12,231.90786743164062,233.25939064495995,227.09488993594465,228.74782975392716,27269500
2023-01-13,232.60794067382812,232.74406478160432,228.41724688827324,230.43967280124468,21333300
2023-01-17,233.69696044921875,234.24145690846152,230.52718988997353,231.3828356610212,29831300
2023-01-18,229.28260803222656,235.67075285086767,229.0006419678325,234.883176604496,30028700
2023-01-19,225.50999450683594,229.00063185867876,224.2945954552454,227.3087910377556,28623000
2023-01-20,233.57057189941406,234.0761821512317,228.01862149174536,228.35893922278777,35389800
2023-01-23,235.86521911621094,238.38352255893335,233.0163158336519,234.4261906970003,31934000
2023-01-24,235.3401641845703,237.19729766623655,233.7844621578948,235.78743760454404,40234400
2023-01-25,233.94973754882812,236.56527872989417,224.50851101400366,227.98941574229838,66526600
2023-01-26,241.13519287109375,241.43660948835614,235.30127691453504,236.90559786802248,33454500
2023-01-27,241.29075622558594,242.9145276437586,239.99756980206558,242.0977830088241,26498900
2023-01-30,235.99163818359375,238.80164053803622,235.49574581512883,237.74180116090332,25867400
2023-01-31,240.95042419433594,241.0865482920522,236.22495217873632,236.71111179006792,26541100
2023-02-01,245.7537078857422,248.11643670951443,238.67522443009082,241.1351911203326,31259900
2023-02-02,257.2757263183594,257.36323150604915,250.12917259535388,251.65572121722164,39940400
2023-02-03,251.19871520996094,256.8867894598402,249.98331599728726,252.35577763425286,29077300
2023-02-06,249.6623992919922,251.15004653464848,247.72749350962195,250.3138662354951,22518000
2023-02-07,260.1538391113281,261.3303375610321,252.88087756085562,253.31843326564854,50841400
2023-02-08,259.3467102050781,269.09907056810056,258.8410852318201,265.63761659917793,54686000
2023-02-09,256.32281494140625,266.3960585481187,255.525505975814,266.2210185187912,42375100
2023-02-10,255.81729125976562,256.7798781630582,253.4448290752449,254.29074237484613,25818500
2023-02-13,263.8096923828125,266.9988986544617,259.7551076492649,260.23156430688056,44630900
2023-02-14,264.63616943359375,267.3586517330217,261.8261522809417,265.12232910655104,37047900
2023-02-15,262.52093505859375,263.89534271397224,259.4601911138888,261.54618038787015,28922400
2023-02-16,255.5319061279297,260.0060260617434,255.28821748394975,257.3546924253558,29603600
2023-02-17,251.54518127441406,253.52393201360653,249.53718908576167,252.84162161049076,30000100
2023-02-21,246.29122924804688,249.04004420591113,245.23849255398656,248.0555325957833,28397400
2023-02-22,245.16055297851562,247.91911060638247,244.0200917469653,247.6754219276689,22491100
2023-02-23,248.33828735351562,250.3560220779474,244.15658088528284,249.10833710980165,29219100
2023-02-24,242.92837524414062,244.66343747539474,241.83665470499022,243.64969909955178,24990900
2023-02-27,243.8446502685547,246.43750145661366,243.09408495125825,246.08658915391715,21190000
2023-02-28,243.1233367919922,245.141086337107,242.45075361028725,242.78218154124548,22491000
2023-03-01,240.05279541015625,244.59514008627986,239.58490254014936,244.42943360574242,27565300
2023-03-02,244.7706298828125,245.05330217438188,239.40947954597493,240.3257512560428,24808200
2023-03-03,248.8450927734375,249.1667635730139,245.04355582130654,245.8233624681365,30760100
2023-03-06,250.38525390625,253.55320692008516,249.517722752789,249.956359426143,24109800
2023-03-07,247.73388671875,251.18452648625785,246.99307854410944,249.82960325303648,21473200
2023-03-08,247.29525756835938,248.11404792403098,244.47821715829852,247.62667058752513,17340200
2023-03-09,245.95013427734375,253.00734939553732,245.22881038258097,249.36177602188675,26653400
2023-03-10,242.3142547607422,246.40822131411622,241.34925717678098,244.74139919259653,28333900
2023-03-13,247.50967407226562,251.3989500894406,239.52643191118628,241.15427022828456,33339700
2023-03-14,254.2062225341797,254.47915259157097,249.40067533893588,250.26820620855233,33620300
2023-03-15,258.7388610839844,259.75261418809725,252.6661292714571,253.41670934490338,46028000
2023-03-16,269.2273254394531,269.5782229380597,256.63347856741376,258.5147484560944,54768800
2023-03-17,272.3757019042969,276.1772393298442,269.3442290300633,271.23525555020916,69527400
2023-03-20,265.3574523925781,270.47491398328793,263.0375317119125,269.9875366889346,43466600
2023-03-21,266.8683166503906,268.05751846766043,262.7158524815854,267.9405526736913,34558700
2023-03-22,265.4159851074219,273.9450893595406,265.30874661401754,266.497948625342,34873300
2023-03-23,270.650390625,273.9645506194871,268.25250241830935,270.92332074814243,36610900
2023-03-24,273.4869689941406,273.5454519039974,268.33050762928787,270.24101876130743,28172000
2023-03-27,269.4026794433594,274.3544196920251,268.56437502402,273.41866361100745,26840200
2023-03-28,268.2817687988281,269.1687992182552,265.18202599070054,268.8276290958363,21878600
2023-03-29,273.428466796875,274.0425670542095,271.3814758548116,271.9175790730678,25087000
2023-03-30,276.8790588378906,277.27871183195333,274.3739618829966,277.054537290587,25053400
2023-03-31,281.0216979980469,281.9672110110336,275.85551127583807,276.56709273827806,32766000
2023-04-03,279.9787902832031,280.99251370652144,276.781596204477,279.2866930601582,24883300
2023-04-04,279.9300842285156,283.11755155269356,278.45822466702356,279.9788398181857,25824300
2023-04-05,277.1617126464844,279.90077062602654,275.7775778065867,278.63360157573726,22064800
2023-04-06,284.2384033203125,284.7062664177296,274.9099961026734,276.06019921335053,29770300
2023-04-10,282.08428955078125,282.2889797177499,277.5224147425445,281.90881108908263,23103000
2023-04-11,275.6898498535156,278.7603508575734,274.5299191651681,278.5361465748028,27276600
2023-04-12,276.33319091796875,279.7643463826104,274.8418174679427,277.6003898328518,27403400
2023-04-13,282.52288818359375,282.58137108364906,276.02129123451107,276.4306715348985,24222700
2023-04-14,278.91632080078125,281.197243201843,276.5281599154827,279.75459555412215,20987900
2023-04-17,281.5091247558594,284.238455563406,278.9357880056503,282.61060224538903,23836200
2023-04-18,281.0899963378906,284.39442891149264,279.76434427989847,284.2092231464568,20161800
2023-04-19,281.1679992675781,281.7528282776957,277.3567049001675,278.7700813374877,17150300
2023-04-20,278.8870544433594,281.7333512714664,277.88305828682746,278.048779675469,23244400
2023-04-21,278.5459289550781,279.0430336532182,275.9140792116014,277.81486288712955,21676400
2023-04-24,274.6565856933594,277.75632784748706,271.6835961405842,274.9685142964532,26611000
2023-04-25,268.4669189453125,274.4908950976734,268.41816336812605,272.45366159943416,45772200
2023-04-26,287.9132995605469,292.0072813214267,285.3399625443694,289.20974000859206,64599200
2023-04-27,297.1344299316406,297.49511411918564,287.7962940057379,288.49811850361414,46462600
2023-04-28,299.5031433105469,301.13096702652024,295.6528502866571,296.33519048615636,36469600
2023-05-01,297.8460388183594,300.80930138647517,297.44638582832135,299.2204464922504,21294100
2023-05-02,297.6997985839844,301.37461262601437,296.23766672018985,299.9904777866923,26404400
2023-05-03,296.7153015136719,300.8190101503688,296.41312996008793,298.87925796823623,22360800
2023-05-04,297.6997985839844,299.9904777866923,295.7405323674121,298.50883179320516,22519900
2023-05-05,302.80755615234375,304.09423955747224,296.58861610804354,298.00202238980415,28197100
2023-05-08,300.8580322265625,302.36891985995953,298.3626625741606,302.30067989163814,21318600
2023-05-09,299.24969482421875,302.2129574604757,298.5771116971217,300.22444953048654,21340800
2023-05-10,304.4256591796875,305.0982423493034,299.90281252520236,300.82881170640417,30078000
2023-05-11,302.28118896484375,303.26570080657984,298.5284068792122,302.2714616451602,31680200
2023-05-12,301.1699523925781,302.8075331032812,298.8597885779878,302.71005168658775,19774700
2023-05-15,301.6475830078125,302.0764774582507,299.82479646702666,301.2966855922646,16336500
2023-05-16,303.8700256347656,305.790293615096,302.0082405576207,302.0082405576207,26730300
2023-05-17,306.7420959472656,307.16214962437107,303.55743916918806,305.0716298231173,24315000
2023-05-18,311.1575927734375,311.665592368816,306.4685537852504,307.2598287418547,27276000
2023-05-19,310.9817810058594,311.38230770853096,309.05731504102437,309.4187579694345,27546700
2023-05-22,313.756103515625,315.1335157612651,310.65939292099665,311.2357518358931,24115700
2023-05-23,307.972900390625,315.2604571188561,307.96312199673974,312.6326330108963,30797200
2023-05-24,306.5955505371094,309.1842914063532,305.38419212471825,307.45521463229585,23384900
2023-05-25,318.38653564453125,319.3438643558403,312.6033603605029,315.7684598442555,43301700
2023-05-26,325.1954345703125,325.69362591247574,316.3936865085404,316.53043497879963,36630600
2023-05-30,323.5541687011719,327.9794578744048,322.88011546579037,327.48126664855516,29503100
2023-05-31,320.7994689941406,328.1749431768424,319.76394285514135,324.6093167826368,45950600
2023-06-01,324.8925476074219,325.8206007034054,317.2142423331167,318.39626537207107,26773900
2023-06-02,327.64739990234375,329.6988654721622,324.8632701870316,326.5239875083562,25873800
2023-06-05,328.1749572753906,330.734392827561,326.924544875392,327.47159843712996,21307100
2023-06-06,325.9671630859375,327.6181020499909,324.4920861780968,327.57901828059016,20396200
2023-06-07,315.9052734375,326.75845825838536,315.045609330463,323.9841067025186,40717100
2023-06-08,317.7418212890625,319.0899281933469,315.8759662068324,316.45232513607897,23277700
2023-06-09,319.2364196777344,322.3624353785323,316.9114274266321,317.47800789711727,22529000
2023-06-12,324.1794738769531,324.42369526305714,317.64410719983425,320.98503906691633,24260300
2023-06-13,326.5631103515625,329.1909351194717,322.7532623015664,326.7389426125968,22951300
2023-06-14,329.5425720214844,331.20328940233077,325.11728161658255,326.61191533447175,26003800
2023-06-15,340.0538330078125,341.7536041604146,329.40578750574196,329.6793142407834,38899100
2023-06-16,334.417236328125,343.3459850753044,334.04604484014123,343.1994581968657,46552000
2023-06-20,330.23614501953125,334.17299255500126,328.09676330100183,331.4670303403785,26375400
2023-06-21,325.84991455078125,329.92354007257114,324.39436474233247,328.5949603328218,25117800
2023-06-22,331.85772705078125,332.2582536376129,325.6349718946558,326.39694130536145,23556800
2023-06-23,327.2762145996094,330.14826075055646,325.7425268104143,326.6314665032556,23146900
2023-06-26,321.0046081542969,328.340998601614,320.8971352379601,326.00625756335666,21520600
2023-06-27,326.83660888671875,328.3800749537934,321.6884029069419,324.1892275549751,24354100
2023-06-28,328.0870361328125,330.1678072397065,326.0941811528345,326.92453987884056,20259500
2023-06-29,327.3055114746094,328.3410078355039,324.93168659890875,326.97337394490575,16997000
2023-06-30,332.66864013671875,334.8080220472076,329.4058457163647,329.94312088694005,26832800
2023-07-03,330.177490234375,333.0202303553527,328.79032964679084,331.3497646514175,12508700
2023-07-05,330.3338317871094,333.752931098431,326.99290001201024,327.3445644884712,18172400
2023-07-06,333.3817443847656,335.0619888415349,327.7451250968569,329.50350728576706,28161200
2023-07-07,329.4253845214844,333.8897591570252,329.210468483103,331.47685037654594,21214800
2023-07-10,324.15997314453125,327.48140841968,320.0179872598145,326.8659656503179,32791400
2023-07-11,324.78515625,325.1661261312258,319.441590831674,323.4077439781263,26698200
2023-07-12,329.4057922363281,333.7529146882439,327.9111586604982,328.81965499219945,29995300
2023-07-13,334.7396545410156,335.7946779702035,331.18377631501846,331.71130293570513,20567200
2023-07-14,337.25994873046875,343.3068725083686,336.35145234816736,339.55563567406386,28352700
2023-07-17,337.73870849609375,338.9695642229461,334.29030311956524,337.689846323102,20363900
2023-07-18,351.1805725097656,358.30207642907544,334.26093764915,337.8363124834503,64738600
2023-07-19,346.8725280761719,354.0819486228708,344.293565577068,353.388368189592,39732900
2023-07-20,338.8522644042969,349.6956992819866,337.3869361725058,345.3974090978353,33778400
2023-07-21,335.82391357421875,342.20297462021114,331.9749823654145,341.07956227112305,69405400
2023-07-24,337.1329345703125,338.9011247209187,334.3976671440658,337.85585009967554,26678100
2023-07-25,342.8673095703125,343.7562790203098,337.09391224924093,339.0867373558683,41637700
2023-07-26,329.962646484375,336.70318113968654,325.4103558990967,333.547829841797,58383700
2023-07-27,323.0755920410156,333.4403334728924,321.4441800463063,332.61000460063315,39635300
2023-07-28,330.5487976074219,332.15090440744063,325.4690100380954,325.95745287046435,28484900
2023-07-31,328.1554260253906,329.8942812123279,325.6545714457516,329.13231163180893,25446000
2023-08-01,328.5656433105469,330.7148031903255,325.9866812669901,327.44223102382614,18311900
2023-08-02,319.9300231933594,325.9183364890345,318.8163593371292,325.9183364890345,27761300
2023-08-03,319.1094055175781,322.25497786737617,318.41582519365545,318.46465754141326,18253700
2023-08-04,320.2034912109375,327.3933831672602,319.6759647541321,324.20872726323194,23741500
2023-08-07,322.4796447753906,323.45653023504116,319.94951501235715,320.7798736154958,17741500
2023-08-08,318.5134582519531,321.1510606368061,315.5339698423981,319.402427502964,22327600
2023-08-09,314.7818298339844,319.5490060989431,313.62908227048086,318.9238148724649,22373300
2023-08-10,315.46563720703125,320.6724537793776,313.75608752866935,318.4842099187915,20113700
2023-08-11,313.59002685546875,314.9576606059445,311.83161505156005,312.8573627235517,24355500
2023-08-14,316.54998779296875,316.5695147707091,312.68149972344554,313.9612471638397,18836100
2023-08-15,314.42034912109375,317.5756999823602,313.48254739923874,315.53401288819225,16966300
2023-08-16,313.65679931640625,317.59221281010525,313.06942104679297,314.04837487104845,20698900
2023-08-17,310.2109069824219,315.09587723168505,309.5549947446499,313.7938817302348,21257200
2023-08-18,309.8193054199219,311.679311641093,304.9930405423695,307.8711670676138,24755000
2023-08-21,315.1056213378906,315.9768745946358,310.36748902091307,311.2387422776583,24040000
2023-08-22,315.6734924316406,319.2173010637489,314.6945384503818,318.6495208997528,16084600
2023-08-23,320.117919921875,322.2716304158125,316.65241480901244,317.00485374224843,21166400
2023-08-24,313.23583984375,325.97203798658785,313.2260407459276,325.84476921608996,23281400
2023-08-25,316.1825256347656,318.5124107055097,312.0904758312742,314.70429575926823,21684100
2023-08-28,316.8873596191406,319.285778523708,314.94902032407407,318.8061007178544,14808500
2023-08-29,321.4982604980469,322.056271402599,315.1056925945481,315.1056925945481,19284600
2023-08-30,321.8702392578125,322.86876141280084,319.57949087262745,321.75276957784916,15222100
2023-08-31,320.86187744140625,323.9455756518063,319.90249205082335,322.27157317335417,26411000
2023-09-01,321.7428894042969,325.0027917030255,319.9024518811715,324.3371104341098,14942000
2023-09-05,326.5300598144531,327.80271780347465,321.7429908017799,322.0758315411327,18553900
2023-09-06,325.8741455078125,327.42087936565457,323.23095829944674,326.3636224074877,17535800
2023-09-07,322.9666442871094,326.06991103130065,322.10516018294953,324.31760527996926,18381000
2023-09-08,327.23486328125,329.08510023164433,322.52609807587226,323.1428437260037,19530100
2023-09-11,330.82763671875,331.29754527961506,328.3704532160462,330.1423571352341,16583300
2023-09-12,324.78753662109375,329.7019045004539,324.5036614898463,328.75231798743556,17565500
2023-09-13,328.98724365234375,329.76062559468676,324.2001746396606,324.33721264984047,16544400
2023-09-14,331.5716857910156,333.68619984765456,329.48650927999284,332.01219710477335,20267000
2023-09-15,323.27008056640625,330.29896071353795,322.7120698070868,329.8290820743594,37679800
2023-09-18,322.1345520019531,323.4463465779978,319.4913646526402,320.90106058890035,16834200
2023-09-19,321.7331848144531,322.45763099664185,317.6803313099975,319.3053983263758,16505900
2023-09-20,314.01904296875,322.6534238453553,313.7645352608611,322.57512067569024,21436500
2023-09-21,312.80511474609375,318.50263318201627,308.37045511046944,312.54080796824985,35560400
2023-09-22,310.3381652832031,314.68472270748657,309.49624944861836,314.5574539286877,21447900
2023-09-25,310.85699462890625,310.9842634015669,308.3704436389246,309.9269765789233,17836000
2023-09-26,305.5707092285156,309.23198754848005,303.4953016985724,308.4977720645104,26297600
2023-09-27,306.20697021484375,307.6851701509051,303.1722074325514,305.7272625333357,19410100
2023-09-28,307.0390625,308.8403337798226,302.93724397750015,304.4448112128742,19683600
2023-09-29,309.10467529296875,312.746384776468,308.35089159051364,311.06258297495117,24147300
2023-10-02,315.02734375,315.1154758886586,308.5466739037748,309.62352913697714,20570000
2023-10-03,306.79437255859375,314.6260036436558,304.6602303826851,314.0777619824239,21033500
2023-10-04,312.2471008300781,313.3043876816742,307.3914982671209,307.420865686593,20720100
2023-10-05,312.638671875,313.24564832750764,308.27254628304615,312.3743651035606,16965600
2023-10-06,320.3724365234375,322.2618102249638,309.6430811517103,309.8878196065806,25673600
2023-10-09,322.87860107421875,323.34847985310256,316.3783324634904,317.91529734513176,19891200
2023-10-10,321.4786682128906,324.13162477364205,320.7738202479149,323.9945568948938,20557100
2023-10-11,325.4238586425781,325.8154342155564,322.21289114367397,324.2393029495446,20063200
2023-10-12,324.19036865234375,326.6083859172805,321.8017188086289,323.6127894514465,19313100
2023-10-13,320.83251953125,326.80411343693316,319.4913278140148,325.3846484410319,21072400
2023-10-16,325.6392517089844,329.0655904860134,323.6421773138597,324.08268866001004,22158000
2023-10-17,325.0714111328125,326.4419405397074,320.51928173209353,322.65339394249423,18338500
2023-10-18,323.1624450683594,328.5271229876209,321.3905409680336,325.4923600401383,23153600
2023-10-19,324.34698486328125,329.78996567974724,323.9456102144574,325.1595033838665,25052100
2023-10-20,319.79486083984375,324.934368448125,318.6005359720502,324.73856573197526,25027700
2023-10-23,322.3890686035156,325.7273046053134,317.5628335992071,318.620090545015,24374700
2023-10-24,323.5736083984375,324.8560355263617,320.70528084515973,324.3273920928105,31153600
2023-10-25,333.500244140625,338.91385810810175,330.5144167677778,337.7586697804962,55053800
2023-10-26,320.98919677734375,334.4400133073603,320.0591786565096,333.37295718073534,37828500
2023-10-27,322.86871337890625,329.6332869465478,321.48838509409154,323.4756598852867,29856500
2023-10-30,330.2109069824219,332.3058824741977,324.84622935304117,326.39299310170355,22828100
2023-10-31,330.99407958984375,331.865362876774,327.64607407506094,331.71852577091533,20265300
2023-11-01,338.7865905761719,340.1081843444484,332.5016932588563,332.6387611479277,28158800
2023-11-02,340.98919677734375,341.4884429030558,337.51389284186956,339.93190993700205,24348100
2023-11-03,345.37493896484375,346.9315020236901,340.02005970434163,342.27167169728,23637700
2023-11-06,349.0263671875,350.0151200008031,345.91330154053924,346.0112028872033,23828300
2023-11-07,352.94219970703125,354.83157330344505,350.10323976353783,351.8359771725129,25833900
2023-11-08,355.5560302734375,356.211912585882,352.9617788165993,354.06800138493276,26767800
2023-11-09,353.098876953125,357.1125938314782,352.77580544293505,354.67497835793193,24847300
2023-11-10,361.8898620605469,362.3108050217642,353.47085345970584,353.8819973228906,28042100
2023-11-13,358.9627990722656,360.71513487046275,358.1992162461448,360.4703964021509,19986500
2023-11-14,362.47723388671875,364.1218990717547,359.61870535436486,363.20168005612413,27683900
2023-11-15,362.6243896484375,366.0184363495822,360.1131537221127,364.20368992773217,26860100
2023-11-16,369.00048828125,369.17705042836303,363.12463294088235,363.88976551430744,27182300
2023-11-17,362.8009338378906,367.2347751466243,360.00524677898665,366.4892506146671,40157000
2023-11-20,370.24627685546875,371.6490149349355,363.9290160684621,364.1448242296059,52465100
2023-11-21,365.9595642089844,369.0495215118682,364.04671781694736,368.51001608638865,28423100
2023-11-22,370.6484680175781,372.5514954656195,367.8233538705503,370.7956031427492,23345300
2023-11-24,370.23651123046875,370.76622769070315,367.9901781565456,370.1384111547305,10176600
2023-11-27,371.39398193359375,373.38532049617334,369.02994094912424,369.5988734413345,22179200
2023-11-28,375.40606689453125,375.7003371685908,370.95258715281994,371.1389683050371,20453100
2023-11-29,371.62939453125,376.9755034472532,370.24626453575155,376.4458170169272,28963400
2023-11-30,371.6882629394531,372.8457658390955,368.313824366715,371.2762546529022,30554400
2023-12-01,367.3721618652344,370.9525899274523,364.23313921740737,369.579278745005,33040500
2023-12-04,362.1044921875,362.47722453595185,355.9834013927852,362.0652461744231,32063300
2023-12-05,365.4200744628906,365.9693989437116,358.65158858882313,359.46578625799856,23065000
2023-12-06,361.7709655761719,367.0484320232483,361.0156519151652,366.42064545969674,21182100
2023-12-07,363.8799743652344,364.3704447283438,359.3382140130918,361.21181439248187,23118900
2023-12-08,367.09747314453125,367.3230703614092,361.2118285564288,362.1633422956095,20154400
2023-12-11,364.22332763671875,364.51762785490314,359.1224531501872,361.4570971757964,27708800
2023-12-12,367.2445983886719,367.28384440026525,363.3992975227853,363.7818787799653,24838300
2023-12-13,367.23480224609375,370.4424978188213,363.70340938140794,368.8533485777596,30955500
2023-12-14,358.9556884765625,366.6364723191659,357.1900068696794,366.19503694947514,43277500
2023-12-15,363.6641845703125,365.30233890168853,359.29898614385536,359.858129570657,78502300
2023-12-18,365.5475769042969,365.89091216563435,361.65324079721444,362.4085843593443,21802900
2023-12-19,366.1459655761719,366.1459655761719,362.79113493260104,364.40968123442,20603700
2023-12-20,363.5562744140625,368.8631677330293,363.46799333439736,367.852799906723,26316700
2023-12-21,366.4205627441406,367.27397628253584,362.9872706194223,365.45923017228415,17708000
2023-12-22,367.4407653808594,368.02933580590116,365.606411005962,366.55792471126443,17107500
2023-12-26,367.5193176269531,369.75586165985493,366.3814226016606,367.8528339374102,12673100
2023-12-27,366.9405517578125,367.91167362196546,365.7045567045712,366.56778944423564,14905400
2023-12-28,368.1274719238281,369.2849749136942,367.02882298863733,368.2157530058411,14327000
2023-12-29,368.8729553222656,369.9716041347207,366.3617494835299,368.83370931155366,18730800
2024-01-02,363.801513671875,368.7356447522221,359.7796503608471,366.73451711634624,25258600
2024-01-03,363.5366516113281,366.1459576250118,361.48648901542015,361.97695939537715,23083500
2024-01-04,360.9273376464844,365.9889954484458,360.1720240549271,363.6053166389914,20901500
2024-01-05,360.7409362792969,364.96878822939505,359.5147604251864,361.9376851103461,21004600
2024-01-08,367.5487365722656,368.0490259949179,361.9769996213989,362.26145091951054,23134000
2024-01-09,368.62774658203125,368.8239167777909,364.1154129764403,364.91979160608497,20830000
2024-01-10,375.4747009277344,376.84804200266086,369.1476507008414,369.1966857666869,25514200
2024-01-11,377.29931640625,383.23399708528007,373.13031743484856,378.64320069669225,27850800
2024-01-12,381.0660705566406,381.27205974083927,377.31886954764786,378.14285622037966,21661200
2024-01-16,382.8316955566406,386.5200419691374,380.232208829081,386.1570987194693,27202300
2024-01-17,382.0469970703125,382.67478358686355,377.47580955942465,380.58540492477397,22234100
2024-01-18,386.3631591796875,386.4808672893111,382.68463107425833,384.2541423864291,23392100
2024-01-19,391.07171630859375,391.07171630859375,386.00023875466667,388.21717473718036,29331100
2024-01-22,388.9528503417969,392.9845027036078,386.0884900033909,392.39593223013395,27016900
2024-01-23,391.2972106933594,391.76807297194114,386.4219345726272,388.20725370099274,20525900
2024-01-24,394.8874816894531,397.8989767917514,392.8177112032317,393.8869329627974,24867000
2024-01-25,397.1534729003906,399.25270045475327,394.858075159448,396.6139674673759,21021200
2024-01-26,396.23138427734375,398.4287118822507,394.75997317345707,396.66300059602537,17803300
2024-01-29,401.91107177734375,402.16612596865383,396.6237864171102,398.3208248033987,24510200
2024-01-30,400.80255126953125,405.1775383466925,398.7033537683388,404.4026167586847,33477600
2024-01-31,390.00244140625,407.404352059521,389.6394980894709,399.20367116692984,47871100
2024-02-01,396.08428955078125,400.2238610760148,394.1420159186215,394.1714429462631,30657700
2024-02-02,403.3824768066406,404.7852149654356,395.86846668943514,396.11370188933375,28256700
2024-02-05,397.91864013671875,403.3236336682533,396.29027477301287,402.087638647816,25352300
2024-02-06,397.76165771484375,400.1944015675409,395.23084373526007,398.14423897907153,18382600
2024-02-07,406.15850830078125,406.4037434899342,399.63525825649936,399.67450426882596,22340500
2024-02-08,406.21734619140625,407.63972220628386,404.6674730294275,406.15849214322577,21225300
2024-02-09,412.5346374511719,412.79951062359436,407.17870911735395,407.3356632361391,22032800
2024-02-12,407.3454895019531,412.7210259706923,406.8452001103824,412.54446380988065,21202900
2024-02-13,398.5758972167969,402.25442543992307,395.70174768308635,397.22219404093613,27824900
2024-02-14,402.42822265625,402.7721928081846,397.5930862054174,401.03272774217567,20401200
2024-02-15,399.5487976074219,402.07448469518283,397.3179549607251,401.1015670196542,21825500
2024-02-16,397.0918884277344,401.24895188558764,396.4825852713034,400.9246260176193,22296500
2024-02-20,395.8438415527344,397.5145068330212,391.1462744848481,396.28606324841394,24307900
2024-02-21,395.2442932128906,395.3524118295115,390.3698381114288,393.2689765841808,18518900
2024-02-22,404.5510559082031,405.7106995132782,401.5241839575953,403.11624212580006,27009900
2024-02-23,403.26361083984375,408.6884066709004,401.9172415297094,408.5017108463529,16295900
2024-02-26,400.51190185546875,405.05222425854834,400.3349831970826,404.3642838981377,16193500
2024-02-27,400.4529724121094,401.27848291877046,396.88556737137105,400.95415701072204,14835800
2024-02-28,400.68878173828125,402.24152110085487,398.33017625490425,401.1408405413653,13183100
2024-02-29,406.5067443847656,407.05708472019194,398.91987548490425,401.59296996753153,31947300
2024-03-01,408.3346252441406,408.6982397267373,403.7943028017663,404.17756158377745,17823400
2024-03-04,407.7646179199219,410.1527047870807,405.2094495475142,406.3101300793095,17596000
2024-03-05,395.7061767578125,407.10613735676765,393.73086019090937,406.82113009418805,26919200
2024-03-06,395.1559143066406,398.1729790488092,391.5197391699057,396.0207434176088,22344100
2024-03-07,402.0843200683594,402.71326755552275,395.30328784063323,399.1163813277323,18718500
2024-03-08,399.2146301269531,403.34221201538827,397.357209279769,400.9246137706761,18002200
2024-03-11,397.5439758300781,398.68397503984977,394.34021545583295,396.7971025481086,16120800
2024-03-12,408.118408203125,408.4034154899357,399.7748296289143,400.5905029088669,22457000
2024-03-13,407.9415283203125,410.96839994406946,404.3544792559954,410.88979275530687,17115900
2024-03-14,417.8869934082031,420.4421618629372,410.7816654727546,412.99286375239626,34157300
2024-03-15,409.2388000488281,415.3122180052063,405.67139503823444,412.0593017539116,45079900
2024-03-18,410.1232604980469,413.4744581297676,406.6442999374372,407.10619591579865,20106000
2024-03-19,414.1427001953125,414.39822603826195,408.38374152289526,410.62442124737834,19837900
2024-03-20,417.8968505859375,418.61424242329224,413.4056537780831,414.72254166213037,17860100
2024-03-21,421.96539306640625,423.3903994195494,419.79351351352574,422.4174518440492,21296200
2024-03-22,421.3462829589844,422.446963535343,418.7223444405752,422.2897491598315,17648500
2024-03-25,415.5676574707031,420.03920955948905,414.33921403828305,417.9066185646381,18060500
2024-03-26,414.3785400390625,418.64369211377476,414.08372560652526,418.2702405050307,16725600
2024-03-27,414.1623840332031,417.130322980661,411.7841340063689,417.12048583459426,16705000
2024-03-28,413.4645690917969,414.5947310272611,411.89215553357553,413.70042062857715,21871200
2024-04-01,417.24822998046875,420.51098325002465,414.9387501061958,416.6389267777452,16316000
2024-04-02,414.1721496582031,415.0959414899842,410.6342266844982,412.8650690915943,17912000
2024-04-03,413.19927978515625,415.960818454912,411.86271762245,412.49169510873463,16502300
2024-04-04,410.6736145019531,421.27754806630895,410.368962888124,417.66098731056826,19370900
2024-04-05,418.1818542480469,419.1548019931233,411.1060369628787,412.7668951431704,16554800
2024-04-08,417.2678527832031,419.91146556821536,416.00009070624833,417.8378673566601,14272400
2024-04-09,418.9286804199219,420.3634939121141,414.3490398303801,419.08592477391875,12496900
2024-04-10,415.9607849121094,416.7174952724338,412.4621804028437,414.90923013212864,16216600
2024-04-11,420.5502624511719,421.96543178968227,415.076310912024,418.4766641791292,17966400
2024-04-12,414.62420654296875,417.8476407951663,412.53093421008157,416.7371231732088,19253800
2024-04-15,406.5067443847656,419.45944655068297,406.30034426550657,419.2432392766727,20273500
2024-04-16,407.4305114746094,411.18464237420096,406.5951938062803,407.42070431973565,16765600
2024-04-17,404.73773193359375,411.65633410094387,403.25376259314334,410.0544389834795,15855500
2024-04-18,397.2982482910156,404.786864609064,396.983789567324,403.5485840383649,21029900
2024-04-19,392.237060546875,398.4873961854359,390.9103356715456,397.0623898394721,30565800
2024-04-22,394.04541015625,395.9028313783579,388.9252653448522,393.1805810152453,20286900
2024-04-23,400.5413513183594,401.1604915950337,396.10911790196513,397.26876128202184,15734500
2024-04-24,402.0056457519531,405.3568429660157,399.76496617669443,402.4970231148721,15065300
2024-04-25,392.15850830078125,392.99385593125254,381.3383676792714,387.2348968478242,40586500
2024-04-26,399.3129577636719,405.8777529623426,398.76261744709456,405.0620796331898,29694700
2024-04-29,395.31304931640625,399.3128678523342,392.3058225524822,398.26131320192326,19582100
2024-04-30,382.6158752441406,395.2246348761621,382.4586608840312,394.5661760291184,28781400
2024-05-01,388.12921142578125,394.7922882562086,383.57905157123434,385.8393757796091,23562500
2024-05-02,390.9791564941406,393.0331103770738,387.84416635932274,390.80226783236736,17709400
2024-05-03,399.6470642089844,400.12860445610875,394.92982324925293,395.3425934548566,17446700
2024-05-06,406.4084167480469,406.7916755135943,399.36205183771864,401.7108501382599,16996600
2024-05-07,402.2808532714844,407.5189532422579,402.03516456718575,407.50911609687097,20018200
2024-05-08,403.46014404296875,405.1210019721616,399.6961765499289,401.1310200807253,11792300
2024-05-09,405.20947265625,405.60256858412407,402.04500095122404,403.48965172941627,14689700
2024-05-10,407.5877380371094,408.2167155386998,404.6984363706866,405.81879129865774,13402300
2024-05-13,406.5853271484375,411.13548678399485,403.7353441559508,410.80135374265615,15440200
2024-05-14,409.37628173828125,410.29023638079735,404.45267125877155,404.914567151972,15109300
2024-05-15,416.5338439941406,417.2525598208021,410.81374213755174,411.433999213995,22239500
2024-05-16,414.4761657714844,418.8376448328751,413.8460838814957,415.2736305334928,17530100
2024-05-17,413.7082214355469,416.3763121358098,411.5619590644,416.0021869426872,15352200
2024-05-20,418.7589111328125,420.1667782061981,413.49168315107727,413.7082803966284,16272100
2024-05-21,422.401611328125,426.27079649896183,418.27643943862864,420.2257843102985,21453300
2024-05-22,423.8587341308594,425.71950537683756,420.5212017999642,423.43539455106486,18073700
2024-05-23,420.3931884765625,426.89107515061806,418.83764844643395,426.2708180980622,17211700
2024-05-24,423.50433349609375,424.3904021961967,417.8433006318776,420.58028575397856,11855300
2024-05-28,423.661865234375,424.15412896604386,419.999421868943,422.9825388810405,15718000
2024-05-29,422.5296325683594,424.27223522977,419.1034664398289,419.1034664398289,15517100
2024-05-30,408.25396728515625,417.7349403773821,407.8305976923989,417.7349403773821,28394500
2024-05-31,408.70684814453125,410.3017776619535,398.2511723788605,410.3017776619535,47995300
2024-06-03,407.12176513671875,409.9867435149057,402.5929630717942,409.1006748520027,17484700
2024-06-04,409.6323547363281,409.9966250957063,403.3412097338974,406.0486602967713,14348900
2024-06-05,417.449462890625,417.5183569725432,409.8587351784671,411.3453811328119,16988000
2024-06-06,417.9515686035156,418.7293536763162,414.0725281736093,417.44948005128595,14861300
2024-06-07,417.2919006347656,419.6842947543912,416.45504642365455,419.60554579064143,13621700
2024-06-10,421.24969482421875,421.4564371463653,417.3312953641021,418.12876008062784,13982900
2024-06-11,425.9853210449219,426.1231693068597,418.670289453605,418.89674157876317,14551100
2024-06-12,434.23565673828125,436.53944727057524,426.54650007534946,428.5844790234761,22366200
2024-06-13,434.74761962890625,436.52964196122593,432.57182236972,434.0289338170149,15960600
2024-06-14,435.7223205566406,436.2835084137765,429.9628289677156,431.4986893853765,13582000
2024-06-17,441.4325256347656,443.9627681496181,433.9008973733048,435.741958721063,20790000
2024-06-18,439.4339294433594,443.17515136355723,438.00638282722565,442.7517817727517,17112500
2024-06-20,438.8038635253906,439.6210080275433,434.4423844149745,439.3945559147101,19877400
2024-06-21,442.82073974609375,443.6083496603445,439.60134591371855,440.45787995794916,34187100
2024-06-24,440.743408203125,445.74479433203504,439.5028940256874,442.8404263927747,15913700
2024-06-25,443.97265625,444.4353853435752,439.83762902888526,441.3144201727987,16413400
2024-06-26,445.1639099121094,446.5816317625772,441.25533495755695,442.05279974277113,16507000
2024-06-27,445.84326171875,449.11190006347704,444.7799552473841,445.1836151073107,14806300
2024-06-28,440.0345153808594,448.33407381119525,439.5028621939787,446.05981801420484,28362300
2024-07-01,449.6632080078125,450.2932899171113,438.7644825324962,441.71806471797646,17662800
2024-07-02,452.1737365722656,452.4789376582484,446.09918938158694,446.18782328625804,13979800
2024-07-03,453.64068603515625,453.88681788882053,450.7954174304016,451.10061852531385,9932800
2024-07-05,460.3256530761719,461.1034381760004,451.86856586852235,452.49864781422883,16000300
2024-07-08,459.0260009765625,460.4634324742541,457.27354357582976,459.33120203742016,12962300
2024-07-09,452.4297790527344,460.0992267008215,450.9135982789983,459.77434584343274,17207200
2024-07-10,459.0359191894531,459.24266153927346,451.76024698147666,454.0837473649462,18196100
2024-07-11,447.66461181640625,457.5886345893225,444.5633265323156,455.81649732303464,23111200
2024-07-12,446.5323791503906,449.29889867197954,443.67725577045155,447.3003093014831,16324300
2024-07-15,446.93603515625,450.1849934949163,444.44518211930125,446.28624348851673,14429400
2024-07-16,442.56475830078125,447.27079820143007,439.7490242805094,447.19204922721934,17175700
2024-07-17,436.6575622558594,437.9670004651751,432.38471713490526,435.74195902538145,21778000
2024-07-18,433.556396484375,437.7701732363893,427.6787657535016,437.4649720966362,20794800
2024-07-19,430.3467102050781,434.3143840356024,425.3157901645021,426.398776194832,20940400
2024-07-22,436.0865783691406,437.7208974938516,432.1189340633458,434.95437784378936,15808800
2024-07-23,437.9670715332031,441.45230735280467,436.2441483800791,437.0317583747776,13107100
2024-07-24,422.2637634277344,434.649133994153,420.9740350363965,433.6350720518326,26805800
2024-07-25,411.9262390136719,423.1498448431678,411.0500252919827,422.1653174889069,29943800
2024-07-26,418.68994140625,422.28349032231534,410.8137224917234,411.7293557750341,23583800
2024-07-29,420.1274108886719,425.46353285919287,418.12882136064246,424.9023450000168,15125800
2024-07-30,416.3763427734375,422.4114705197089,410.90234276735913,421.1020622928212,32687600
2024-07-31,411.8770446777344,415.2539664560443,405.8320320070505,413.9937725831716,42891400
2024-08-01,410.6562194824219,420.8460843318748,406.69843005351635,414.27930323794226,30296400
2024-08-02,402.1695861816406,408.5788691410044,398.08380349930894,406.10769576372263,29437900
2024-08-05,389.0360107421875,394.83489176821496,379.6140759587015,383.1485558976655,40709200
2024-08-06,393.427001953125,399.3932659734361,392.33419089963513,393.8109820824443,24946500
2024-08-07,392.2652282714844,403.73496598996115,391.3200904199489,402.31727423535324,20650900
2024-08-08,396.4593811035156,399.58031645092876,393.75193048039444,396.21324922868644,20203000
2024-08-09,399.73779296875,401.73638233312255,396.03599047899144,397.77859311198716,19276700
2024-08-12,400.515625,402.4354656198074,397.9853821448799,400.76175687200634,16762900
2024-08-13,407.6041564941406,408.52961455842444,403.2328528848732,403.25253261450456,19414300
2024-08-14,410.4100646972656,411.25677385836923,406.0683254390975,408.3819407203729,18267000
2024-08-15,415.2626953125,415.34158622213624,411.9388626649199,414.0495331175792,20752100
2024-08-16,412.7377624511719,415.5684441235936,411.5837759699612,414.83859034033384,22775600
2024-08-19,415.755859375,415.9728470077707,410.75530126947416,413.22105614207504,15234000
2024-08-20,418.98101806640625,420.0264956299884,415.864330676567,415.9235063802004,16387600
2024-08-21,418.33013916015625,420.55916118279697,415.9432751081222,418.2709333493598,16067300
2024-08-22,409.8577880859375,420.9438431425212,408.9306617888671,418.54710638332296,19361900
2024-08-23,411.0807800292969,413.51694694228206,406.4451490290269,411.2681797994915,18493800
2024-08-26,407.8259582519531,411.5640508373135,405.7054152115458,410.6665125068156,13152800
2024-08-27,408.1711730957031,408.6840392458711,404.6303529004273,407.2045864016282,13492900
2024-08-28,404.9755859375,409.3153084895278,401.7306441001557,409.1969570716752,14882700
2024-08-29,407.4610595703125,416.26872882049446,404.975589475056,409.2561363555491,17045200
2024-08-30,411.42596435546875,411.7711459201445,406.48458250077,409.9070510926303,24308300
2024-09-03,403.8314514160156,414.1284456363182,401.45446023053216,412.18542969380115,20313600
2024-09-04,403.2988586425781,405.6068015782242,398.830912042889,400.3498254636215,15135800
2024-09-05,402.79583740234375,407.44131080829675,400.56678553175374,402.0363656944642,14195500
2024-09-06,396.1974792480469,405.02486305915306,395.3097834719027,403.4566466739337,19609500
2024-09-09,400.16241455078125,403.0522719406784,396.6413094868822,401.6615826272171,15295100
2024-09-10,408.5262451171875,410.62704280907684,402.1152829853601,402.6084339185776,19594300
2024-09-11,417.2451477050781,418.1821164133012,403.9695029843538,409.80842324527,19266900
2024-09-12,421.1509094238281,421.5158363092752,414.0002206806835,417.51145302107784,17395700
2024-09-13,424.6917419433594,425.914746697553,419.6320082561189,419.9969351521576,15874600
2024-09-16,425.4314880371094,427.5914917589124,422.3542307072933,424.7016342113202,13834700
2024-09-17,429.1893005371094,435.79753584231287,426.34874601904636,434.1997314507894,18874200
2024-09-18,424.9087219238281,430.05721907964937,424.5142071811442,429.04132931995406,18898000
2024-09-19,432.6808166503906,435.4523227974912,430.9153276838819,435.18603209956774,21706600
2024-09-20,429.3076171875,433.22323693457605,428.27201223229315,431.23091793236443,55167100
2024-09-23,427.5717468261719,430.48131937501944,424.4944897103184,428.3311884542686,15128900
2024-09-24,423.29119873046875,427.4139334394583,420.2632446802758,427.0687217553129,17015800
2024-09-25,426.19091796875,427.1870925626301,422.69943076362244,423.94215074360574,13396400
2024-09-26,425.4018859863281,429.3372210826113,423.251754987828,429.1301061037402,14492000
2024-09-27,422.15692138671875,425.93447445668835,421.6144673905514,425.6089779793521,14896100
2024-09-30,424.4057312011719,424.5241127227398,419.54326964937644,422.34436366886086,16807300
2024-10-01,414.9273681640625,422.61066875300435,413.07311568923785,422.58108089859957,19092900
2024-10-02,411.4161071777344,417.02816727140424,411.00184714518315,416.79143435299875,16582300
2024-10-03,410.834228515625,413.8029769595959,408.6150490966078,411.9092940444477,13686400
2024-10-04,410.3607482910156,414.00020455197927,409.28568287863294,412.51087911578094,19169700
2024-10-07,403.9300842285156,411.3963666559109,403.3974727803463,410.30158600641573,20919800
2024-10-08,409.0292663574219,409.966265233936,402.57887338489604,405.27145839926953,19229300
2024-10-09,411.7415771484375,414.6215919010832,408.62485957486433,410.16348810998284,14974300
2024-10-10,410.143798828125,411.63312440285347,407.49064417755886,409.54216908706456,13848400
2024-10-11,410.6172180175781,411.41612015597997,407.589263932771,410.4396908978323,14144900
2024-10-14,413.3985900878906,418.2314633461143,411.80075573680847,412.0473312101826,16653100
2024-10-15,413.0040283203125,416.692817718463,409.5717171353566,416.3969091028174,18900200
2024-10-16,410.4199523925781,410.65665522282575,404.85722518493617,409.4829836231505,15508900
2024-10-17,411.0117492675781,416.7125733271007,409.89722324961605,416.57447660649984,14820000
2024-10-18,412.4320373535156,413.90161766396704,410.5580696214905,411.4260201751563,17145300
2024-10-21,413.0435485839844,413.22107571933117,408.08245074925037,410.41998166329415,14206100
2024-10-22,421.6539306640625,424.68185459098345,412.31365056093216,412.75746835174544,25482200
2024-10-23,418.7838134765625,425.17503084101816,416.74216121867397,424.9580432083023,19654400
2024-10-24,418.9120178222656,420.144895200207,416.6139175340375,419.5037748840412,13581600
2024-10-25,422.28515625,426.5952907757042,420.72681247783265,420.9142122484759,16899100
2024-10-28,420.74652099609375,426.02324214447043,420.46048501920137,425.7470788183642,14882400
2024-10-29,426.0330810546875,427.2363704730416,419.96730081243857,422.13717684538614,17644100
2024-10-30,426.60516357421875,432.4933871760131,426.1810609771617,431.4479095602445,29749100
2024-10-31,400.7838134765625,410.4594334413064,400.73448031809437,409.6703738017444,53971000
2024-11-01,404.7487487792969,409.80848287841667,401.9180668422498,403.4073925009318,24230400
2024-11-04,402.8648681640625,404.7980415718176,400.01447130701087,404.18650910637746,19672300
2024-11-05,405.8237609863281,409.2166418436789,402.4900558335031,402.7760918050739,17626000
2024-11-06,414.42431640625,414.6906371773605,404.89663664059157,406.77063429083336,26681800
2024-11-07,419.6024169921875,421.0029789570154,414.12845339700306,415.5092700597973,19901800
2024-11-08,416.7519836425781,420.65773046119216,416.0023846199846,419.49390152577604,16891400
2024-11-11,412.2840881347656,418.99092936118404,410.301611581567,416.7322894657105,24503300
2024-11-12,417.23529052734375,418.6259798148705,411.485163708279,412.5207686609151,19401200
2024-11-13,419.3755798339844,423.4489813965326,412.4813090867046,415.8643474786666,21502200
2024-11-14,421.04241943359375,422.304884622317,414.24678510633004,419.17829445283394,30246900
2024-11-15,409.3153076171875,417.0084507566798,407.9739514183208,414.06929022111444,28247600
2024-11-18,410.0649108886719,412.6687324009395,406.4550421174999,409.18708769998454,24727000
2024-11-19,412.06707763671875,412.2150169012381,405.912533336808,407.4511618868994,18133500
2024-11-20,409.7985534667969,411.57391488876465,404.9558076834049,411.1596548604422,19191700
2024-11-21,408.029541015625,414.85853235917494,405.47980199521203,414.5818162626976,20780200
2024-11-22,412.11114501953125,412.50644943843054,406.2407824115055,406.547145598137,24814600
2024-11-25,413.88018798828125,416.1433187151558,409.9863774439722,413.474991137145,27691100
2024-11-26,422.9723205566406,424.0100286609721,413.93949178519347,414.67080652096905,23458900
2024-11-27,418.0309143066406,422.22122564388053,417.07228524559736,420.12605489536344,18332400
2024-11-29,418.4954528808594,419.89881842784905,412.90180567999255,415.1649667399431,16271900
2024-12-02,425.92724609375,427.9235529659965,416.370602899235,416.6275643373692,20207200
2024-12-03,426.1446838378906,427.3997836787713,422.72522667678595,424.80061260374794,18302000
2024-12-04,432.291748046875,434.5153692878957,427.5578970490266,427.95320145991604,26009400
2024-12-05,437.4307861328125,439.44687793021666,431.0564230401268,432.7859063083414,21697800
2024-12-06,438.36962890625,440.8699661871766,436.59071386287525,437.1144989799139,18821000
2024-12-09,440.7909240722656,443.0738395996816,435.33565050126293,437.41103647885797,19144400
2024-12-10,438.1324768066406,444.3487425824553,436.42277827381423,439.1800773312265,18469500
2024-12-11,443.7261047363281,445.0701760009867,438.84401807874156,438.84401807874156,19200200
2024-12-12,444.2893981933594,450.81202644259827,443.8446618873549,443.8446618873549,20834800
2024-12-13,442.0262451171875,446.13747735633456,440.3560560775405,443.1825414368637,20177800
2024-12-16,446.295654296875,446.87873364714176,440.0596337652838,442.02629379074256,23598800
2024-12-17,449.1319580078125,449.95224407864544,444.2993034538041,445.72242348242105,22733500
2024-12-18,432.2621154785156,447.34318887069384,431.89642797238076,446.0287948744165,24444500
2024-12-19,431.9063415527344,437.98423408144293,431.2046739034814,436.4425256398133,22963700
2024-12-20,431.4813537597656,438.53762947103075,423.6047919913248,428.03224964237955,64263700
2024-12-23,430.147216796875,432.5190736490341,427.755575118412,431.619738686297,19152500
2024-12-24,434.17938232421875,434.4462362082623,429.09965819133004,429.5542568118305,7164500
2024-12-26,432.9736328125,435.7704710980457,431.51100346947777,433.9322618472237,8194200
2024-12-27,425.4825439453125,430.117561657289,421.351556737901,429.5048352492743,18117700
2024-12-30,419.8493957519531,422.5375084206725,416.95375351066525,421.0649864251654,13158700
2024-12-31,416.5583801269531,421.727075036825,415.72823181420273,421.1044562623139,13246500
2025-01-02,413.6726379394531,421.0748471756245,409.98638702094667,420.54116958363784,16896500
2025-01-03,418.38671875,419.0587393010629,414.62138898974536,416.1433125624827,16662900
2025-01-06,422.833984375,429.2281326887413,420.491774572373,422.9822197752049,20573600
2025-01-07,417.4181823730469,425.6011074871905,415.8665816173968,423.9704579117962,18139100
2025-01-08,419.5824890136719,421.96423797941225,416.59790611740993,418.4953792965591,15054600
2025-01-10,414.0382995605469,419.73074959963856,410.15435142162687,419.651700779007,20201100
2025-01-13,412.2989501953125,413.593589604229,407.45640284839305,410.3717995418403,17604800
2025-01-14,410.79681396484375,414.81907549699406,405.90483432222504,412.91170951779225,16935900
2025-01-15,421.3119812011719,423.1304056035061,413.3662329233126,414.2161660512409,19637800
2025-01-16,419.6022644042969,424.45470380326,419.4145196873236,423.67398737859014,15300000
2025-01-17,424.0000915527344,429.3862083308609,423.1501885882937,429.0007661773637,26197500
2025-01-21,423.476318359375,425.8481750206776,420.61032363697626,425.1563998310193,26085700
2025-01-22,440.9688720703125,442.02630472978717,430.88844231911156,432.4301508467356,27803800
2025-01-23,441.4728698730469,441.5124093673138,436.32395911733414,436.81809723637986,18389300
2025-01-24,438.8539123535156,441.4135440071518,436.225094129831,439.94102216929423,15549500
2025-01-27,429.4653015136719,430.09781275609777,418.53496919379126,419.03899970511213,35647800
2025-01-28,441.9571228027344,443.1232814648123,426.3225862891417,429.50483681704293,23491700
2025-01-29,437.1441955566406,441.6408703345489,435.23682974085557,441.4530954449331,23581400
2025-01-30,410.1247253417969,417.90245411076046,408.3161931892364,413.86040812362955,54586300
2025-01-31,410.1938781738281,415.7578774765854,410.04564278987584,414.06793377994285,34161900
2025-02-03,406.1024475097656,410.53979775772405,403.8689337668832,406.774468051233,25679100
2025-02-04,407.5354309082031,409.0672770356713,404.9362598096777,407.8516865143663,20532100
2025-02-05,408.4446716308594,408.97831905399164,405.5885389886856,407.515689607161,16316700
2025-02-06,410.94500732421875,413.2971094519946,409.14633744300244,409.14633744300244,16309800
2025-02-07,404.9461364746094,413.74178783038474,403.3154869234488,411.5972455590395,22886800
2025-02-10,407.3871765136719,410.58918143726896,406.10242964328353,408.85969825647294,20817900
2025-02-11,406.6163635253906,407.65404147500567,404.50143797348676,404.83747842325164,18140600
2025-02-12,404.2445068359375,405.93445069964594,399.62924369400855,402.43594449354754,19121700
2025-02-13,405.72686767578125,406.18146622486773,401.59585076694265,402.22836193070845,23891700
2025-02-14,403.6416320800781,404.1160155029715,401.1215398904841,403.0091510093491,22758500
2025-02-18,404.83746337890625,405.78620005413757,401.7342617389566,403.2166759889158,21423100
2025-02-19,409.90728759765625,410.61884763156144,402.8707662400353,403.09808061190597,24114200
2025-02-20,412.0759582519531,415.2249706128277,408.520936591177,411.24414537664296,23508700
2025-02-21,404.2331237792969,413.97725680128366,403.91626425407014,413.27418223243296,27524800
2025-02-24,400.06414794921875,405.38182745676596,395.429748735741,404.5302202614153,26443700
2025-02-25,394.0235595703125,398.00441513588805,392.8352683816966,397.1923965138258,29387400
2025-02-26,395.8357849121094,399.6680779917259,390.40916096474115,394.13254018558297,19619000
2025-02-27,388.70587158203125,401.78716793671936,388.3493932994261,397.3607146060961,21127400
2025-02-28,393.1224060058594,393.7561854578909,382.80393739721217,388.83460333794534,32845700
2025-03-03,384.7052307128906,394.93461038215554,382.39794340981075,394.93461038215554,23007700
2025-03-04,384.82403564453125,388.75535997703025,377.2881889484286,379.6648014174362,29342900
2025-03-05,397.1131286621094,397.7568203379533,385.02209070764377,385.5469260754551,23433100
2025-03-06,393.0234375,398.23217304119834,388.8544303529959,390.438848896208,23304600
2025-03-07,389.478271484375,390.9537458547577,381.7839796807534,388.497925986767,22034100
2025-03-10,376.4563903808594,382.6355890788174,373.5450301742595,382.08104715568106,32840100
2025-03-11,376.74359130859375,382.23950999896846,373.2380702422645,375.30770541349494,30380200
2025-03-12,379.5361022949219,381.46711712441265,375.25821149680263,379.2192427611773,24253600
2025-03-13,375.0799255371094,381.5661320778761,373.7728082450696,379.4271716632625,20473000
2025-03-14,384.7745666503906,386.42831046600287,375.8127456880931,376.0801044136148,19952800
2025-03-17,384.9132080078125,388.88412112316473,381.813696346666,382.9326924641042,22474300
2025-03-18,379.7836608886719,383.59615946585757,377.38725393405446,383.29909421372145,19486900
2025-03-19,384.0417785644531,385.8836435250732,380.2589866011294,381.7740797920575,19185500
2025-03-20,383.07135009765625,387.97313863322194,379.5460345045817,381.98206039861145,18470500
2025-03-21,387.4482116699219,387.9235159934204,379.07061032508363,379.48653182840957,39675900
2025-03-24,389.25048828125,391.54789342681113,386.0123564410982,391.54789342681113,21004500
2025-03-25,391.3102722167969,392.4985634335279,388.81483346341923,390.08236222676067,15775000
2025-03-26,386.17083740234375,391.45881045430576,384.7844825194778,391.15183295239507,16108400
2025-03-27,386.7748718261719,388.41870337339975,383.62585932715103,386.3292739557081,13766800
2025-03-28,375.109619140625,385.3389984995421,373.2578420054409,384.2992097422753,21632000
2025-03-31,371.73284912109375,373.396474789069,363.6622247634287,368.9106086577597,35184700
2025-04-01,378.4666442871094,379.12021808448793,369.59394254927554,371.0000917512926,19689500
2025-04-02,378.4171142578125,381.32844426453147,372.95087209109226,374.2877261088344,16092600
2025-04-03,369.4750671386719,373.80251903809335,365.7517184220645,371.13872318254886,30198000
2025-04-04,356.3343505859375,370.94065262193254,355.97787229621173,360.5825648601157,49209900
2025-04-07,354.3736267089844,367.3856281525139,341.43098078163547,347.4616469003483,50425000
2025-04-08,351.1057434082031,370.0097579671702,346.83773543404493,364.6722850479048,35868900
2025-04-09,386.6857604980469,389.3990874327872,349.6600368937789,350.09575274548115,50199700
2025-04-10,377.6347961425781,380.1599412978202,364.21678559967916,378.33787067807094,38024400
2025-04-11,384.6656494140625,386.25003769690613,375.1987873888056,376.93173851590154,23839200
2025-04-14,384.0318908691406,390.80525087459347,380.46695659777833,389.38918941494444,19251200
2025-04-15,381.9721374511719,388.07212889209285,380.41742551182244,384.7250528209778,17199900
2025-04-16,367.9896545410156,377.8922316795949,364.41483869971677,376.9614172312142,21967800
2025-04-17,364.19696044921875,370.673253997748,363.3156468476557,370.1087998795162,21120200
2025-04-21,355.62139892578125,360.92919678600947,352.2050274305898,359.28536510699473,20807300
2025-04-22,363.2463684082031,364.18709517298703,356.3541524572501,359.83987920585236,19485000
2025-04-23,370.7426452636719,376.6841922722663,369.38596664501534,372.396358924379,20545500
2025-04-24,383.5267639160156,384.66558435456824,371.5347586504801,372.03979970687254,22232300
2025-04-25,388.03253173828125,388.33950924401097,380.8531625631297,383.2297752805051,18973200
2025-04-28,387.3492126464844,388.9138065441973,382.87325863987553,388.1414067328739,16579400
2025-04-29,390.201171875,391.2508426713115,386.5768248872523,387.48784509297593,14974000
2025-04-30,391.4093017578125,392.7956566127169,380.6947052715702,386.4976013857663,36461100
2025-05-01,421.2556457519531,432.7327295827746,420.76051687113977,426.9100091091665,58938100
2025-05-02,431.03936767578125,435.15884330772667,425.8008960147878,427.5338469786456,30757400
2025-05-05,431.9207458496094,435.2182909345157,427.9002714913439,428.652877068793,20136100
2025-05-06,429.0885925292969,433.46554517602334,426.9694566129341,427.9894209087166,15104200
2025-05-07,429.1282043457031,433.8517229596541,426.9100064238295,429.61342097536215,23295300
2025-05-08,433.90130615234375,439.347724461915,431.41574921694325,433.66362371268656,23491300
2025-05-09,434.4557800292969,436.4461774951318,431.6335394854884,435.7133964534002,15324200
2025-05-12,444.8832092285156,444.9921230759706,435.4955548202822,441.5955462250109,22821900
2025-05-13,444.7643737792969,446.27946690563454,441.0211705280613,443.4176075446257,23618800
2025-05-14,448.52734375,449.4779827199474,443.7741186799948,443.7741186799948,19902800
2025-05-15,449.5392761230469,452.57502540604634,446.860659567107,447.1979616790238,21992300
2025-05-16,450.6702575683594,450.7595407562394,445.1741794982958,448.4678481067336,23849800
2025-05-19,455.2337646484375,455.9480603525366,447.2277066057748,447.3070896149787,21336500
2025-05-20,454.53936767578125,454.7080036018212,450.719869916101,451.9797952414424,15441800
2025-05-21,448.98370361328125,454.1524094962116,448.229716398419,450.9678549991314,19216900
2025-05-22,451.2555847167969,456.6028878213618,450.3032004241896,451.34489818162797,18025600
2025-05-23,446.6126708984375,450.0948666019555,445.3527455471655,446.414273906322,16883500
2025-05-27,457.0393371582031,457.2972865174385,452.5055441364309,452.86270711658346,20974300
2025-05-28,453.73577880859375,458.8548936312049,453.3091934756473,457.56520718600586,17086300
2025-05-29,455.0453186035156,458.0612374989779,451.702028016876,457.89257129241645,13974800
2025-05-30,456.7119445800781,458.02149174118404,451.93016282180776,456.07703188956276,34770500
2025-06-02,458.3092346191406,458.44810948050275,453.2695031394806,453.51752207653715,16626500
2025-06-03,459.30133056640625,460.4620725642075,457.2080349022007,457.8132168786229,15743800
2025-06-04,460.19415283203125,461.9997378828715,459.35088242690273,460.3231275179124,14162700
2025-06-05,463.9739685058594,465.92835889810493,460.35289815926444,461.2755213187348,20131700
2025-06-06,466.652587890625,469.58912358157227,465.0652606634985,466.3648774509946,15285600
2025-06-09,469.0038146972656,469.67841894667356,464.90653697170796,465.9779957450024,16469900
2025-06-10,467.1883239746094,469.0534009468453,463.25968221899245,467.45617352695865,15375900
2025-06-11,468.87481689453125,471.7022387212418,465.93828127215454,466.29541399515057,16399200
2025-06-12,475.0752868652344,476.6130223697302,469.7676758011157,471.2557893550323,18950600
2025-06-13,471.1962585449219,475.38281914376,469.0137102048777,472.63478039747713,16814500
2025-06-16,475.3431701660156,476.8808754060361,471.23596219473825,471.44428961660435,15626100
2025-06-17,474.25189208984375,474.9463269378011,470.3232503868908,471.63279762120845,15414100
2025-06-18,476.4344482421875,477.1884355000323,470.70025162122124,474.21220825159133,17526500
2025-06-20,473.6169738769531,479.6289507141904,473.09117492174096,478.4087168746746,37576200
2025-06-23,482.1487731933594,483.8849056071214,468.76568216065505,474.4204952857464,24864000
2025-06-24,486.2262268066406,487.952459183197,482.9424585265478,485.075445589935,22305600
2025-06-25,488.3691101074219,490.64097201284227,485.5119574284625,488.1409520653471,17495100
2025-06-26,493.5080871582031,494.09340820956044,488.9048412091741,489.0735074056833,21578900
2025-06-27,492.0100402832031,495.3434002058453,489.12309627390664,493.60726767719865,34539200
2025-06-30,493.4684143066406,496.79187420420715,491.4048797426009,493.101351114434,28369000
2025-07-01,488.1508483886719,494.10330273882704,487.08935037246306,492.53583641461546,19945400
2025-07-02,487.198486328125,489.5893925672679,484.82744098086494,486.107196925814,16319600
2025-07-03,494.8870849609375,496.16687121115365,489.52988173373706,489.89694493303733,13984800
2025-07-07,493.77593994140625,494.7977767455099,491.3056810299541,493.4386378219278,13981600
2025-07-08,492.68463134765625,494.25212791462184,490.1945116420166,493.2997134401056,11846600
2025-07-09,499.5200500488281,502.76412671878114,495.77990524850594,496.3354652236218,18659500
2025-07-10,497.5061340332031,500.4426696344743,493.8056807647675,499.06366987607214,16492100
2025-07-11,499.3315734863281,501.0280145407016,493.85529597280816,494.5200000462786,16459500
2025-07-14,499.033935546875,499.9764196247383,497.0597144820079,497.5458219138798,12058800
2025-07-15,501.811767578125,504.2720960834484,498.80577924001653,499.03393728805895,14927200
2025-07-16,501.6133117675781,502.70460109528983,497.9128887743687,501.17679603649344,15154400
2025-07-17,507.6451721191406,509.3019216630888,501.61333461976557,501.67285674255714,17503100
2025-07-18,506.00823974609375,510.56189422136015,503.40900604524023,510.4031281876361,21209700
2025-07-21,506.01812744140625,508.0320701704435,501.54385636100875,502.69466780228106,14066800
2025-07-22,501.2660827636719,507.1491147296819,501.2660827636719,506.92092641726225,13868600
2025-07-23,501.8613586425781,502.77408166088094,496.73234393031225,502.73439015336794,16396600
2025-07-24,506.8316345214844,509.5995039044367,503.27998658866585,504.73833906736274,16107000
2025-07-25,509.6392822265625,514.1829458042694,506.3157919577708,508.4090573683804,19125700
2025-07-28,508.4388122558594,510.91900158393673,506.07766717141,510.0063088656235,14308000
2025-07-29,508.5082702636719,513.5182406496896,507.50626407616875,511.4448362580723,16469200
2025-07-30,509.1729431152344,511.86149016920456,505.4030674134904,511.08764202727673,26380400
2025-07-31,529.2723999023438,551.0484742016899,527.6851029610986,550.8301860551579,51617300
2025-08-01,519.9568481445312,531.5542170062565,516.7326017006552,530.7605684534492,28977600
2025-08-04,531.3954467773438,533.9847498429226,523.9449485218581,524.0838536533402,25349000
2025-08-05,523.5679321289062,533.0422426180032,523.0619638515897,532.9231983823397,19171600
2025-08-06,520.7802734375,527.486715540996,519.8775111011839,526.6930670104376,21355700
2025-08-07,516.7127685546875,523.9053178574718,513.4488005319126,522.6255013664995,16079100
2025-08-08,517.9032592773438,520.5024931820143,515.2940949258492,518.4588193359411,15531000
2025-08-11,517.6353759765625,523.4092640243366,515.6015722772428,518.1611446296885,20194400
2025-08-12,525.046142578125,526.7723446368122,518.5579891899393,519.5996565820958,18667000
2025-08-13,516.454833984375,528.4787877679453,515.2544004746543,527.8934364066101,19619200
2025-08-14,518.3396606445312,521.7821945996749,516.0182375574066,518.4190436500928,20269100
2025-08-15,516.0480346679688,521.9310366989816,514.9667059909838,518.6274679925785,25213300
2025-08-18,513.0023193359375,518.6770238166106,509.9467697824549,517.4567900842618,23760600
2025-08-19,505.7304382324219,511.0777107186651,504.5201046206217,510.91900524319027,21481000
2025-08-20,501.7125549316406,506.9507137373093,500.4426991689255,505.829663283555,27723000
2025-08-21,501.06658935546875,504.435269171935,499.5561662916726,500.5200628741361,18443300
2025-08-22,504.037841796875,507.5158151187978,499.2481684011306,501.0765850227361,24324200
2025-08-25,501.0865173339844,504.9917771303553,500.9473838488724,503.44159720621536,21638600
2025-08-26,498.8804931640625,501.801993130018,495.3727099158942,501.1858695359189,30835700
2025-08-27,503.5508728027344,504.09742962807053,496.7539232974875,498.8407132226862,17277900
2025-08-28,506.4326477050781,507.87350408410515,502.3186878124423,503.89867767213724,18015600
2025-08-29,503.501220703125,506.39291066950057,501.3150539612025,505.4588240002719,20961600
2025-09-02,501.9410705566406,502.81553721257154,493.68337117589067,497.32034095368414,18128000
2025-09-03,502.1696472167969,504.5942937991858,499.1587173668126,500.6194673133705,16345100
2025-09-04,504.7731628417969,504.95202275876863,499.983489561643,501.1262461318779,15509500
2025-09-05,491.8847961425781,508.7479993566889,489.27134277765646,505.86625611105876,31994800
2025-09-08,495.06463623046875,498.04575600626316,491.91457299081776,494.97517595073856,16771000
2025-09-09,495.2733459472656,499.08917592804124,494.5678227014102,498.27432917901325,14410500
2025-09-10,497.2209777832031,500.06299449245154,493.5939546766565,499.81456783685906,21611800
2025-09-11,497.8569641113281,500.00337405269875,494.7466575341409,499.08915061774627,18881600
2025-09-12,506.6910095214844,509.32432605160386,500.67909648146514,503.4614629424367,23624900
2025-09-15,512.1166381835938,512.2259313574772,503.80926524972944,505.58800862213144,17143800
2025-09-16,505.83642578125,513.9748550906477,505.3991924428879,513.6270820344445,19711900
2025-09-17,506.81024169921875,508.07226852063866,502.74598524416496,507.4064717390096,15816600
2025-09-18,505.2501525878906,509.84107240669834,504.4651158521554,508.270998935228,18913700
2025-09-19,514.67041015625,516.0317832353262,507.09837133283605,507.34679796260957,52474100
2025-09-22,511.21234130859375,514.4816139887456,509.31432785382,512.3451813197225,20009300
2025-09-23,506.0252685546875,511.35155218118825,504.1173383670773,510.5664850795932,19799600
2025-09-24,506.9394226074219,509.2547456727144,503.72976965544393,507.16798604562155,13533700
2025-09-25,503.8390808105469,506.8003375404676,501.8616142840625,505.10107733704126,15786500
2025-09-26,508.2411804199219,510.70558375978015,503.4316440082871,506.849997214163,16213100
2025-09-29,511.36138916015625,513.5972289973041,505.67741655332713,508.28092297827857,17617800
2025-09-30,514.6903686523438,514.8990082310244,506.45253207823936,510.0099885223437,19728200
2025-10-01,516.4393310546875,517.2342842847302,508.4697839098333,511.5601971915601,22632300
2025-10-02,512.4942626953125,518.3173691617891,507.4661094259624,514.3823296081488,21222900
2025-10-03,514.0940551757812,517.2143082734997,511.75886906280147,513.8456285403139,15112300
2025-10-06,525.2435302734375,527.6880704621805,514.9387971845453,515.3461902238155,21388600
2025-10-07,520.682373046875,526.4657528279373,518.1583800775612,524.9652461341774,14615200
2025-10-08,521.546875,523.6336952116123,519.7980023635643,519.9868090400763,13363400
2025-10-09,519.1123657226562,521.0302122328587,514.1438325922749,519.0527457511332,18343600
2025-10-10,507.74432373046875,520.2849266906686,506.42270727517143,516.3697201998212,24133800
2025-10-13,510.81488037109375,513.1600134586593,508.45980051307464,513.1600134586593,14284200
2025-10-14,510.337890625,512.0371506947121,502.815524609146,507.0189143190136,14684300
2025-10-15,510.1987609863281,513.935107423202,506.7903547024341,511.71916116293283,14694700
2025-10-16,508.3902282714844,513.597241245564,504.93214864922606,509.3541552294708,15559600
2025-10-17,510.347900390625,512.2359067167633,504.1173400169688,505.8364635131052,19867800
2025-10-20,513.53759765625,515.4356111738924,510.19875812962454,511.37132460679527,14665600
2025-10-21,514.4021606445312,515.4257076122852,509.81124074780416,514.2431942660954,15586200
2025-10-22,517.2640380859375,521.9245247034462,514.4518919333965,517.8702452376143,18962700
2025-10-23,517.283935546875,520.6526156742948,515.3461954332505,519.1720024577996,14023500
2025-10-24,520.314697265625,522.0437370421222,517.4329845218087,519.499850577073,15532400
2025-10-27,528.1749877929688,531.2157277722118,525.6807743511338,528.4333612309177,18734700
2025-10-28,538.6585693359375,550.2352153811122,537.366762825241,546.5386557673307,29986700
2025-10-29,538.141845703125,542.8321728172806,533.3521721804118,541.510525937623,36023000
2025-10-30,522.451171875,531.6031704966998,518.8340654321457,527.1414377363435,41023100
2025-10-31,514.5512084960938,525.9887810857076,511.85824179468614,525.5515477587454,34006400
2025-11-03,513.776123046875,521.6562086548496,511.3514766558802,516.5385956979154,22374700
2025-11-04,511.0931701660156,512.3054631947169,504.64399323613884,508.53933673798264,20958700
2025-11-05,503.9682312011719,511.58997398954807,503.39186440425516,510.0695738143288,23024300
2025-11-06,493.9715576171875,502.51744045426454,492.6896676102462,502.47768369906356,27406500
2025-11-07,493.6933288574219,496.2372153715257,490.1457889557352,493.8225155697467,24019800
2025-11-10,502.8155212402344,503.6601778844964,495.66082185127294,496.8930386116327,26101500
2025-11-11,505.4786682128906,506.39289163210333,499.18851875070465,501.6230817360039,17980000
2025-11-12,507.9232177734375,508.4498810705414,495.9788447581273,506.1543908722183,26574900
2025-11-13,500.1225891113281,510.26832472026865,498.1351759673349,507.098398329558,25273100
2025-11-14,506.96923828125,508.38031503091224,494.30942559248354,495.0944623167857,28505700
2025-11-17,504.296142578125,508.8970088955905,501.7323929449627,505.2501227292945,19092800
2025-11-18,490.6824035644531,499.8145698875434,483.71651040889276,492.2524466910109,33815100
2025-11-19,484.0543518066406,492.0735713081103,479.79134202204426,487.0156083775533,23245300
2025-11-20,476.3088684082031,491.3817596467919,473.39186588492817,490.5255566668064,26802500
2025-11-21,470.0268249511719,476.796695003642,466.19388806310616,476.3785437287191,31769200
2025-11-24,471.8985290527344,474.7856658755464,465.9450303435204,472.8940955697233,34421000
2025-11-25,474.8752136230469,477.0256407210385,462.82888433135173,471.9681767111092,28019800
2025-11-26,483.3475036621094,486.14504291080743,479.06658014921754,484.1539100429923,25709100
2025-11-28,489.82867431640625,490.44592067381114,484.49242217644115,485.4382224868377,14386700
2025-12-01,484.5820007324219,487.68816317334665,482.5012705124726,486.27447583839387,23964000
2025-12-02,487.82757568359375,491.312058367048,484.16389832530854,484.56211884124775,19562700
2025-12-03,475.6119689941406,482.09308589504883,473.0931871020635,474.2082166599713,34615100
2025-12-04,478.7081604003906,479.186043226252,474.3774403367437,477.6329620200481,22318200
2025-12-05,481.01788330078125,481.2568095233099,476.7568601661199,480.3807061976695,22608700
2025-12-08,488.8430480957031,490.11737199051475,482.2325023858298,482.74025101921535,21965900
2025-12-09,489.8385925292969,489.93815525049575,486.33420957194573,486.93155551686203,14696100
2025-12-10,476.4382629394531,482.10303829287767,472.973680864489,481.88401246545567,35756200
2025-12-11,481.3265075683594,483.8751552220924,473.750231167373,474.51683677020293,24669200
2025-12-12,476.4084167480469,480.31105063829824,474.22812377070755,477.69270598810584,21248100
2025-12-15,472.7148742675781,478.588710310573,470.42505317808707,477.97146396596463,23727700
2025-12-16,474.2779235839844,475.7712732838117,468.79234263095657,469.8177748762136,20705600
2025-12-17,474.00909423828125,477.8718969329872,472.8940646732686,474.79560024235434,24527200
2025-12-18,481.8342590332031,487.4293375934554,475.7712630284666,476.06992080908344,28573500
2025-12-19,483.7656555175781,485.68709144559693,480.35083955461556,485.1992432324443,70836100
2025-12-22,482.7701110839844,486.5632169440421,480.5499868948874,483.9647726311972,16963000
2025-12-23,484.6915588378906,485.66719456773416,482.5908977144131,482.829854335465,14683600
2025-12-24,485.8563232421875,486.99128356758627,482.680463867149,483.5267014178325,5855900
2025-12-26,485.5477294921875,485.95591540329985,483.8054881161676,484.5521629916047,8842200
2025-12-29,484.9404296875,486.1848877649252,482.0333622504328,482.71034015280554,10893400
2025-12-30,485.3187561035156,487.5089841188462,483.3475235456682,483.77560983811236,13944500
2025-12-31,481.4758605957031,485.97584057107747,481.15727202744546,485.6771523949816,15601600
2026-01-02,470.84320068359375,482.5112407273309,468.07552715971417,482.24244872265706,25571600
2026-01-05,470.75360107421875,473.95932625248497,467.41844739653146,471.95822796941724,25250300
2026-01-06,476.3885192871094,476.617480129593,467.6673473241013,471.69937935780575,23037700
2026-01-07,481.3265075683594,487.5288974221053,475.83099176167434,477.63296458601815,25564200
2026-01-08,475.9902648925781,480.5201105081445,473.7502403609407,479.10639276886474,18162600
2026-01-09,477.15509033203125,477.6927047258898,470.106493184136,471.9582322108041,18491000
2026-01-12,475.06439208984375,478.85749783991434,473.57104241242143,474.5566738594685,23519900
2026-01-13,468.5832824707031,473.6706125344443,463.88420753037366,472.57548334410274,28545800
2026-01-14,457.3433532714844,466.12425727832346,455.14315976714454,464.3919508718589,28184300
2026-01-15,454.6354064941406,462.191752665677,453.8787662235596,462.06232415810086,23225800
2026-01-16,457.8211975097656,461.13645097900303,454.4562082505655,455.8001987238622,34246700
2026-01-20,452.5048522949219,454.77474258752966,447.28809381488645,449.2194951600843,26130000
2026-01-21,442.1409912109375,450.6829681667298,436.73507280530305,450.5933708341933,37980500
2026-01-22,449.1398620605469,450.8323067932568,442.7284117030413,445.6354487179439,25349400
2026-01-23,463.8841857910156,469.01134678020316,448.5325382185013,449.8665935761158,38000200
2026-01-26,468.1949768066406,472.14737672642065,459.9516880286902,463.2470104625561,29291200
2026-01-27,478.4493408203125,480.72919663912324,471.06225431764057,471.59986874099184,29213900
2026-01-28,479.4946594238281,481.59528998521284,475.8807484603396,481.0676409982362,36875400
2026-01-29,431.57806396484375,440.5381621786467,419.1533835040837,438.0392806211351,128855300
2026-01-30,428.3822937011719,437.65101486434605,424.55932220203715,437.2229285851671,58566800
2026-02-02,421.49298095703125,428.8303011436502,420.37795134689077,428.33251789753194,42219900
2026-02-03,409.3868713378906,420.178808008447,406.7486263222299,420.1390072256922,61424100
2026-02-04,412.35369873046875,417.93881231579195,407.4256323109538,409.17783910585314,45012400
2026-02-05,391.9246520996094,406.4897635323938,390.5806313349955,405.6335909812077,66289200
2026-02-06,399.3615417480469,400.0086538663787,391.17798428483076,397.4002746193236,53515300
2026-02-09,411.76629638671875,413.05058563481117,399.0927243377603,403.0550898097971,45480500
2026-02-10,411.437744140625,421.80159473973595,410.8702943432265,417.75959730190846,44857900
2026-02-11,402.5771789550781,414.61357304478975,399.2320904458023,414.33481566901673,42491000
2026-02-12,400.05841064453125,404.3990960787573,396.24540458526855,403.20440420967,40802400
2026-02-13,399.5407409667969,403.7420326637702,396.2852191820681,402.65686886295305,34091600
2026-02-17,395.1004943847656,398.7442713079252,392.78083787972264,397.45004705087115,32078800
2026-02-18,397.8283386230469,400.77520665339193,394.56288205367116,396.3648548030424,23223400
2026-02-19,397.5988464355469,403.55594539020564,395.8127368785549,399.82403795970674,28234000
2026-02-20,396.37152099609375,399.2552593187824,394.3059873534157,395.2539159508346,34015200
2026-02-23,383.6390686035156,394.50551684604494,382.27203437696886,394.14630950985264,43238300
2026-02-24,388.1593017578125,388.5185091169527,380.88504821898124,383.30981969967445,33884700
2026-02-25,399.7342224121094,400.60233728073825,389.31678308531696,389.68597856263057,43625500
2026-02-26,400.851806640625,406.6093255926281,397.8782360341113,403.8353349281015,34405900
2026-02-27,391.8912048339844,395.9624042352165,389.0374004516944,390.03523926255787,51367200
2026-03-02,397.6886291503906,400.32293811697235,389.78576315389057,392.01092411942045,35474900
2026-03-03,403.0570068359375,405.82103971635513,391.82136299902305,392.2903484387299,38199200
2026-03-04,404.32427978515625,410.14166638677375,399.44483360720756,400.4027502952161,35808000
2026-03-05,409.79241943359375,410.72040218284053,403.525993165685,403.54596943015656,39001300
2026-03-06,408.0761413574219,412.1572983375802,407.6271321747383,408.31564337314285,31123900
2026-03-09,408.5251770019531,409.3234358422322,402.62794618065146,404.044890641513,30131900
2026-03-10,404.8830871582031,409.31349393117443,402.05918625996463,409.1438479339772,31706400
2026-03-11,404.0049743652344,408.1260534422115,400.7220762180728,404.6934855668013,25512100
2026-03-12,400.9914855957031,405.2422886286942,400.84181586601125,403.7555185610488,27263900
2026-03-13,394.69512939453125,403.9251383935716,393.3979511212616,400.13336309353434,26848000
2026-03-16,399.08563232421875,399.7641553863696,393.9367805641587,397.209690545171,27733700
2026-03-17,398.5467834472656,403.5259891234105,396.8903674487218,399.4049101655112,26228300
2026-03-18,390.9432678222656,397.13983817793417,390.1549666521916,396.271723303423,25908500
2026-03-19,388.1792297363281,391.6417315076428,386.2234742615233,389.2569126674818,25138800
2026-03-20,381.0447082519531,386.16362631018524,379.29849030352204,385.95408868282834,50853200
2026-03-23,382.1722717285156,386.3731646745857,380.85511716508233,383.07032058481127,29680100
2026-03-24,371.9344177246094,381.6434000325674,371.04635704379217,381.53362193174286,42733600
2026-03-25,370.2381286621094,376.2451074667104,368.831172255135,376.10542586510894,31181200
2026-03-26,365.1790771484375,373.9101668945663,364.4007640805619,370.01860155518807,36836600
2026-03-27,355.9989318847656,361.6666793192034,355.73951450811694,361.11784971721505,37883400
2026-03-30,358.1842041015625,364.5703662773937,355.51000344849933,361.1178525849577,44797000
2026-03-31,369.3699951171875,372.09407550142714,362.28533367877645,363.7621155862403,45244400
2026-04-01,368.57171630859375,373.1817267376728,367.4042619540212,372.682807332766,29417200
2026-04-02,372.6528625488281,372.83249667260446,363.3629859357669,366.41637016886637,24099100
2026-04-06,372.0741271972656,372.92229624611906,368.70142726638517,372.682794233078,16146600
2026-04-07,371.48541259765625,371.64507045865594,365.7677853538718,369.5396147715723,21443300
2026-04-08,373.52099609375,384.167949815935,370.6073237610428,384.148004001906,33064800
2026-04-09,372.26373291015625,372.6927962909368,366.2567237727329,371.6949574789129,30435300
2026-04-10,370.0684814453125,374.8281921461914,369.23030048358606,372.17393720824543,28111100
2026-04-13,383.539306640625,383.70895264062807,370.2181521550117,372.8025510733858,35745800
2026-04-14,392.2604064941406,393.83700889302276,385.684652281273,387.0816509997633,37504500
2026-04-15,410.3312683105469,413.47445440771634,395.8725939925935,397.1398382929036,45063400
2026-04-16,419.35174560546875,419.9105328997013,411.2492993874727,418.95258572248235,41642400
2026-04-17,421.87628173828125,430.64726300981,419.78081413338697,423.9018933176335,48568200
2026-04-20,417.1664733886719,422.4150847565369,415.40027922801784,420.2398034863272,27582200
2026-04-21,423.2433166503906,426.25677891783357,416.2983670043314,419.33177508554746,32048500
2026-04-22,431.984375,432.7626880248645,422.7543663498755,425.2689090952171,29378200
2026-04-23,414.8514709472656,422.7443793162959,410.5208543154444,418.9825380949446,38308000
2026-04-24,423.7023010253906,424.0316048781353,414.9013556123021,416.0688403922519,27457400
2026-04-27,423.9018859863281,426.1869149113369,416.1686352924954,421.46715688013995,30867300
2026-04-28,428.3222961425781,428.99086152362304,420.9881750222059,423.6524179624475,30438100
2026-04-29,423.5426330566406,425.8975483734993,419.38166246548025,423.6623688360089,38288300
2026-04-30,406.8987121582031,413.5243765293071,397.1498378648014,409.92216255995794,70909400
2026-05-01,413.5443115234375,416.2085240460113,409.5529563541748,411.9078412872606,31372400
2026-05-04,412.72607421875,419.87060358807366,409.91216153093814,410.6505829404435,28066500
2026-05-05,410.4909362792969,415.8792597859335,407.916495085617,414.42242364358015,25700900
2026-05-06,413.0653381347656,417.51572107575487,404.23445872829495,407.11822745622237,30285900
2026-05-07,419.8606262207031,427.05506598481406,417.8549909144547,419.2020489501835,34942400
2026-05-08,414.22283935546875,417.7252633012779,413.105264767488,416.48795292910256,33383800
2026-05-11,411.7681579589844,411.79809190456297,404.6236285818644,406.9885016374445,35657900
2026-05-12,406.8887023925781,414.6020070114768,405.76117016707224,413.58422243338293,38594200
2026-05-13,404.3342590332031,405.4318878236479,400.1633000811369,402.3286237155428,29667100
2026-05-14,408.5451354980469,410.94993067744383,400.013625877668,403.6058516736889,27077500
2026-05-15,421.0081481933594,427.24464052002446,412.01761111071977,413.3746572242232,50771200
2026-05-18,422.6246643066406,424.2012362508279,414.7117792841577,415.71960624154525,32564100
2026-05-19,416.51788330078125,431.7648588737268,415.58987007798993,428.9708919761278,33018700
2026-05-20,420.1499938964844,421.18775475321456,410.4110776678385,413.2749005432513,27864000
2026-05-21,419.0899963378906,426.3399963378906,415.7099914550781,424.75,31393500
2026-05-22,418.57000732421875,424.3999938964844,416.3299865722656,419.5400085449219,22390300
2026-05-26,416.0299987792969,419.7699890136719,413.0199890136719,416.42999267578125,30398000
2026-05-27,412.6700134277344,415.94000244140625,409.5799865722656,411.010009765625,28901500
2026-05-28,426.989990234375,429.489990234375,412.6700134277344,412.9800109863281,47250500
2026-05-29,450.239990234375,450.3299865722656,432.3599853515625,432.54998779296875,79654400
2026-06-01,460.5199890136719,466.32000732421875,458.2699890136719,464.8399963378906,53628900
2026-06-02,441.30999755859375,453.5,440.42999267578125,446.8800048828125,37036800
2026-06-03,427.3399963378906,440.3900146484375,424.25,438.45001220703125,39037000
2026-06-04,428.04998779296875,436.1499938964844,426.4100036621094,435.80999755859375,26899500
2026-06-05,416.6700134277344,429.4700012207031,414.3999938964844,428.3399963378906,34782200
2026-06-08,411.739990234375,417.1600036621094,408.55999755859375,414.1400146484375,32086700
2026-06-09,403.4100036621094,411.9800109863281,398.4800109863281,409.0299987792969,35317300
2026-06-10,397.3599853515625,405.0400085449219,397.1600036621094,398.54998779296875,32576000
2026-06-11,390.3399963378906,396.8500061035156,384.0,395.2099914550781,47224100
2026-06-12,390.739990234375,391.739990234375,382.2699890136719,391.42999267578125,34865800
2026-06-15,399.760009765625,401.75,392.8500061035156,396.79998779296875,32266400
2026-06-16,393.8299865722656,396.8399963378906,390.69000244140625,395.7900085449219,31506800
2026-06-17,378.9100036621094,390.3699951171875,377.32000732421875,390.25,41987800
2026-06-18,379.3999938964844,381.3699951171875,373.2799987792969,377.82000732421875,59714200
2026-06-22,367.3399963378906,381.6300048828125,367.07000732421875,375.739990234375,45171100
2026-06-23,373.94000244140625,377.2200012207031,370.6700134277344,372.3800048828125,40647600
2026-06-24,365.4599914550781,378.8800048828125,364.7799987792969,371.57000732421875,44509900
2026-06-25,352.8299865722656,364.2300109863281,349.20001220703125,362.7699890136719,66179000
2026-06-26,372.9700012207031,376.6099853515625,355.42999267578125,357.1499938964844,186201600
2026-06-29,368.57000732421875,380.5,359.8999938964844,377.5,51229900
2026-06-30,373.0199890136719,374.1499938964844,367.45001220703125,371.0299987792969,44945700
