Price,Close,High,Low,Open,Volume
Ticker,^GSPC,^GSPC,^GSPC,^GSPC,^GSPC
Date,,,,,
1995-01-03,459.1099853515625,459.2699890136719,457.20001220703125,459.2099914550781,262450000
1995-01-04,460.7099914550781,460.7200012207031,457.55999755859375,459.1300048828125,319510000
1995-01-05,460.3399963378906,461.29998779296875,459.75,460.7300109863281,309050000
1995-01-06,460.67999267578125,462.489990234375,459.4700012207031,460.3800048828125,308070000
1995-01-09,460.8299865722656,461.7699890136719,459.739990234375,460.6700134277344,278790000
1995-01-10,461.67999267578125,464.5899963378906,460.8999938964844,460.8999938964844,352450000
1995-01-11,461.6600036621094,463.6099853515625,458.6499938964844,461.67999267578125,346310000
1995-01-12,461.6400146484375,461.92999267578125,460.6300048828125,461.6400146484375,313040000
1995-01-13,465.9700012207031,466.42999267578125,461.6400146484375,461.6400146484375,336740000
1995-01-16,469.3800048828125,470.3900146484375,465.9700012207031,465.9700012207031,315810000
1995-01-17,470.04998779296875,470.1499938964844,468.19000244140625,469.3800048828125,331520000
1995-01-18,469.7099914550781,470.42999267578125,468.0299987792969,470.04998779296875,344660000
1995-01-19,466.95001220703125,469.7200012207031,466.3999938964844,469.7200012207031,297220000
1995-01-20,464.7799987792969,466.989990234375,463.989990234375,466.95001220703125,378190000
1995-01-23,465.82000732421875,466.2300109863281,461.1400146484375,464.7799987792969,325830000
1995-01-24,465.8599853515625,466.8800048828125,465.4700012207031,465.80999755859375,315430000
1995-01-25,467.44000244140625,469.510009765625,464.3999938964844,465.8599853515625,342610000
1995-01-26,468.32000732421875,468.6199951171875,466.8999938964844,467.44000244140625,304730000
1995-01-27,470.3900146484375,471.3599853515625,468.32000732421875,468.32000732421875,339510000
1995-01-30,468.510009765625,470.5199890136719,467.489990234375,470.3900146484375,318550000
1995-01-31,470.4200134277344,471.0299987792969,468.17999267578125,468.510009765625,411590000
1995-02-01,470.3999938964844,472.75,469.2900085449219,470.4200134277344,395310000
1995-02-02,472.7900085449219,472.7900085449219,469.95001220703125,470.3999938964844,322110000
1995-02-03,478.6499938964844,479.9100036621094,472.7799987792969,472.7799987792969,441000000
1995-02-06,481.1400146484375,481.95001220703125,478.3599853515625,478.6400146484375,325660000
1995-02-07,480.80999755859375,481.32000732421875,479.69000244140625,481.1400146484375,314660000
1995-02-08,481.19000244140625,482.6000061035156,480.3999938964844,480.80999755859375,318430000
1995-02-09,480.19000244140625,482.0,479.9100036621094,481.19000244140625,325570000
1995-02-10,481.4599914550781,481.9599914550781,479.5299987792969,480.19000244140625,295600000
1995-02-13,481.6499938964844,482.8599853515625,481.07000732421875,481.4599914550781,256270000
1995-02-14,482.54998779296875,482.94000244140625,480.8900146484375,481.6499938964844,300720000
1995-02-15,484.5400085449219,485.5400085449219,481.7699890136719,482.54998779296875,378040000
1995-02-16,485.2200012207031,485.2200012207031,483.04998779296875,484.55999755859375,360990000
1995-02-17,481.9700012207031,485.2200012207031,481.9700012207031,485.1499938964844,347970000
1995-02-21,482.7200012207031,483.260009765625,481.94000244140625,481.95001220703125,308090000
1995-02-22,485.07000732421875,486.1499938964844,482.45001220703125,482.739990234375,339460000
1995-02-23,486.9100036621094,489.19000244140625,485.07000732421875,485.07000732421875,394280000
1995-02-24,488.1099853515625,488.2799987792969,485.70001220703125,486.82000732421875,302930000
1995-02-27,483.80999755859375,488.260009765625,483.17999267578125,488.260009765625,285790000
1995-02-28,487.3900146484375,487.44000244140625,483.7699890136719,483.80999755859375,317220000
1995-03-01,485.6499938964844,487.8299865722656,484.9200134277344,487.3900146484375,362600000
1995-03-02,485.1300048828125,485.7099914550781,483.19000244140625,485.6499938964844,330030000
1995-03-03,485.4200134277344,485.4200134277344,483.07000732421875,485.1300048828125,330840000
1995-03-06,485.6300048828125,485.70001220703125,481.5199890136719,485.4200134277344,298870000
1995-03-07,482.1199951171875,485.6300048828125,479.70001220703125,485.6300048828125,355550000
1995-03-08,483.1400146484375,484.0799865722656,481.57000732421875,482.1199951171875,349780000
1995-03-09,483.1600036621094,483.739990234375,482.04998779296875,483.1400146484375,319320000
1995-03-10,489.57000732421875,490.3699951171875,483.1600036621094,483.1600036621094,382940000
1995-03-13,490.04998779296875,491.2799987792969,489.3500061035156,489.57000732421875,275280000
1995-03-14,492.8900146484375,493.69000244140625,490.04998779296875,490.04998779296875,346160000
1995-03-15,491.8800048828125,492.8900146484375,490.8299865722656,492.8900146484375,309540000
1995-03-16,495.4100036621094,495.739990234375,491.7799987792969,491.8699951171875,336670000
1995-03-17,495.5199890136719,496.6700134277344,494.95001220703125,495.42999267578125,417380000
1995-03-20,496.1400146484375,496.6099853515625,495.2699890136719,495.5199890136719,301740000
1995-03-21,495.07000732421875,499.19000244140625,494.0400085449219,496.1499938964844,367110000
1995-03-22,495.6700134277344,495.6700134277344,493.6700134277344,495.07000732421875,313120000
1995-03-23,495.95001220703125,496.7699890136719,494.19000244140625,495.6700134277344,318530000
1995-03-24,500.9700012207031,500.9700012207031,496.07000732421875,496.07000732421875,358370000
1995-03-27,503.20001220703125,503.20001220703125,500.92999267578125,500.9700012207031,296270000
1995-03-28,503.8999938964844,503.9100036621094,501.8299865722656,503.19000244140625,320360000
1995-03-29,503.1199951171875,508.1499938964844,500.9599914550781,503.9200134277344,385940000
1995-03-30,502.2200012207031,504.6600036621094,501.0,503.1700134277344,362940000
1995-03-31,500.7099914550781,502.2200012207031,495.70001220703125,501.94000244140625,353060000
1995-04-03,501.8500061035156,501.9100036621094,500.20001220703125,500.70001220703125,296430000
1995-04-04,505.239990234375,505.260009765625,501.8500061035156,501.8500061035156,330580000
1995-04-05,505.57000732421875,505.57000732421875,503.1700134277344,505.2699890136719,315170000
1995-04-06,506.0799865722656,507.1000061035156,505.0,505.6300048828125,320460000
1995-04-07,506.4200134277344,507.19000244140625,503.5899963378906,506.1300048828125,314760000
1995-04-10,507.010009765625,507.010009765625,504.6099853515625,506.29998779296875,260980000
1995-04-11,505.5299987792969,508.8500061035156,505.2900085449219,507.239990234375,310660000
1995-04-12,507.1700134277344,507.1700134277344,505.07000732421875,505.5899963378906,327880000
1995-04-13,509.2300109863281,509.8299865722656,507.1700134277344,507.19000244140625,301580000
1995-04-17,506.1300048828125,512.030029296875,505.42999267578125,509.2300109863281,333930000
1995-04-18,505.3699951171875,507.6499938964844,504.1199951171875,506.42999267578125,344680000
1995-04-19,504.9200134277344,505.8900146484375,501.19000244140625,505.3699951171875,378050000
1995-04-20,505.2900085449219,506.5,503.44000244140625,504.9200134277344,368450000
1995-04-21,508.489990234375,508.489990234375,505.6300048828125,505.6300048828125,403250000
1995-04-24,512.8900146484375,513.02001953125,507.44000244140625,508.489990234375,326280000
1995-04-25,512.0999755859375,513.5399780273438,511.32000732421875,512.7999877929688,351790000
1995-04-26,512.6599731445312,513.0399780273438,510.4700012207031,511.989990234375,350810000
1995-04-27,513.5499877929688,513.6199951171875,511.6300048828125,512.7000122070312,350850000
1995-04-28,514.7100219726562,515.2899780273438,510.8999938964844,513.6400146484375,320440000
1995-05-01,514.260009765625,515.5999755859375,513.4199829101562,514.760009765625,296830000
1995-05-02,514.8599853515625,515.1799926757812,513.030029296875,514.22998046875,302560000
1995-05-03,520.47998046875,520.5399780273438,514.8599853515625,514.9299926757812,392370000
1995-05-04,520.5399780273438,525.4000244140625,519.4400024414062,520.47998046875,434990000
1995-05-05,520.1199951171875,522.3499755859375,518.280029296875,520.75,342380000
1995-05-08,523.9600219726562,525.1500244140625,519.1400146484375,520.0900268554688,291810000
1995-05-09,523.5599975585938,525.989990234375,521.7899780273438,523.9600219726562,361300000
1995-05-10,524.3599853515625,524.4000244140625,521.530029296875,523.739990234375,381990000
1995-05-11,524.3699951171875,524.8900146484375,522.7000122070312,524.3300170898438,339900000
1995-05-12,525.5499877929688,527.0499877929688,523.2999877929688,524.3699951171875,361000000
1995-05-15,527.739990234375,527.739990234375,525.0,525.5499877929688,316240000
1995-05-16,528.1900024414062,529.0800170898438,526.4500122070312,527.739990234375,366180000
1995-05-17,527.0700073242188,528.4199829101562,525.3800048828125,528.1900024414062,347930000
1995-05-18,519.5800170898438,526.8800048828125,519.5800170898438,526.8800048828125,351900000
1995-05-19,519.1900024414062,519.5800170898438,517.0700073242188,519.5800170898438,354010000
1995-05-22,523.6500244140625,524.3400268554688,519.1900024414062,519.1900024414062,285600000
1995-05-23,528.5900268554688,528.5900268554688,523.6500244140625,523.6500244140625,362690000
1995-05-24,528.6099853515625,531.9099731445312,525.5700073242188,528.5900268554688,391770000
1995-05-25,528.5900268554688,529.0399780273438,524.8900146484375,528.3699951171875,341820000
1995-05-26,523.6500244140625,528.5900268554688,522.510009765625,528.5900268554688,291220000
1995-05-30,523.5800170898438,525.5800170898438,521.3800048828125,523.6500244140625,283020000
1995-05-31,533.4000244140625,533.4099731445312,522.1699829101562,523.7000122070312,358180000
1995-06-01,533.489990234375,534.2100219726562,530.0499877929688,533.4000244140625,345920000
1995-06-02,532.510009765625,536.9099731445312,529.5499877929688,533.489990234375,366000000
1995-06-05,535.5999755859375,537.72998046875,532.469970703125,532.510009765625,337520000
1995-06-06,535.5499877929688,537.0900268554688,535.1400146484375,535.5999755859375,340490000
1995-06-07,533.1300048828125,535.5499877929688,531.6599731445312,535.5499877929688,327790000
1995-06-08,532.3499755859375,533.5599975585938,531.6500244140625,533.1300048828125,289880000
1995-06-09,527.9400024414062,532.3499755859375,526.0,532.3499755859375,327570000
1995-06-12,530.8800048828125,532.5399780273438,527.9400024414062,527.9400024414062,289920000
1995-06-13,536.0499877929688,536.22998046875,530.8800048828125,530.8800048828125,339660000
1995-06-14,536.469970703125,536.47998046875,533.8300170898438,536.0499877929688,330770000
1995-06-15,537.1199951171875,539.0700073242188,535.5599975585938,536.47998046875,334700000
1995-06-16,539.8300170898438,539.97998046875,537.1199951171875,537.510009765625,442740000
1995-06-19,545.219970703125,545.219970703125,539.8300170898438,539.8300170898438,322990000
1995-06-20,544.97998046875,545.4400024414062,543.4299926757812,545.219970703125,382370000
1995-06-21,543.97998046875,545.9299926757812,543.9000244140625,544.97998046875,398210000
1995-06-22,551.0700073242188,551.0700073242188,543.97998046875,543.97998046875,421000000
1995-06-23,549.7100219726562,551.0700073242188,548.22998046875,551.0700073242188,321660000
1995-06-26,544.1300048828125,549.7899780273438,544.0599975585938,549.7100219726562,296720000
1995-06-27,542.4299926757812,547.0700073242188,542.1900024414062,544.1099853515625,346950000
1995-06-28,544.72998046875,546.3300170898438,540.719970703125,542.4299926757812,368060000
1995-06-29,543.8699951171875,546.25,540.7899780273438,544.72998046875,313080000
1995-06-30,544.75,546.8200073242188,543.510009765625,543.8699951171875,311650000
1995-07-03,547.0900268554688,547.0999755859375,544.4299926757812,544.75,117900000
1995-07-05,547.260009765625,549.97998046875,546.280029296875,547.0900268554688,357850000
1995-07-06,553.989990234375,553.989990234375,546.5900268554688,547.260009765625,420500000
1995-07-07,556.3699951171875,556.5700073242188,553.0499877929688,553.9000244140625,466540000
1995-07-10,557.1900024414062,558.47998046875,555.77001953125,556.3699951171875,409700000
1995-07-11,554.780029296875,557.1900024414062,553.7999877929688,556.780029296875,376770000
1995-07-12,560.8900146484375,561.5599975585938,554.27001953125,555.27001953125,416360000
1995-07-13,561.0,562.0,559.0700073242188,560.8900146484375,387500000
1995-07-14,559.8900146484375,561.0,556.4099731445312,561.0,312930000
1995-07-17,562.719970703125,562.9400024414062,559.4500122070312,560.3400268554688,322540000
1995-07-18,558.4600219726562,562.719970703125,556.8599853515625,562.5499877929688,372230000
1995-07-19,550.97998046875,558.4600219726562,542.510009765625,556.5800170898438,489850000
1995-07-20,553.5399780273438,554.4299926757812,549.0999755859375,550.97998046875,383380000
1995-07-21,553.6199951171875,554.72998046875,550.9099731445312,553.3400268554688,431830000
1995-07-24,556.6300048828125,557.2100219726562,553.6199951171875,553.6199951171875,315300000
1995-07-25,561.0999755859375,561.75,556.3400268554688,556.6300048828125,373200000
1995-07-26,561.6099853515625,563.780029296875,560.8499755859375,561.0999755859375,393470000
1995-07-27,565.219970703125,565.3300170898438,561.6099853515625,561.6099853515625,356570000
1995-07-28,562.9299926757812,565.4000244140625,562.0399780273438,565.219970703125,311590000
1995-07-31,562.0599975585938,563.489990234375,560.0599975585938,562.9299926757812,291950000
1995-08-01,559.6400146484375,562.1099853515625,556.6699829101562,562.0599975585938,332210000
1995-08-02,558.7999877929688,565.6199951171875,557.8699951171875,559.6400146484375,374330000
1995-08-03,558.75,558.7999877929688,554.0999755859375,558.7999877929688,353110000
1995-08-04,558.9400024414062,559.5700073242188,557.9099731445312,558.75,314740000
1995-08-07,560.030029296875,561.239990234375,558.9400024414062,558.9400024414062,277050000
1995-08-08,560.3900146484375,561.530029296875,558.3200073242188,560.030029296875,306090000
1995-08-09,559.7100219726562,561.5900268554688,559.2899780273438,560.3900146484375,303390000
1995-08-10,557.4500122070312,560.6300048828125,556.0499877929688,559.7100219726562,306660000
1995-08-11,555.1099853515625,558.5,553.0399780273438,557.4500122070312,267850000
1995-08-14,559.739990234375,559.739990234375,554.760009765625,555.1099853515625,264920000
1995-08-15,558.5700073242188,559.97998046875,555.219970703125,559.739990234375,330070000
1995-08-16,559.969970703125,559.97998046875,557.3699951171875,558.5700073242188,390170000
1995-08-17,559.0399780273438,559.969970703125,557.4199829101562,559.969970703125,354460000
1995-08-18,559.2100219726562,561.239990234375,558.3400268554688,559.0399780273438,320490000
1995-08-21,558.1099853515625,563.3400268554688,557.8900146484375,559.2100219726562,303200000
1995-08-22,559.52001953125,559.52001953125,555.8699951171875,558.1099853515625,290890000
1995-08-23,557.1400146484375,560.0,557.0800170898438,559.52001953125,291890000
1995-08-24,557.4600219726562,558.6300048828125,555.2000122070312,557.1400146484375,299200000
1995-08-25,560.0999755859375,561.3099975585938,557.4600219726562,557.4600219726562,255990000
1995-08-28,559.0499877929688,562.219970703125,557.989990234375,560.0999755859375,267860000
1995-08-29,560.0,560.010009765625,555.7100219726562,559.0499877929688,311290000
1995-08-30,560.9199829101562,561.52001953125,559.489990234375,560.0,329840000
1995-08-31,561.8800048828125,562.3599853515625,560.489990234375,561.0900268554688,300920000
1995-09-01,563.8400268554688,564.6199951171875,561.010009765625,561.8800048828125,256730000
1995-09-05,569.1699829101562,569.2000122070312,563.8400268554688,563.8599853515625,332670000
1995-09-06,570.1699829101562,570.530029296875,569.0,569.1699829101562,369540000
1995-09-07,570.2899780273438,571.1099853515625,569.22998046875,570.1699829101562,321720000
1995-09-08,572.6799926757812,572.6799926757812,569.27001953125,570.2899780273438,317940000
1995-09-11,573.9099731445312,575.1500244140625,572.6799926757812,572.6799926757812,296840000
1995-09-12,576.510009765625,576.510009765625,573.1099853515625,573.9099731445312,344540000
1995-09-13,578.77001953125,579.719970703125,575.469970703125,576.510009765625,384380000
1995-09-14,583.6099853515625,583.989990234375,578.77001953125,578.77001953125,382880000
1995-09-15,583.3499755859375,585.0700073242188,581.7899780273438,583.6099853515625,459370000
1995-09-18,582.77001953125,583.3699951171875,579.3599853515625,583.3499755859375,326090000
1995-09-19,584.2000122070312,584.239990234375,580.75,582.780029296875,371170000
1995-09-20,586.77001953125,586.77001953125,584.1799926757812,584.2000122070312,400050000
1995-09-21,583.0,586.7899780273438,580.9099731445312,586.77001953125,367100000
1995-09-22,581.72998046875,583.0,578.25,583.0,370790000
1995-09-25,581.8099975585938,582.1400146484375,579.5,581.72998046875,273120000
1995-09-26,581.4099731445312,584.6599731445312,580.6500244140625,581.8099975585938,363630000
1995-09-27,581.0399780273438,581.4199829101562,574.6799926757812,581.4099731445312,411300000
1995-09-28,585.8699951171875,585.8800048828125,580.6900024414062,581.0399780273438,367720000
1995-09-29,584.4099731445312,587.6099853515625,584.0,585.8699951171875,335250000
1995-10-02,581.719970703125,585.0499877929688,580.5399780273438,584.4099731445312,304990000
1995-10-03,582.3400268554688,582.3400268554688,578.47998046875,581.719970703125,385940000
1995-10-04,581.469970703125,582.3400268554688,579.9099731445312,582.3400268554688,339380000
1995-10-05,582.6300048828125,582.6300048828125,579.5800170898438,581.469970703125,367480000
1995-10-06,582.489990234375,584.5399780273438,582.0999755859375,582.6300048828125,313680000
1995-10-09,578.3699951171875,582.489990234375,576.3499755859375,582.489990234375,275320000
1995-10-10,577.52001953125,578.3699951171875,571.5499877929688,578.3699951171875,412710000
1995-10-11,579.4600219726562,579.52001953125,577.0800170898438,577.52001953125,340740000
1995-10-12,583.0999755859375,583.1199951171875,579.4600219726562,579.4600219726562,344060000
1995-10-13,584.5,587.3900146484375,583.0999755859375,583.0999755859375,374680000
1995-10-16,583.030029296875,584.8599853515625,582.6300048828125,584.5,300750000
1995-10-17,586.780029296875,586.780029296875,581.9000244140625,583.030029296875,356380000
1995-10-18,587.4400024414062,589.77001953125,586.27001953125,586.780029296875,411270000
1995-10-19,590.6500244140625,590.6599731445312,586.3400268554688,587.4400024414062,406620000
1995-10-20,587.4600219726562,590.6599731445312,586.780029296875,590.6500244140625,389360000
1995-10-23,585.0599975585938,587.4600219726562,583.72998046875,587.4600219726562,330750000
1995-10-24,586.5399780273438,587.3099975585938,584.75,585.0599975585938,415540000
1995-10-25,582.469970703125,587.1900024414062,581.4099731445312,586.5399780273438,433620000
1995-10-26,576.719970703125,582.6300048828125,572.530029296875,582.469970703125,464270000
1995-10-27,579.7000122070312,579.7100219726562,573.2100219726562,576.719970703125,379230000
1995-10-30,583.25,583.7899780273438,579.7000122070312,579.7000122070312,319160000
1995-10-31,581.5,586.7100219726562,581.5,583.25,377390000
1995-11-01,584.219970703125,584.239990234375,581.0399780273438,581.5,378090000
1995-11-02,589.719970703125,589.719970703125,584.219970703125,584.219970703125,397070000
1995-11-03,590.5700073242188,590.5700073242188,588.6500244140625,589.719970703125,348500000
1995-11-06,588.4600219726562,590.6400146484375,588.3099975585938,590.5700073242188,309100000
1995-11-07,586.3200073242188,588.4600219726562,584.239990234375,588.4600219726562,364680000
1995-11-08,591.7100219726562,591.7100219726562,586.3200073242188,586.3200073242188,359780000
1995-11-09,593.260009765625,593.9000244140625,590.8900146484375,591.7100219726562,380760000
1995-11-10,592.719970703125,593.260009765625,590.3900146484375,593.260009765625,298690000
1995-11-13,592.2999877929688,593.719970703125,590.5800170898438,592.719970703125,295840000
1995-11-14,589.2899780273438,592.2999877929688,588.97998046875,592.2999877929688,354420000
1995-11-15,593.9600219726562,593.969970703125,588.3599853515625,589.2899780273438,376100000
1995-11-16,597.3400268554688,597.9099731445312,593.52001953125,593.9600219726562,423280000
1995-11-17,600.0700073242188,600.1400146484375,597.2999877929688,597.3400268554688,437200000
1995-11-20,596.8499755859375,600.4000244140625,596.1699829101562,600.0700073242188,333150000
1995-11-21,600.239990234375,600.280029296875,595.4199829101562,596.8499755859375,408320000
1995-11-22,598.4000244140625,600.7100219726562,598.4000244140625,600.239990234375,404980000
1995-11-24,599.969970703125,600.239990234375,598.4000244140625,598.4000244140625,125870000
1995-11-27,601.3200073242188,603.3499755859375,599.969970703125,599.969970703125,359130000
1995-11-28,606.4500122070312,606.4500122070312,599.02001953125,601.3200073242188,408860000
1995-11-29,607.6400146484375,607.6599731445312,605.469970703125,606.4500122070312,398280000
1995-11-30,605.3699951171875,608.6900024414062,605.3699951171875,607.6400146484375,440050000
1995-12-01,606.97998046875,608.1099853515625,605.3699951171875,605.3699951171875,393310000
1995-12-04,613.6799926757812,613.8300170898438,606.8400268554688,606.97998046875,405480000
1995-12-05,617.6799926757812,618.47998046875,613.1400146484375,613.6799926757812,437360000
1995-12-06,620.1799926757812,621.1099853515625,616.6900024414062,617.6799926757812,417780000
1995-12-07,616.1699829101562,620.1900024414062,615.2100219726562,620.1799926757812,379260000
1995-12-08,617.47998046875,617.8200073242188,614.3200073242188,616.1699829101562,327900000
1995-12-11,619.52001953125,620.9000244140625,617.1400146484375,617.47998046875,342070000
1995-12-12,618.780029296875,619.5499877929688,617.6799926757812,619.52001953125,349860000
1995-12-13,621.6900024414062,622.02001953125,618.27001953125,618.780029296875,415290000
1995-12-14,616.9199829101562,622.8800048828125,616.1300048828125,621.6900024414062,465300000
1995-12-15,616.3400268554688,617.719970703125,614.4600219726562,616.9199829101562,636800000
1995-12-18,606.8099975585938,616.3400268554688,606.1300048828125,616.3400268554688,426270000
1995-12-19,611.9299926757812,611.9400024414062,605.0499877929688,606.8099975585938,478280000
1995-12-20,605.9400024414062,614.27001953125,605.9299926757812,611.9299926757812,437680000
1995-12-21,610.489990234375,610.52001953125,605.9400024414062,605.9400024414062,415810000
1995-12-22,611.9500122070312,613.5,610.4500122070312,610.489990234375,289600000
1995-12-26,614.2999877929688,614.5,611.9600219726562,611.9600219726562,217280000
1995-12-27,614.530029296875,615.72998046875,613.75,614.2999877929688,252300000
1995-12-28,614.1199951171875,615.5,612.4000244140625,614.530029296875,288660000
1995-12-29,615.9299926757812,615.9299926757812,612.3599853515625,614.1199951171875,321250000
1996-01-02,620.72998046875,620.739990234375,613.1699829101562,615.9299926757812,364180000
1996-01-03,621.3200073242188,623.25,619.5599975585938,620.72998046875,468950000
1996-01-04,617.7000122070312,624.489990234375,613.9600219726562,621.3200073242188,512580000
1996-01-05,616.7100219726562,617.7000122070312,612.02001953125,617.7000122070312,437110000
1996-01-08,618.4600219726562,618.4600219726562,616.489990234375,616.7100219726562,130360000
1996-01-09,609.4500122070312,619.1500244140625,608.2100219726562,618.4600219726562,417400000
1996-01-10,598.47998046875,609.4500122070312,597.2899780273438,609.4500122070312,496830000
1996-01-11,602.6900024414062,602.7100219726562,597.5399780273438,598.47998046875,408800000
1996-01-12,601.8099975585938,604.7999877929688,597.4600219726562,602.6900024414062,383400000
1996-01-15,599.8200073242188,603.4299926757812,598.469970703125,601.8099975585938,306180000
1996-01-16,608.4400024414062,608.4400024414062,599.0499877929688,599.8200073242188,425220000
1996-01-17,606.3699951171875,609.9299926757812,604.7000122070312,608.4400024414062,458720000
1996-01-18,608.239990234375,608.27001953125,604.1199951171875,606.3699951171875,450410000
1996-01-19,611.8300170898438,612.9199829101562,606.760009765625,608.239990234375,497720000
1996-01-22,613.4000244140625,613.4500122070312,610.9500122070312,611.8300170898438,398040000
1996-01-23,612.7899780273438,613.4000244140625,610.6500244140625,613.4000244140625,416910000
1996-01-24,619.9600219726562,619.9600219726562,612.7899780273438,612.7899780273438,476380000
1996-01-25,617.030029296875,620.1500244140625,616.6199951171875,619.9600219726562,453270000
1996-01-26,621.6199951171875,621.7000122070312,615.260009765625,617.030029296875,385700000
1996-01-29,624.219970703125,624.219970703125,621.4199829101562,621.6199951171875,363330000
1996-01-30,630.1500244140625,630.2899780273438,624.219970703125,624.219970703125,464350000
1996-01-31,636.02001953125,636.1799926757812,629.47998046875,630.1500244140625,472210000
1996-02-01,638.4600219726562,638.4600219726562,634.5399780273438,636.02001953125,461430000
1996-02-02,635.8400268554688,639.260009765625,634.2899780273438,638.4600219726562,420020000
1996-02-05,641.4299926757812,641.4299926757812,633.7100219726562,635.8400268554688,377760000
1996-02-06,646.3300170898438,646.6699829101562,639.6799926757812,641.4299926757812,465940000
1996-02-07,649.9299926757812,649.9299926757812,645.5900268554688,646.3300170898438,462730000
1996-02-08,656.0700073242188,656.5399780273438,647.9299926757812,649.9299926757812,474970000
1996-02-09,656.3699951171875,661.0800170898438,653.6400146484375,656.0700073242188,477640000
1996-02-12,661.4500122070312,662.9500122070312,656.3400268554688,656.3699951171875,397890000
1996-02-13,660.510009765625,664.22998046875,657.9199829101562,661.4500122070312,441540000
1996-02-14,655.5800170898438,661.530029296875,654.3599853515625,660.510009765625,421790000
1996-02-15,651.3200073242188,656.8400268554688,651.1500244140625,655.5800170898438,415320000
1996-02-16,647.97998046875,651.4199829101562,646.989990234375,651.3200073242188,445570000
1996-02-20,640.6500244140625,647.97998046875,638.7899780273438,647.97998046875,395910000
1996-02-21,648.0999755859375,648.1099853515625,640.6500244140625,640.6500244140625,431220000
1996-02-22,658.8599853515625,659.75,648.0999755859375,648.0999755859375,485470000
1996-02-23,659.0800170898438,663.0,652.25,658.8599853515625,443130000
1996-02-26,650.4600219726562,659.0800170898438,650.1599731445312,659.0800170898438,399330000
1996-02-27,647.239990234375,650.6199951171875,643.8699951171875,650.4600219726562,431340000
1996-02-28,644.75,654.3900146484375,643.989990234375,647.239990234375,447790000
1996-02-29,640.4299926757812,646.9500122070312,639.010009765625,644.75,453170000
1996-03-01,644.3699951171875,644.3800048828125,635.0,640.4299926757812,471480000
1996-03-04,650.8099975585938,653.5399780273438,644.3699951171875,644.3699951171875,417270000
1996-03-05,655.7899780273438,655.7999877929688,648.77001953125,650.8099975585938,445700000
1996-03-06,652.0,656.969970703125,651.6099853515625,655.7899780273438,428220000
1996-03-07,653.6500244140625,653.6500244140625,649.5399780273438,652.0,425790000
1996-03-08,633.5,653.6500244140625,627.6300048828125,653.6500244140625,546550000
1996-03-11,640.02001953125,640.4099731445312,629.9500122070312,633.5,449500000
1996-03-12,637.0900268554688,640.02001953125,628.8200073242188,640.02001953125,454980000
1996-03-13,638.5499877929688,640.52001953125,635.1900024414062,637.0900268554688,413030000
1996-03-14,640.8699951171875,644.1699829101562,638.5499877929688,638.5499877929688,492630000
1996-03-15,641.4299926757812,642.8699951171875,638.3499755859375,640.8699951171875,529970000
1996-03-18,652.6500244140625,652.6500244140625,641.4299926757812,641.4299926757812,437100000
1996-03-19,651.6900024414062,656.1799926757812,649.7999877929688,652.6500244140625,438300000
1996-03-20,649.97998046875,653.1300048828125,645.5700073242188,651.6900024414062,409780000
1996-03-21,649.1900024414062,651.5399780273438,648.0999755859375,649.97998046875,367180000
1996-03-22,650.6199951171875,652.0800170898438,649.1900024414062,649.1900024414062,329390000
1996-03-25,650.0399780273438,655.5,648.8200073242188,650.6199951171875,336700000
1996-03-26,652.969970703125,654.3099975585938,648.1500244140625,650.0399780273438,400090000
1996-03-27,648.9099731445312,653.9400024414062,647.5999755859375,652.969970703125,406280000
1996-03-28,648.9400024414062,649.5800170898438,646.3599853515625,648.9099731445312,370750000
1996-03-29,645.5,650.9600219726562,644.8900146484375,648.9400024414062,413510000
1996-04-01,653.72998046875,653.8699951171875,645.5,645.5,392120000
1996-04-02,655.260009765625,655.27001953125,652.8099975585938,653.72998046875,406640000
1996-04-03,655.8800048828125,655.8900146484375,651.8099975585938,655.260009765625,386620000
1996-04-04,655.8599853515625,656.6799926757812,654.8900146484375,655.8800048828125,383400000
1996-04-08,644.239990234375,655.8599853515625,638.0399780273438,655.8599853515625,411810000
1996-04-09,642.1900024414062,646.3300170898438,640.8400268554688,644.239990234375,426790000
1996-04-10,633.5,642.780029296875,631.760009765625,642.1900024414062,475150000
1996-04-11,631.1799926757812,635.260009765625,624.1400146484375,633.5,519710000
1996-04-12,636.7100219726562,637.1400146484375,631.1799926757812,631.1799926757812,413270000
1996-04-15,642.489990234375,642.489990234375,636.7100219726562,636.7100219726562,346370000
1996-04-16,645.0,645.5700073242188,642.1500244140625,642.489990234375,453310000
1996-04-17,641.6099853515625,645.0,638.7100219726562,645.0,465200000
1996-04-18,643.6099853515625,644.6599731445312,640.760009765625,641.6099853515625,415150000
1996-04-19,645.0700073242188,647.3200073242188,643.6099853515625,643.6099853515625,435690000
1996-04-22,647.8900146484375,650.9099731445312,645.0700073242188,645.0700073242188,395370000
1996-04-23,651.5800170898438,651.5900268554688,647.7000122070312,647.8900146484375,452690000
1996-04-24,650.1699829101562,653.3699951171875,648.25,651.5800170898438,494220000
1996-04-25,652.8699951171875,654.1799926757812,647.0599975585938,650.1699829101562,462120000
1996-04-26,653.4600219726562,656.4299926757812,651.9600219726562,652.8699951171875,402530000
1996-04-29,654.1599731445312,654.7100219726562,651.5999755859375,653.4600219726562,344030000
1996-04-30,654.1699829101562,654.5900268554688,651.0499877929688,654.1599731445312,393390000
1996-05-01,654.5800170898438,656.4400024414062,652.260009765625,654.1699829101562,404620000
1996-05-02,643.3800048828125,654.5800170898438,642.1300048828125,654.5800170898438,442960000
1996-05-03,641.6300048828125,648.4500122070312,640.22998046875,643.3800048828125,434010000
1996-05-06,640.8099975585938,644.6400146484375,636.1900024414062,641.6300048828125,375820000
1996-05-07,638.260009765625,641.4000244140625,636.9600219726562,640.8099975585938,410770000
1996-05-08,644.77001953125,644.7899780273438,630.0700073242188,638.260009765625,495460000
1996-05-09,645.4400024414062,647.9500122070312,643.1799926757812,644.77001953125,404310000
1996-05-10,652.0900268554688,653.0,645.4400024414062,645.4400024414062,428370000
1996-05-13,661.510009765625,662.1599731445312,652.0900268554688,652.0900268554688,394180000
1996-05-14,665.5999755859375,666.9600219726562,661.510009765625,661.510009765625,460440000
1996-05-15,665.4199829101562,669.8200073242188,664.4600219726562,665.5999755859375,447790000
1996-05-16,664.8499755859375,667.1099853515625,662.7899780273438,665.4199829101562,392070000
1996-05-17,668.9099731445312,669.8400268554688,664.8499755859375,664.8499755859375,429140000
1996-05-20,673.1500244140625,673.6599731445312,667.6400146484375,668.9099731445312,385000000
1996-05-21,672.760009765625,675.5599975585938,672.260009765625,673.1500244140625,409610000
1996-05-22,678.4199829101562,678.4199829101562,671.22998046875,672.760009765625,423670000
1996-05-23,676.0,681.0999755859375,673.4500122070312,678.4199829101562,431850000
1996-05-24,678.510009765625,679.719970703125,676.0,676.0,329150000
1996-05-28,672.22998046875,679.97998046875,671.52001953125,678.510009765625,341480000
1996-05-29,667.9299926757812,673.72998046875,666.0900268554688,672.22998046875,346730000
1996-05-30,671.7000122070312,673.510009765625,664.5599975585938,667.9299926757812,381960000
1996-05-31,669.1199951171875,673.4600219726562,667.0,671.7000122070312,351750000
1996-06-03,667.6799926757812,669.1199951171875,665.1900024414062,669.1199951171875,318470000
1996-06-04,672.5599975585938,672.5999755859375,667.6799926757812,667.6799926757812,386040000
1996-06-05,678.4400024414062,678.4500122070312,672.0900268554688,672.5599975585938,380360000
1996-06-06,673.030029296875,680.3200073242188,673.02001953125,678.4400024414062,466940000
1996-06-07,673.3099975585938,673.3099975585938,662.47998046875,673.030029296875,445710000
1996-06-10,672.1599731445312,673.6099853515625,670.1500244140625,673.3099975585938,337480000
1996-06-11,670.969970703125,676.719970703125,669.9400024414062,672.1599731445312,405390000
1996-06-12,669.0399780273438,673.6699829101562,668.77001953125,670.969970703125,397190000
1996-06-13,667.9199829101562,670.5399780273438,665.489990234375,669.0399780273438,397620000
1996-06-14,665.8499755859375,668.4000244140625,664.3499755859375,667.9199829101562,390630000
1996-06-17,665.1599731445312,668.27001953125,664.0900268554688,665.8499755859375,298410000
1996-06-18,662.0599975585938,666.3599853515625,661.3400268554688,665.1599731445312,373290000
1996-06-19,661.9600219726562,665.6199951171875,661.2100219726562,662.0599975585938,383610000
1996-06-20,662.0999755859375,664.9600219726562,658.75,661.9600219726562,441060000
1996-06-21,666.8400268554688,666.8400268554688,662.0999755859375,662.0999755859375,520340000
1996-06-24,668.8499755859375,671.0700073242188,666.8400268554688,666.8400268554688,333840000
1996-06-25,668.47998046875,670.6500244140625,667.2899780273438,668.8499755859375,391900000
1996-06-26,664.3900146484375,668.489990234375,663.6699829101562,668.47998046875,386520000
1996-06-27,668.5499877929688,668.9000244140625,661.5599975585938,664.3900146484375,405580000
1996-06-28,670.6300048828125,672.6799926757812,668.5499877929688,668.5499877929688,470460000
1996-07-01,675.8800048828125,675.8800048828125,670.6300048828125,670.6300048828125,345750000
1996-07-02,673.6099853515625,675.8800048828125,672.5499877929688,675.8800048828125,388000000
1996-07-03,672.4000244140625,673.6400146484375,670.2100219726562,673.6099853515625,336260000
1996-07-05,657.4400024414062,672.4000244140625,657.4099731445312,672.4000244140625,181470000
1996-07-08,652.5399780273438,657.6500244140625,651.1300048828125,657.4400024414062,367560000
1996-07-09,654.75,656.5999755859375,652.5399780273438,652.5399780273438,400170000
1996-07-10,656.0599975585938,656.27001953125,648.3900146484375,654.75,421350000
1996-07-11,645.6699829101562,656.0599975585938,639.52001953125,656.0599975585938,520470000
1996-07-12,646.1900024414062,647.6400146484375,640.2100219726562,645.6699829101562,396740000
1996-07-15,629.7999877929688,646.1900024414062,629.6900024414062,646.1900024414062,419020000
1996-07-16,628.3699951171875,631.989990234375,605.8800048828125,629.7999877929688,682980000
1996-07-17,634.0700073242188,636.6099853515625,628.3699951171875,628.3699951171875,513830000
1996-07-18,643.5599975585938,644.4400024414062,633.2899780273438,634.0700073242188,474460000
1996-07-19,638.72998046875,643.510009765625,635.5,643.510009765625,408070000
1996-07-22,633.77001953125,638.72998046875,630.3800048828125,638.72998046875,327300000
1996-07-23,626.8699951171875,637.7000122070312,625.6500244140625,633.7899780273438,421900000
1996-07-24,626.6500244140625,629.0999755859375,616.4299926757812,626.1900024414062,463030000
1996-07-25,631.1699829101562,633.5700073242188,626.6500244140625,626.6500244140625,405390000
1996-07-26,635.9000244140625,636.22998046875,631.1699829101562,631.1699829101562,349900000
1996-07-29,630.9099731445312,635.9000244140625,630.9000244140625,635.9000244140625,281560000
1996-07-30,635.260009765625,635.260009765625,629.219970703125,630.9099731445312,341090000
1996-07-31,639.9500122070312,640.5399780273438,633.739990234375,635.260009765625,403560000
1996-08-01,650.02001953125,650.6599731445312,639.489990234375,639.9500122070312,439110000
1996-08-02,662.489990234375,662.489990234375,650.02001953125,650.02001953125,442080000
1996-08-05,660.22998046875,663.6400146484375,659.030029296875,662.489990234375,307240000
1996-08-06,662.3800048828125,662.75,656.8300170898438,660.22998046875,347290000
1996-08-07,664.1599731445312,664.6099853515625,660.0,662.3800048828125,394340000
1996-08-08,662.5900268554688,664.1699829101562,661.280029296875,664.1599731445312,334570000
1996-08-09,662.0999755859375,665.3699951171875,660.3099975585938,662.5900268554688,327280000
1996-08-12,665.77001953125,665.77001953125,658.9500122070312,662.0999755859375,312170000
1996-08-13,660.2000122070312,665.77001953125,659.1300048828125,665.77001953125,362470000
1996-08-14,662.0499877929688,662.4199829101562,658.469970703125,660.2000122070312,343460000
1996-08-15,662.280029296875,664.1799926757812,660.6400146484375,662.0499877929688,323950000
1996-08-16,665.2100219726562,666.3400268554688,662.260009765625,662.280029296875,337650000
1996-08-19,666.5800170898438,667.1199951171875,665.0,665.2100219726562,294080000
1996-08-20,665.6900024414062,666.989990234375,665.1500244140625,666.5800170898438,334960000
1996-08-21,665.0700073242188,665.6900024414062,662.1599731445312,665.6900024414062,348820000
1996-08-22,670.6799926757812,670.6799926757812,664.8800048828125,665.0700073242188,354950000
1996-08-23,667.030029296875,670.6799926757812,664.9299926757812,670.6799926757812,308010000
1996-08-26,663.8800048828125,667.030029296875,662.3599853515625,667.030029296875,281430000
1996-08-27,666.4000244140625,666.4000244140625,663.5,663.8800048828125,310520000
1996-08-28,664.8099975585938,667.4099731445312,664.3900146484375,666.4000244140625,296440000
1996-08-29,657.4000244140625,664.8099975585938,655.3499755859375,664.8099975585938,321120000
1996-08-30,651.989990234375,657.7100219726562,650.52001953125,657.4000244140625,258380000
1996-09-03,654.719970703125,655.1300048828125,643.969970703125,651.989990234375,345740000
1996-09-04,655.6099853515625,655.8200073242188,652.9299926757812,654.719970703125,351290000
1996-09-05,649.4400024414062,655.6099853515625,648.8900146484375,655.6099853515625,361430000
1996-09-06,655.6799926757812,658.2100219726562,649.4400024414062,649.4400024414062,348710000
1996-09-09,663.760009765625,663.77001953125,655.6799926757812,655.6799926757812,311530000
1996-09-10,663.8099975585938,665.5700073242188,661.5499877929688,663.760009765625,372960000
1996-09-11,667.280029296875,667.72998046875,661.7899780273438,663.8099975585938,376880000
1996-09-12,671.1500244140625,673.0700073242188,667.280029296875,667.280029296875,398820000
1996-09-13,680.5399780273438,681.3900146484375,671.1500244140625,671.1500244140625,488360000
1996-09-16,683.97998046875,686.47998046875,680.530029296875,680.5399780273438,430080000
1996-09-17,682.9400024414062,685.7999877929688,679.9600219726562,683.97998046875,449850000
1996-09-18,681.469970703125,683.77001953125,679.75,682.9400024414062,396600000
1996-09-19,683.0,684.0700073242188,679.0599975585938,681.469970703125,398580000
1996-09-20,687.030029296875,687.0700073242188,683.0,683.0,519420000
1996-09-23,686.47998046875,687.030029296875,681.010009765625,687.030029296875,297760000
1996-09-24,685.6099853515625,690.8800048828125,683.5399780273438,686.47998046875,460150000
1996-09-25,685.8300170898438,688.260009765625,684.9199829101562,685.6099853515625,451710000
1996-09-26,685.8599853515625,690.1500244140625,683.77001953125,685.8300170898438,500870000
1996-09-27,686.1900024414062,687.1099853515625,683.72998046875,685.8599853515625,414760000
1996-09-30,687.3300170898438,690.1099853515625,686.030029296875,686.1900024414062,388570000
1996-10-01,689.0800170898438,689.5399780273438,684.4400024414062,687.3099975585938,421550000
1996-10-02,694.010009765625,694.8200073242188,689.0800170898438,689.0800170898438,440130000
1996-10-03,692.780029296875,694.8099975585938,691.780029296875,694.010009765625,386500000
1996-10-04,701.4600219726562,701.739990234375,692.780029296875,692.780029296875,463940000
1996-10-07,703.3400268554688,704.1699829101562,701.3900146484375,701.4600219726562,380750000
1996-10-08,700.6400146484375,705.760009765625,699.8800048828125,703.3400268554688,435070000
1996-10-09,696.739990234375,702.3599853515625,694.4199829101562,700.6400146484375,408450000
1996-10-10,694.6099853515625,696.8200073242188,693.3400268554688,696.739990234375,394950000
1996-10-11,700.6599731445312,700.6699829101562,694.6099853515625,694.6099853515625,396050000
1996-10-14,703.5399780273438,705.1599731445312,700.6599731445312,700.6599731445312,322000000
1996-10-15,702.5700073242188,708.0700073242188,699.0700073242188,703.5399780273438,458980000
1996-10-16,704.4099731445312,704.4199829101562,699.1500244140625,702.5700073242188,441410000
1996-10-17,706.989990234375,708.52001953125,704.760009765625,705.0,478550000
1996-10-18,710.8200073242188,711.0399780273438,706.1099853515625,706.989990234375,473020000
1996-10-21,709.8499755859375,714.0999755859375,707.7100219726562,710.8200073242188,414630000
1996-10-22,706.5700073242188,709.8499755859375,704.5499877929688,709.8499755859375,410790000
1996-10-23,707.27001953125,707.3099975585938,700.97998046875,706.5700073242188,442170000
1996-10-24,702.2899780273438,708.25,702.1099853515625,707.27001953125,418970000
1996-10-25,700.9199829101562,704.1099853515625,700.530029296875,702.2899780273438,367640000
1996-10-28,697.260009765625,705.4000244140625,697.25,700.9199829101562,383620000
1996-10-29,701.5,703.25,696.219970703125,697.260009765625,443890000
1996-10-30,700.9000244140625,703.4400024414062,700.0499877929688,701.5,437770000
1996-10-31,705.27001953125,706.6099853515625,700.3499755859375,700.9000244140625,482840000
1996-11-01,703.77001953125,708.5999755859375,701.2999877929688,705.27001953125,465510000
1996-11-04,706.72998046875,707.02001953125,702.8400268554688,703.77001953125,398790000
1996-11-05,714.1400146484375,714.5599975585938,706.72998046875,706.72998046875,486660000
1996-11-06,724.5900268554688,724.5999755859375,712.8300170898438,714.1400146484375,509600000
1996-11-07,727.6500244140625,729.489990234375,722.22998046875,724.5900268554688,502530000
1996-11-08,730.8200073242188,730.8200073242188,725.219970703125,727.6500244140625,402320000
1996-11-11,731.8699951171875,732.5999755859375,729.9400024414062,730.8200073242188,353960000
1996-11-12,729.5599975585938,733.0399780273438,728.2000122070312,731.8699951171875,471740000
1996-11-13,731.1300048828125,732.1099853515625,728.030029296875,729.5599975585938,429840000
1996-11-14,735.8800048828125,735.989990234375,729.2000122070312,731.1300048828125,480350000
1996-11-15,737.6199951171875,741.9199829101562,735.1500244140625,735.8800048828125,529100000
1996-11-18,737.02001953125,739.239990234375,734.3900146484375,737.6199951171875,388520000
1996-11-19,742.1599731445312,742.1799926757812,736.8699951171875,737.02001953125,461980000
1996-11-20,743.9500122070312,746.989990234375,740.4000244140625,742.1599731445312,497900000
1996-11-21,742.75,745.2000122070312,741.0800170898438,743.9500122070312,464430000
1996-11-22,748.72998046875,748.72998046875,742.75,742.75,525210000
1996-11-25,757.030029296875,757.0499877929688,747.989990234375,748.72998046875,475260000
1996-11-26,755.9600219726562,762.1199951171875,752.8300170898438,757.030029296875,527380000
1996-11-27,755.0,757.2999877929688,753.1799926757812,755.9600219726562,377780000
1996-11-29,757.02001953125,758.27001953125,755.0,755.0,14990000
1996-12-02,756.5599975585938,757.030029296875,751.489990234375,757.02001953125,412520000
1996-12-03,748.280029296875,761.75,747.5800170898438,756.5599975585938,516160000
1996-12-04,745.0999755859375,748.4000244140625,738.4600219726562,748.280029296875,498240000
1996-12-05,744.3800048828125,747.6500244140625,742.6099853515625,745.0999755859375,483710000
1996-12-06,739.5999755859375,744.3800048828125,726.8900146484375,744.3800048828125,500860000
1996-12-09,749.760009765625,749.760009765625,739.5999755859375,739.5999755859375,381570000
1996-12-10,747.5399780273438,753.4299926757812,747.02001953125,749.760009765625,446120000
1996-12-11,740.72998046875,747.5399780273438,732.75,747.5399780273438,494210000
1996-12-12,729.2999877929688,744.8599853515625,729.2999877929688,740.72998046875,492920000
1996-12-13,728.6400146484375,731.4000244140625,721.969970703125,729.3300170898438,458540000
1996-12-16,720.97998046875,732.6799926757812,719.4000244140625,728.6400146484375,447560000
1996-12-17,726.0399780273438,727.6699829101562,716.6900024414062,720.97998046875,519840000
1996-12-18,731.5399780273438,732.760009765625,726.0399780273438,726.0399780273438,500490000
1996-12-19,745.760009765625,746.0599975585938,731.5399780273438,731.5399780273438,526410000
1996-12-20,748.8699951171875,755.4099731445312,745.760009765625,745.760009765625,654340000
1996-12-23,746.9199829101562,750.4000244140625,743.280029296875,748.8699951171875,343280000
1996-12-24,751.030029296875,751.030029296875,746.9199829101562,746.9199829101562,165140000
1996-12-26,755.8200073242188,757.0700073242188,751.02001953125,751.030029296875,254630000
1996-12-27,756.7899780273438,758.75,754.8200073242188,755.8200073242188,253810000
1996-12-30,753.8499755859375,759.2000122070312,752.72998046875,756.7899780273438,339060000
1996-12-31,740.739990234375,753.9500122070312,740.739990234375,753.8499755859375,399760000
1997-01-02,737.010009765625,742.8099975585938,729.5499877929688,740.739990234375,463230000
1997-01-03,748.030029296875,748.239990234375,737.010009765625,737.010009765625,452970000
1997-01-06,747.6500244140625,753.3099975585938,743.8200073242188,748.030029296875,531350000
1997-01-07,753.22998046875,753.260009765625,742.1799926757812,747.6500244140625,538220000
1997-01-08,748.4099731445312,755.719970703125,747.7100219726562,753.22998046875,557510000
1997-01-09,754.8499755859375,757.6799926757812,748.4099731445312,748.4099731445312,555370000
1997-01-10,759.5,759.6500244140625,746.9199829101562,754.8499755859375,545850000
1997-01-13,759.510009765625,762.8499755859375,756.6900024414062,759.5,445400000
1997-01-14,768.8599853515625,772.0399780273438,759.510009765625,759.510009765625,531600000
1997-01-15,767.2000122070312,770.9500122070312,763.719970703125,768.8599853515625,524990000
1997-01-16,769.75,772.0499877929688,765.25,767.2000122070312,537290000
1997-01-17,776.1699829101562,776.3699951171875,769.719970703125,769.75,534640000
1997-01-20,776.7000122070312,780.0800170898438,774.1900024414062,776.1699829101562,440470000
1997-01-21,782.719970703125,783.719970703125,772.0,776.7000122070312,571280000
1997-01-22,786.22998046875,786.22998046875,779.5599975585938,782.719970703125,589230000
1997-01-23,777.5599975585938,794.6699829101562,776.6400146484375,786.22998046875,685070000
1997-01-24,770.52001953125,778.2100219726562,768.1699829101562,777.5599975585938,542920000
1997-01-27,765.02001953125,771.4299926757812,764.1799926757812,770.52001953125,445760000
1997-01-28,765.02001953125,776.3200073242188,761.75,765.02001953125,541580000
1997-01-29,772.5,772.7000122070312,765.02001953125,765.02001953125,498390000
1997-01-30,784.1699829101562,784.1699829101562,772.5,772.5,524160000
1997-01-31,786.1599731445312,791.8599853515625,784.1699829101562,784.1699829101562,578550000
1997-02-03,786.72998046875,787.1400146484375,783.1199951171875,786.1599731445312,463600000
1997-02-04,789.260009765625,789.280029296875,783.6799926757812,786.72998046875,506530000
1997-02-05,778.280029296875,792.7100219726562,773.4299926757812,789.260009765625,580520000
1997-02-06,780.1500244140625,780.3499755859375,774.4500122070312,778.280029296875,519660000
1997-02-07,789.5599975585938,789.719970703125,778.1900024414062,780.1500244140625,540910000
1997-02-10,785.4299926757812,793.4600219726562,784.6900024414062,789.5599975585938,471590000
1997-02-11,789.5900268554688,789.5999755859375,780.9500122070312,785.4299926757812,483090000
1997-02-12,802.77001953125,802.77001953125,789.5900268554688,789.5900268554688,563890000
1997-02-13,811.8200073242188,812.9299926757812,802.77001953125,802.77001953125,593710000
1997-02-14,808.47998046875,812.2000122070312,808.1500244140625,811.8200073242188,491540000
1997-02-18,816.2899780273438,816.2899780273438,806.3400268554688,808.47998046875,474110000
1997-02-19,812.489990234375,817.6799926757812,811.2000122070312,816.2899780273438,519350000
1997-02-20,802.7999877929688,812.489990234375,800.3499755859375,812.489990234375,492220000
1997-02-21,801.77001953125,804.9400024414062,799.989990234375,802.7999877929688,478450000
1997-02-24,810.280029296875,810.6400146484375,798.4199829101562,801.77001953125,462450000
1997-02-25,812.030029296875,812.8499755859375,807.6500244140625,810.280029296875,527450000
1997-02-26,805.6799926757812,812.7000122070312,798.1300048828125,812.0999755859375,573920000
1997-02-27,795.0700073242188,805.6799926757812,795.0599975585938,805.6799926757812,464660000
1997-02-28,790.8200073242188,795.7000122070312,788.5,795.0700073242188,508280000
1997-03-03,795.3099975585938,795.3099975585938,785.6599731445312,790.8200073242188,437220000
1997-03-04,790.9500122070312,798.9299926757812,789.97998046875,795.3099975585938,537890000
1997-03-05,801.989990234375,801.989990234375,790.9500122070312,790.9500122070312,532500000
1997-03-06,798.5599975585938,804.1099853515625,797.5,801.989990234375,540310000
1997-03-07,804.969970703125,808.1900024414062,798.5599975585938,798.5599975585938,508270000
1997-03-10,813.6500244140625,813.6599731445312,803.6599731445312,804.969970703125,468780000
1997-03-11,811.3400268554688,814.9000244140625,810.77001953125,813.6500244140625,493250000
1997-03-12,804.260009765625,811.3400268554688,801.0700073242188,811.3400268554688,490200000
1997-03-13,789.5599975585938,804.260009765625,789.4400024414062,804.260009765625,507560000
1997-03-14,793.1699829101562,796.8800048828125,789.5599975585938,789.5599975585938,491540000
1997-03-17,795.7100219726562,796.280029296875,782.97998046875,793.1699829101562,495260000
1997-03-18,789.6599731445312,797.1799926757812,785.469970703125,795.7100219726562,467330000
1997-03-19,785.77001953125,791.5900268554688,780.030029296875,789.6599731445312,535580000
1997-03-20,782.6500244140625,786.2899780273438,778.0399780273438,785.77001953125,497480000
1997-03-21,784.0999755859375,786.4400024414062,782.6500244140625,782.6500244140625,638760000
1997-03-24,790.8900146484375,791.010009765625,780.7899780273438,784.0999755859375,451970000
1997-03-25,789.0700073242188,798.1099853515625,788.3900146484375,790.8900146484375,487520000
1997-03-26,790.5,794.8900146484375,786.77001953125,789.0700073242188,506670000
1997-03-27,773.8800048828125,792.5800170898438,767.3200073242188,790.5,476790000
1997-03-31,757.1199951171875,773.8800048828125,756.1300048828125,773.8800048828125,555880000
1997-04-01,759.6400146484375,761.489990234375,751.260009765625,757.1199951171875,515770000
1997-04-02,750.1099853515625,759.6500244140625,747.5900268554688,759.6400146484375,478210000
1997-04-03,750.3200073242188,751.0399780273438,744.4000244140625,750.1099853515625,498010000
1997-04-04,757.9000244140625,757.9000244140625,744.0399780273438,750.3200073242188,544580000
1997-04-07,762.1300048828125,764.8200073242188,757.9000244140625,757.9000244140625,453790000
1997-04-08,766.1199951171875,766.25,758.3599853515625,762.1300048828125,450790000
1997-04-09,760.5999755859375,769.530029296875,759.1500244140625,766.1199951171875,451500000
1997-04-10,758.3400268554688,763.72998046875,757.6500244140625,760.5999755859375,421790000
1997-04-11,737.6500244140625,758.3400268554688,737.6400146484375,758.3400268554688,444380000
1997-04-14,743.72998046875,743.72998046875,733.5399780273438,737.6500244140625,406800000
1997-04-15,754.719970703125,754.719970703125,743.72998046875,743.72998046875,507370000
1997-04-16,763.530029296875,763.530029296875,751.989990234375,754.719970703125,498820000
1997-04-17,761.77001953125,768.5499877929688,760.489990234375,763.530029296875,503760000
1997-04-18,766.3400268554688,767.9299926757812,761.77001953125,761.77001953125,468940000
1997-04-21,760.3699951171875,767.3900146484375,756.3800048828125,766.3400268554688,397300000
1997-04-22,774.6099853515625,774.6400146484375,759.9000244140625,760.3699951171875,507500000
1997-04-23,773.6400146484375,778.1900024414062,771.9000244140625,774.6099853515625,489350000
1997-04-24,771.1799926757812,779.8900146484375,769.719970703125,773.6400146484375,493640000
1997-04-25,765.3699951171875,771.1799926757812,764.6300048828125,771.1799926757812,414350000
1997-04-28,772.9600219726562,773.8900146484375,763.2999877929688,765.3699951171875,404470000
1997-04-29,794.0499877929688,794.4400024414062,772.9600219726562,772.9600219726562,547690000
1997-04-30,801.3400268554688,804.1300048828125,791.2100219726562,794.0499877929688,556070000
1997-05-01,798.530029296875,802.9500122070312,793.2100219726562,801.3400268554688,460380000
1997-05-02,812.969970703125,812.989990234375,798.530029296875,798.530029296875,499770000
1997-05-05,830.2899780273438,830.2899780273438,811.7999877929688,812.969970703125,549410000
1997-05-06,827.760009765625,832.2899780273438,824.7000122070312,830.239990234375,603680000
1997-05-07,815.6199951171875,827.760009765625,814.7000122070312,827.760009765625,500580000
1997-05-08,820.260009765625,829.0900268554688,811.8400268554688,815.6199951171875,534120000
1997-05-09,824.780029296875,827.6900024414062,815.780029296875,820.260009765625,455690000
1997-05-12,837.6599731445312,838.5599975585938,824.780029296875,824.780029296875,459370000
1997-05-13,833.1300048828125,838.489990234375,829.1199951171875,837.6599731445312,489760000
1997-05-14,836.0399780273438,841.2899780273438,833.1300048828125,833.1300048828125,504960000
1997-05-15,841.8800048828125,842.4500122070312,833.3400268554688,836.0399780273438,458170000
1997-05-16,829.75,841.8800048828125,829.1500244140625,841.8800048828125,486780000
1997-05-19,833.27001953125,835.9199829101562,828.8699951171875,829.75,345140000
1997-05-20,841.6599731445312,841.9600219726562,826.4099731445312,833.27001953125,450850000
1997-05-21,839.3499755859375,846.8699951171875,835.219970703125,841.6599731445312,540730000
1997-05-22,835.6599731445312,841.9099731445312,833.8599853515625,839.3499755859375,426940000
1997-05-23,847.030029296875,848.489990234375,835.6599731445312,835.6599731445312,417030000
1997-05-27,849.7100219726562,851.530029296875,840.9600219726562,847.030029296875,436150000
1997-05-28,847.2100219726562,850.9500122070312,843.2100219726562,849.7100219726562,487340000
1997-05-29,844.0800170898438,848.9600219726562,842.6099853515625,847.2100219726562,462600000
1997-05-30,848.280029296875,851.8699951171875,831.8699951171875,844.0800170898438,537200000
1997-06-02,846.3599853515625,851.3400268554688,844.6099853515625,848.280029296875,435950000
1997-06-03,845.47998046875,850.5599975585938,841.510009765625,846.3599853515625,527120000
1997-06-04,840.1099853515625,845.5499877929688,838.8200073242188,845.47998046875,466690000
1997-06-05,843.4299926757812,848.8900146484375,840.1099853515625,840.1099853515625,452610000
1997-06-06,858.010009765625,859.239990234375,843.3599853515625,843.4299926757812,488940000
1997-06-09,862.9099731445312,865.1400146484375,858.010009765625,858.010009765625,465810000
1997-06-10,865.27001953125,870.0499877929688,862.1799926757812,862.9099731445312,526980000
1997-06-11,869.5700073242188,870.6599731445312,865.1500244140625,865.27001953125,513740000
1997-06-12,883.4600219726562,884.3400268554688,869.010009765625,869.5700073242188,592730000
1997-06-13,893.27001953125,894.6900024414062,883.47998046875,883.47998046875,575810000
1997-06-16,893.9000244140625,895.1699829101562,891.2100219726562,893.27001953125,414280000
1997-06-17,894.4199829101562,897.5999755859375,886.1900024414062,893.9000244140625,543010000
1997-06-18,889.0599975585938,894.4199829101562,887.030029296875,894.4199829101562,491740000
1997-06-19,897.989990234375,900.0900268554688,888.989990234375,889.0599975585938,536940000
1997-06-20,898.7000122070312,901.77001953125,897.77001953125,897.989990234375,653110000
1997-06-23,878.6199951171875,898.7000122070312,878.4299926757812,898.7000122070312,492940000
1997-06-24,896.3400268554688,896.75,878.6199951171875,878.6199951171875,542650000
1997-06-25,888.989990234375,902.0900268554688,882.239990234375,896.3400268554688,603040000
1997-06-26,883.6799926757812,893.2100219726562,879.3200073242188,888.989990234375,499780000
1997-06-27,887.2999877929688,894.7000122070312,883.6799926757812,883.6799926757812,472540000
1997-06-30,885.1400146484375,892.6199951171875,879.8200073242188,887.2999877929688,561540000
1997-07-01,891.030029296875,893.8800048828125,884.5399780273438,885.1400146484375,544190000
1997-07-02,904.030029296875,904.0499877929688,891.030029296875,891.030029296875,526970000
1997-07-03,916.9199829101562,917.8200073242188,904.030029296875,904.030029296875,374680000
1997-07-07,912.2000122070312,923.260009765625,909.6900024414062,916.9199829101562,518780000
1997-07-08,918.75,918.760009765625,911.5599975585938,912.2000122070312,526010000
1997-07-09,907.5399780273438,922.030029296875,902.47998046875,918.75,589110000
1997-07-10,913.780029296875,916.5399780273438,904.3099975585938,907.5399780273438,551340000
1997-07-11,916.6799926757812,919.739990234375,913.1099853515625,913.780029296875,500050000
1997-07-14,918.3800048828125,921.780029296875,912.02001953125,916.6799926757812,485960000
1997-07-15,925.760009765625,926.1500244140625,914.52001953125,918.3800048828125,598370000
1997-07-16,936.5900268554688,939.3200073242188,925.760009765625,925.760009765625,647390000
1997-07-17,931.6099853515625,936.9600219726562,927.9000244140625,936.5900268554688,629250000
1997-07-18,915.2999877929688,931.6099853515625,912.9000244140625,931.6099853515625,589710000
1997-07-21,912.9400024414062,915.3800048828125,907.1199951171875,915.2999877929688,459500000
1997-07-22,933.97998046875,934.3800048828125,912.9400024414062,912.9400024414062,579590000
1997-07-23,936.5599975585938,941.7999877929688,933.97998046875,933.97998046875,616930000
1997-07-24,940.2999877929688,941.510009765625,926.9099731445312,936.5599975585938,571020000
1997-07-25,938.7899780273438,945.6500244140625,936.0900268554688,940.2999877929688,521510000
1997-07-28,936.4500122070312,942.969970703125,935.1900024414062,938.7899780273438,466920000
1997-07-29,942.2899780273438,942.9600219726562,932.5599975585938,936.4500122070312,544540000
1997-07-30,952.2899780273438,953.97998046875,941.97998046875,942.2899780273438,568470000
1997-07-31,954.3099975585938,957.72998046875,948.8900146484375,952.2899780273438,547830000
1997-08-01,947.1400146484375,955.3499755859375,939.0399780273438,954.2899780273438,513750000
1997-08-04,950.2999877929688,953.1799926757812,943.5999755859375,947.1400146484375,456000000
1997-08-05,952.3699951171875,954.2100219726562,948.9199829101562,950.2999877929688,525710000
1997-08-06,960.3200073242188,962.4299926757812,949.4500122070312,952.3699951171875,565200000
1997-08-07,951.1900024414062,964.1699829101562,950.8699951171875,960.3200073242188,576030000
1997-08-08,933.5399780273438,951.1900024414062,925.739990234375,951.1900024414062,563420000
1997-08-11,937.0,938.5,925.3900146484375,933.5399780273438,480340000
1997-08-12,926.530029296875,942.989990234375,925.6599731445312,937.0,499310000
1997-08-13,922.02001953125,935.77001953125,916.5399780273438,926.530029296875,587210000
1997-08-14,924.77001953125,930.0700073242188,916.9199829101562,922.02001953125,530460000
1997-08-15,900.8099975585938,924.77001953125,900.8099975585938,924.77001953125,537820000
1997-08-18,912.489990234375,912.5700073242188,893.3400268554688,900.8099975585938,514330000
1997-08-19,926.010009765625,926.010009765625,912.489990234375,912.489990234375,545630000
1997-08-20,939.3499755859375,939.3499755859375,924.5800170898438,926.010009765625,521270000
1997-08-21,925.0499877929688,939.469970703125,921.3499755859375,939.3499755859375,499000000
1997-08-22,923.5399780273438,925.0499877929688,905.4199829101562,925.0499877929688,460160000
1997-08-25,920.1599731445312,930.9299926757812,917.2899780273438,923.5499877929688,388990000
1997-08-26,913.02001953125,922.469970703125,911.719970703125,920.1599731445312,449110000
1997-08-27,913.7000122070312,916.22998046875,903.8300170898438,913.02001953125,492150000
1997-08-28,903.6699829101562,915.9000244140625,898.6500244140625,913.7000122070312,486300000
1997-08-29,899.469970703125,907.280029296875,896.8200073242188,903.6699829101562,413910000
1997-09-02,927.5800170898438,927.5800170898438,899.469970703125,899.469970703125,491870000
1997-09-03,927.8599853515625,935.9000244140625,926.8699951171875,927.5800170898438,549060000
1997-09-04,930.8699951171875,933.3599853515625,925.5900268554688,927.8599853515625,559310000
1997-09-05,929.0499877929688,940.3699951171875,924.0499877929688,930.8699951171875,536400000
1997-09-08,931.2000122070312,936.5,929.0499877929688,929.0499877929688,466430000
1997-09-09,933.6199951171875,938.9000244140625,927.280029296875,931.2000122070312,502200000
1997-09-10,919.030029296875,933.6199951171875,918.760009765625,933.6199951171875,517620000
1997-09-11,912.5900268554688,919.030029296875,902.5599975585938,919.030029296875,575020000
1997-09-12,923.9099731445312,925.0499877929688,906.7000122070312,912.5900268554688,544150000
1997-09-15,919.77001953125,928.9000244140625,919.4099731445312,923.9099731445312,468030000
1997-09-16,945.6400146484375,947.6599731445312,919.77001953125,919.77001953125,636380000
1997-09-17,943.0,950.2899780273438,941.989990234375,945.6400146484375,590550000
1997-09-18,947.2899780273438,958.1900024414062,943.0,943.0,566830000
1997-09-19,950.510009765625,952.3499755859375,943.9000244140625,947.2899780273438,631040000
1997-09-22,955.4299926757812,960.5900268554688,950.510009765625,950.510009765625,490900000
1997-09-23,951.9299926757812,955.780029296875,948.0700073242188,955.4299926757812,522930000
1997-09-24,944.47998046875,959.780029296875,944.0700073242188,951.9299926757812,639460000
1997-09-25,937.9099731445312,947.0,937.3800048828125,944.47998046875,524880000
1997-09-26,945.219970703125,946.4400024414062,937.9099731445312,937.9099731445312,505340000
1997-09-29,953.3400268554688,953.9600219726562,941.9400024414062,945.219970703125,477100000
1997-09-30,947.280029296875,955.1699829101562,947.280029296875,953.3400268554688,587500000
1997-10-01,955.4099731445312,956.7100219726562,947.280029296875,947.280029296875,598660000
1997-10-02,960.4600219726562,960.4600219726562,952.9400024414062,955.4099731445312,474760000
1997-10-03,965.030029296875,975.469970703125,955.1300048828125,960.4600219726562,623370000
1997-10-06,972.6900024414062,974.1599731445312,965.030029296875,965.030029296875,495620000
1997-10-07,983.1199951171875,983.1199951171875,971.9500122070312,972.6900024414062,551970000
1997-10-08,973.8400268554688,983.1199951171875,968.6500244140625,983.1199951171875,573110000
1997-10-09,970.6199951171875,974.719970703125,963.3400268554688,973.8400268554688,551840000
1997-10-10,966.97998046875,970.6199951171875,963.4199829101562,970.6199951171875,500680000
1997-10-13,968.0999755859375,973.4600219726562,966.9500122070312,966.97998046875,354800000
1997-10-14,970.280029296875,972.8599853515625,961.8699951171875,968.0999755859375,510330000
1997-10-15,965.719970703125,970.280029296875,962.75,970.280029296875,505310000
1997-10-16,955.25,973.3800048828125,950.77001953125,965.719970703125,597010000
1997-10-17,944.1599731445312,955.22998046875,931.5800170898438,955.22998046875,624980000
1997-10-20,955.6099853515625,955.719970703125,941.4299926757812,944.1599731445312,483880000
1997-10-21,972.280029296875,972.5599975585938,955.6099853515625,955.6099853515625,582310000
1997-10-22,968.489990234375,972.6099853515625,965.6599731445312,972.280029296875,613490000
1997-10-23,950.6900024414062,968.489990234375,944.1599731445312,968.489990234375,673270000
1997-10-24,941.6400146484375,960.0399780273438,937.5499877929688,950.6900024414062,677630000
1997-10-27,876.989990234375,941.6400146484375,876.72998046875,941.6400146484375,693730000
1997-10-28,921.8499755859375,923.0900268554688,855.27001953125,876.989990234375,1202550000
1997-10-29,919.1599731445312,935.239990234375,913.8800048828125,921.8499755859375,777660000
1997-10-30,903.6799926757812,923.280029296875,903.6799926757812,919.1599731445312,712230000
1997-10-31,914.6199951171875,919.9299926757812,903.6799926757812,903.6799926757812,638070000
1997-11-03,938.989990234375,939.02001953125,914.6199951171875,914.6199951171875,564740000
1997-11-04,940.760009765625,941.4000244140625,932.6599731445312,938.989990234375,541590000
1997-11-05,942.760009765625,949.6199951171875,938.1599731445312,940.760009765625,565680000
1997-11-06,938.030029296875,942.8499755859375,934.1599731445312,942.760009765625,522890000
1997-11-07,927.510009765625,938.030029296875,915.3900146484375,938.030029296875,569980000
1997-11-10,921.1300048828125,935.9000244140625,920.260009765625,927.510009765625,464140000
1997-11-11,923.780029296875,928.2899780273438,919.6300048828125,921.1300048828125,435660000
1997-11-12,905.9600219726562,923.8800048828125,905.3400268554688,923.780029296875,585340000
1997-11-13,916.6599731445312,917.7899780273438,900.6099853515625,905.9600219726562,653960000
1997-11-14,928.3499755859375,930.4400024414062,915.3400268554688,916.6599731445312,635760000
1997-11-17,946.2000122070312,949.6599731445312,928.3499755859375,928.3499755859375,576540000
1997-11-18,938.22998046875,947.6500244140625,937.4299926757812,946.2000122070312,521380000
1997-11-19,944.5900268554688,947.280029296875,934.8300170898438,938.22998046875,542720000
1997-11-20,958.97998046875,961.8300170898438,944.5900268554688,944.5900268554688,602610000
1997-11-21,963.0900268554688,964.5499877929688,954.5999755859375,958.97998046875,611000000
1997-11-24,946.6699829101562,963.0900268554688,945.219970703125,963.0900268554688,514920000
1997-11-25,950.8200073242188,954.469970703125,944.7100219726562,946.6699829101562,587890000
1997-11-26,951.6400146484375,956.469970703125,950.8200073242188,950.8200073242188,487750000
1997-11-28,955.4000244140625,959.1300048828125,951.6400146484375,951.6400146484375,189070000
1997-12-01,974.77001953125,974.77001953125,955.4000244140625,955.4000244140625,590300000
1997-12-02,971.6799926757812,976.2000122070312,969.8300170898438,974.780029296875,576120000
1997-12-03,976.77001953125,980.8099975585938,966.1599731445312,971.6799926757812,624610000
1997-12-04,973.0999755859375,983.3599853515625,971.3699951171875,976.77001953125,633470000
1997-12-05,983.7899780273438,986.25,969.0999755859375,973.0999755859375,563590000
1997-12-08,982.3699951171875,985.6699829101562,979.5700073242188,983.7899780273438,490320000
1997-12-09,975.780029296875,982.3699951171875,973.8099975585938,982.3699951171875,539130000
1997-12-10,969.7899780273438,975.780029296875,962.6799926757812,975.780029296875,602290000
1997-12-11,954.9400024414062,969.7899780273438,951.8900146484375,969.7899780273438,631770000
1997-12-12,953.3900146484375,961.3200073242188,947.0,954.9400024414062,579280000
1997-12-15,963.3900146484375,965.9600219726562,953.3900146484375,953.3900146484375,597150000
1997-12-16,968.0399780273438,973.0,963.3900146484375,963.3900146484375,623320000
1997-12-17,965.5399780273438,974.2999877929688,964.25,968.0399780273438,618900000
1997-12-18,955.2999877929688,965.5399780273438,950.5499877929688,965.5399780273438,618870000
1997-12-19,946.780029296875,955.2999877929688,924.9199829101562,955.2999877929688,793200000
1997-12-22,953.7000122070312,956.72998046875,946.25,946.780029296875,530670000
1997-12-23,939.1300048828125,954.510009765625,938.9099731445312,953.7000122070312,515070000
1997-12-24,932.7000122070312,942.8800048828125,932.7000122070312,939.1300048828125,265980000
1997-12-26,936.4600219726562,939.989990234375,932.7000122070312,932.7000122070312,154900000
1997-12-29,953.3499755859375,953.9500122070312,936.4600219726562,936.4600219726562,443160000
1997-12-30,970.8400268554688,970.8400268554688,953.3499755859375,953.3499755859375,499500000
1997-12-31,970.4299926757812,975.02001953125,967.4099731445312,970.8400268554688,467280000
1998-01-02,975.0399780273438,975.0399780273438,965.72998046875,970.4299926757812,366730000
1998-01-05,977.0700073242188,982.6300048828125,969.0,975.0399780273438,628070000
1998-01-06,966.5800170898438,977.0700073242188,962.6799926757812,977.0700073242188,618360000
1998-01-07,964.0,966.5800170898438,952.6699829101562,966.5800170898438,667390000
1998-01-08,956.0499877929688,964.0,955.0399780273438,964.0,652140000
1998-01-09,927.6900024414062,956.0499877929688,921.719970703125,956.0499877929688,746420000
1998-01-12,939.2100219726562,939.25,912.8300170898438,927.6900024414062,705450000
1998-01-13,952.1199951171875,952.1400146484375,939.2100219726562,939.2100219726562,646740000
1998-01-14,957.9400024414062,958.1199951171875,948.0,952.1199951171875,603280000
1998-01-15,950.72998046875,957.9400024414062,950.27001953125,957.9400024414062,569050000
1998-01-16,961.510009765625,965.1199951171875,950.72998046875,950.72998046875,670080000
1998-01-20,978.5999755859375,978.5999755859375,961.47998046875,961.510009765625,644790000
1998-01-21,970.8099975585938,978.5999755859375,963.2899780273438,978.5999755859375,626160000
1998-01-22,963.0399780273438,970.8099975585938,959.489990234375,970.8099975585938,646570000
1998-01-23,957.5900268554688,966.4400024414062,950.8599853515625,963.0399780273438,635770000
1998-01-26,956.9500122070312,963.0399780273438,954.239990234375,957.5900268554688,555080000
1998-01-27,969.02001953125,973.22998046875,956.260009765625,956.9500122070312,679140000
1998-01-28,977.4600219726562,978.6300048828125,969.02001953125,969.02001953125,708470000
1998-01-29,985.489990234375,992.6500244140625,975.2100219726562,977.4600219726562,750760000
1998-01-30,980.280029296875,987.4099731445312,979.6300048828125,985.489990234375,613380000
1998-02-02,1001.27001953125,1002.47998046875,980.280029296875,980.280029296875,724320000
1998-02-03,1006.0,1006.1300048828125,996.9000244140625,1001.27001953125,692120000
1998-02-04,1006.9000244140625,1009.52001953125,999.4299926757812,1006.0,695420000
1998-02-05,1003.5399780273438,1013.510009765625,1000.27001953125,1006.9000244140625,703980000
1998-02-06,1012.4600219726562,1013.0700073242188,1003.3599853515625,1003.5399780273438,569650000
1998-02-09,1010.739990234375,1015.3300170898438,1006.280029296875,1012.4600219726562,524810000
1998-02-10,1019.010009765625,1022.1500244140625,1010.7100219726562,1010.739990234375,642800000
1998-02-11,1020.010009765625,1020.7100219726562,1016.3800048828125,1019.010009765625,599300000
1998-02-12,1024.1400146484375,1026.300048828125,1008.5499877929688,1020.010009765625,611480000
1998-02-13,1020.0900268554688,1024.1400146484375,1017.7100219726562,1024.1400146484375,531940000
1998-02-17,1022.760009765625,1028.02001953125,1020.0900268554688,1020.0900268554688,605890000
1998-02-18,1032.0799560546875,1032.0799560546875,1021.7000122070312,1022.760009765625,606000000
1998-02-19,1028.280029296875,1032.9300537109375,1026.6199951171875,1032.0799560546875,581820000
1998-02-20,1034.2099609375,1034.2099609375,1022.6900024414062,1028.280029296875,594300000
1998-02-23,1038.1400146484375,1038.6800537109375,1031.760009765625,1034.2099609375,550730000
1998-02-24,1030.56005859375,1038.72998046875,1028.8900146484375,1038.1400146484375,589880000
1998-02-25,1042.9000244140625,1045.7900390625,1030.56005859375,1030.56005859375,611350000
1998-02-26,1048.6700439453125,1048.6800537109375,1039.8499755859375,1042.9000244140625,646280000
1998-02-27,1049.3399658203125,1051.6600341796875,1044.4000244140625,1048.6700439453125,574480000
1998-03-02,1047.699951171875,1053.97998046875,1044.699951171875,1049.3399658203125,591470000
1998-03-03,1052.02001953125,1052.02001953125,1043.4100341796875,1047.699951171875,612360000
1998-03-04,1047.3299560546875,1052.02001953125,1042.739990234375,1052.02001953125,644280000
1998-03-05,1035.050048828125,1047.3299560546875,1030.8699951171875,1047.3299560546875,648270000
1998-03-06,1055.68994140625,1055.68994140625,1035.050048828125,1035.050048828125,665500000
1998-03-09,1052.31005859375,1058.550048828125,1050.02001953125,1055.68994140625,624700000
1998-03-10,1064.25,1064.5899658203125,1052.31005859375,1052.31005859375,631920000
1998-03-11,1068.469970703125,1069.1800537109375,1064.219970703125,1064.25,655260000
1998-03-12,1069.9200439453125,1071.8699951171875,1063.5400390625,1068.469970703125,594940000
1998-03-13,1068.6099853515625,1075.8599853515625,1066.5699462890625,1069.9200439453125,597800000
1998-03-16,1079.27001953125,1079.4599609375,1068.6099853515625,1068.6099853515625,548980000
1998-03-17,1080.449951171875,1080.52001953125,1073.2900390625,1079.27001953125,680960000
1998-03-18,1085.52001953125,1085.52001953125,1077.77001953125,1080.449951171875,632690000
1998-03-19,1089.739990234375,1089.739990234375,1084.300048828125,1085.52001953125,598240000
1998-03-20,1099.1600341796875,1101.0400390625,1089.3900146484375,1089.739990234375,717310000
1998-03-23,1095.550048828125,1101.1600341796875,1094.25,1099.1600341796875,631350000
1998-03-24,1105.6500244140625,1106.75,1095.550048828125,1095.550048828125,605720000
1998-03-25,1101.9300537109375,1113.0699462890625,1092.8399658203125,1105.6500244140625,676550000
1998-03-26,1100.800048828125,1106.280029296875,1097.0,1101.9300537109375,606770000
1998-03-27,1095.43994140625,1107.1800537109375,1091.1400146484375,1100.800048828125,582190000
1998-03-30,1093.5999755859375,1099.0999755859375,1090.02001953125,1095.43994140625,497400000
1998-03-31,1101.75,1110.1300048828125,1093.550048828125,1093.550048828125,674930000
1998-04-01,1108.1500244140625,1109.18994140625,1095.2900390625,1101.75,677310000
1998-04-02,1120.010009765625,1121.010009765625,1107.8900146484375,1108.1500244140625,674340000
1998-04-03,1122.699951171875,1126.3599853515625,1118.1199951171875,1120.010009765625,653880000
1998-04-06,1121.3800048828125,1131.989990234375,1121.3699951171875,1122.699951171875,625810000
1998-04-07,1109.550048828125,1121.3800048828125,1102.43994140625,1121.3800048828125,670760000
1998-04-08,1101.6500244140625,1111.5999755859375,1098.2099609375,1109.550048828125,616330000
1998-04-09,1110.6700439453125,1111.449951171875,1101.6500244140625,1101.6500244140625,548940000
1998-04-13,1109.68994140625,1110.75,1100.5999755859375,1110.6700439453125,564480000
1998-04-14,1115.75,1115.949951171875,1109.47998046875,1109.68994140625,613730000
1998-04-15,1119.3199462890625,1119.9000244140625,1112.239990234375,1115.75,685020000
1998-04-16,1108.1700439453125,1119.3199462890625,1105.27001953125,1119.3199462890625,699570000
1998-04-17,1122.719970703125,1122.719970703125,1104.949951171875,1108.1700439453125,672290000
1998-04-20,1123.6500244140625,1124.8800048828125,1118.4300537109375,1122.719970703125,595190000
1998-04-21,1126.6700439453125,1129.6500244140625,1119.5400390625,1123.6500244140625,675640000
1998-04-22,1130.5400390625,1132.97998046875,1126.2900390625,1126.6700439453125,696740000
1998-04-23,1119.5799560546875,1130.5400390625,1117.489990234375,1130.5400390625,653190000
1998-04-24,1107.9000244140625,1122.81005859375,1104.77001953125,1119.5799560546875,633890000
1998-04-27,1086.5400390625,1107.9000244140625,1076.699951171875,1107.9000244140625,685960000
1998-04-28,1085.1099853515625,1095.93994140625,1081.489990234375,1086.5400390625,678600000
1998-04-29,1094.6199951171875,1098.239990234375,1084.6500244140625,1085.1099853515625,638790000
1998-04-30,1111.75,1116.969970703125,1094.6300048828125,1094.6300048828125,695600000
1998-05-01,1121.0,1121.02001953125,1111.75,1111.75,581970000
1998-05-04,1122.0699462890625,1130.52001953125,1121.0,1121.0,551700000
1998-05-05,1115.5,1122.0699462890625,1111.1600341796875,1122.0699462890625,583630000
1998-05-06,1104.9200439453125,1118.3900146484375,1104.6400146484375,1115.5,606540000
1998-05-07,1095.1400146484375,1105.5799560546875,1094.5899658203125,1104.9200439453125,582240000
1998-05-08,1108.1400146484375,1111.4200439453125,1094.530029296875,1095.1400146484375,567890000
1998-05-11,1106.6400146484375,1119.1300048828125,1103.719970703125,1108.1400146484375,560840000
1998-05-12,1115.7900390625,1115.9599609375,1102.780029296875,1106.6400146484375,604420000
1998-05-13,1118.8599853515625,1122.219970703125,1114.9300537109375,1115.7900390625,600010000
1998-05-14,1117.3699951171875,1124.030029296875,1112.4300537109375,1118.8599853515625,578380000
1998-05-15,1108.72998046875,1118.6600341796875,1107.1099853515625,1117.3699951171875,621990000
1998-05-18,1105.8199462890625,1112.43994140625,1097.989990234375,1108.72998046875,519100000
1998-05-19,1109.52001953125,1113.5,1105.8199462890625,1105.8199462890625,566020000
1998-05-20,1119.06005859375,1119.0799560546875,1107.510009765625,1109.52001953125,587240000
1998-05-21,1114.6400146484375,1124.449951171875,1111.93994140625,1119.06005859375,551970000
1998-05-22,1110.469970703125,1116.8900146484375,1107.989990234375,1114.6400146484375,444070000
1998-05-26,1094.02001953125,1116.7900390625,1094.010009765625,1110.469970703125,541410000
1998-05-27,1092.22998046875,1094.43994140625,1074.3900146484375,1094.02001953125,682040000
1998-05-28,1097.5999755859375,1099.72998046875,1089.06005859375,1092.22998046875,588900000
1998-05-29,1090.8199462890625,1104.1600341796875,1090.8199462890625,1097.5999755859375,556780000
1998-06-01,1090.97998046875,1097.8499755859375,1084.219970703125,1090.8199462890625,537660000
1998-06-02,1093.219970703125,1098.7099609375,1089.6700439453125,1090.97998046875,590930000
1998-06-03,1082.72998046875,1097.4300537109375,1081.0899658203125,1093.219970703125,584480000
1998-06-04,1094.8299560546875,1095.9300537109375,1078.0999755859375,1082.72998046875,577470000
1998-06-05,1113.8599853515625,1113.8800048828125,1094.8299560546875,1095.0999755859375,558440000
1998-06-08,1115.719970703125,1119.699951171875,1113.31005859375,1113.8599853515625,543390000
1998-06-09,1118.4100341796875,1119.9200439453125,1111.31005859375,1115.719970703125,563610000
1998-06-10,1112.280029296875,1126.0,1110.27001953125,1118.4100341796875,609410000
1998-06-11,1094.5799560546875,1114.199951171875,1094.280029296875,1112.280029296875,627470000
1998-06-12,1098.8399658203125,1098.8399658203125,1080.8299560546875,1094.5799560546875,633300000
1998-06-15,1077.010009765625,1098.8399658203125,1077.010009765625,1098.8399658203125,595820000
1998-06-16,1087.5899658203125,1087.5899658203125,1074.6700439453125,1077.010009765625,664600000
1998-06-17,1107.1099853515625,1112.8699951171875,1087.5799560546875,1087.5899658203125,744400000
1998-06-18,1106.3699951171875,1109.3599853515625,1103.7099609375,1107.1099853515625,590440000
1998-06-19,1100.6500244140625,1111.25,1097.0999755859375,1106.3699951171875,715500000
1998-06-22,1103.2099609375,1109.010009765625,1099.4200439453125,1100.6500244140625,531550000
1998-06-23,1119.489990234375,1119.489990234375,1103.2099609375,1103.2099609375,657100000
1998-06-24,1132.8800048828125,1134.4000244140625,1115.0999755859375,1119.489990234375,714900000
1998-06-25,1129.280029296875,1142.0400390625,1127.5999755859375,1132.8800048828125,669900000
1998-06-26,1133.199951171875,1136.8299560546875,1129.280029296875,1129.280029296875,520050000
1998-06-29,1138.489990234375,1145.1500244140625,1133.199951171875,1133.199951171875,564350000
1998-06-30,1133.8399658203125,1140.800048828125,1131.97998046875,1138.489990234375,757200000
1998-07-01,1148.56005859375,1148.56005859375,1133.8399658203125,1133.8399658203125,701600000
1998-07-02,1146.4200439453125,1148.56005859375,1142.989990234375,1148.56005859375,510210000
1998-07-06,1157.3299560546875,1157.3299560546875,1145.030029296875,1146.4200439453125,514750000
1998-07-07,1154.6600341796875,1159.81005859375,1152.8499755859375,1157.3299560546875,624890000
1998-07-08,1166.3800048828125,1166.8900146484375,1154.6600341796875,1154.6600341796875,607230000
1998-07-09,1158.56005859375,1166.3800048828125,1156.030029296875,1166.3800048828125,663600000
1998-07-10,1164.3299560546875,1166.9300537109375,1150.8800048828125,1158.5699462890625,576080000
1998-07-13,1165.18994140625,1166.97998046875,1160.2099609375,1164.3299560546875,574880000
1998-07-14,1177.5799560546875,1179.760009765625,1165.18994140625,1165.18994140625,700300000
1998-07-15,1174.81005859375,1181.47998046875,1174.72998046875,1177.5799560546875,723900000
1998-07-16,1183.989990234375,1184.02001953125,1170.4000244140625,1174.81005859375,677800000
1998-07-17,1186.75,1188.0999755859375,1182.4200439453125,1183.989990234375,618030000
1998-07-20,1184.0999755859375,1190.5799560546875,1179.18994140625,1186.75,560580000
1998-07-21,1165.0699462890625,1187.3699951171875,1163.050048828125,1184.0999755859375,659700000
1998-07-22,1164.0799560546875,1167.6700439453125,1155.199951171875,1165.0699462890625,739800000
1998-07-23,1139.75,1164.3499755859375,1139.75,1164.0799560546875,741600000
1998-07-24,1140.800048828125,1150.1400146484375,1129.1099853515625,1139.75,698600000
1998-07-27,1147.27001953125,1147.27001953125,1128.18994140625,1140.800048828125,619990000
1998-07-28,1130.239990234375,1147.27001953125,1119.43994140625,1147.27001953125,703600000
1998-07-29,1125.2099609375,1138.56005859375,1121.97998046875,1130.239990234375,644350000
1998-07-30,1142.949951171875,1143.0699462890625,1125.2099609375,1125.2099609375,687400000
1998-07-31,1120.6700439453125,1142.969970703125,1114.300048828125,1142.949951171875,645910000
1998-08-03,1112.43994140625,1121.7900390625,1110.3900146484375,1120.6700439453125,620400000
1998-08-04,1072.1199951171875,1119.72998046875,1071.8199462890625,1112.43994140625,852600000
1998-08-05,1081.4300537109375,1084.800048828125,1057.3499755859375,1072.1199951171875,851600000
1998-08-06,1089.6300048828125,1090.949951171875,1074.93994140625,1081.4300537109375,768400000
1998-08-07,1089.449951171875,1102.5400390625,1084.719970703125,1089.6300048828125,759100000
1998-08-10,1083.1400146484375,1092.8199462890625,1081.760009765625,1089.449951171875,579180000
1998-08-11,1068.97998046875,1083.1400146484375,1054.0,1083.1400146484375,774400000
1998-08-12,1084.219970703125,1084.699951171875,1068.97998046875,1068.97998046875,711700000
1998-08-13,1074.9100341796875,1091.5,1074.9100341796875,1084.219970703125,660700000
1998-08-14,1062.75,1083.9200439453125,1057.219970703125,1074.9100341796875,644030000
1998-08-17,1083.6700439453125,1083.6700439453125,1055.0799560546875,1062.75,584380000
1998-08-18,1101.199951171875,1101.719970703125,1083.6700439453125,1083.6700439453125,690600000
1998-08-19,1098.06005859375,1106.3199462890625,1094.9300537109375,1101.199951171875,633630000
1998-08-20,1091.5999755859375,1098.7900390625,1089.550048828125,1098.06005859375,621630000
1998-08-21,1081.239990234375,1091.5999755859375,1054.9200439453125,1091.5999755859375,725700000
1998-08-24,1088.1400146484375,1093.8199462890625,1081.239990234375,1081.239990234375,558100000
1998-08-25,1092.8499755859375,1106.6400146484375,1085.530029296875,1088.1400146484375,664900000
1998-08-26,1084.18994140625,1092.8499755859375,1075.9100341796875,1092.8499755859375,674100000
1998-08-27,1042.5899658203125,1084.18994140625,1037.6099853515625,1084.18994140625,938600000
1998-08-28,1027.1400146484375,1051.800048828125,1021.0399780273438,1042.5899658203125,840300000
1998-08-31,957.280029296875,1033.469970703125,957.280029296875,1027.1400146484375,917500000
1998-09-01,994.260009765625,1000.7100219726562,939.97998046875,957.280029296875,1216600000
1998-09-02,990.47998046875,1013.1900024414062,988.4000244140625,994.260009765625,894600000
1998-09-03,982.260009765625,990.469970703125,969.3200073242188,990.469970703125,880500000
1998-09-04,973.8900146484375,991.4099731445312,956.510009765625,982.260009765625,780300000
1998-09-08,1023.4600219726562,1023.4600219726562,973.8900146484375,973.8900146484375,814800000
1998-09-09,1006.2000122070312,1027.719970703125,1004.5599975585938,1023.4600219726562,704300000
1998-09-10,980.1900024414062,1006.2000122070312,968.6400146484375,1006.2000122070312,880300000
1998-09-11,1009.0599975585938,1009.0599975585938,969.7100219726562,980.1900024414062,819100000
1998-09-14,1029.719970703125,1038.3800048828125,1009.0599975585938,1009.0599975585938,714400000
1998-09-15,1037.6800537109375,1037.9000244140625,1021.4199829101562,1029.719970703125,724600000
1998-09-16,1045.47998046875,1046.0699462890625,1029.31005859375,1037.6800537109375,797500000
1998-09-17,1018.8699951171875,1045.47998046875,1016.0499877929688,1045.47998046875,694500000
1998-09-18,1020.0900268554688,1022.010009765625,1011.8599853515625,1018.8699951171875,794700000
1998-09-21,1023.8900146484375,1026.02001953125,993.8200073242188,1020.0900268554688,609880000
1998-09-22,1029.6300048828125,1033.8900146484375,1021.9600219726562,1023.8900146484375,694900000
1998-09-23,1066.0899658203125,1066.0899658203125,1029.6300048828125,1029.6300048828125,899700000
1998-09-24,1042.719970703125,1066.1099853515625,1033.0400390625,1066.0899658203125,805900000
1998-09-25,1044.75,1051.8900146484375,1028.489990234375,1042.719970703125,736800000
1998-09-28,1048.68994140625,1061.4599609375,1042.22998046875,1044.75,690500000
1998-09-29,1049.02001953125,1056.31005859375,1039.8800048828125,1048.68994140625,760100000
1998-09-30,1017.010009765625,1049.02001953125,1015.72998046875,1049.02001953125,800100000
1998-10-01,986.3900146484375,1017.010009765625,981.2899780273438,1017.010009765625,899700000
1998-10-02,1002.5999755859375,1005.4500122070312,971.6900024414062,986.3900146484375,902900000
1998-10-05,988.5599975585938,1002.5999755859375,964.719970703125,1002.5999755859375,817500000
1998-10-06,984.5900268554688,1008.77001953125,974.8099975585938,988.5599975585938,845700000
1998-10-07,970.6799926757812,995.6599731445312,957.1500244140625,984.5900268554688,977000000
1998-10-08,959.4400024414062,970.6799926757812,923.3200073242188,970.6799926757812,1114600000
1998-10-09,984.3900146484375,984.4199829101562,953.0399780273438,959.4400024414062,878100000
1998-10-12,997.7100219726562,1010.7100219726562,984.3900146484375,984.3900146484375,691100000
1998-10-13,994.7999877929688,1000.780029296875,987.5499877929688,997.7100219726562,733300000
1998-10-14,1005.530029296875,1014.4199829101562,987.7999877929688,994.7999877929688,791200000
1998-10-15,1047.489990234375,1053.0899658203125,1000.1199951171875,1005.530029296875,937600000
1998-10-16,1056.4200439453125,1062.6500244140625,1047.489990234375,1047.489990234375,1042200000
1998-10-19,1062.3900146484375,1065.2099609375,1054.22998046875,1056.4200439453125,738600000
1998-10-20,1063.9300537109375,1084.06005859375,1060.6099853515625,1062.3900146484375,958200000
1998-10-21,1069.9200439453125,1073.6099853515625,1058.0799560546875,1063.9300537109375,745100000
1998-10-22,1078.47998046875,1080.4300537109375,1061.469970703125,1069.9200439453125,754900000
1998-10-23,1070.6700439453125,1078.47998046875,1067.4300537109375,1078.47998046875,637640000
1998-10-26,1072.3199462890625,1081.22998046875,1068.1700439453125,1070.6700439453125,609910000
1998-10-27,1065.3399658203125,1087.0799560546875,1063.06005859375,1072.3199462890625,764500000
1998-10-28,1068.0899658203125,1072.7900390625,1059.6500244140625,1065.3399658203125,677500000
1998-10-29,1085.9300537109375,1086.1099853515625,1065.949951171875,1068.0899658203125,699400000
1998-10-30,1098.6700439453125,1103.780029296875,1085.9300537109375,1085.9300537109375,785000000
1998-11-02,1111.5999755859375,1114.43994140625,1098.6700439453125,1098.6700439453125,753800000
1998-11-03,1110.8399658203125,1115.02001953125,1106.4200439453125,1111.5999755859375,704300000
1998-11-04,1118.6700439453125,1127.1800537109375,1110.5899658203125,1110.8399658203125,861100000
1998-11-05,1133.8499755859375,1133.8800048828125,1109.550048828125,1118.6700439453125,770200000
1998-11-06,1141.010009765625,1141.300048828125,1131.1800537109375,1133.8499755859375,683100000
1998-11-09,1130.199951171875,1141.010009765625,1123.1700439453125,1141.010009765625,592990000
1998-11-10,1128.260009765625,1135.3699951171875,1122.800048828125,1130.199951171875,671300000
1998-11-11,1120.969970703125,1136.25,1117.4000244140625,1128.260009765625,715700000
1998-11-12,1117.68994140625,1126.5699462890625,1115.550048828125,1120.969970703125,662300000
1998-11-13,1125.719970703125,1126.3399658203125,1116.760009765625,1117.68994140625,602270000
1998-11-16,1135.8699951171875,1138.719970703125,1125.719970703125,1125.719970703125,615580000
1998-11-17,1139.3199462890625,1151.7099609375,1129.6700439453125,1135.8699951171875,705200000
1998-11-18,1144.47998046875,1144.52001953125,1133.0699462890625,1139.3199462890625,652510000
1998-11-19,1152.6099853515625,1155.0999755859375,1144.4200439453125,1144.47998046875,671000000
1998-11-20,1163.550048828125,1163.550048828125,1152.6099853515625,1152.6099853515625,721200000
1998-11-23,1188.2099609375,1188.2099609375,1163.550048828125,1163.550048828125,774100000
1998-11-24,1182.989990234375,1191.300048828125,1181.81005859375,1188.2099609375,766200000
1998-11-25,1186.8699951171875,1187.1600341796875,1179.3699951171875,1182.989990234375,583580000
1998-11-27,1192.3299560546875,1192.969970703125,1186.8299560546875,1186.8699951171875,256950000
1998-11-30,1163.6300048828125,1192.719970703125,1163.6300048828125,1192.3299560546875,687900000
1998-12-01,1175.280029296875,1175.8900146484375,1150.31005859375,1163.6300048828125,789200000
1998-12-02,1171.25,1175.280029296875,1157.760009765625,1175.280029296875,727400000
1998-12-03,1150.1400146484375,1176.989990234375,1149.6099853515625,1171.25,799100000
1998-12-04,1176.739990234375,1176.739990234375,1150.1400146484375,1150.1400146484375,709700000
1998-12-07,1187.699951171875,1188.9599609375,1176.7099609375,1176.739990234375,671200000
1998-12-08,1181.3800048828125,1193.530029296875,1172.780029296875,1187.699951171875,727700000
1998-12-09,1183.489990234375,1185.219970703125,1175.8900146484375,1181.3800048828125,694200000
1998-12-10,1165.02001953125,1183.77001953125,1163.75,1183.489990234375,748600000
1998-12-11,1166.4599609375,1167.8900146484375,1153.18994140625,1165.02001953125,688900000
1998-12-14,1141.199951171875,1166.4599609375,1136.8900146484375,1166.4599609375,741800000
1998-12-15,1162.8299560546875,1162.8299560546875,1141.199951171875,1141.199951171875,777900000
1998-12-16,1161.93994140625,1166.2900390625,1154.68994140625,1162.8299560546875,725500000
1998-12-17,1179.97998046875,1180.030029296875,1161.93994140625,1161.93994140625,739400000
1998-12-18,1188.030029296875,1188.8900146484375,1178.27001953125,1179.97998046875,839600000
1998-12-21,1202.8399658203125,1210.8800048828125,1188.030029296875,1188.030029296875,744800000
1998-12-22,1203.5699462890625,1209.219970703125,1192.719970703125,1202.8399658203125,680500000
1998-12-23,1228.5400390625,1229.8900146484375,1203.5699462890625,1203.5699462890625,697500000
1998-12-24,1226.27001953125,1229.719970703125,1224.8499755859375,1228.5400390625,246980000
1998-12-28,1225.489990234375,1231.52001953125,1221.1700439453125,1226.27001953125,531560000
1998-12-29,1241.81005859375,1241.8599853515625,1220.780029296875,1225.489990234375,586490000
1998-12-30,1231.9300537109375,1244.9300537109375,1231.199951171875,1241.81005859375,594220000
1998-12-31,1229.22998046875,1237.1800537109375,1224.9599609375,1231.9300537109375,719200000
1999-01-04,1228.0999755859375,1248.81005859375,1219.0999755859375,1229.22998046875,877000000
1999-01-05,1244.780029296875,1246.1099853515625,1228.0999755859375,1228.0999755859375,775000000
1999-01-06,1272.3399658203125,1272.5,1244.780029296875,1244.780029296875,986900000
1999-01-07,1269.72998046875,1272.3399658203125,1257.6800537109375,1272.3399658203125,863000000
1999-01-08,1275.0899658203125,1278.239990234375,1261.8199462890625,1269.72998046875,937800000
1999-01-11,1263.8800048828125,1276.219970703125,1253.3399658203125,1275.0899658203125,818000000
1999-01-12,1239.510009765625,1264.449951171875,1238.2900390625,1263.8800048828125,800200000
1999-01-13,1234.4000244140625,1247.75,1205.4599609375,1239.510009765625,931500000
1999-01-14,1212.18994140625,1236.81005859375,1209.5400390625,1234.4000244140625,797200000
1999-01-15,1243.260009765625,1243.260009765625,1212.18994140625,1212.18994140625,798100000
1999-01-19,1252.0,1253.27001953125,1234.9100341796875,1243.260009765625,785500000
1999-01-20,1256.6199951171875,1274.0699462890625,1251.5400390625,1252.0,905700000
1999-01-21,1235.1600341796875,1256.93994140625,1232.18994140625,1256.6199951171875,871800000
1999-01-22,1225.18994140625,1236.4100341796875,1217.969970703125,1235.1600341796875,785900000
1999-01-25,1233.97998046875,1233.97998046875,1219.4599609375,1225.18994140625,723900000
1999-01-26,1252.31005859375,1253.25,1233.97998046875,1233.97998046875,896400000
1999-01-27,1243.1700439453125,1262.6099853515625,1242.8199462890625,1252.31005859375,893800000
1999-01-28,1265.3699951171875,1266.4000244140625,1243.1700439453125,1243.1700439453125,848800000
1999-01-29,1279.6400146484375,1280.3699951171875,1255.1800537109375,1265.3699951171875,917000000
1999-02-01,1273.0,1283.75,1271.31005859375,1279.6400146484375,799400000
1999-02-02,1261.989990234375,1273.489990234375,1247.56005859375,1273.0,845500000
1999-02-03,1272.0699462890625,1276.0400390625,1255.27001953125,1261.989990234375,876500000
1999-02-04,1248.489990234375,1272.22998046875,1248.3599853515625,1272.0699462890625,854400000
1999-02-05,1239.4000244140625,1251.8599853515625,1232.280029296875,1248.489990234375,872000000
1999-02-08,1243.77001953125,1246.9300537109375,1231.97998046875,1239.4000244140625,705400000
1999-02-09,1216.1400146484375,1243.969970703125,1215.6300048828125,1243.77001953125,736000000
1999-02-10,1223.550048828125,1226.780029296875,1211.8900146484375,1216.1400146484375,721400000
1999-02-11,1254.0400390625,1254.050048828125,1223.18994140625,1223.550048828125,815800000
1999-02-12,1230.1300048828125,1254.0400390625,1225.530029296875,1254.0400390625,691500000
1999-02-16,1241.8699951171875,1252.1700439453125,1230.1300048828125,1230.1300048828125,653760000
1999-02-17,1224.030029296875,1249.31005859375,1220.9200439453125,1241.8699951171875,735100000
1999-02-18,1237.280029296875,1239.1300048828125,1220.699951171875,1224.030029296875,742400000
1999-02-19,1239.219970703125,1247.9100341796875,1232.030029296875,1237.280029296875,700000000
1999-02-22,1272.1400146484375,1272.219970703125,1239.219970703125,1239.219970703125,718500000
1999-02-23,1271.1800537109375,1280.3800048828125,1263.3599853515625,1272.1400146484375,781100000
1999-02-24,1253.4100341796875,1283.8399658203125,1251.93994140625,1271.1800537109375,782000000
1999-02-25,1245.02001953125,1253.4100341796875,1225.010009765625,1253.4100341796875,740500000
1999-02-26,1238.3299560546875,1246.72998046875,1226.239990234375,1245.02001953125,784600000
1999-03-01,1236.1600341796875,1238.699951171875,1221.8800048828125,1238.3299560546875,699500000
1999-03-02,1225.5,1248.31005859375,1221.8699951171875,1236.1600341796875,753600000
1999-03-03,1227.699951171875,1231.6300048828125,1216.030029296875,1225.5,751700000
1999-03-04,1246.6400146484375,1247.739990234375,1227.699951171875,1227.699951171875,770900000
1999-03-05,1275.469970703125,1275.72998046875,1246.6400146484375,1246.6400146484375,834900000
1999-03-08,1282.72998046875,1282.739990234375,1271.5799560546875,1275.469970703125,714600000
1999-03-09,1279.8399658203125,1293.739990234375,1275.1099853515625,1282.72998046875,803700000
1999-03-10,1286.8399658203125,1287.02001953125,1275.1600341796875,1279.8399658203125,841900000
1999-03-11,1297.6800537109375,1306.4300537109375,1286.8399658203125,1286.8399658203125,904800000
1999-03-12,1294.5899658203125,1304.4200439453125,1289.1700439453125,1297.6800537109375,825800000
1999-03-15,1307.260009765625,1307.469970703125,1291.030029296875,1294.5899658203125,727200000
1999-03-16,1306.3800048828125,1311.1099853515625,1302.2900390625,1307.260009765625,751900000
1999-03-17,1297.8199462890625,1306.550048828125,1292.6300048828125,1306.3800048828125,752300000
1999-03-18,1316.550048828125,1317.6199951171875,1294.75,1297.8199462890625,831000000
1999-03-19,1299.2900390625,1323.8199462890625,1298.9200439453125,1316.550048828125,914700000
1999-03-22,1297.010009765625,1303.8399658203125,1294.260009765625,1299.2900390625,658200000
1999-03-23,1262.1400146484375,1297.010009765625,1257.4599609375,1297.010009765625,811300000
1999-03-24,1268.5899658203125,1269.02001953125,1256.4300537109375,1262.1400146484375,761900000
1999-03-25,1289.989990234375,1289.989990234375,1268.5899658203125,1268.5899658203125,784200000
1999-03-26,1282.800048828125,1289.989990234375,1277.25,1289.989990234375,707200000
1999-03-29,1310.1700439453125,1311.760009765625,1282.800048828125,1282.800048828125,747900000
1999-03-30,1300.75,1310.1700439453125,1295.469970703125,1310.1700439453125,729000000
1999-03-31,1286.3699951171875,1313.5999755859375,1285.8699951171875,1300.75,924300000
1999-04-01,1293.719970703125,1294.5400390625,1282.56005859375,1286.3699951171875,703000000
1999-04-05,1321.1199951171875,1321.1199951171875,1293.719970703125,1293.719970703125,695800000
1999-04-06,1317.8900146484375,1326.760009765625,1311.0699462890625,1321.1199951171875,787500000
1999-04-07,1326.8900146484375,1329.5799560546875,1312.5899658203125,1317.8900146484375,816400000
1999-04-08,1343.97998046875,1344.0799560546875,1321.5999755859375,1326.8900146484375,850500000
1999-04-09,1348.3499755859375,1351.219970703125,1335.239990234375,1343.97998046875,716100000
1999-04-12,1358.6300048828125,1358.68994140625,1333.47998046875,1348.3499755859375,810800000
1999-04-13,1349.8199462890625,1362.3800048828125,1344.030029296875,1358.6400146484375,810900000
1999-04-14,1328.43994140625,1357.239990234375,1326.4100341796875,1349.8199462890625,952000000
1999-04-15,1322.8499755859375,1332.4100341796875,1308.3800048828125,1328.43994140625,1089800000
1999-04-16,1319.0,1325.030029296875,1311.4000244140625,1322.8599853515625,1002300000
1999-04-19,1289.47998046875,1340.0999755859375,1284.47998046875,1319.0,1214400000
1999-04-20,1306.1700439453125,1306.300048828125,1284.2099609375,1289.47998046875,985400000
1999-04-21,1336.1199951171875,1336.1199951171875,1301.8399658203125,1306.1700439453125,920000000
1999-04-22,1358.8199462890625,1358.8399658203125,1336.1199951171875,1336.1199951171875,927900000
1999-04-23,1356.8499755859375,1363.6500244140625,1348.449951171875,1358.8299560546875,744900000
1999-04-26,1360.0400390625,1363.56005859375,1353.719970703125,1356.8499755859375,712000000
1999-04-27,1362.800048828125,1371.56005859375,1356.550048828125,1360.0400390625,891700000
1999-04-28,1350.9100341796875,1368.6199951171875,1348.2900390625,1362.800048828125,951700000
1999-04-29,1342.8299560546875,1356.75,1336.81005859375,1350.9100341796875,1003600000
1999-04-30,1335.1800537109375,1351.8299560546875,1314.5799560546875,1342.8299560546875,936500000
1999-05-03,1354.6300048828125,1354.6300048828125,1329.010009765625,1335.1800537109375,811400000
1999-05-04,1332.0,1354.6400146484375,1330.6400146484375,1354.6300048828125,933100000
1999-05-05,1347.31005859375,1347.3199462890625,1317.43994140625,1332.0,913500000
1999-05-06,1332.050048828125,1348.3599853515625,1322.56005859375,1347.31005859375,875400000
1999-05-07,1345.0,1345.989990234375,1332.050048828125,1332.050048828125,814900000
1999-05-10,1340.300048828125,1352.010009765625,1334.0,1345.0,773300000
1999-05-11,1355.6099853515625,1360.0,1340.300048828125,1340.300048828125,836100000
1999-05-12,1364.0,1367.3599853515625,1333.0999755859375,1355.6099853515625,825500000
1999-05-13,1367.56005859375,1375.97998046875,1364.0,1364.0,796900000
1999-05-14,1337.800048828125,1367.56005859375,1332.6300048828125,1367.56005859375,727800000
1999-05-17,1339.489990234375,1339.949951171875,1321.18994140625,1337.800048828125,665500000
1999-05-18,1333.3199462890625,1345.43994140625,1323.4599609375,1339.489990234375,753400000
1999-05-19,1344.22998046875,1344.22998046875,1327.050048828125,1333.3199462890625,801100000
1999-05-20,1338.8299560546875,1350.489990234375,1338.8299560546875,1344.22998046875,752200000
1999-05-21,1330.2900390625,1340.8800048828125,1326.18994140625,1338.8299560546875,686600000
1999-05-24,1306.6500244140625,1333.02001953125,1303.530029296875,1330.2900390625,754700000
1999-05-25,1284.4000244140625,1317.52001953125,1284.3800048828125,1306.6500244140625,826700000
1999-05-26,1304.760009765625,1304.8499755859375,1278.4300537109375,1284.4000244140625,870800000
1999-05-27,1281.4100341796875,1304.760009765625,1277.31005859375,1304.760009765625,811400000
1999-05-28,1301.8399658203125,1304.0,1281.4100341796875,1281.4100341796875,649960000
1999-06-01,1294.260009765625,1301.8399658203125,1281.43994140625,1301.8399658203125,683800000
1999-06-02,1294.81005859375,1297.0999755859375,1277.469970703125,1294.260009765625,728000000
1999-06-03,1299.5400390625,1304.1500244140625,1294.199951171875,1294.81005859375,719600000
1999-06-04,1327.75,1327.75,1299.5400390625,1299.5400390625,694500000
1999-06-07,1334.52001953125,1336.4200439453125,1325.8900146484375,1327.75,664300000
1999-06-08,1317.3299560546875,1334.52001953125,1312.8299560546875,1334.52001953125,685900000
1999-06-09,1318.6400146484375,1326.010009765625,1314.72998046875,1317.3299560546875,662000000
1999-06-10,1302.8199462890625,1318.6400146484375,1293.280029296875,1318.6400146484375,716500000
1999-06-11,1293.6400146484375,1311.969970703125,1287.8800048828125,1302.8199462890625,698200000
1999-06-14,1294.0,1301.989990234375,1292.199951171875,1293.6400146484375,669400000
1999-06-15,1301.1600341796875,1310.760009765625,1294.0,1294.0,696600000
1999-06-16,1330.4100341796875,1332.8299560546875,1301.1600341796875,1301.1600341796875,806800000
1999-06-17,1339.9000244140625,1343.5400390625,1322.75,1330.4100341796875,700300000
1999-06-18,1342.8399658203125,1344.47998046875,1333.52001953125,1339.9000244140625,914500000
1999-06-21,1349.0,1349.06005859375,1337.6300048828125,1342.8399658203125,686600000
1999-06-22,1335.8800048828125,1351.1199951171875,1335.52001953125,1349.0,716500000
1999-06-23,1333.06005859375,1335.8800048828125,1322.550048828125,1335.8699951171875,731800000
1999-06-24,1315.780029296875,1333.06005859375,1308.469970703125,1333.06005859375,690400000
1999-06-25,1315.31005859375,1329.1300048828125,1312.6400146484375,1315.780029296875,623460000
1999-06-28,1331.3499755859375,1333.6800537109375,1315.31005859375,1315.31005859375,652910000
1999-06-29,1351.449951171875,1351.510009765625,1328.4000244140625,1331.3499755859375,820100000
1999-06-30,1372.7099609375,1372.9300537109375,1338.780029296875,1351.449951171875,1117000000
1999-07-01,1380.9599609375,1382.800048828125,1360.800048828125,1372.7099609375,843400000
1999-07-02,1391.219970703125,1391.219970703125,1379.5699462890625,1380.9599609375,613570000
1999-07-06,1388.1199951171875,1405.2900390625,1387.0799560546875,1391.219970703125,722900000
1999-07-07,1395.8599853515625,1395.8800048828125,1384.949951171875,1388.1199951171875,791200000
1999-07-08,1394.4200439453125,1403.25,1386.68994140625,1395.8599853515625,830600000
1999-07-09,1403.280029296875,1403.280029296875,1394.4200439453125,1394.4200439453125,701000000
1999-07-12,1399.0999755859375,1406.8199462890625,1394.699951171875,1403.280029296875,685300000
1999-07-13,1393.56005859375,1399.0999755859375,1386.8399658203125,1399.0999755859375,736000000
1999-07-14,1398.1700439453125,1400.050048828125,1386.510009765625,1393.56005859375,756100000
1999-07-15,1409.6199951171875,1409.8399658203125,1398.1700439453125,1398.1700439453125,818800000
1999-07-16,1418.780029296875,1418.780029296875,1407.0699462890625,1409.6199951171875,714100000
1999-07-19,1407.6500244140625,1420.3299560546875,1404.56005859375,1418.780029296875,642330000
1999-07-20,1377.0999755859375,1407.6500244140625,1375.1500244140625,1407.6500244140625,754800000
1999-07-21,1379.2900390625,1386.6600341796875,1372.6300048828125,1377.0999755859375,785500000
1999-07-22,1360.969970703125,1379.2900390625,1353.97998046875,1379.2900390625,771700000
1999-07-23,1356.93994140625,1367.4100341796875,1349.9100341796875,1360.969970703125,630580000
1999-07-26,1347.760009765625,1358.6099853515625,1346.199951171875,1356.93994140625,613450000
1999-07-27,1362.8399658203125,1368.699951171875,1347.75,1347.75,723800000
1999-07-28,1365.4000244140625,1370.530029296875,1355.5400390625,1362.8399658203125,690900000
1999-07-29,1341.030029296875,1365.4000244140625,1332.8199462890625,1365.4000244140625,770100000
1999-07-30,1328.719970703125,1350.9200439453125,1328.489990234375,1341.030029296875,736800000
1999-08-02,1328.050048828125,1344.68994140625,1325.2099609375,1328.719970703125,649550000
1999-08-03,1322.1800537109375,1336.1300048828125,1314.9100341796875,1328.050048828125,739600000
1999-08-04,1305.3299560546875,1330.1600341796875,1304.5,1322.1800537109375,789300000
1999-08-05,1313.7099609375,1313.7099609375,1287.22998046875,1305.3299560546875,859300000
1999-08-06,1300.2900390625,1316.739990234375,1293.18994140625,1313.7099609375,698900000
1999-08-09,1297.800048828125,1306.6800537109375,1295.989990234375,1300.2900390625,684300000
1999-08-10,1281.4300537109375,1298.6199951171875,1267.72998046875,1297.800048828125,836200000
1999-08-11,1301.9300537109375,1301.9300537109375,1281.4300537109375,1281.4300537109375,792300000
1999-08-12,1298.1600341796875,1313.6099853515625,1298.06005859375,1301.9300537109375,745600000
1999-08-13,1327.6800537109375,1327.719970703125,1298.1600341796875,1298.1600341796875,691700000
1999-08-16,1330.77001953125,1331.050048828125,1320.510009765625,1327.6800537109375,583550000
1999-08-17,1344.1600341796875,1344.1600341796875,1328.760009765625,1330.77001953125,691500000
1999-08-18,1332.8399658203125,1344.1600341796875,1332.1300048828125,1344.1600341796875,682800000
1999-08-19,1323.5899658203125,1332.8399658203125,1315.3499755859375,1332.8399658203125,684200000
1999-08-20,1336.6099853515625,1336.6099853515625,1323.5899658203125,1323.5899658203125,661200000
1999-08-23,1360.219970703125,1360.239990234375,1336.6099853515625,1336.6099853515625,682600000
1999-08-24,1363.5,1373.3199462890625,1353.6300048828125,1360.219970703125,732700000
1999-08-25,1381.7900390625,1382.8399658203125,1359.199951171875,1363.5,864600000
1999-08-26,1362.010009765625,1381.7900390625,1361.530029296875,1381.7900390625,719000000
1999-08-27,1348.27001953125,1365.6300048828125,1347.3499755859375,1362.010009765625,570050000
1999-08-30,1324.02001953125,1350.699951171875,1322.800048828125,1348.27001953125,597900000
1999-08-31,1320.4100341796875,1333.27001953125,1306.9599609375,1324.02001953125,861700000
1999-09-01,1331.0699462890625,1331.1800537109375,1320.3900146484375,1320.4100341796875,708200000
1999-09-02,1319.1099853515625,1331.0699462890625,1304.8800048828125,1331.0699462890625,687100000
1999-09-03,1357.239990234375,1357.739990234375,1319.1099853515625,1319.1099853515625,663200000
1999-09-07,1350.449951171875,1361.3900146484375,1349.5899658203125,1357.239990234375,715300000
1999-09-08,1344.1500244140625,1355.1800537109375,1337.3599853515625,1350.449951171875,791200000
1999-09-09,1347.6600341796875,1347.6600341796875,1333.9100341796875,1344.1500244140625,773900000
1999-09-10,1351.6600341796875,1357.6199951171875,1346.199951171875,1347.6600341796875,808500000
1999-09-13,1344.1300048828125,1351.6600341796875,1341.699951171875,1351.6600341796875,657900000
1999-09-14,1336.2900390625,1344.1800537109375,1330.6099853515625,1344.1300048828125,734500000
1999-09-15,1317.969970703125,1347.2099609375,1317.969970703125,1336.2900390625,787300000
1999-09-16,1318.47998046875,1322.510009765625,1299.969970703125,1317.969970703125,739000000
1999-09-17,1335.4200439453125,1337.5899658203125,1318.47998046875,1318.47998046875,861900000
1999-09-20,1335.530029296875,1338.3800048828125,1330.6099853515625,1335.4200439453125,568000000
1999-09-21,1307.5799560546875,1335.530029296875,1301.969970703125,1335.52001953125,817300000
1999-09-22,1310.510009765625,1316.1800537109375,1297.81005859375,1307.5799560546875,822200000
1999-09-23,1280.4100341796875,1315.25,1277.300048828125,1310.510009765625,890800000
1999-09-24,1277.3599853515625,1281.1700439453125,1263.8399658203125,1280.4100341796875,872800000
1999-09-27,1283.31005859375,1295.030029296875,1277.3599853515625,1277.3599853515625,780600000
1999-09-28,1282.199951171875,1285.550048828125,1256.260009765625,1283.31005859375,885400000
1999-09-29,1268.3699951171875,1288.8299560546875,1268.1600341796875,1282.199951171875,856000000
1999-09-30,1282.7099609375,1291.31005859375,1268.3699951171875,1268.3699951171875,1017600000
1999-10-01,1282.81005859375,1283.1700439453125,1265.780029296875,1282.7099609375,896200000
1999-10-04,1304.5999755859375,1304.5999755859375,1282.81005859375,1282.81005859375,803300000
1999-10-05,1301.3499755859375,1316.4100341796875,1286.43994140625,1304.5999755859375,965700000
1999-10-06,1325.4000244140625,1325.4599609375,1301.3499755859375,1301.3499755859375,895200000
1999-10-07,1317.6400146484375,1328.050048828125,1314.1300048828125,1325.4000244140625,827800000
1999-10-08,1336.02001953125,1336.6099853515625,1311.8800048828125,1317.6400146484375,897300000
1999-10-11,1335.2099609375,1339.22998046875,1332.9599609375,1336.02001953125,655900000
1999-10-12,1313.0400390625,1335.2099609375,1311.800048828125,1335.2099609375,778300000
1999-10-13,1285.550048828125,1313.0400390625,1282.800048828125,1313.0400390625,821500000
1999-10-14,1283.4200439453125,1289.6300048828125,1267.6199951171875,1285.550048828125,892300000
1999-10-15,1247.4100341796875,1283.4200439453125,1245.3900146484375,1283.4200439453125,912600000
1999-10-18,1254.1300048828125,1254.1300048828125,1233.699951171875,1247.4100341796875,818700000
1999-10-19,1261.3199462890625,1279.3199462890625,1254.1300048828125,1254.1300048828125,905700000
1999-10-20,1289.4300537109375,1289.43994140625,1261.3199462890625,1261.3199462890625,928800000
1999-10-21,1283.6099853515625,1289.4300537109375,1265.6099853515625,1289.4300537109375,1012500000
1999-10-22,1301.6500244140625,1308.81005859375,1283.6099853515625,1283.6099853515625,959200000
1999-10-25,1293.6300048828125,1301.6800537109375,1286.0699462890625,1301.6500244140625,777000000
1999-10-26,1281.9100341796875,1303.4599609375,1281.8599853515625,1293.6300048828125,878300000
1999-10-27,1296.7099609375,1299.3900146484375,1280.47998046875,1281.9100341796875,950100000
1999-10-28,1342.43994140625,1342.469970703125,1296.7099609375,1296.7099609375,1135100000
1999-10-29,1362.9300537109375,1373.1700439453125,1342.43994140625,1342.43994140625,1120500000
1999-11-01,1354.1199951171875,1367.300048828125,1354.050048828125,1362.9300537109375,861000000
1999-11-02,1347.739990234375,1369.3199462890625,1346.4100341796875,1354.1199951171875,904500000
1999-11-03,1354.9300537109375,1360.3299560546875,1347.739990234375,1347.739990234375,914400000
1999-11-04,1362.6400146484375,1369.4100341796875,1354.9300537109375,1354.9300537109375,981700000
1999-11-05,1370.22998046875,1387.47998046875,1362.6400146484375,1362.6400146484375,1007300000
1999-11-08,1377.010009765625,1380.780029296875,1365.8699951171875,1370.22998046875,806800000
1999-11-09,1365.280029296875,1383.81005859375,1361.449951171875,1377.010009765625,854300000
1999-11-10,1373.4599609375,1379.1800537109375,1359.97998046875,1365.280029296875,984700000
1999-11-11,1381.4599609375,1382.1199951171875,1372.18994140625,1373.4599609375,891300000
1999-11-12,1396.06005859375,1396.1199951171875,1368.5400390625,1381.4599609375,900200000
1999-11-15,1394.3900146484375,1398.5799560546875,1392.280029296875,1396.06005859375,795700000
1999-11-16,1420.0699462890625,1420.3599853515625,1394.3900146484375,1394.3900146484375,942200000
1999-11-17,1410.7099609375,1423.43994140625,1410.68994140625,1420.0699462890625,960000000
1999-11-18,1424.93994140625,1425.31005859375,1410.7099609375,1410.7099609375,1022800000
1999-11-19,1422.0,1424.93994140625,1417.5400390625,1424.93994140625,893800000
1999-11-22,1420.93994140625,1425.0,1412.4000244140625,1422.0,873500000
1999-11-23,1404.6400146484375,1423.9100341796875,1402.199951171875,1420.93994140625,926100000
1999-11-24,1417.0799560546875,1419.7099609375,1399.1700439453125,1404.6400146484375,734800000
1999-11-26,1416.6199951171875,1425.239990234375,1416.1400146484375,1417.0799560546875,312120000
1999-11-29,1407.8299560546875,1416.6199951171875,1404.1500244140625,1416.6199951171875,866100000
1999-11-30,1388.9100341796875,1410.5899658203125,1386.949951171875,1407.8299560546875,951500000
1999-12-01,1397.719970703125,1400.1199951171875,1387.3800048828125,1388.9100341796875,884000000
1999-12-02,1409.0400390625,1409.0400390625,1397.719970703125,1397.719970703125,900700000
1999-12-03,1433.300048828125,1447.4200439453125,1409.0400390625,1409.0400390625,1006400000
1999-12-06,1423.3299560546875,1434.1500244140625,1418.25,1433.300048828125,916800000
1999-12-07,1409.1700439453125,1426.81005859375,1409.1700439453125,1423.3299560546875,1085800000
1999-12-08,1403.8800048828125,1415.6600341796875,1403.8800048828125,1409.1700439453125,957000000
1999-12-09,1408.1099853515625,1418.4300537109375,1391.469970703125,1403.8800048828125,1122100000
1999-12-10,1417.0400390625,1421.5799560546875,1405.6500244140625,1408.1099853515625,987200000
1999-12-13,1415.219970703125,1421.5799560546875,1410.0999755859375,1417.0400390625,977600000
1999-12-14,1403.1700439453125,1418.300048828125,1401.5899658203125,1415.219970703125,1027800000
1999-12-15,1413.3299560546875,1417.4000244140625,1396.199951171875,1403.1700439453125,1033900000
1999-12-16,1418.780029296875,1423.1099853515625,1408.3499755859375,1413.3199462890625,1070300000
1999-12-17,1421.030029296875,1431.77001953125,1418.780029296875,1418.780029296875,1349800000
1999-12-20,1418.0899658203125,1429.1600341796875,1411.0999755859375,1421.030029296875,904600000
1999-12-21,1433.4300537109375,1436.469970703125,1414.800048828125,1418.0899658203125,963500000
1999-12-22,1436.1300048828125,1440.02001953125,1429.1300048828125,1433.4300537109375,850000000
1999-12-23,1458.3399658203125,1461.43994140625,1436.1300048828125,1436.1300048828125,728600000
1999-12-27,1457.0999755859375,1463.18994140625,1450.8299560546875,1458.3399658203125,722600000
1999-12-28,1457.6600341796875,1462.6800537109375,1452.780029296875,1457.0899658203125,655400000
1999-12-29,1463.4599609375,1467.469970703125,1457.6600341796875,1457.6600341796875,567860000
1999-12-30,1464.469970703125,1473.0999755859375,1462.5999755859375,1463.4599609375,554680000
1999-12-31,1469.25,1472.4200439453125,1458.18994140625,1464.469970703125,374050000
2000-01-03,1455.219970703125,1478.0,1438.3599853515625,1469.25,931800000
2000-01-04,1399.4200439453125,1455.219970703125,1397.4300537109375,1455.219970703125,1009000000
2000-01-05,1402.1099853515625,1413.27001953125,1377.6800537109375,1399.4200439453125,1085500000
2000-01-06,1403.449951171875,1411.9000244140625,1392.0999755859375,1402.1099853515625,1092300000
2000-01-07,1441.469970703125,1441.469970703125,1400.72998046875,1403.449951171875,1225200000
2000-01-10,1457.5999755859375,1464.3599853515625,1441.469970703125,1441.469970703125,1064800000
2000-01-11,1438.56005859375,1458.6600341796875,1434.4200439453125,1457.5999755859375,1014000000
2000-01-12,1432.25,1442.5999755859375,1427.0799560546875,1438.56005859375,974600000
2000-01-13,1449.6800537109375,1454.199951171875,1432.25,1432.25,1030400000
2000-01-14,1465.1500244140625,1473.0,1449.6800537109375,1449.6800537109375,1085900000
2000-01-18,1455.1400146484375,1465.1500244140625,1451.300048828125,1465.1500244140625,1056700000
2000-01-19,1455.9000244140625,1461.3900146484375,1448.6800537109375,1455.1400146484375,1087800000
2000-01-20,1445.5699462890625,1465.7099609375,1438.5400390625,1455.9000244140625,1100700000
2000-01-21,1441.3599853515625,1453.1800537109375,1439.5999755859375,1445.5699462890625,1209800000
2000-01-24,1401.530029296875,1454.0899658203125,1395.4200439453125,1441.3599853515625,1115800000
2000-01-25,1410.030029296875,1414.260009765625,1388.489990234375,1401.530029296875,1073700000
2000-01-26,1404.0899658203125,1412.72998046875,1400.1600341796875,1410.030029296875,1117300000
2000-01-27,1398.56005859375,1418.8599853515625,1370.989990234375,1404.0899658203125,1129500000
2000-01-28,1360.1600341796875,1398.56005859375,1356.199951171875,1398.56005859375,1095800000
2000-01-31,1394.4599609375,1394.47998046875,1350.1400146484375,1360.1600341796875,993800000
2000-02-01,1409.280029296875,1412.489990234375,1384.7900390625,1394.4599609375,981000000
2000-02-02,1409.1199951171875,1420.6099853515625,1403.489990234375,1409.280029296875,1038600000
2000-02-03,1424.969970703125,1425.780029296875,1398.52001953125,1409.1199951171875,1146500000
2000-02-04,1424.3699951171875,1435.9100341796875,1420.6300048828125,1424.969970703125,1045100000
2000-02-07,1424.239990234375,1427.1500244140625,1413.3299560546875,1424.3699951171875,918100000
2000-02-08,1441.719970703125,1441.8299560546875,1424.239990234375,1424.239990234375,1047700000
2000-02-09,1411.7099609375,1444.550048828125,1411.6500244140625,1441.719970703125,1050500000
2000-02-10,1416.8299560546875,1422.0999755859375,1406.4300537109375,1411.699951171875,1058800000
2000-02-11,1387.1199951171875,1416.8299560546875,1378.8900146484375,1416.8299560546875,1025700000
2000-02-14,1389.93994140625,1394.9300537109375,1380.530029296875,1387.1199951171875,927300000
2000-02-15,1402.050048828125,1407.719970703125,1376.25,1389.93994140625,1092100000
2000-02-16,1387.6700439453125,1404.550048828125,1385.5799560546875,1402.050048828125,1018800000
2000-02-17,1388.260009765625,1399.8800048828125,1380.0699462890625,1387.6700439453125,1034800000
2000-02-18,1346.0899658203125,1388.5899658203125,1345.3199462890625,1388.260009765625,1042300000
2000-02-22,1352.1700439453125,1358.1099853515625,1331.8800048828125,1346.0899658203125,980000000
2000-02-23,1360.68994140625,1370.1099853515625,1342.43994140625,1352.1700439453125,993700000
2000-02-24,1353.4300537109375,1364.800048828125,1329.8800048828125,1360.68994140625,1215000000
2000-02-25,1333.3599853515625,1362.1400146484375,1329.1500244140625,1353.4300537109375,1065200000
2000-02-28,1348.050048828125,1360.8199462890625,1325.0699462890625,1333.3599853515625,1026500000
2000-02-29,1366.4200439453125,1369.6300048828125,1348.050048828125,1348.050048828125,1204300000
2000-03-01,1379.18994140625,1383.4599609375,1366.4200439453125,1366.4200439453125,1274100000
2000-03-02,1381.760009765625,1386.56005859375,1370.3499755859375,1379.18994140625,1198600000
2000-03-03,1409.1700439453125,1410.8800048828125,1381.760009765625,1381.760009765625,1150300000
2000-03-06,1391.280029296875,1409.739990234375,1384.75,1409.1700439453125,1029000000
2000-03-07,1355.6199951171875,1399.2099609375,1349.989990234375,1391.280029296875,1314100000
2000-03-08,1366.699951171875,1373.7900390625,1346.6199951171875,1355.6199951171875,1203000000
2000-03-09,1401.68994140625,1401.8199462890625,1357.8800048828125,1366.699951171875,1123000000
2000-03-10,1395.0699462890625,1413.4599609375,1392.0699462890625,1401.68994140625,1138800000
2000-03-13,1383.6199951171875,1398.3900146484375,1364.8399658203125,1395.0699462890625,1016100000
2000-03-14,1359.1500244140625,1395.1500244140625,1359.1500244140625,1383.6199951171875,1094000000
2000-03-15,1392.1400146484375,1397.989990234375,1356.989990234375,1359.1500244140625,1302800000
2000-03-16,1458.469970703125,1458.469970703125,1392.1500244140625,1392.1500244140625,1482300000
2000-03-17,1464.469970703125,1477.3299560546875,1453.3199462890625,1458.469970703125,1295100000
2000-03-20,1456.6300048828125,1470.300048828125,1448.489990234375,1464.469970703125,920800000
2000-03-21,1493.8699951171875,1493.9200439453125,1446.06005859375,1456.6300048828125,1065900000
2000-03-22,1500.6400146484375,1505.0799560546875,1487.3299560546875,1493.8699951171875,1075000000
2000-03-23,1527.3499755859375,1532.5,1492.3900146484375,1500.6400146484375,1078300000
2000-03-24,1527.4599609375,1552.8699951171875,1516.8299560546875,1527.3499755859375,1052200000
2000-03-27,1523.8599853515625,1534.6300048828125,1518.4599609375,1527.4599609375,901000000
2000-03-28,1507.72998046875,1527.3599853515625,1507.0899658203125,1523.8599853515625,959100000
2000-03-29,1508.52001953125,1521.449951171875,1497.449951171875,1507.72998046875,1061900000
2000-03-30,1487.9200439453125,1517.3800048828125,1474.6300048828125,1508.52001953125,1193400000
2000-03-31,1498.5799560546875,1519.81005859375,1484.3800048828125,1487.9200439453125,1227400000
2000-04-03,1505.969970703125,1507.18994140625,1486.9599609375,1498.5799560546875,1021700000
2000-04-04,1494.72998046875,1526.449951171875,1416.4100341796875,1505.97998046875,1515460000
2000-04-05,1487.3699951171875,1506.550048828125,1478.050048828125,1494.72998046875,1110300000
2000-04-06,1501.3399658203125,1511.760009765625,1487.3699951171875,1487.3699951171875,1008000000
2000-04-07,1516.3499755859375,1518.6800537109375,1501.3399658203125,1501.3399658203125,891600000
2000-04-10,1504.4599609375,1527.18994140625,1503.3499755859375,1516.3499755859375,853700000
2000-04-11,1500.5899658203125,1512.800048828125,1486.780029296875,1504.4599609375,971400000
2000-04-12,1467.1700439453125,1509.0799560546875,1466.1500244140625,1500.5899658203125,1175900000
2000-04-13,1440.510009765625,1477.52001953125,1439.3399658203125,1467.1700439453125,1032000000
2000-04-14,1356.56005859375,1440.510009765625,1339.4000244140625,1440.510009765625,1279700000
2000-04-17,1401.43994140625,1401.530029296875,1346.5,1356.56005859375,1204700000
2000-04-18,1441.6099853515625,1441.6099853515625,1397.81005859375,1401.43994140625,1109400000
2000-04-19,1427.469970703125,1447.68994140625,1424.260009765625,1441.6099853515625,1001400000
2000-04-20,1434.5400390625,1435.489990234375,1422.0799560546875,1427.469970703125,896200000
2000-04-24,1429.8599853515625,1434.5400390625,1407.1300048828125,1434.5400390625,868700000
2000-04-25,1477.43994140625,1477.6700439453125,1429.8599853515625,1429.8599853515625,1071100000
2000-04-26,1460.989990234375,1482.93994140625,1456.97998046875,1477.43994140625,999600000
2000-04-27,1464.9200439453125,1469.2099609375,1434.81005859375,1460.989990234375,1111000000
2000-04-28,1452.4300537109375,1473.6199951171875,1448.1500244140625,1464.9200439453125,984600000
2000-05-01,1468.25,1481.510009765625,1452.4300537109375,1452.4300537109375,966300000
2000-05-02,1446.2900390625,1468.25,1445.219970703125,1468.25,1011500000
2000-05-03,1415.0999755859375,1446.2900390625,1398.3599853515625,1446.2900390625,991600000
2000-05-04,1409.5699462890625,1420.989990234375,1404.93994140625,1415.0999755859375,925800000
2000-05-05,1432.6300048828125,1436.030029296875,1405.0799560546875,1409.5699462890625,805500000
2000-05-08,1424.1700439453125,1432.6300048828125,1417.050048828125,1432.6300048828125,787600000
2000-05-09,1412.1400146484375,1430.280029296875,1401.8499755859375,1424.1700439453125,896600000
2000-05-10,1383.050048828125,1412.1400146484375,1375.1400146484375,1412.1400146484375,1006400000
2000-05-11,1407.81005859375,1410.260009765625,1383.050048828125,1383.050048828125,953600000
2000-05-12,1420.9599609375,1430.1300048828125,1407.81005859375,1407.81005859375,858200000
2000-05-15,1452.3599853515625,1452.3900146484375,1416.5400390625,1420.9599609375,854600000
2000-05-16,1466.0400390625,1470.4000244140625,1450.760009765625,1452.3599853515625,955500000
2000-05-17,1447.800048828125,1466.0400390625,1441.6700439453125,1466.0400390625,820500000
2000-05-18,1437.2099609375,1458.0400390625,1436.5899658203125,1447.800048828125,807900000
2000-05-19,1406.949951171875,1437.2099609375,1401.739990234375,1437.2099609375,853700000
2000-05-22,1400.719970703125,1410.550048828125,1368.72998046875,1406.949951171875,869000000
2000-05-23,1373.8599853515625,1403.77001953125,1373.4300537109375,1400.719970703125,869900000
2000-05-24,1399.050048828125,1401.75,1361.0899658203125,1373.8599853515625,1152300000
2000-05-25,1381.52001953125,1411.6500244140625,1373.9300537109375,1399.050048828125,984500000
2000-05-26,1378.02001953125,1391.4200439453125,1369.75,1381.52001953125,722600000
2000-05-30,1422.449951171875,1422.449951171875,1378.02001953125,1378.02001953125,844200000
2000-05-31,1420.5999755859375,1434.489990234375,1415.5,1422.43994140625,960500000
2000-06-01,1448.81005859375,1448.81005859375,1420.5999755859375,1420.5999755859375,960100000
2000-06-02,1477.260009765625,1483.22998046875,1448.81005859375,1448.81005859375,1162400000
2000-06-05,1467.6300048828125,1477.280029296875,1464.6800537109375,1477.260009765625,838600000
2000-06-06,1457.8399658203125,1471.3599853515625,1454.739990234375,1467.6300048828125,950100000
2000-06-07,1471.3599853515625,1474.6400146484375,1455.06005859375,1457.8399658203125,854600000
2000-06-08,1461.6700439453125,1475.6500244140625,1456.489990234375,1471.3599853515625,854300000
2000-06-09,1456.949951171875,1472.6700439453125,1454.9599609375,1461.6700439453125,786000000
2000-06-12,1446.0,1462.9300537109375,1445.989990234375,1456.949951171875,774100000
2000-06-13,1469.43994140625,1470.4200439453125,1442.3800048828125,1446.0,935900000
2000-06-14,1470.5400390625,1483.6199951171875,1467.7099609375,1469.43994140625,929700000
2000-06-15,1478.72998046875,1482.0400390625,1464.6199951171875,1470.5400390625,1011400000
2000-06-16,1464.4599609375,1480.77001953125,1460.4200439453125,1478.72998046875,1250800000
2000-06-19,1486.0,1488.9300537109375,1459.050048828125,1464.4599609375,921700000
2000-06-20,1475.949951171875,1487.3199462890625,1470.1800537109375,1486.0,1031500000
2000-06-21,1479.1300048828125,1482.18994140625,1468.0,1475.949951171875,1009600000
2000-06-22,1452.1800537109375,1479.1300048828125,1448.030029296875,1479.1300048828125,1022700000
2000-06-23,1441.47998046875,1459.93994140625,1438.31005859375,1452.1800537109375,847600000
2000-06-26,1455.31005859375,1459.6600341796875,1441.47998046875,1441.47998046875,889000000
2000-06-27,1450.550048828125,1463.3499755859375,1450.550048828125,1455.31005859375,1042500000
2000-06-28,1454.8199462890625,1467.6300048828125,1450.550048828125,1450.550048828125,1095100000
2000-06-29,1442.3900146484375,1455.1400146484375,1434.6300048828125,1454.8199462890625,1110900000
2000-06-30,1454.5999755859375,1454.6800537109375,1438.7099609375,1442.3900146484375,1459700000
2000-07-03,1469.5400390625,1469.5799560546875,1450.8499755859375,1454.5999755859375,451900000
2000-07-05,1446.22998046875,1469.5400390625,1442.449951171875,1469.5400390625,1019300000
2000-07-06,1456.6700439453125,1461.6500244140625,1439.56005859375,1446.22998046875,947300000
2000-07-07,1478.9000244140625,1484.1199951171875,1456.6700439453125,1456.6700439453125,931700000
2000-07-10,1475.6199951171875,1486.56005859375,1474.760009765625,1478.9000244140625,838700000
2000-07-11,1480.8800048828125,1488.77001953125,1470.47998046875,1475.6199951171875,980500000
2000-07-12,1492.9200439453125,1497.68994140625,1480.8800048828125,1480.8800048828125,1001200000
2000-07-13,1495.8399658203125,1501.3900146484375,1489.6500244140625,1492.9200439453125,1026800000
2000-07-14,1509.97998046875,1509.989990234375,1494.56005859375,1495.8399658203125,960600000
2000-07-17,1510.489990234375,1517.3199462890625,1505.260009765625,1509.97998046875,906000000
2000-07-18,1493.739990234375,1510.489990234375,1491.3499755859375,1510.489990234375,908300000
2000-07-19,1481.9599609375,1495.6300048828125,1479.9200439453125,1493.739990234375,909400000
2000-07-20,1495.5699462890625,1501.9200439453125,1481.9599609375,1481.9599609375,1064600000
2000-07-21,1480.18994140625,1495.5699462890625,1477.9100341796875,1495.5699462890625,968300000
2000-07-24,1464.2900390625,1485.8800048828125,1463.800048828125,1480.18994140625,880300000
2000-07-25,1474.469970703125,1476.22998046875,1464.2900390625,1464.2900390625,969400000
2000-07-26,1452.4200439453125,1474.469970703125,1452.4200439453125,1474.469970703125,1235800000
2000-07-27,1449.6199951171875,1464.9100341796875,1445.3299560546875,1452.4200439453125,1156400000
2000-07-28,1419.8900146484375,1456.6800537109375,1413.8900146484375,1449.6199951171875,980000000
2000-07-31,1430.8299560546875,1437.6500244140625,1418.7099609375,1419.8900146484375,952600000
2000-08-01,1438.0999755859375,1443.5400390625,1428.9599609375,1430.8299560546875,938700000
2000-08-02,1438.699951171875,1451.5899658203125,1433.489990234375,1438.0999755859375,994500000
2000-08-03,1452.56005859375,1454.18994140625,1425.4300537109375,1438.699951171875,1095600000
2000-08-04,1462.9300537109375,1462.9300537109375,1451.31005859375,1452.56005859375,956000000
2000-08-07,1479.3199462890625,1480.800048828125,1460.719970703125,1462.9300537109375,854800000
2000-08-08,1482.800048828125,1484.52001953125,1472.6099853515625,1479.3199462890625,992200000
2000-08-09,1472.8699951171875,1490.3299560546875,1471.1600341796875,1482.800048828125,1054000000
2000-08-10,1460.25,1475.1500244140625,1459.8900146484375,1472.8699951171875,940800000
2000-08-11,1471.8399658203125,1475.719970703125,1453.06005859375,1460.25,835500000
2000-08-14,1491.56005859375,1491.6400146484375,1468.56005859375,1471.8399658203125,783800000
2000-08-15,1484.4300537109375,1493.1199951171875,1482.739990234375,1491.56005859375,895900000
2000-08-16,1479.8499755859375,1496.0899658203125,1475.739990234375,1484.4300537109375,929800000
2000-08-17,1496.0699462890625,1499.3199462890625,1479.8499755859375,1479.8499755859375,922400000
2000-08-18,1491.719970703125,1499.469970703125,1488.989990234375,1496.0699462890625,821400000
2000-08-21,1499.47998046875,1502.8399658203125,1491.1300048828125,1491.719970703125,731600000
2000-08-22,1498.1300048828125,1508.449951171875,1497.4200439453125,1499.47998046875,818800000
2000-08-23,1505.969970703125,1507.199951171875,1489.52001953125,1498.1300048828125,871000000
2000-08-24,1508.31005859375,1511.1600341796875,1501.25,1505.969970703125,837100000
2000-08-25,1506.449951171875,1513.469970703125,1505.0899658203125,1508.31005859375,685600000
2000-08-28,1514.0899658203125,1523.949951171875,1506.449951171875,1506.449951171875,733600000
2000-08-29,1509.8399658203125,1514.81005859375,1505.4599609375,1514.0899658203125,795600000
2000-08-30,1502.5899658203125,1510.489990234375,1500.0899658203125,1509.8399658203125,818400000
2000-08-31,1517.6800537109375,1525.2099609375,1502.5899658203125,1502.5899658203125,1056600000
2000-09-01,1520.77001953125,1530.0899658203125,1515.530029296875,1517.6800537109375,767700000
2000-09-05,1507.0799560546875,1520.77001953125,1504.2099609375,1520.77001953125,838500000
2000-09-06,1492.25,1512.6099853515625,1492.1199951171875,1507.0799560546875,995100000
2000-09-07,1502.510009765625,1505.3399658203125,1492.25,1492.25,985500000
2000-09-08,1494.5,1502.510009765625,1489.8800048828125,1502.510009765625,961000000
2000-09-11,1489.260009765625,1506.760009765625,1483.010009765625,1494.5,899300000
2000-09-12,1481.989990234375,1496.9300537109375,1479.6700439453125,1489.260009765625,991200000
2000-09-13,1484.9100341796875,1487.449951171875,1473.6099853515625,1481.989990234375,1068300000
2000-09-14,1480.8699951171875,1494.1600341796875,1476.72998046875,1484.9100341796875,1014000000
2000-09-15,1465.81005859375,1480.9599609375,1460.219970703125,1480.8699951171875,1268400000
2000-09-18,1444.510009765625,1467.77001953125,1441.9200439453125,1465.81005859375,962500000
2000-09-19,1459.9000244140625,1461.1600341796875,1444.510009765625,1444.510009765625,1024900000
2000-09-20,1451.3399658203125,1460.489990234375,1430.949951171875,1459.9000244140625,1104000000
2000-09-21,1449.050048828125,1452.77001953125,1436.300048828125,1451.3399658203125,1105400000
2000-09-22,1448.719970703125,1449.050048828125,1421.8800048828125,1449.050048828125,1185500000
2000-09-25,1439.030029296875,1457.4200439453125,1435.9300537109375,1448.719970703125,982400000
2000-09-26,1427.2099609375,1448.0400390625,1425.25,1439.030029296875,1106600000
2000-09-27,1426.5699462890625,1437.219970703125,1419.43994140625,1427.2099609375,1174700000
2000-09-28,1458.2900390625,1461.68994140625,1425.780029296875,1426.5699462890625,1206200000
2000-09-29,1436.510009765625,1458.2900390625,1436.2900390625,1458.2900390625,1197100000
2000-10-02,1436.22998046875,1445.5999755859375,1429.8299560546875,1436.52001953125,1051200000
2000-10-03,1426.4599609375,1454.8199462890625,1425.280029296875,1436.22998046875,1098100000
2000-10-04,1434.3199462890625,1439.989990234375,1416.31005859375,1426.4599609375,1167400000
2000-10-05,1436.280029296875,1444.1700439453125,1431.800048828125,1434.3199462890625,1176100000
2000-10-06,1408.989990234375,1443.300048828125,1397.06005859375,1436.280029296875,1150100000
2000-10-09,1402.030029296875,1409.68994140625,1392.47998046875,1408.989990234375,716600000
2000-10-10,1387.02001953125,1408.8299560546875,1383.8499755859375,1402.030029296875,1044000000
2000-10-11,1364.5899658203125,1387.02001953125,1349.6700439453125,1387.02001953125,1387500000
2000-10-12,1329.780029296875,1374.9300537109375,1328.06005859375,1364.5899658203125,1388600000
2000-10-13,1374.1700439453125,1374.1700439453125,1327.0799560546875,1329.780029296875,1223900000
2000-10-16,1374.6199951171875,1379.47998046875,1365.06005859375,1374.1700439453125,1005400000
2000-10-17,1349.969970703125,1380.989990234375,1342.3399658203125,1374.6199951171875,1161500000
2000-10-18,1342.1300048828125,1356.6500244140625,1305.7900390625,1349.969970703125,1441700000
2000-10-19,1388.760009765625,1389.9300537109375,1342.1300048828125,1342.1300048828125,1297900000
2000-10-20,1396.9300537109375,1408.469970703125,1382.18994140625,1388.760009765625,1177400000
2000-10-23,1395.780029296875,1406.9599609375,1387.75,1396.9300537109375,1046800000
2000-10-24,1398.1300048828125,1415.6400146484375,1388.1300048828125,1395.780029296875,1158600000
2000-10-25,1364.9000244140625,1398.1300048828125,1362.2099609375,1398.1300048828125,1315600000
2000-10-26,1364.43994140625,1372.719970703125,1337.81005859375,1364.9000244140625,1303800000
2000-10-27,1379.5799560546875,1384.5699462890625,1364.1300048828125,1364.43994140625,1086300000
2000-10-30,1398.6600341796875,1406.3599853515625,1376.8599853515625,1379.5799560546875,1186500000
2000-10-31,1429.4000244140625,1432.219970703125,1398.6600341796875,1398.6600341796875,1366400000
2000-11-01,1421.219970703125,1429.5999755859375,1410.449951171875,1429.4000244140625,1206800000
2000-11-02,1428.3199462890625,1433.4000244140625,1421.219970703125,1421.219970703125,1167700000
2000-11-03,1426.68994140625,1433.2099609375,1420.9200439453125,1428.3199462890625,997700000
2000-11-06,1432.18994140625,1438.4599609375,1427.719970703125,1428.760009765625,930900000
2000-11-07,1431.8699951171875,1436.219970703125,1423.260009765625,1432.18994140625,880900000
2000-11-08,1409.280029296875,1437.280029296875,1408.780029296875,1431.8699951171875,909300000
2000-11-09,1400.1400146484375,1409.280029296875,1369.6800537109375,1409.280029296875,1111000000
2000-11-10,1365.97998046875,1400.1400146484375,1365.969970703125,1400.1400146484375,962500000
2000-11-13,1351.260009765625,1365.97998046875,1328.6199951171875,1365.97998046875,1129300000
2000-11-14,1382.949951171875,1390.06005859375,1351.260009765625,1351.260009765625,1118800000
2000-11-15,1389.81005859375,1395.9599609375,1374.75,1382.949951171875,1066800000
2000-11-16,1372.3199462890625,1394.760009765625,1370.3900146484375,1389.81005859375,956300000
2000-11-17,1367.719970703125,1384.8499755859375,1355.550048828125,1372.3199462890625,1070400000
2000-11-20,1342.6199951171875,1367.719970703125,1341.6700439453125,1367.719970703125,955800000
2000-11-21,1347.3499755859375,1355.8699951171875,1333.6199951171875,1342.6199951171875,1137100000
2000-11-22,1322.3599853515625,1347.3499755859375,1321.8900146484375,1347.3499755859375,963200000
2000-11-24,1341.77001953125,1343.8299560546875,1322.3599853515625,1322.3599853515625,404870000
2000-11-27,1348.969970703125,1362.5,1341.77001953125,1341.77001953125,946100000
2000-11-28,1336.0899658203125,1358.81005859375,1334.969970703125,1348.969970703125,1028200000
2000-11-29,1341.9300537109375,1352.3800048828125,1329.280029296875,1336.0899658203125,402100000
2000-11-30,1314.949951171875,1341.9100341796875,1294.9000244140625,1341.9100341796875,1186530000
2000-12-01,1315.22998046875,1334.6700439453125,1307.02001953125,1314.949951171875,1195200000
2000-12-04,1324.969970703125,1332.06005859375,1310.22998046875,1315.1800537109375,1103000000
2000-12-05,1376.5400390625,1376.56005859375,1324.969970703125,1324.969970703125,900300000
2000-12-06,1351.4599609375,1376.5400390625,1346.1500244140625,1376.5400390625,1399300000
2000-12-07,1343.550048828125,1353.5,1339.260009765625,1351.4599609375,1128000000
2000-12-08,1369.8900146484375,1380.3299560546875,1343.550048828125,1343.550048828125,1358300000
2000-12-11,1380.199951171875,1389.050048828125,1364.1400146484375,1369.8900146484375,1202400000
2000-12-12,1371.1800537109375,1380.27001953125,1370.27001953125,1380.199951171875,1083400000
2000-12-13,1359.989990234375,1385.8199462890625,1358.47998046875,1371.1800537109375,1195100000
2000-12-14,1340.9300537109375,1359.989990234375,1340.47998046875,1359.989990234375,1061300000
2000-12-15,1312.1500244140625,1340.9300537109375,1305.3800048828125,1340.9300537109375,1561100000
2000-12-18,1322.739990234375,1332.3199462890625,1312.1500244140625,1312.1500244140625,1189900000
2000-12-19,1305.5999755859375,1346.43994140625,1305.199951171875,1322.9599609375,1324900000
2000-12-20,1264.739990234375,1305.5999755859375,1261.1600341796875,1305.5999755859375,1421600000
2000-12-21,1274.8599853515625,1285.31005859375,1254.0699462890625,1264.739990234375,1449900000
2000-12-22,1305.949951171875,1305.969970703125,1274.8599853515625,1274.8599853515625,1087100000
2000-12-26,1315.18994140625,1315.93994140625,1301.6400146484375,1305.969970703125,806500000
2000-12-27,1328.9200439453125,1332.030029296875,1310.9599609375,1315.18994140625,1092700000
2000-12-28,1334.219970703125,1335.9300537109375,1325.780029296875,1328.9200439453125,1015300000
2000-12-29,1320.280029296875,1340.0999755859375,1317.510009765625,1334.219970703125,1035500000
2001-01-02,1283.27001953125,1320.280029296875,1276.050048828125,1320.280029296875,1129400000
2001-01-03,1347.56005859375,1347.760009765625,1274.6199951171875,1283.27001953125,1880700000
2001-01-04,1333.3399658203125,1350.239990234375,1329.1400146484375,1347.56005859375,2131000000
2001-01-05,1298.3499755859375,1334.77001953125,1294.949951171875,1333.3399658203125,1430800000
2001-01-08,1295.8599853515625,1298.3499755859375,1276.2900390625,1298.3499755859375,1115500000
2001-01-09,1300.800048828125,1311.719970703125,1295.1400146484375,1295.8599853515625,1191300000
2001-01-10,1313.27001953125,1313.760009765625,1287.280029296875,1300.800048828125,1296500000
2001-01-11,1326.8199462890625,1332.18994140625,1309.719970703125,1313.27001953125,1411200000
2001-01-12,1318.550048828125,1333.2099609375,1311.5899658203125,1326.8199462890625,1276000000
2001-01-16,1326.6500244140625,1327.81005859375,1313.3299560546875,1318.3199462890625,1205700000
2001-01-17,1329.469970703125,1346.9200439453125,1325.4100341796875,1326.6500244140625,1349100000
2001-01-18,1347.969970703125,1352.7099609375,1327.4100341796875,1329.8900146484375,1445000000
2001-01-19,1342.5400390625,1354.550048828125,1336.739990234375,1347.969970703125,1407800000
2001-01-22,1342.9000244140625,1353.6199951171875,1333.8399658203125,1342.5400390625,1164000000
2001-01-23,1360.4000244140625,1362.9000244140625,1339.6300048828125,1342.9000244140625,1232600000
2001-01-24,1364.300048828125,1369.75,1357.280029296875,1360.4000244140625,1309000000
2001-01-25,1357.510009765625,1367.3499755859375,1354.6300048828125,1364.300048828125,1258000000
2001-01-26,1354.949951171875,1357.510009765625,1342.75,1357.510009765625,1098000000
2001-01-29,1364.1700439453125,1365.5400390625,1350.3599853515625,1354.9200439453125,1053100000
2001-01-30,1373.72998046875,1375.6800537109375,1356.199951171875,1364.1700439453125,1149800000
2001-01-31,1366.010009765625,1383.3699951171875,1364.6600341796875,1373.72998046875,1295300000
2001-02-01,1373.469970703125,1373.5,1359.3399658203125,1366.010009765625,1118800000
2001-02-02,1349.469970703125,1376.3800048828125,1348.719970703125,1373.469970703125,1048400000
2001-02-05,1354.31005859375,1354.56005859375,1344.47998046875,1349.469970703125,1013000000
2001-02-06,1352.260009765625,1363.550048828125,1350.0400390625,1354.31005859375,1059600000
2001-02-07,1340.8900146484375,1352.260009765625,1334.260009765625,1352.260009765625,1158300000
2001-02-08,1332.530029296875,1350.3199462890625,1332.4200439453125,1341.0999755859375,1107200000
2001-02-09,1314.760009765625,1332.530029296875,1309.97998046875,1332.530029296875,1075500000
2001-02-12,1330.31005859375,1330.9599609375,1313.6400146484375,1314.760009765625,1039100000
2001-02-13,1318.800048828125,1336.6199951171875,1317.510009765625,1330.31005859375,1075200000
2001-02-14,1315.9200439453125,1320.72998046875,1304.719970703125,1318.800048828125,1150300000
2001-02-15,1326.6099853515625,1331.2900390625,1315.9200439453125,1315.9200439453125,1153700000
2001-02-16,1301.530029296875,1326.6099853515625,1293.1800537109375,1326.6099853515625,1257200000
2001-02-20,1278.93994140625,1307.1600341796875,1278.43994140625,1301.530029296875,1112200000
2001-02-21,1255.27001953125,1282.969970703125,1253.1600341796875,1278.93994140625,1208500000
2001-02-22,1252.8199462890625,1259.93994140625,1228.3299560546875,1255.27001953125,1365900000
2001-02-23,1245.8599853515625,1252.8199462890625,1215.43994140625,1252.8199462890625,1231300000
2001-02-26,1267.6500244140625,1267.68994140625,1241.7099609375,1245.8599853515625,1130800000
2001-02-27,1257.93994140625,1272.760009765625,1252.260009765625,1267.6500244140625,1114100000
2001-02-28,1239.93994140625,1263.469970703125,1229.6500244140625,1257.93994140625,1225300000
2001-03-01,1241.22998046875,1241.3599853515625,1214.5,1239.93994140625,1294900000
2001-03-02,1234.1800537109375,1251.010009765625,1219.739990234375,1241.22998046875,1294000000
2001-03-05,1241.4100341796875,1242.550048828125,1234.0400390625,1234.1800537109375,929200000
2001-03-06,1253.800048828125,1267.4200439453125,1241.4100341796875,1241.4100341796875,1091800000
2001-03-07,1261.8900146484375,1263.8599853515625,1253.800048828125,1253.800048828125,1132200000
2001-03-08,1264.739990234375,1266.5,1257.5999755859375,1261.8900146484375,1114100000
2001-03-09,1233.4200439453125,1264.739990234375,1228.4200439453125,1264.739990234375,1085900000
2001-03-12,1180.1600341796875,1233.4200439453125,1176.780029296875,1233.4200439453125,1229000000
2001-03-13,1197.6600341796875,1197.8299560546875,1171.5,1180.1600341796875,1360900000
2001-03-14,1166.7099609375,1197.6600341796875,1155.3499755859375,1197.6600341796875,1397400000
2001-03-15,1173.56005859375,1182.0400390625,1166.7099609375,1166.7099609375,1259500000
2001-03-16,1150.530029296875,1173.56005859375,1148.6400146484375,1173.56005859375,1543560000
2001-03-19,1170.81005859375,1173.5,1147.1800537109375,1150.530029296875,1126200000
2001-03-20,1142.6199951171875,1180.56005859375,1142.18994140625,1170.81005859375,1235900000
2001-03-21,1122.1400146484375,1149.3900146484375,1118.739990234375,1142.6199951171875,1346300000
2001-03-22,1117.5799560546875,1124.27001953125,1081.18994140625,1122.1400146484375,1723950000
2001-03-23,1139.8299560546875,1141.8299560546875,1117.5799560546875,1117.5799560546875,1364900000
2001-03-26,1152.68994140625,1160.02001953125,1139.8299560546875,1139.8299560546875,1114000000
2001-03-27,1182.1700439453125,1183.3499755859375,1150.9599609375,1152.68994140625,1314200000
2001-03-28,1153.2900390625,1182.1700439453125,1147.8299560546875,1182.1700439453125,1333400000
2001-03-29,1147.949951171875,1161.68994140625,1136.260009765625,1153.2900390625,1234500000
2001-03-30,1160.3299560546875,1162.800048828125,1143.8299560546875,1147.949951171875,1280800000
2001-04-02,1145.8699951171875,1169.510009765625,1137.510009765625,1160.3299560546875,1254900000
2001-04-03,1106.4599609375,1145.8699951171875,1100.18994140625,1145.8699951171875,1386100000
2001-04-04,1103.25,1117.5,1091.989990234375,1106.4599609375,1425590000
2001-04-05,1151.43994140625,1151.469970703125,1103.25,1103.25,1368000000
2001-04-06,1128.4300537109375,1151.43994140625,1119.2900390625,1151.43994140625,1266800000
2001-04-09,1137.5899658203125,1146.1300048828125,1126.3800048828125,1128.4300537109375,1062800000
2001-04-10,1168.3800048828125,1173.9200439453125,1137.5899658203125,1137.5899658203125,1349600000
2001-04-11,1165.8900146484375,1182.239990234375,1160.260009765625,1168.3800048828125,1290300000
2001-04-12,1183.5,1183.510009765625,1157.72998046875,1165.8900146484375,1102000000
2001-04-16,1179.6800537109375,1184.6400146484375,1167.3800048828125,1183.5,913900000
2001-04-17,1191.81005859375,1192.25,1168.9000244140625,1179.6800537109375,1109600000
2001-04-18,1238.1600341796875,1248.4200439453125,1191.81005859375,1191.81005859375,1918900000
2001-04-19,1253.68994140625,1253.7099609375,1233.3900146484375,1238.1600341796875,1486800000
2001-04-20,1242.97998046875,1253.699951171875,1234.4100341796875,1253.699951171875,1338700000
2001-04-23,1224.3599853515625,1242.97998046875,1217.469970703125,1242.97998046875,1012600000
2001-04-24,1209.469970703125,1233.5400390625,1208.8900146484375,1224.3599853515625,1216500000
2001-04-25,1228.75,1232.3599853515625,1207.3800048828125,1209.469970703125,1203600000
2001-04-26,1234.52001953125,1248.300048828125,1228.75,1228.75,1345200000
2001-04-27,1253.050048828125,1253.0699462890625,1234.52001953125,1234.52001953125,1091300000
2001-04-30,1249.4599609375,1269.300048828125,1243.989990234375,1253.050048828125,1266800000
2001-05-01,1266.43994140625,1266.469970703125,1243.550048828125,1249.4599609375,1181300000
2001-05-02,1267.4300537109375,1272.9300537109375,1257.699951171875,1266.43994140625,1342200000
2001-05-03,1248.5799560546875,1267.4300537109375,1239.8800048828125,1267.4300537109375,1137900000
2001-05-04,1266.6099853515625,1267.510009765625,1232.0,1248.5799560546875,1082100000
2001-05-07,1263.510009765625,1270.0,1259.18994140625,1266.6099853515625,949000000
2001-05-08,1261.199951171875,1267.010009765625,1253.0,1266.7099609375,1006300000
2001-05-09,1255.5400390625,1261.6500244140625,1247.8299560546875,1261.199951171875,1132400000
2001-05-10,1255.1800537109375,1268.1400146484375,1254.56005859375,1255.5400390625,1056700000
2001-05-11,1245.6700439453125,1259.8399658203125,1240.7900390625,1255.1800537109375,906200000
2001-05-14,1248.9200439453125,1249.6800537109375,1241.02001953125,1245.6700439453125,858200000
2001-05-15,1249.43994140625,1257.449951171875,1245.3599853515625,1248.9200439453125,1071800000
2001-05-16,1284.989990234375,1286.3900146484375,1243.02001953125,1249.43994140625,1405300000
2001-05-17,1288.489990234375,1296.47998046875,1282.6500244140625,1284.989990234375,1355600000
2001-05-18,1291.9599609375,1292.06005859375,1281.1500244140625,1288.489990234375,1130800000
2001-05-21,1312.8299560546875,1312.949951171875,1287.8699951171875,1291.9599609375,1174900000
2001-05-22,1309.3800048828125,1315.9300537109375,1306.8900146484375,1312.8299560546875,1260400000
2001-05-23,1289.050048828125,1309.3800048828125,1288.699951171875,1309.3800048828125,1134800000
2001-05-24,1293.1700439453125,1295.0400390625,1281.219970703125,1289.050048828125,1100700000
2001-05-25,1277.8900146484375,1293.1700439453125,1276.4200439453125,1293.1700439453125,828100000
2001-05-29,1267.9300537109375,1278.4200439453125,1265.4100341796875,1277.8900146484375,1026000000
2001-05-30,1248.0799560546875,1267.9300537109375,1245.9599609375,1267.9300537109375,1158600000
2001-05-31,1255.8199462890625,1261.9100341796875,1248.0699462890625,1248.0799560546875,1226600000
2001-06-01,1260.6700439453125,1265.3399658203125,1246.8800048828125,1255.8199462890625,1015000000
2001-06-04,1267.1099853515625,1267.1700439453125,1256.3599853515625,1260.6700439453125,836500000
2001-06-05,1283.5699462890625,1286.6199951171875,1267.1099853515625,1267.1099853515625,1116800000
2001-06-06,1270.030029296875,1283.8499755859375,1269.010009765625,1283.5699462890625,1061900000
2001-06-07,1276.9599609375,1277.0799560546875,1265.0799560546875,1270.030029296875,1089600000
2001-06-08,1264.9599609375,1277.1099853515625,1259.989990234375,1276.9599609375,726200000
2001-06-11,1254.3900146484375,1264.9599609375,1249.22998046875,1264.9599609375,870100000
2001-06-12,1255.8499755859375,1261.0,1235.75,1254.3900146484375,1136500000
2001-06-13,1241.5999755859375,1259.75,1241.5899658203125,1255.8499755859375,1063600000
2001-06-14,1219.8699951171875,1241.5999755859375,1218.9000244140625,1241.5999755859375,1242900000
2001-06-15,1214.3599853515625,1221.5,1203.030029296875,1219.8699951171875,1635550000
2001-06-18,1208.4300537109375,1221.22998046875,1208.3299560546875,1214.3599853515625,1111600000
2001-06-19,1212.5799560546875,1226.1099853515625,1207.7099609375,1208.4300537109375,1184900000
2001-06-20,1223.1400146484375,1225.6099853515625,1210.0699462890625,1212.5799560546875,1350100000
2001-06-21,1237.0400390625,1240.239990234375,1220.25,1223.1400146484375,1546820000
2001-06-22,1225.3499755859375,1237.72998046875,1221.4100341796875,1237.0400390625,1189200000
2001-06-25,1218.5999755859375,1231.5,1213.5999755859375,1225.3499755859375,1050100000
2001-06-26,1216.760009765625,1220.699951171875,1204.6400146484375,1218.5999755859375,1198900000
2001-06-27,1211.0699462890625,1219.9200439453125,1207.2900390625,1216.760009765625,1162100000
2001-06-28,1226.199951171875,1234.43994140625,1211.0699462890625,1211.0699462890625,1327300000
2001-06-29,1224.3800048828125,1237.2900390625,1221.1400146484375,1226.199951171875,1832360000
2001-07-02,1236.719970703125,1239.780029296875,1224.030029296875,1224.4200439453125,1128300000
2001-07-03,1234.449951171875,1236.7099609375,1229.4300537109375,1236.7099609375,622110000
2001-07-05,1219.239990234375,1234.449951171875,1219.1500244140625,1234.449951171875,934900000
2001-07-06,1190.5899658203125,1219.239990234375,1188.739990234375,1219.239990234375,1056700000
2001-07-09,1198.780029296875,1201.760009765625,1189.75,1190.5899658203125,1045700000
2001-07-10,1181.52001953125,1203.4300537109375,1179.9300537109375,1198.780029296875,1263800000
2001-07-11,1180.1800537109375,1184.9300537109375,1168.4599609375,1181.52001953125,1384100000
2001-07-12,1208.1400146484375,1210.25,1180.1800537109375,1180.1800537109375,1394000000
2001-07-13,1215.6800537109375,1218.5400390625,1203.6099853515625,1208.1400146484375,1121700000
2001-07-16,1202.449951171875,1219.6300048828125,1200.050048828125,1215.6800537109375,1039800000
2001-07-17,1214.43994140625,1215.3599853515625,1196.1400146484375,1202.449951171875,1238100000
2001-07-18,1207.7099609375,1214.43994140625,1198.3299560546875,1214.43994140625,1316300000
2001-07-19,1215.02001953125,1225.0400390625,1205.800048828125,1207.7099609375,1343500000
2001-07-20,1210.8499755859375,1215.68994140625,1207.0400390625,1215.02001953125,1170900000
2001-07-23,1191.030029296875,1215.219970703125,1190.5,1210.8499755859375,986900000
2001-07-24,1171.6500244140625,1191.030029296875,1165.5400390625,1191.030029296875,1198700000
2001-07-25,1190.489990234375,1190.52001953125,1171.280029296875,1171.6500244140625,1280700000
2001-07-26,1202.9300537109375,1204.1800537109375,1182.6500244140625,1190.489990234375,1213900000
2001-07-27,1205.8199462890625,1209.260009765625,1195.989990234375,1202.9300537109375,1015300000
2001-07-30,1204.52001953125,1209.050048828125,1200.4100341796875,1205.8199462890625,909100000
2001-07-31,1211.22998046875,1222.739990234375,1204.52001953125,1204.52001953125,1129200000
2001-08-01,1215.9300537109375,1223.0400390625,1211.22998046875,1211.22998046875,1340300000
2001-08-02,1220.75,1226.27001953125,1215.31005859375,1215.9300537109375,1218300000
2001-08-03,1214.3499755859375,1220.75,1205.31005859375,1220.75,939900000
2001-08-06,1200.47998046875,1214.3499755859375,1197.3499755859375,1214.3499755859375,811700000
2001-08-07,1204.4000244140625,1207.56005859375,1195.6400146484375,1200.469970703125,1012000000
2001-08-08,1183.530029296875,1206.7900390625,1181.27001953125,1204.4000244140625,1124600000
2001-08-09,1183.4300537109375,1184.7099609375,1174.6800537109375,1183.530029296875,1104200000
2001-08-10,1190.1600341796875,1193.3299560546875,1169.550048828125,1183.4300537109375,960900000
2001-08-13,1191.2900390625,1193.8199462890625,1185.1199951171875,1190.1600341796875,837600000
2001-08-14,1186.72998046875,1198.7900390625,1184.260009765625,1191.2900390625,964600000
2001-08-15,1178.02001953125,1191.2099609375,1177.6099853515625,1186.72998046875,1065600000
2001-08-16,1181.6600341796875,1181.800048828125,1166.0799560546875,1178.02001953125,1055400000
2001-08-17,1161.969970703125,1181.6600341796875,1156.0699462890625,1181.6600341796875,974300000
2001-08-20,1171.4100341796875,1171.4100341796875,1160.93994140625,1161.969970703125,897100000
2001-08-21,1157.260009765625,1179.8499755859375,1156.56005859375,1171.4100341796875,1041600000
2001-08-22,1165.31005859375,1168.56005859375,1153.3399658203125,1157.260009765625,1110800000
2001-08-23,1162.0899658203125,1169.8599853515625,1160.9599609375,1165.31005859375,986200000
2001-08-24,1184.9300537109375,1185.1500244140625,1162.0899658203125,1162.0899658203125,1043600000
2001-08-27,1179.2099609375,1186.8499755859375,1178.0699462890625,1184.9300537109375,842600000
2001-08-28,1161.510009765625,1179.6600341796875,1161.1700439453125,1179.2099609375,987100000
2001-08-29,1148.56005859375,1166.969970703125,1147.3800048828125,1161.510009765625,963700000
2001-08-30,1129.030029296875,1151.75,1124.8699951171875,1148.5999755859375,1157000000
2001-08-31,1133.5799560546875,1141.8299560546875,1126.3800048828125,1129.030029296875,920100000
2001-09-04,1132.93994140625,1155.4000244140625,1129.06005859375,1133.5799560546875,1178300000
2001-09-05,1131.739990234375,1135.52001953125,1114.8599853515625,1132.93994140625,1384500000
2001-09-06,1106.4000244140625,1131.739990234375,1105.8299560546875,1131.739990234375,1359700000
2001-09-07,1085.780029296875,1106.4000244140625,1082.1199951171875,1106.4000244140625,1424300000
2001-09-10,1092.5400390625,1096.93994140625,1073.1500244140625,1085.780029296875,1276600000
2001-09-17,1038.77001953125,1092.5400390625,1037.4599609375,1092.5400390625,2330830000
2001-09-18,1032.739990234375,1046.4200439453125,1029.25,1038.77001953125,1650410000
2001-09-19,1016.0999755859375,1038.9100341796875,984.6199951171875,1032.739990234375,2120550000
2001-09-20,984.5399780273438,1016.0999755859375,984.489990234375,1016.0999755859375,2004800000
2001-09-21,965.7999877929688,984.5399780273438,944.75,984.5399780273438,2317300000
2001-09-24,1003.4500122070312,1008.4400024414062,965.7999877929688,965.7999877929688,1746600000
2001-09-25,1012.27001953125,1017.1400146484375,998.3300170898438,1003.4500122070312,1613800000
2001-09-26,1007.0399780273438,1020.2899780273438,1002.6199951171875,1012.27001953125,1519100000
2001-09-27,1018.6099853515625,1018.9199829101562,998.239990234375,1007.0399780273438,1467000000
2001-09-28,1040.93994140625,1040.93994140625,1018.6099853515625,1018.6099853515625,1631500000
2001-10-01,1038.550048828125,1040.93994140625,1026.760009765625,1040.93994140625,1175600000
2001-10-02,1051.3299560546875,1051.3299560546875,1034.469970703125,1038.550048828125,1289800000
2001-10-03,1072.280029296875,1075.3800048828125,1041.47998046875,1051.3299560546875,1650600000
2001-10-04,1069.6300048828125,1084.1199951171875,1067.8199462890625,1072.280029296875,1609100000
2001-10-05,1071.3800048828125,1072.3499755859375,1053.5,1069.6199951171875,1301700000
2001-10-08,1062.43994140625,1071.3699951171875,1056.8800048828125,1071.3699951171875,979000000
2001-10-09,1056.75,1063.3699951171875,1053.8299560546875,1062.43994140625,1227800000
2001-10-10,1080.989990234375,1081.6199951171875,1052.760009765625,1056.75,1312400000
2001-10-11,1097.4300537109375,1099.1600341796875,1080.989990234375,1080.989990234375,1704580000
2001-10-12,1091.6500244140625,1097.4300537109375,1072.1500244140625,1097.4300537109375,1331400000
2001-10-15,1089.97998046875,1091.6500244140625,1078.18994140625,1091.6500244140625,1024700000
2001-10-16,1097.5400390625,1101.6600341796875,1087.1300048828125,1089.97998046875,1210500000
2001-10-17,1077.0899658203125,1107.1199951171875,1076.5699462890625,1097.5400390625,1452200000
2001-10-18,1068.6099853515625,1077.93994140625,1064.5400390625,1077.0899658203125,1262900000
2001-10-19,1073.47998046875,1075.52001953125,1057.239990234375,1068.6099853515625,1294900000
2001-10-22,1089.9000244140625,1090.5699462890625,1070.7900390625,1073.47998046875,1105700000
2001-10-23,1084.780029296875,1098.989990234375,1081.530029296875,1089.9000244140625,1317300000
2001-10-24,1085.199951171875,1090.260009765625,1079.97998046875,1084.780029296875,1336200000
2001-10-25,1100.0899658203125,1100.0899658203125,1065.6400146484375,1085.199951171875,1364400000
2001-10-26,1104.6099853515625,1110.6099853515625,1094.239990234375,1100.0899658203125,1244500000
2001-10-29,1078.300048828125,1104.6099853515625,1078.300048828125,1104.6099853515625,1106100000
2001-10-30,1059.7900390625,1078.300048828125,1053.6099853515625,1078.300048828125,1297400000
2001-10-31,1059.780029296875,1074.7900390625,1057.550048828125,1059.7900390625,1352500000
2001-11-01,1084.0999755859375,1085.6099853515625,1054.31005859375,1059.780029296875,1317400000
2001-11-02,1087.199951171875,1089.6300048828125,1075.5799560546875,1084.0999755859375,1121900000
2001-11-05,1102.8399658203125,1106.719970703125,1087.199951171875,1087.199951171875,1267700000
2001-11-06,1118.8599853515625,1119.72998046875,1095.3599853515625,1102.8399658203125,1356000000
2001-11-07,1115.800048828125,1126.6199951171875,1112.97998046875,1118.8599853515625,1411300000
2001-11-08,1118.5400390625,1135.75,1115.4200439453125,1115.800048828125,1517500000
2001-11-09,1120.31005859375,1123.02001953125,1111.1300048828125,1118.5400390625,1093800000
2001-11-12,1118.3299560546875,1121.7099609375,1098.3199462890625,1120.31005859375,991600000
2001-11-13,1139.0899658203125,1139.1400146484375,1118.3299560546875,1118.3299560546875,1370100000
2001-11-14,1141.2099609375,1148.280029296875,1132.8699951171875,1139.0899658203125,1443400000
2001-11-15,1142.239990234375,1146.4599609375,1135.06005859375,1141.2099609375,1454500000
2001-11-16,1138.6500244140625,1143.52001953125,1129.9200439453125,1142.239990234375,1337400000
2001-11-19,1151.06005859375,1151.06005859375,1138.6500244140625,1138.6500244140625,1316800000
2001-11-20,1142.6600341796875,1152.449951171875,1142.1700439453125,1151.06005859375,1330200000
2001-11-21,1137.030029296875,1142.6600341796875,1129.780029296875,1142.6600341796875,1029300000
2001-11-23,1150.3399658203125,1151.050048828125,1135.9000244140625,1137.030029296875,410300000
2001-11-26,1157.4200439453125,1157.8800048828125,1146.1700439453125,1150.3399658203125,1129800000
2001-11-27,1149.5,1163.3800048828125,1140.81005859375,1157.4200439453125,1288000000
2001-11-28,1128.52001953125,1149.5,1128.2900390625,1149.5,1423700000
2001-11-29,1140.199951171875,1140.4000244140625,1125.510009765625,1128.52001953125,1375700000
2001-11-30,1139.449951171875,1143.5699462890625,1135.8900146484375,1140.199951171875,1343600000
2001-12-03,1129.9000244140625,1139.449951171875,1125.780029296875,1139.449951171875,1202900000
2001-12-04,1144.800048828125,1144.800048828125,1128.8599853515625,1129.9000244140625,1318500000
2001-12-05,1170.3499755859375,1173.6199951171875,1143.77001953125,1143.77001953125,1765300000
2001-12-06,1167.0999755859375,1173.3499755859375,1164.4300537109375,1170.3499755859375,1487900000
2001-12-07,1158.31005859375,1167.0999755859375,1152.6600341796875,1167.0999755859375,1248200000
2001-12-10,1139.9300537109375,1158.31005859375,1139.6600341796875,1158.31005859375,1218700000
2001-12-11,1136.760009765625,1150.8900146484375,1134.3199462890625,1139.9300537109375,1367200000
2001-12-12,1137.0699462890625,1141.5799560546875,1126.010009765625,1136.760009765625,1449700000
2001-12-13,1119.3800048828125,1137.0699462890625,1117.8499755859375,1137.0699462890625,1511500000
2001-12-14,1123.0899658203125,1128.280029296875,1114.530029296875,1119.3800048828125,1306800000
2001-12-17,1134.3599853515625,1137.300048828125,1122.6600341796875,1123.0899658203125,1260400000
2001-12-18,1142.9200439453125,1145.0999755859375,1134.3599853515625,1134.3599853515625,1354000000
2001-12-19,1149.56005859375,1152.43994140625,1134.75,1142.9200439453125,1484900000
2001-12-20,1139.9300537109375,1151.4200439453125,1139.9300537109375,1149.56005859375,1490500000
2001-12-21,1144.8900146484375,1147.4599609375,1139.9300537109375,1139.9300537109375,1694000000
2001-12-24,1144.6500244140625,1147.8299560546875,1144.6199951171875,1144.8900146484375,439670000
2001-12-26,1149.3699951171875,1159.1800537109375,1144.6500244140625,1144.6500244140625,791100000
2001-12-27,1157.1300048828125,1157.1300048828125,1149.3699951171875,1149.3699951171875,876300000
2001-12-28,1161.02001953125,1164.6400146484375,1157.1300048828125,1157.1300048828125,917400000
2001-12-31,1148.0799560546875,1161.1600341796875,1148.0400390625,1161.02001953125,943600000
2002-01-02,1154.6700439453125,1154.6700439453125,1136.22998046875,1148.0799560546875,1171000000
2002-01-03,1165.27001953125,1165.27001953125,1154.010009765625,1154.6700439453125,1398900000
2002-01-04,1172.510009765625,1176.550048828125,1163.4200439453125,1165.27001953125,1513000000
2002-01-07,1164.8900146484375,1176.969970703125,1163.550048828125,1172.510009765625,1308300000
2002-01-08,1160.7099609375,1167.5999755859375,1157.4599609375,1164.8900146484375,1258800000
2002-01-09,1155.1400146484375,1174.260009765625,1151.8900146484375,1160.7099609375,1452000000
2002-01-10,1156.550048828125,1159.9300537109375,1150.8499755859375,1155.1400146484375,1299000000
2002-01-11,1145.5999755859375,1159.4100341796875,1145.449951171875,1156.550048828125,1211900000
2002-01-14,1138.4100341796875,1145.5999755859375,1138.1500244140625,1145.5999755859375,1286400000
2002-01-15,1146.18994140625,1148.81005859375,1136.8800048828125,1138.4100341796875,1386900000
2002-01-16,1127.5699462890625,1146.18994140625,1127.489990234375,1146.18994140625,1482500000
2002-01-17,1138.8800048828125,1139.27001953125,1127.5699462890625,1127.5699462890625,1380100000
2002-01-18,1127.5799560546875,1138.8800048828125,1124.449951171875,1138.8800048828125,1333300000
2002-01-22,1119.31005859375,1135.260009765625,1117.9100341796875,1127.5799560546875,1311600000
2002-01-23,1128.1800537109375,1131.93994140625,1117.4300537109375,1119.31005859375,1479200000
2002-01-24,1132.1500244140625,1139.5,1128.1800537109375,1128.1800537109375,1552800000
2002-01-25,1133.280029296875,1138.31005859375,1127.8199462890625,1132.1500244140625,1345100000
2002-01-28,1133.06005859375,1138.6300048828125,1126.6600341796875,1133.280029296875,1186800000
2002-01-29,1100.6400146484375,1137.469970703125,1098.739990234375,1133.06005859375,1812000000
2002-01-30,1113.5699462890625,1113.7900390625,1081.6600341796875,1100.6400146484375,2019600000
2002-01-31,1130.199951171875,1130.2099609375,1113.300048828125,1113.5699462890625,1557000000
2002-02-01,1122.199951171875,1130.199951171875,1118.510009765625,1130.199951171875,1367200000
2002-02-04,1094.43994140625,1122.199951171875,1092.25,1122.199951171875,1437600000
2002-02-05,1090.02001953125,1100.9599609375,1082.5799560546875,1094.43994140625,1778300000
2002-02-06,1083.510009765625,1093.5799560546875,1077.780029296875,1090.02001953125,1665800000
2002-02-07,1080.1700439453125,1094.030029296875,1078.43994140625,1083.510009765625,1441600000
2002-02-08,1096.219970703125,1096.300048828125,1079.9100341796875,1080.1700439453125,1371900000
2002-02-11,1111.93994140625,1112.010009765625,1094.6800537109375,1096.219970703125,1159400000
2002-02-12,1107.5,1112.6800537109375,1102.97998046875,1111.93994140625,1094200000
2002-02-13,1118.510009765625,1120.56005859375,1107.5,1107.5,1215900000
2002-02-14,1116.47998046875,1124.719970703125,1112.300048828125,1118.510009765625,1272500000
2002-02-15,1104.1800537109375,1117.0899658203125,1103.22998046875,1116.47998046875,1359200000
2002-02-19,1083.3399658203125,1104.1800537109375,1082.239990234375,1104.1800537109375,1189900000
2002-02-20,1097.97998046875,1098.3199462890625,1074.3599853515625,1083.3399658203125,1438900000
2002-02-21,1080.949951171875,1101.5,1080.239990234375,1097.97998046875,1381600000
2002-02-22,1089.8399658203125,1093.9300537109375,1074.3900146484375,1080.949951171875,1411000000
2002-02-25,1109.4300537109375,1112.7099609375,1089.8399658203125,1089.8399658203125,1367400000
2002-02-26,1109.3800048828125,1115.050048828125,1101.719970703125,1109.4300537109375,1309200000
2002-02-27,1109.8900146484375,1123.06005859375,1102.260009765625,1109.3800048828125,1393800000
2002-02-28,1106.72998046875,1121.5699462890625,1106.72998046875,1109.8900146484375,1392200000
2002-03-01,1131.780029296875,1131.7900390625,1106.72998046875,1106.72998046875,1456500000
2002-03-04,1153.8399658203125,1153.8399658203125,1130.9300537109375,1131.780029296875,1594300000
2002-03-05,1146.1400146484375,1157.739990234375,1144.780029296875,1153.8399658203125,1549300000
2002-03-06,1162.77001953125,1165.2900390625,1145.1099853515625,1146.1400146484375,1541300000
2002-03-07,1157.5400390625,1167.93994140625,1150.68994140625,1162.77001953125,1517400000
2002-03-08,1164.31005859375,1172.760009765625,1157.5400390625,1157.5400390625,1412000000
2002-03-11,1168.260009765625,1173.030029296875,1159.5799560546875,1164.31005859375,1210200000
2002-03-12,1165.5799560546875,1168.260009765625,1154.3399658203125,1168.260009765625,1304400000
2002-03-13,1154.0899658203125,1165.5799560546875,1151.010009765625,1165.5799560546875,1354000000
2002-03-14,1153.0400390625,1157.8299560546875,1151.0799560546875,1154.0899658203125,1208800000
2002-03-15,1166.1600341796875,1166.47998046875,1153.0400390625,1153.0400390625,1493900000
2002-03-18,1165.550048828125,1172.72998046875,1159.1400146484375,1166.1600341796875,1169500000
2002-03-19,1170.2900390625,1173.93994140625,1165.550048828125,1165.550048828125,1255000000
2002-03-20,1151.8499755859375,1170.2900390625,1151.6099853515625,1170.2900390625,1304900000
2002-03-21,1153.5899658203125,1155.0999755859375,1139.47998046875,1151.8499755859375,1339200000
2002-03-22,1148.699951171875,1156.489990234375,1144.5999755859375,1153.5899658203125,1243300000
2002-03-25,1131.8699951171875,1151.0400390625,1131.8699951171875,1148.699951171875,1057900000
2002-03-26,1138.489990234375,1147.0,1131.6099853515625,1131.8699951171875,1223600000
2002-03-27,1144.5799560546875,1146.949951171875,1135.3299560546875,1138.489990234375,1180100000
2002-03-28,1147.3900146484375,1154.449951171875,1144.5799560546875,1144.5799560546875,1147600000
2002-04-01,1146.5400390625,1147.8399658203125,1132.8699951171875,1147.3900146484375,1050900000
2002-04-02,1136.760009765625,1146.5400390625,1135.7099609375,1146.5400390625,1176700000
2002-04-03,1125.4000244140625,1138.8499755859375,1119.6800537109375,1136.760009765625,1219700000
2002-04-04,1126.3399658203125,1130.449951171875,1120.06005859375,1125.4000244140625,1283800000
2002-04-05,1122.72998046875,1133.31005859375,1119.489990234375,1126.3399658203125,1110200000
2002-04-08,1125.2900390625,1125.4100341796875,1111.7900390625,1122.72998046875,1095300000
2002-04-09,1117.800048828125,1128.2900390625,1116.72998046875,1125.2900390625,1235400000
2002-04-10,1130.469970703125,1131.760009765625,1117.800048828125,1117.800048828125,1447900000
2002-04-11,1103.68994140625,1130.469970703125,1102.4200439453125,1130.469970703125,1505600000
2002-04-12,1111.010009765625,1112.77001953125,1102.739990234375,1103.68994140625,1282100000
2002-04-15,1102.550048828125,1114.8599853515625,1099.4100341796875,1111.010009765625,1120400000
2002-04-16,1128.3699951171875,1129.4000244140625,1102.550048828125,1102.550048828125,1341300000
2002-04-17,1126.0699462890625,1133.0,1123.3699951171875,1128.3699951171875,1376900000
2002-04-18,1124.469970703125,1130.489990234375,1109.2900390625,1126.0699462890625,1359300000
2002-04-19,1125.1700439453125,1128.8199462890625,1122.5899658203125,1124.469970703125,1185000000
2002-04-22,1107.8299560546875,1125.1700439453125,1105.6199951171875,1125.1700439453125,1181800000
2002-04-23,1100.9599609375,1111.1700439453125,1098.93994140625,1107.8299560546875,1388500000
2002-04-24,1093.1400146484375,1108.4599609375,1092.510009765625,1100.9599609375,1373200000
2002-04-25,1091.47998046875,1094.3599853515625,1084.81005859375,1093.1400146484375,1517400000
2002-04-26,1076.3199462890625,1096.77001953125,1076.31005859375,1091.47998046875,1374200000
2002-04-29,1065.449951171875,1078.949951171875,1063.6199951171875,1076.3199462890625,1314700000
2002-04-30,1076.9200439453125,1082.6199951171875,1063.4599609375,1065.449951171875,1628600000
2002-05-01,1086.4599609375,1088.3199462890625,1065.2900390625,1076.9200439453125,1451400000
2002-05-02,1084.56005859375,1091.4200439453125,1079.4599609375,1086.4599609375,1364000000
2002-05-03,1073.4300537109375,1084.56005859375,1068.8900146484375,1084.56005859375,1284500000
2002-05-06,1052.6700439453125,1075.9599609375,1052.6500244140625,1073.4300537109375,1122600000
2002-05-07,1049.489990234375,1058.6700439453125,1048.9599609375,1052.6700439453125,1354700000
2002-05-08,1088.8499755859375,1088.9200439453125,1049.489990234375,1049.489990234375,1502000000
2002-05-09,1073.010009765625,1088.8499755859375,1072.22998046875,1088.8499755859375,1153000000
2002-05-10,1054.989990234375,1075.4300537109375,1053.9300537109375,1073.010009765625,1171900000
2002-05-13,1074.56005859375,1074.8399658203125,1053.9000244140625,1054.989990234375,1088600000
2002-05-14,1097.280029296875,1097.7099609375,1074.56005859375,1074.56005859375,1414500000
2002-05-15,1091.0699462890625,1104.22998046875,1088.93994140625,1097.280029296875,1420200000
2002-05-16,1098.22998046875,1099.2900390625,1089.1700439453125,1091.0699462890625,1256600000
2002-05-17,1106.5899658203125,1106.5899658203125,1096.77001953125,1098.22998046875,1274400000
2002-05-20,1091.8800048828125,1106.5899658203125,1090.6099853515625,1106.5899658203125,989800000
2002-05-21,1079.8800048828125,1099.550048828125,1079.0799560546875,1091.8800048828125,1200500000
2002-05-22,1086.02001953125,1086.02001953125,1075.6400146484375,1079.8800048828125,1136300000
2002-05-23,1097.0799560546875,1097.0999755859375,1080.550048828125,1086.02001953125,1192900000
2002-05-24,1083.8199462890625,1097.0799560546875,1082.18994140625,1097.0799560546875,885400000
2002-05-28,1074.550048828125,1085.97998046875,1070.31005859375,1083.8199462890625,996500000
2002-05-29,1067.6600341796875,1074.8299560546875,1067.6600341796875,1074.550048828125,1081800000
2002-05-30,1064.6600341796875,1069.5,1054.260009765625,1067.6600341796875,1286600000
2002-05-31,1067.1400146484375,1079.9300537109375,1064.6600341796875,1064.6600341796875,1277300000
2002-06-03,1040.6800537109375,1070.739990234375,1039.9000244140625,1067.1400146484375,1324300000
2002-06-04,1040.68994140625,1046.06005859375,1030.52001953125,1040.6800537109375,1466600000
2002-06-05,1049.9000244140625,1050.1099853515625,1038.8399658203125,1040.68994140625,1300100000
2002-06-06,1029.1500244140625,1049.9000244140625,1026.9100341796875,1049.9000244140625,1601500000
2002-06-07,1027.530029296875,1033.02001953125,1012.489990234375,1029.1500244140625,1341300000
2002-06-10,1030.739990234375,1038.1800537109375,1025.449951171875,1027.530029296875,1226200000
2002-06-11,1013.5999755859375,1039.0400390625,1012.9400024414062,1030.739990234375,1212400000
2002-06-12,1020.260009765625,1021.8499755859375,1002.5800170898438,1013.260009765625,1795720000
2002-06-13,1009.5599975585938,1023.469970703125,1008.1199951171875,1020.260009765625,1405500000
2002-06-14,1007.27001953125,1009.5599975585938,981.6300048828125,1009.5599975585938,1549000000
2002-06-17,1036.1700439453125,1036.1700439453125,1007.27001953125,1007.27001953125,1236600000
2002-06-18,1037.1400146484375,1040.8299560546875,1030.9200439453125,1036.1700439453125,1193100000
2002-06-19,1019.989990234375,1037.6099853515625,1017.8800048828125,1037.1400146484375,1336100000
2002-06-20,1006.2899780273438,1023.3300170898438,1004.5900268554688,1019.989990234375,1389700000
2002-06-21,989.1400146484375,1006.2899780273438,985.6500244140625,1006.2899780273438,1497200000
2002-06-24,992.719970703125,1002.1099853515625,970.8499755859375,989.1400146484375,1552600000
2002-06-25,976.1400146484375,1005.8800048828125,974.2100219726562,992.719970703125,1513700000
2002-06-26,973.530029296875,977.4299926757812,952.9199829101562,976.1400146484375,2014290000
2002-06-27,990.6400146484375,990.6699829101562,963.739990234375,973.530029296875,1908600000
2002-06-28,989.8200073242188,1001.7899780273438,988.3099975585938,990.6400146484375,2117000000
2002-07-01,968.6500244140625,994.4600219726562,967.4299926757812,989.8200073242188,1425500000
2002-07-02,948.0900268554688,968.6500244140625,945.5399780273438,968.6500244140625,1823000000
2002-07-03,953.989990234375,954.2999877929688,934.8699951171875,948.0900268554688,1527800000
2002-07-05,989.030029296875,989.0700073242188,953.989990234375,953.989990234375,699400000
2002-07-08,976.97998046875,993.5599975585938,972.9099731445312,989.030029296875,1184400000
2002-07-09,952.8300170898438,979.6300048828125,951.7100219726562,976.97998046875,1348900000
2002-07-10,920.469970703125,956.3400268554688,920.2899780273438,952.8300170898438,1816900000
2002-07-11,927.3699951171875,929.1599731445312,900.9400024414062,920.469970703125,2080480000
2002-07-12,921.3900146484375,934.3099975585938,913.7100219726562,927.3699951171875,1607400000
2002-07-15,917.9299926757812,921.3900146484375,876.4600219726562,921.3900146484375,2574800000
2002-07-16,900.9400024414062,918.6500244140625,897.1300048828125,917.9299926757812,1843700000
2002-07-17,906.0399780273438,926.52001953125,895.030029296875,901.0499877929688,2566500000
2002-07-18,881.5599975585938,907.7999877929688,880.5999755859375,905.4500122070312,1736300000
2002-07-19,847.75,881.5599975585938,842.0700073242188,881.5599975585938,2654100000
2002-07-22,819.8499755859375,854.1300048828125,813.260009765625,847.760009765625,2248060000
2002-07-23,797.7000122070312,827.6900024414062,796.1300048828125,819.8499755859375,2441020000
2002-07-24,843.4299926757812,844.3200073242188,775.6799926757812,797.7100219726562,2775560000
2002-07-25,838.6799926757812,853.8300170898438,816.1099853515625,843.4199829101562,2424700000
2002-07-26,852.8400268554688,852.8499755859375,835.9199829101562,838.6799926757812,1796100000
2002-07-29,898.9600219726562,898.9600219726562,852.8400268554688,852.8400268554688,1778650000
2002-07-30,902.780029296875,909.8099975585938,884.7000122070312,898.9600219726562,1826090000
2002-07-31,911.6199951171875,911.6400146484375,889.8800048828125,902.780029296875,2049360000
2002-08-01,884.6599731445312,911.6199951171875,882.47998046875,911.6199951171875,1672200000
2002-08-02,864.239990234375,884.719970703125,853.9500122070312,884.4000244140625,1538100000
2002-08-05,834.5999755859375,864.239990234375,833.4400024414062,864.239990234375,1425500000
2002-08-06,859.5700073242188,874.4400024414062,834.5999755859375,834.5999755859375,1514100000
2002-08-07,876.77001953125,878.739990234375,854.1500244140625,859.5700073242188,1490400000
2002-08-08,905.4600219726562,905.8400268554688,875.1699829101562,876.77001953125,1646700000
2002-08-09,908.6400146484375,913.9500122070312,890.77001953125,898.72998046875,1294900000
2002-08-12,903.7999877929688,908.6400146484375,892.3800048828125,908.6400146484375,1036500000
2002-08-13,884.2100219726562,911.7100219726562,883.6199951171875,903.7999877929688,1297700000
2002-08-14,919.6199951171875,920.2100219726562,876.2000122070312,884.2100219726562,1533800000
2002-08-15,930.25,933.2899780273438,918.1699829101562,919.6199951171875,1505100000
2002-08-16,928.77001953125,935.3800048828125,916.2100219726562,930.25,1265300000
2002-08-19,950.7000122070312,951.1699829101562,927.2100219726562,928.77001953125,1299800000
2002-08-20,937.4299926757812,950.7000122070312,931.8599853515625,950.7000122070312,1308500000
2002-08-21,949.3599853515625,951.5900268554688,931.3200073242188,937.4299926757812,1353100000
2002-08-22,962.7000122070312,965.0,946.4299926757812,949.3599853515625,1373000000
2002-08-23,940.8599853515625,962.7000122070312,937.1699829101562,962.7000122070312,1071500000
2002-08-26,947.9500122070312,950.7999877929688,930.4199829101562,940.8599853515625,1016900000
2002-08-27,934.8200073242188,955.8200073242188,930.3599853515625,947.9500122070312,1307700000
2002-08-28,917.8699951171875,934.8200073242188,913.2100219726562,934.8200073242188,1146600000
2002-08-29,917.7999877929688,924.5900268554688,903.3300170898438,917.8699951171875,1271100000
2002-08-30,916.0700073242188,928.1500244140625,910.1699829101562,917.7999877929688,929900000
2002-09-03,878.02001953125,916.0700073242188,877.510009765625,916.0700073242188,1289800000
2002-09-04,893.4000244140625,896.0999755859375,875.72998046875,878.02001953125,1372100000
2002-09-05,879.1500244140625,893.4000244140625,870.5,893.4000244140625,1401300000
2002-09-06,893.9199829101562,899.0700073242188,879.1500244140625,879.1500244140625,1184500000
2002-09-09,902.9600219726562,907.3400268554688,882.9199829101562,893.9199829101562,1130600000
2002-09-10,909.5800170898438,909.8900146484375,900.5,902.9600219726562,1186400000
2002-09-11,909.4500122070312,924.02001953125,908.469970703125,910.6300048828125,846600000
2002-09-12,886.9099731445312,909.4500122070312,884.8400268554688,909.4500122070312,1191600000
2002-09-13,889.8099975585938,892.75,877.0499877929688,886.9099731445312,1271000000
2002-09-16,891.0999755859375,891.8400268554688,878.9099731445312,889.8099975585938,1001400000
2002-09-17,873.52001953125,902.6799926757812,872.3800048828125,891.0999755859375,1448600000
2002-09-18,869.4600219726562,878.4500122070312,857.3900146484375,873.52001953125,1501000000
2002-09-19,843.3200073242188,869.4600219726562,843.0900268554688,869.4600219726562,1524000000
2002-09-20,845.3900146484375,849.3200073242188,839.0900268554688,843.3200073242188,1792800000
2002-09-23,833.7000122070312,845.3900146484375,825.760009765625,845.3900146484375,1381100000
2002-09-24,819.2899780273438,833.7000122070312,817.3800048828125,833.7000122070312,1670240000
2002-09-25,839.6599731445312,844.219970703125,818.4600219726562,819.27001953125,1651500000
2002-09-26,854.9500122070312,856.5999755859375,839.6599731445312,839.6599731445312,1650000000
2002-09-27,827.3699951171875,854.9500122070312,826.8400268554688,854.9500122070312,1507300000
2002-09-30,815.280029296875,827.3699951171875,800.2000122070312,827.3699951171875,1721870000
2002-10-01,847.9099731445312,847.9299926757812,812.8200073242188,815.280029296875,1780900000
2002-10-02,827.9099731445312,851.9299926757812,826.5,843.77001953125,1668900000
2002-10-03,818.9500122070312,840.02001953125,817.25,827.9099731445312,1674500000
2002-10-04,800.5800170898438,825.9000244140625,794.0999755859375,818.9500122070312,1835930000
2002-10-07,785.280029296875,808.2100219726562,782.9600219726562,800.5800170898438,1576500000
2002-10-08,798.5499877929688,808.8599853515625,779.5,785.280029296875,1938430000
2002-10-09,776.760009765625,798.5499877929688,775.7999877929688,798.5499877929688,1885030000
2002-10-10,803.9199829101562,806.510009765625,768.6300048828125,776.760009765625,2090230000
2002-10-11,835.3200073242188,843.27001953125,803.9199829101562,803.9199829101562,1854130000
2002-10-14,841.4400024414062,844.3900146484375,828.3699951171875,835.3200073242188,1200300000
2002-10-15,881.27001953125,881.27001953125,841.4400024414062,841.4400024414062,1956000000
2002-10-16,860.02001953125,881.27001953125,856.280029296875,881.27001953125,1585000000
2002-10-17,879.2000122070312,885.3499755859375,860.02001953125,860.02001953125,1780390000
2002-10-18,884.3900146484375,886.6799926757812,866.5800170898438,879.2000122070312,1423100000
2002-10-21,899.719970703125,900.6900024414062,873.0599975585938,884.3900146484375,1447000000
2002-10-22,890.1599731445312,899.719970703125,882.4000244140625,899.719970703125,1549200000
2002-10-23,896.1400146484375,896.1400146484375,873.8200073242188,890.1599731445312,1593900000
2002-10-24,882.5,902.9400024414062,879.0,896.1400146484375,1700570000
2002-10-25,897.6500244140625,897.7100219726562,877.030029296875,882.5,1340400000
2002-10-28,890.22998046875,907.4400024414062,886.1500244140625,897.6500244140625,1382600000
2002-10-29,882.1500244140625,890.6400146484375,867.9099731445312,890.22998046875,1529700000
2002-10-30,890.7100219726562,895.280029296875,879.1900024414062,882.1500244140625,1422300000
2002-10-31,885.760009765625,898.8300170898438,879.75,890.7100219726562,1641300000
2002-11-01,900.9600219726562,903.4199829101562,877.7100219726562,885.760009765625,1450400000
2002-11-04,908.3499755859375,924.5800170898438,900.9600219726562,900.9600219726562,1645900000
2002-11-05,915.3900146484375,915.8300170898438,904.9099731445312,908.3499755859375,1354100000
2002-11-06,923.760009765625,925.6599731445312,905.0,915.3900146484375,1674000000
2002-11-07,902.6500244140625,923.760009765625,898.6799926757812,923.760009765625,1466900000
2002-11-08,894.739990234375,910.1099853515625,891.6199951171875,902.6500244140625,1446500000
2002-11-11,876.1900024414062,894.739990234375,874.6300048828125,894.739990234375,1113000000
2002-11-12,882.9500122070312,894.2999877929688,876.1900024414062,876.1900024414062,1377100000
2002-11-13,882.530029296875,892.510009765625,872.0499877929688,882.9500122070312,1463400000
2002-11-14,904.27001953125,904.27001953125,882.530029296875,882.530029296875,1519000000
2002-11-15,909.8300170898438,910.2100219726562,895.3499755859375,904.27001953125,1400100000
2002-11-18,900.3599853515625,915.9099731445312,899.47998046875,909.8300170898438,1282600000
2002-11-19,896.739990234375,905.4500122070312,893.0900268554688,900.3599853515625,1337400000
2002-11-20,914.1500244140625,915.010009765625,894.9299926757812,896.739990234375,1517300000
2002-11-21,933.760009765625,935.1300048828125,914.1500244140625,914.1500244140625,2415100000
2002-11-22,930.5499877929688,937.280029296875,928.4099731445312,933.760009765625,1626800000
2002-11-25,932.8699951171875,937.1500244140625,923.3099975585938,930.5499877929688,1574000000
2002-11-26,913.3099975585938,932.8699951171875,912.0999755859375,932.8699951171875,1543600000
2002-11-27,938.8699951171875,940.4099731445312,913.3099975585938,913.3099975585938,1350300000
2002-11-29,936.3099975585938,941.8200073242188,935.5800170898438,938.8699951171875,643460000
2002-12-02,934.530029296875,954.280029296875,927.719970703125,936.3099975585938,1612000000
2002-12-03,920.75,934.530029296875,918.72998046875,934.530029296875,1488400000
2002-12-04,917.5800170898438,925.25,909.510009765625,920.75,1588900000
2002-12-05,906.5499877929688,921.489990234375,905.9000244140625,917.5800170898438,1250200000
2002-12-06,912.22998046875,915.47998046875,895.9600219726562,906.5499877929688,1241100000
2002-12-09,892.0,912.22998046875,891.969970703125,912.22998046875,1320800000
2002-12-10,904.4500122070312,904.9500122070312,892.0,892.0,1286600000
2002-12-11,904.9600219726562,909.9400024414062,896.47998046875,904.4500122070312,1285100000
2002-12-12,901.5800170898438,908.3699951171875,897.0,904.9600219726562,1255300000
2002-12-13,889.47998046875,901.5800170898438,888.47998046875,901.5800170898438,1330800000
2002-12-16,910.4000244140625,910.4199829101562,889.47998046875,889.47998046875,1271600000
2002-12-17,902.989990234375,911.219970703125,901.739990234375,910.4000244140625,1251800000
2002-12-18,891.1199951171875,902.989990234375,887.8200073242188,902.989990234375,1446200000
2002-12-19,884.25,899.1900024414062,880.3200073242188,890.02001953125,1385900000
2002-12-20,895.760009765625,897.7899780273438,884.25,884.25,1782730000
2002-12-23,897.3800048828125,902.4299926757812,892.260009765625,895.739990234375,1112100000
2002-12-24,892.469970703125,897.3800048828125,892.2899780273438,897.3800048828125,458310000
2002-12-26,889.6599731445312,903.8900146484375,887.47998046875,892.469970703125,721100000
2002-12-27,875.4000244140625,890.4600219726562,873.6199951171875,889.6599731445312,758400000
2002-12-30,879.3900146484375,882.0999755859375,870.22998046875,875.4000244140625,1057800000
