Price,Close,High,Low,Open,Volume
Ticker,CSCO,CSCO,CSCO,CSCO,CSCO
Date,,,,,
1995-01-03,1.2155425548553467,1.2511631017596012,1.21331644742485,1.2467101990027494,41986800
1995-01-04,1.2244476079940796,1.2378057040982158,1.2066372972634023,1.2244476079940796,54977400
1995-01-05,1.2155425548553467,1.2467101990027494,1.21109026356148,1.2333528665239106,47637000
1995-01-06,1.2155425548553467,1.228900575230044,1.1977329310826412,1.21109026356148,36253800
1995-01-09,1.2422581911087036,1.2556156022458327,1.2110904653357157,1.2110904653357157,56772000
1995-01-10,1.2600682973861694,1.2823308239435685,1.2467102005618933,1.251163103324314,79871400
1995-01-11,1.268973469734192,1.2734257612256126,1.2422580392623837,1.2645205667797588,39054600
1995-01-12,1.268973469734192,1.2823308792385897,1.2600683517212146,1.268973469734192,41499000
1995-01-13,1.2778785228729248,1.2823307374391455,1.2600682123835485,1.2734256204108914,38547000
1995-01-16,1.3045936822891235,1.3179517052951655,1.2778788592032508,1.2778788592032508,43995600
1995-01-17,1.3001412153244019,1.3134986258567962,1.2867831933289482,1.3045935835913567,33339600
1995-01-18,1.295688271522522,1.335761110966136,1.2867830771950235,1.3045934658500202,46076400
1995-01-19,1.2734262943267822,1.300141659549708,1.2734262943267822,1.2956888311640404,39724200
1995-01-20,1.2467100620269775,1.2778784670786456,1.2378056332833183,1.2734255648110333,61133400
1995-01-23,1.2444837093353271,1.2467098160820864,1.19327966181593,1.2244472963903503,64157400
1995-01-24,1.2778785228729248,1.2867829520053662,1.233352784865918,1.2422579018941722,70263000
1995-01-25,1.2444837093353271,1.2778782149850032,1.2378053890950496,1.2778782149850032,74385000
1995-01-26,1.2066376209259033,1.2467104677627407,1.202185405105122,1.2467104677627407,61646400
1995-01-27,1.2066376209259033,1.2155428168963622,1.188827993313882,1.2155428168963622,51667200
1995-01-30,1.1598864793777466,1.2110905549436473,1.153207467583462,1.202185435183276,83066400
1995-01-31,1.1888281106948853,1.2066377400653714,1.1576604567511144,1.1665648892718716,65617200
1995-02-01,1.2199954986572266,1.2467102409465574,1.197732971378678,1.197732971378678,72684000
1995-02-02,1.264520525932312,1.268973428742904,1.2155425695252497,1.2155425695252497,49543200
1995-02-03,1.268973469734192,1.3045934831888413,1.2645205667797588,1.2823308792385897,66373200
1995-02-06,1.3045936822891235,1.3179517052951655,1.2689736633983326,1.2689736633983326,55333800
1995-02-07,1.313498616218567,1.313498616218567,1.277878753149711,1.3090464008500464,41340600
1995-02-08,1.3001412153244019,1.3179516055868106,1.2912361730589623,1.3134986258567962,46488600
1995-02-09,1.295688271522522,1.3513453156885715,1.2912360565231504,1.3045934658500202,85609800
1995-02-10,1.2489372491836548,1.3134987345160614,1.246710453402906,1.3045936915139518,163787400
1995-02-13,1.2199954986572266,1.2556154352968785,1.2155425957505632,1.2378058109249932,117383400
1995-02-14,1.228900671005249,1.2645206092225822,1.2155426495894854,1.2199955526933772,76197600
1995-02-15,1.228900671005249,1.2556154909107107,1.2155426495894854,1.2422580809579797,65197800
1995-02-16,1.2199954986572266,1.2422580259357754,1.2110903043069055,1.2333529080183299,82236600
1995-02-17,1.2021851539611816,1.215542562961976,1.1932800362839466,1.215542562961976,49010400
1995-02-21,1.1799228191375732,1.1977331338208583,1.1665647200689007,1.1888279382627727,73769400
1995-02-22,1.208864450454712,1.2155428508050738,1.1665648066314889,1.1710177104724948,68263200
1995-02-23,1.2244476079940796,1.2333528015758528,1.2066372972634023,1.2155424908451755,91218600
1995-02-24,1.197732925415039,1.2199954518392515,1.1843748286706786,1.211090257830672,69784200
1995-02-27,1.1776964664459229,1.2155425078543067,1.1621122628104459,1.188827691063857,82679400
1995-02-28,1.2021851539611816,1.2110902716384164,1.1793660430971613,1.2021851539611816,60537600
1995-03-01,1.1732436418533325,1.2066373943598752,1.171017457928055,1.1932800615095838,70790400
1995-03-02,1.2066376209259033,1.2110905246426913,1.1710176778058539,1.1732438621491341,48956400
1995-03-03,1.2244476079940796,1.2378057040982158,1.1977328680103203,1.2021850826368614,50562000
1995-03-06,1.2199954986572266,1.228900616574672,1.197732971378678,1.2199954986572266,36034200
1995-03-07,1.2244476079940796,1.2378057040982158,1.2066372972634023,1.2244476079940796,51096600
1995-03-08,1.2511632442474365,1.2689735579443153,1.2244478119185593,1.2244478119185593,60739200
1995-03-09,1.233352780342102,1.2600682077617429,1.2199953723637529,1.2467101118875834,48924000
1995-03-10,1.2378060817718506,1.2511634176228237,1.2289008854729653,1.2333531778908382,43983000
1995-03-13,1.213316559791565,1.242258099188782,1.2110903757220255,1.2378058839154633,28551600
1995-03-14,1.222221851348877,1.246710491045409,1.2155428395969659,1.2244479593008406,39015000
1995-03-15,1.2467100620269775,1.25116296429459,1.2110901304992627,1.2199953235715695,81869400
1995-03-16,1.2556155920028687,1.2689736144941137,1.2467103965411426,1.2511633000035467,88036200
1995-03-17,1.2444837093353271,1.2689730236694696,1.2378053890950496,1.2689730236694696,41711400
1995-03-20,1.2378060817718506,1.2467105137418113,1.224447981591953,1.2467105137418113,43050600
1995-03-21,1.233352780342102,1.2600682077617429,1.2199953723637529,1.2378056827878028,91911600
1995-03-22,1.2155425548553467,1.2333528665239106,1.2066373608046281,1.224447672473192,49687200
1995-03-23,1.2378060817718506,1.2422582977568308,1.2110905693080873,1.21554286172596,42674400
1995-03-24,1.295688271522522,1.3134985073117678,1.2467102377514094,1.2511631406466608,137743200
1995-03-27,1.3535715341567993,1.3580245141014393,1.2956884509100506,1.3045936464704695,108478800
1995-03-28,1.3936445713043213,1.3980975518629386,1.35357172078739,1.3580247013460074,98953200
1995-03-29,1.3268557786941528,1.4203594686502903,1.3090461562194609,1.3980970201761538,125359200
1995-03-30,1.309046745300293,1.3357615731985415,1.2511635736044278,1.326856375789452,117111600
1995-03-31,1.3580241203308105,1.3624763346556321,1.2600681440626602,1.2867828822360048,108208800
1995-04-03,1.4114549160003662,1.4159071320758312,1.344666630297387,1.3491194578360042,118423800
1995-04-04,1.3802870512008667,1.4248122673588834,1.3669290277561175,1.4070018751641138,115441200
1995-04-05,1.3936445713043213,1.3980975518629386,1.3580247013460074,1.3802871582864018,118432800
1995-04-06,1.3891921043395996,1.393644319765671,1.3669288870885234,1.3847392774504657,56395800
1995-04-07,1.398097276687622,1.415906902429879,1.3736078756905747,1.3891920816520857,67356000
1995-04-10,1.3847389221191406,1.4025491550451172,1.3758337292232892,1.3980969407615076,54775800
1995-04-11,1.4203598499298096,1.4248122185272367,1.3891921996873862,1.393644415419037,80593200
1995-04-12,1.427038550376892,1.4292653466074903,1.3980976898037267,1.4248125184753357,61065000
1995-04-13,1.4248124361038208,1.4470748939536593,1.4203600668264926,1.4248124361038208,46753200
1995-04-17,1.4426226615905762,1.4648852720600491,1.433717464536989,1.4381704452282773,80112600
1995-04-18,1.402549386024475,1.451527419987581,1.389191976645244,1.451527419987581,63477000
1995-04-19,1.375834345817566,1.3847395427043727,1.313498884804688,1.362476932651843,118823400
1995-04-20,1.391418218612671,1.4203596811166177,1.3535714085091872,1.3758340131792393,40197600
1995-04-21,1.3891921043395996,1.4114547101276131,1.3758340822694946,1.3980972995205707,35251200
1995-04-24,1.3802870512008667,1.3936444631824902,1.3624768118718786,1.3802870512008667,29368800
1995-04-25,1.4248124361038208,1.4292652639785475,1.3802872146725447,1.3802872146725447,61664400
1995-04-26,1.4515279531478882,1.4604329979154527,1.420360143595605,1.420360143595605,60633000
1995-04-27,1.4070014953613281,1.451527310963273,1.40254928067891,1.4470743319521542,37785600
1995-04-28,1.4203598499298096,1.4292650457219924,1.3713819609687965,1.407001826942871,48749400
1995-05-01,1.402549386024475,1.4248119897661127,1.3980971710076509,1.415906795403706,25718400
1995-05-02,1.460432767868042,1.4648851366846791,1.3891922680835243,1.4025496802650033,52164000
1995-05-03,1.549483299255371,1.5628407083260492,1.4693376219053171,1.4737898368192963,162291600
1995-05-04,1.5183162689208984,1.5851039527539963,1.5094110711619009,1.562841340521027,79623000
1995-05-05,1.482695460319519,1.5361257235370038,1.4737902635841458,1.5272205268016306,73762200
1995-05-08,1.5316733121871948,1.5450307234239398,1.4737900758122986,1.4826952714130834,51969600
1995-05-09,1.5361257791519165,1.5405786069795047,1.49160071105779,1.5316735627875198,55674000
1995-05-10,1.5316733121871948,1.5494835505229916,1.5005055097488802,1.5450307234239398,53127000
1995-05-11,1.558388590812683,1.5650669900339316,1.5183157496330695,1.5316731595385973,83926800
1995-05-12,1.6029138565063477,1.6118190523825435,1.5405784025676441,1.5717462059698848,122729400
1995-05-15,1.6118192672729492,1.6207243114706025,1.5895566567788162,1.5984618538422675,77889600
1995-05-16,1.6184977293014526,1.6251761280140087,1.5940083310559636,1.6162709339790344,54441000
1995-05-17,1.6162716150283813,1.6207244432207784,1.6029142005118628,1.6162716150283811,56676600
1995-05-18,1.5672932863235474,1.642986766294984,1.5628410703781557,1.6118191145562712,66331800
1995-05-19,1.587329387664795,1.589556183080902,1.5361253223545293,1.5539355583080694,51566400
1995-05-22,1.5672932863235474,1.598461702391178,1.5672932863235476,1.5895565061714765,43320600
1995-05-23,1.6964168548583984,1.7053220501775097,1.5717461076458235,1.576198323140959,134636400
1995-05-24,1.6697015762329102,1.7142266234473622,1.6518913433351126,1.7097744091707967,96859800
1995-05-25,1.6652491092681885,1.6697019359670118,1.638534289195877,1.6652491092681885,55119600
1995-05-26,1.634081244468689,1.6563438484174433,1.6296290294104443,1.6340812444686892,43209000
1995-05-30,1.558388590812683,1.6385342731719104,1.5450305694441249,1.6340812936508755,67845600
1995-05-31,1.558388590812683,1.5628408060049295,1.5049577282645112,1.558388590812683,105800400
1995-06-01,1.6006875038146973,1.629629119852933,1.5583886303974033,1.567293061008078,60739200
1995-06-02,1.6073662042617798,1.6429868378256158,1.5761985511661227,1.5895565753759178,50659200
1995-06-05,1.6251764297485352,1.6607969067703319,1.6207240612030285,1.6251764297485352,57726000
1995-06-06,1.5940090417861938,1.6474393126248343,1.5940090417861938,1.6207244829371426,71470800
1995-06-07,1.5851041078567505,1.6029143522516718,1.571746692075753,1.5895569364706743,49568400
1995-06-08,1.6162716150283813,1.6340818577372966,1.5761987600155847,1.5806515882079817,35825400
1995-06-09,1.6296288967132568,1.651891498849215,1.6118186621387496,1.6118186621387496,48643200
1995-06-12,1.651891827583313,1.6652492386573339,1.6385344165092923,1.6385344165092923,40267800
1995-06-13,1.7142280340194702,1.7147846185866802,1.6518927026138817,1.6563449205540055,66385800
1995-06-14,1.7075477838516235,1.7275842023120065,1.6830591506721653,1.6964165591580986,45628200
1995-06-15,1.7253586053848267,1.7409426601804312,1.7008698131796767,1.709775009186562,48461400
1995-06-16,1.7409429550170898,1.745395324475892,1.7186804962598567,1.7320379103678745,38941200
1995-06-19,1.7676575183868408,1.7810155419566627,1.736489866784403,1.736489866784403,40179600
1995-06-20,1.7854676246643066,1.7899204513398905,1.7453947833019436,1.7676572351565212,78431400
1995-06-21,1.7453948259353638,1.7943727103822065,1.745394825935364,1.781015300089492,45174600
1995-06-22,1.803277611732483,1.8166350198502592,1.7632047759162057,1.767656990512569,60249600
1995-06-23,1.847802996635437,1.847802996635437,1.7810153324936677,1.7943727430294096,50277600
1995-06-26,1.8144094944000244,1.8745187699325179,1.7988260497631492,1.838898900118145,59212800
1995-06-27,1.7899209260940552,1.8522563887104566,1.7854680982374143,1.8077305559968306,56131200
1995-06-28,1.7587531805038452,1.794373049935351,1.7409427871907195,1.7810156371149841,62544600
1995-06-29,1.8210879564285278,1.8255403241608357,1.7632048829223297,1.767657097788891,42341400
1995-06-30,1.801051378250122,1.8344452033535832,1.794372368644257,1.821087795604785,38995200
1995-07-03,1.7943726778030396,1.8032778726127674,1.7810152677528464,1.8032778726127674,14263200
1995-07-05,1.8555951118469238,1.8611609541535938,1.7832414548466096,1.8032778756875827,64576800
1995-07-06,1.8967809677124023,1.9056861625306851,1.856708126060288,1.8656133208785708,59810400
1995-07-07,1.968021273612976,1.9769264676050695,1.8967807917364454,1.90123361803111,81711000
1995-07-10,1.9546643495559692,1.9724747419572246,1.9234966978840133,1.9724747419572246,66632400
1995-07-11,1.9190443754196167,1.9457591982096107,1.901233984007038,1.9413068296551281,88117200
1995-07-12,1.9613436460494995,1.9635698307734553,1.9101395630088567,1.9279491936663067,50765400
1995-07-13,2.0303573608398438,2.0481669848024326,1.959116877734764,1.9635690926432265,59668200
1995-07-14,2.0615251064300537,2.079335495594919,1.9947368349577084,2.003642029540141,66675600
1995-07-17,2.052619218826294,2.0748816610778498,2.0392618146216375,2.0659766230309504,50389200
1995-07-18,1.9813802242279053,2.0526208924201974,1.9724751789203232,2.0526208924201974,69818400
1995-07-19,1.8433504104614258,1.968021129998306,1.700869304240057,1.9145908871392434,188251200
1995-07-20,1.827767014503479,1.874518879812518,1.812183568953138,1.8522564216571127,95214600
1995-07-21,1.8967809677124023,1.932401594119774,1.807730089589891,1.8166352844081737,81149400
1995-07-24,1.968021273612976,1.972474252773386,1.8700659740888914,1.8967807917364454,81633600
1995-07-25,2.0169997215270996,2.0437151561474485,1.9902848983698582,1.9902848983698582,72763200
1995-07-26,2.0570731163024902,2.06597831450602,2.0170002594169656,2.0214530878174575,53908200
1995-07-27,2.0882411003112793,2.092694082271318,2.0659786363645494,2.0704314654587463,48387600
1995-07-28,1.996963620185852,2.0926935353577254,1.9858323911215705,2.088240554561448,44438400
1995-07-31,1.985831618309021,2.0214520877694313,1.950211607445836,2.0125470468372,49611600
1995-08-01,1.9502118825912476,1.9947369406684765,1.9101390398767908,1.9947369406684765,60062400
1995-08-02,1.8967809677124023,2.012547277424003,1.883423557649377,1.959117025708863,96012000
1995-08-03,1.8611608743667603,1.878971263253064,1.8255404023256585,1.8478028534034026,101089800
1995-08-04,1.9324015378952026,1.9591169687069874,1.8789712877346532,1.8789712877346532,49966200
1995-08-07,1.9813802242279053,1.9902854224013047,1.936854539092543,1.9413073674779682,51534000
1995-08-08,1.9813802242279053,1.999190620574704,1.9680221976690808,1.9902854224013047,38498400
1995-08-09,2.0325846672058105,2.048168115887131,1.999190820397509,1.999190820397509,77592600
1995-08-10,2.074882984161377,2.083788180752515,2.030357918400427,2.030357918400427,66528000
1995-08-11,2.0837881565093994,2.1372184182398715,2.0704307439425693,2.0926933529969327,83068200
1995-08-14,2.0971457958221436,2.1238612353074613,2.0793361652504188,2.0926935792614683,57425400
1995-08-15,2.0926928520202637,2.1238604972350466,2.083787657664574,2.1015978935102018,80821800
1995-08-16,2.2129127979278564,2.2262702159117462,2.101599248915807,2.101599248915807,127222200
1995-08-17,2.1683855056762695,2.22626873272638,2.1505758816726326,2.212911323641467,115275600
1995-08-18,2.3548362255096436,2.3642978524727774,2.244635901877438,2.261889555841005,213526800
1995-08-21,2.2529847621917725,2.3598458977106658,2.2529847621917725,2.3553929172776433,87089400
1995-08-22,2.350940465927124,2.3598456615731274,2.2218167341506954,2.2618895795275034,106225200
1995-08-23,2.3598456382751465,2.3865604606205424,2.34648761563936,2.350940442717061,78076800
1995-08-24,2.3687500953674316,2.377655291022748,2.3064147958406336,2.3598456640409844,74590200
1995-08-25,2.2841527462005615,2.377655871171316,2.275247548372375,2.368750673343129,65682000
1995-08-28,2.230721950531006,2.2886044234089638,2.1906491047817247,2.2886044234089638,89424000
1995-08-29,2.23962664604187,2.23962664604187,2.1194081356446866,2.217363432393728,169023600
1995-08-30,2.288604736328125,2.31532017430146,2.2440796687910156,2.2529848657373925,107731800
1995-08-31,2.337583065032959,2.3687507230553795,2.2886050109803837,2.3019630373017215,88002000
1995-09-01,2.32867693901062,2.3687497790785836,2.3197725088731427,2.32867693901062,41205600
1995-09-05,2.42663311958313,2.42663311958313,2.32867704601362,2.333130025615741,68740200
1995-09-06,2.4756109714508057,2.502326402865483,2.4355381300603063,2.439991109604775,85811400
1995-09-07,2.502326488494873,2.5112316835597532,2.4756110561659956,2.488968466598907,72837000
1995-09-08,2.5067789554595947,2.5201369778816742,2.4466696889494743,2.5156839980094414,53834400
1995-09-11,2.5557565689086914,2.5780191729014286,2.5023263193261225,2.5112315137889705,55375200
1995-09-12,2.5423994064331055,2.5780194234170595,2.511231757814598,2.569114380954629,60379200
1995-09-13,2.5468525886535645,2.569115201923731,2.506779731901447,2.5334951735572813,59259600
1995-09-14,2.5691142082214355,2.586924291948844,2.520136783702578,2.555756645425879,43869600
1995-09-15,2.466705560684204,2.5691138328869925,2.466705560684204,2.5557562720429075,85521600
1995-09-18,2.4355385303497314,2.4711591623789317,2.413276074820609,2.4711591623789317,78346800
1995-09-19,2.5691142082214355,2.573566882019046,2.4310859064682613,2.4399911011977236,102153600
1995-09-20,2.5691142082214355,2.6314501127303975,2.560209624955005,2.6002823133416744,82429200
1995-09-21,2.5156843662261963,2.5735674570039966,2.4934219094588284,2.5557572164316764,51084000
1995-09-22,2.533493995666504,2.542399036834373,2.4622533605920593,2.4889681783641744,56413800
1995-09-25,2.4956469535827637,2.557982388754943,2.4533480884505403,2.537945971580719,61291800
1995-09-26,2.480065107345581,2.546852799828023,2.4667070796784376,2.497874740840964,51481800
1995-09-27,2.4221811294555664,2.457801150187469,2.3019625849660197,2.4488959539222632,142772400
1995-09-28,2.5245895385742188,2.5245895385742188,2.422181229518693,2.4399916227848735,100661400
1995-09-29,2.45780086517334,2.5429559633768246,2.431086043804576,2.533494336753915,85156200
1995-10-02,2.350940465927124,2.4978738246666916,2.350940465927124,2.457800979289883,96894000
1995-10-03,2.4221811294555664,2.4310863257207727,2.342035433129202,2.3509406293944077,100715400
1995-10-04,2.3754289150238037,2.413275725988962,2.3553924939317,2.3954653361159073,69229800
1995-10-05,2.4845163822174072,2.488968597820164,2.355392652059612,2.3732030431283566,98805600
1995-10-06,2.388787269592285,2.542400299666278,2.382108867563529,2.497874613113406,108603000
1995-10-09,2.2952828407287598,2.3553920937936064,2.2485309956351207,2.3553920937936064,115506000
1995-10-10,2.3153204917907715,2.346488303212501,2.1728394612321096,2.2173645348747386,200107800
1995-10-11,2.4310858249664307,2.4355380400175073,2.3197724996703757,2.368749769681519,100897200
1995-10-12,2.531268835067749,2.5340514513671746,2.4355389159186718,2.439991896899953,98620200
1995-10-13,2.5112318992614746,2.5735672000095677,2.5023267034316845,2.5646621570455546,77796000
1995-10-16,2.466705560684204,2.5090044269242715,2.462253193268578,2.493420988103845,43684200
1995-10-17,2.609187364578247,2.6136400389135943,2.47561126189379,2.4845164576987084,71947800
1995-10-18,2.698237895965576,2.7472157812984634,2.63590260009833,2.6492600106326893,118002600
1995-10-19,2.75166916847229,2.7561215373991677,2.6403556650582947,2.68042851405807,105859800
1995-10-20,2.7205018997192383,2.7961949379919675,2.7026918090352594,2.74276466594003,83730600
1995-10-23,2.6848807334899902,2.720501211579529,2.667070341579442,2.6893331021689586,72860400
1995-10-24,2.6848807334899902,2.7472160351164563,2.6759756904004948,2.7026911254005386,56923200
1995-10-25,2.6492602825164795,2.6893331296951453,2.6314505018867584,2.662618305884783,58255200
1995-10-26,2.6603922843933105,2.720501562295106,2.5913779622540196,2.653713271916491,91818000
1995-10-27,2.7205018997192383,2.7249542695244156,2.649260925520051,2.6537136010568636,57375000
1995-10-30,2.840719699859619,2.8496244370544734,2.733858573279634,2.747215984803468,89449200
1995-10-31,2.7605741024017334,2.8986024253573666,2.7605741024017334,2.894150056607346,83694600
1995-11-01,2.858530044555664,2.862983025495683,2.7338591132312504,2.756121877810057,77632200
1995-11-02,2.8941500186920166,2.8986023873837077,2.8095516505027365,2.871887563770443,81669600
1995-11-03,3.001012086868286,3.009916827038903,2.894150924577722,2.903056276211648,109521000
1995-11-06,2.9809751510620117,3.0544418437158996,2.956486049689647,2.9787485077999025,78199200
1995-11-07,2.9698429107666016,2.980974596347695,2.8451720067684514,2.9609381737648186,114705000
1995-11-08,2.99210524559021,3.027725102094385,2.9475794313327097,2.99210524559021,83431800
1995-11-09,3.085608720779419,3.0989661304682796,3.0188204494090742,3.0277254911121516,90444600
1995-11-10,3.130134344100952,3.183565212863108,3.0277258923471058,3.0277258923471058,197380800
1995-11-13,3.0410842895507812,3.143492753908554,3.0410842895507812,3.1167773162394723,87589800
1995-11-14,2.8852453231811523,3.0188212917295862,2.876340278993363,3.0188212917295862,115776000
1995-11-15,2.8451716899871826,2.9253173713952725,2.765026008579093,2.9030549199064235,158531400
1995-11-16,2.9030559062957764,2.956486174901163,2.83626761194162,2.84072028719121,128300400
1995-11-17,2.8496248722076416,2.9342232515244646,2.8407201336529853,2.9075078129341,76438800
1995-11-20,2.8229098320007324,2.9386753989837984,2.785063014476414,2.8674347443395662,102452400
1995-11-21,2.809551477432251,2.8763397552774403,2.689332944188758,2.822909499879137,128356200
1995-11-22,2.698237895965576,2.8629822479607956,2.698237895965576,2.8273614674307384,85557600
1995-11-24,2.80509877204895,2.80509877204895,2.6937852947435075,2.7026906419716656,33019200
1995-11-27,2.778383493423462,2.8941496506594926,2.778383493423462,2.836266724907237,80699400
1995-11-28,2.99210524559021,2.99210524559021,2.778383049250446,2.7828360281271087,90514800
1995-11-29,3.0366320610046387,3.0767049176663837,2.9832017892767344,3.0054642496308777,124893000
1995-11-30,2.996558904647827,3.041084432366246,2.960938727058374,3.0321793879688825,96620400
1995-12-01,2.920865535736084,3.0499888173920726,2.8852450565451493,3.0499888173920726,101660400
1995-12-04,3.0366320610046387,3.054442151580607,2.9030560759532444,2.929770906085563,107447400
1995-12-05,2.9253175258636475,3.054441096535861,2.8696606298738403,3.0366310121117337,104324400
1995-12-06,2.8429465293884277,2.9787485339682997,2.7783842690945755,2.94312866182529,123152400
1995-12-07,2.827362060546875,2.8585298678845588,2.729406269332208,2.8585298678845588,107105400
1995-12-08,2.8451716899871826,2.8807921626860624,2.773931050320935,2.8362666482453407,89983800
1995-12-11,2.8451716899871826,2.8763394889493856,2.8229092384983336,2.85852909973419,60426000
1995-12-12,2.7605741024017334,2.8763399701441394,2.7605741024017334,2.85852957794937,85159800
1995-12-13,2.7472164630889893,2.8056561423075523,2.724954004762894,2.778384271623449,101739600
1995-12-14,2.595830202102661,2.765026645643694,2.5830292207576253,2.7472162523249675,187308000
1995-12-15,2.6359028816223145,2.671523360225238,2.5357206103913756,2.600282708750953,173307600
1995-12-18,2.5245895385742188,2.6269976947639537,2.47561149212249,2.6269976947639537,183751200
1995-12-19,2.7872891426086426,2.805099536185179,2.5423998232774045,2.555757236295324,147870000
1995-12-20,2.6359028816223145,2.8407197928273304,2.6269975326729114,2.83181474960949,145337400
1995-12-21,2.6848807334899902,2.698238145258454,2.6359028436319876,2.6804283648110214,122274000
1995-12-22,2.7294061183929443,2.7338587930799156,2.649260419880075,2.680428531225721,80848800
1995-12-26,2.756122350692749,2.7961952115174715,2.6759766290433045,2.7294069063218243,58204800
1995-12-27,2.733858346939087,2.78728860007395,2.7205009365211343,2.75612110527771,66178800
1995-12-28,2.6848807334899902,2.7115961684900336,2.667070341579442,2.698238145258454,69967800
1995-12-29,2.6581649780273438,2.6982378199647563,2.649259936011421,2.680428041664432,65304000
1996-01-02,2.7205018997192383,2.733859314866405,2.60918806861528,2.6537136010568636,88333200
1996-01-03,2.6136393547058105,2.711595412856192,2.573566519104305,2.693785025908822,100152000
1996-01-04,2.5156843662261963,2.6180926762703165,2.426633621961972,2.6136403072094767,213451200
1996-01-05,2.5468525886535645,2.578020247231798,2.4355390637052787,2.471159703534997,157420800
1996-01-08,2.522362470626831,2.560209275546772,2.5112312462492294,2.551304082032659,26875800
1996-01-09,2.32867693901062,2.5156837298154544,2.3242247239418816,2.5112315147467155,172508400
1996-01-10,2.3776557445526123,2.457801450677568,2.275247427207282,2.279700408048766,219997800
1996-01-11,2.5156843662261963,2.5201373467502046,2.444443862534292,2.4533490592533482,116902800
1996-01-12,2.5156843662261963,2.5869248699181004,2.439991646339244,2.5513050002366287,140331600
1996-01-15,2.3954648971557617,2.5290408094714754,2.3197722062904225,2.5201363804954595,128728800
1996-01-16,2.439990997314453,2.4578006216863386,2.3153194993359683,2.4266329764903443,173880000
1996-01-17,2.4845163822174072,2.5646620719663558,2.382108085796957,2.4043706924684587,169282800
1996-01-18,2.5245895385742188,2.564662388392857,2.488968904907649,2.529041754726287,98676000
1996-01-19,2.698237895965576,2.7071429382323258,2.5067788757674028,2.5423993505659306,142225200
1996-01-22,2.7717056274414062,2.791742052190469,2.653713110572364,2.698238329052738,109879200
1996-01-23,2.773932695388794,2.800648142189303,2.742765183674355,2.7561226013429168,81111600
1996-01-24,2.876339912414551,2.8807925868067663,2.751669003942749,2.773931458709157,103264200
1996-01-25,2.8229098320007324,2.940902042051789,2.8050994390409922,2.9164129428143815,126628200
1996-01-26,2.889697551727295,2.889697551727295,2.7694790024474636,2.809551852207407,85789800
1996-01-29,2.889697551727295,2.9208656634645633,2.862982726196107,2.8986025954815515,50391000
1996-01-30,2.9297704696655273,2.9520335381666203,2.89415029381959,2.9119606874741466,64378800
1996-01-31,2.965390920639038,3.0010114018489458,2.898602633019805,2.934223114229713,95049000
1996-02-01,3.0544421672821045,3.0588945370831673,2.9564863628791,2.9653914082128607,79887600
1996-02-02,3.009915828704834,3.063346697859728,3.0010110914877557,3.058893717788082,80098200
1996-02-05,3.125682830810547,3.125682830810547,3.009916630188878,3.0143693057146335,111420000
1996-02-06,3.1880180835723877,3.1880180835723877,3.1167777224542004,3.134587812733747,98733600
1996-02-07,3.159075975418091,3.1969227918189396,3.1167770959397227,3.188017442737634,84555000
1996-02-08,3.165754795074463,3.210280009120571,3.1301343181060277,3.1746598378836843,88594200
1996-02-09,3.2503528594970703,3.339403593454239,3.2058276453842605,3.241448122406057,182057400
1996-02-12,3.2058277130126953,3.299330817487862,3.1969226700022775,3.2726159941881634,85701600
1996-02-13,3.214733123779297,3.232543517569146,3.1256823777564136,3.1568501847241612,120457800
1996-02-14,3.1523964405059814,3.2236370673955785,3.08560818082304,3.2191840887260095,126838800
1996-02-15,3.167980670928955,3.2058274831742883,3.125681796094931,3.1434921865704255,82531800
1996-02-16,3.170208215713501,3.2108381175857796,3.143493384151506,3.170208215713501,62105400
1996-02-20,3.2503528594970703,3.277068293696305,3.1078715628729814,3.1078715628729814,54397800
1996-02-21,3.361666679382324,3.375024090830952,3.232543099079103,3.32159383357334,70398000
1996-02-22,3.5219595432281494,3.553127359263621,3.366120463050791,3.428455789390055,95496300
1996-02-23,3.535315752029419,3.633271842833227,3.4373599669571857,3.58874601348796,105448500
1996-02-26,3.56203031539917,3.597650480973987,3.4551692072117204,3.5175048026991496,56470500
1996-02-27,3.472980260848999,3.5976511699683678,3.446264825820053,3.5887458211376804,55198800
1996-02-28,3.4017393589019775,3.5620307343022923,3.383929274020062,3.517505216365967,57553200
1996-02-29,3.3839290142059326,3.4551693482638464,3.2859729434132765,3.3572135832027024,73582200
1996-03-01,3.2414491176605225,3.3750251067436694,3.0010119704328866,3.3483096643417256,169594200
1996-03-04,3.1434924602508545,3.285973456338832,3.0722518093410858,3.2770684131915555,92493900
1996-03-05,3.3483095169067383,3.3483095169067383,3.116777731162473,3.1256827763271273,78426900
1996-03-06,3.2770678997039795,3.4017390956940896,3.2681625522205326,3.3750236647067733,50992200
1996-03-07,3.2414491176605225,3.2948793910011243,3.161303401917977,3.285974345444357,47701800
1996-03-08,3.134587287902832,3.2058279428246665,2.983201240141958,3.063346938712575,116209800
1996-03-11,3.268162488937378,3.2770678362483863,3.143491906824354,3.1791117674108547,62648100
1996-03-12,3.232544183731079,3.2859744589167534,3.1434934193566355,3.232544183731079,62693100
1996-03-13,3.285973072052002,3.3483083667929683,3.2414478615227402,3.285973072052002,59913900
1996-03-14,3.2726168632507324,3.3839303890382486,3.250353791215265,3.303784674929768,61593300
1996-03-15,3.3839290142059326,3.3928340559631716,3.2592575124100467,3.2859729434132765,64646100
1996-03-18,3.4640748500823975,3.481884934390342,3.4106439856955113,3.4640748500823975,40056300
1996-03-19,3.4551708698272705,3.508601143899948,3.3483097102186226,3.508601143899948,54537300
1996-03-20,3.2770678997039795,3.4462643044537633,3.1613020511973153,3.4373592627018286,87156000
1996-03-21,3.1880180835723877,3.2770691464333783,3.1523982087449225,3.2637117315895328,98397000
1996-03-22,3.1880180835723877,3.2592587504222035,3.125682767593974,3.2236388755947383,54128700
1996-03-25,3.0811572074890137,3.268163440859605,3.054441769237562,3.2325435698980582,77742000
1996-03-26,3.058893918991089,3.0633468993556354,2.8852451114734574,3.0188210702206244,146252700
1996-03-27,3.2013750076293945,3.2102797439715927,3.072251438963155,3.11677664933176,81568800
1996-03-28,3.285973072052002,3.3215935462069353,3.1523971347326927,3.1791119553187257,67271400
1996-03-29,3.303783655166626,3.368344984910297,3.294878306808556,3.294878306808556,53283600
1996-04-01,3.366119623184204,3.392835062109909,3.3126893567959996,3.3215944011940337,46024200
1996-04-02,3.410644769668579,3.4284548580703627,3.3839299427975003,3.401740031199284,46604700
1996-04-03,3.4818859100341797,3.490790648951784,3.3394042784518967,3.4017402024596284,51848100
1996-04-04,3.4551708698272705,3.5353165866679332,3.4284554270592853,3.464076221237697,52729200
1996-04-08,3.303783655166626,3.4017394297899752,3.2503527879443745,3.26816287319743,85417200
1996-04-09,3.2592573165893555,3.3572133814966754,3.223637457432001,3.3572133814966754,53234100
1996-04-10,3.294879913330078,3.3928360414465364,3.241449631519309,3.241449631519309,58110300
1996-04-11,3.392834186553955,3.392834186553955,3.179111953227958,3.254805269675209,65956500
1996-04-12,3.2592573165893555,3.379475831686458,3.241447539876425,3.3572133814966754,61629300
1996-04-15,3.156848907470703,3.259257025237408,3.1167760726871983,3.23254220969036,96246900
1996-04-16,3.285973072052002,3.3394033246871158,3.1523971347326927,3.170206913212873,81981000
1996-04-17,3.268162488937378,3.3037832667183973,3.2280896489638673,3.2592574473578764,50190300
1996-04-18,3.285973072052002,3.357213714630345,3.2637106196531334,3.2770680299461494,44187300
1996-04-19,3.4017393589019775,3.419549138052358,3.259257762652043,3.294878238147411,78776100
1996-04-22,3.339402675628662,3.4551688119670634,3.3126878602350183,3.3839284889667733,132106500
1996-04-23,3.4640748500823975,3.4907896708127883,3.339403342732206,3.357213732771677,107806500
1996-04-24,3.6644392013549805,3.6777966122249537,3.4640749809900107,3.508599887710946,130923000
1996-04-25,3.65108060836792,3.695606119592713,3.5976503617759557,3.6867010784940524,83741400
1996-04-26,3.731229066848755,3.7401341145890648,3.624368493965039,3.6421785894456584,54455400
1996-04-29,3.7045116424560547,3.722321725499686,3.677796212159103,3.7134166839778704,42867900
1996-04-30,3.6956067085266113,3.7134170992936957,3.6599862327239805,3.686701666008838,29516400
1996-05-01,3.7223217487335205,3.7401315261568118,3.6688908878061146,3.6956063182698173,48959100
1996-05-02,3.579840898513794,3.7223225100895854,3.562031117447727,3.7223225100895854,55278000
1996-05-03,3.606555223464966,3.713416322796022,3.5709347551107893,3.633270651163467,51748200
1996-05-06,3.6599864959716797,3.6688915391299557,3.5709357586573587,3.6599864959716797,54355500
1996-05-07,3.7223217487335205,3.7401315261568118,3.642176068805424,3.6867012766924185,59258700
1996-05-08,3.757941484451294,3.757941484451294,3.5976501429615775,3.704511241109036,68562000
1996-05-09,3.757941484451294,3.855897236310238,3.722321322223122,3.811371727793552,100045800
1996-05-10,3.9182329177856445,3.928251126863582,3.846992285927926,3.9004225305226066,126325800
1996-05-13,3.9093286991119385,3.9538545272492938,3.8737088315041266,3.9182340481783493,56826000
1996-05-14,3.9983787536621094,4.00728379479148,3.891517648646676,3.944948506885883,81181800
1996-05-15,3.9449493885040283,4.069619992176635,3.936044039652997,3.980569255250357,72589500
1996-05-16,3.9805691242218018,3.998379515606039,3.8826136531320143,3.9271388672637357,55481400
1996-05-17,3.9894747734069824,4.0340006057692674,3.9627599465991215,4.025095561589448,47204100
1996-05-20,4.007284641265869,4.02509503301826,3.98056920650306,4.02509503301826,44971200
1996-05-21,3.927138328552246,4.016189050331563,3.918233286947465,4.007284008726781,43886700
1996-05-22,3.971663236618042,3.9805682775502733,3.891517562496473,3.909327644360936,41186700
1996-05-23,4.078525543212891,4.087430586773813,3.9716644090186697,3.998379845433012,53501400
1996-05-24,4.060714244842529,4.123050147331573,4.060714244842529,4.114145105756426,38832300
1996-05-28,3.9805691242218018,4.0963352924273755,3.972777555696743,4.078525206774687,45069300
1996-05-29,3.8915176391601562,3.9983787439150897,3.873707862676321,3.9894733970759373,54611100
1996-05-30,3.873708963394165,3.9271392252223984,3.8648039197561266,3.891518744938666,45036000
1996-05-31,3.900423288345337,3.936043764060724,3.8737084665889876,3.8915182458493747,38554200
1996-06-03,3.971663236618042,3.9794551092173087,3.863689577098297,3.900422603428704,46866600
1996-06-04,3.971663236618042,3.989473318482505,3.936043072889115,3.9716632366180415,38531700
1996-06-05,4.06962251663208,4.06962251663208,3.9182363839621277,3.980571724466094,42633900
1996-06-06,3.9627604484558105,4.105241784840395,3.9627604484558105,4.096336433801179,52195500
1996-06-07,3.9805691242218018,3.989474167048146,3.846993176095088,3.8648035674793255,47823300
1996-06-10,3.9894747734069824,4.016190211678034,3.9716646850473447,3.9894747734069824,23925600
1996-06-11,4.056262969970703,4.060715339092313,3.971664593612635,3.9894746815622533,34408800
1996-06-12,4.0518107414245605,4.105241622622004,4.034000957244783,4.06962083133596,36498600
1996-06-13,3.9805691242218018,4.078525206774687,3.9716640813954576,4.069619858216794,32416200
1996-06-14,3.9360435009002686,3.9805687104031637,3.9004230275664358,3.971663668502585,45841500
1996-06-17,3.873708963394165,3.9538546618680916,3.873708963394165,3.9449496182300527,34146000
1996-06-18,3.766847848892212,3.918234203030632,3.731227368413512,3.8826140282835113,60992100
1996-06-19,3.80246901512146,3.846994241585196,3.7401330866089624,3.7846589245359654,70388100
1996-06-20,3.731229066848755,3.829184897723879,3.544222758570535,3.829184897723879,111562200
1996-06-21,3.9093286991119385,3.9182340481783493,3.7134174400137923,3.784658092424115,67581900
1996-06-24,3.8469929695129395,3.9304778561761395,3.8380879271647927,3.9093282659499664,41436000
1996-06-25,3.873708963394165,3.900423788576705,3.8069206775115085,3.851445895701703,56159100
1996-06-26,3.80246901512146,3.9004245133416786,3.7223233017551016,3.882614728487818,63302400
1996-06-27,3.9093286991119385,3.9360441348480384,3.784658092424115,3.8113729166970822,58834800
1996-06-28,4.033999919891357,4.0696197848227955,3.9271387964393267,3.936043839105072,58209300
1996-07-01,4.158669471740723,4.212099710375057,4.033998609195834,4.042903648968223,59900400
1996-07-02,4.185385704040527,4.212100522778838,4.131954843637893,4.194290745530465,54066600
1996-07-03,4.087430477142334,4.194291608470367,4.078525433820259,4.194291608470367,44220600
1996-07-05,3.9894747734069824,4.060715432577128,3.9538549024193026,4.042905649949086,35375400
1996-07-08,4.0518107414245605,4.06962083133596,3.989475121003039,4.007285516646061,51425100
1996-07-09,4.096336841583252,4.176482563061471,4.07407437896393,4.149767118747621,87405300
1996-07-10,4.123050212860107,4.158670379726816,4.025094448245148,4.096334781978565,73458900
1996-07-11,3.900423288345337,4.096335140451123,3.7401319119549385,4.060714664735736,154605600
1996-07-12,3.9449493885040283,3.980569255250357,3.749037216949409,3.971664212130885,122734800
1996-07-15,3.6956067085266113,3.9360437737011007,3.5976509350995687,3.90042329789847,113103000
1996-07-16,3.6867008209228516,3.7312260233054038,3.3126878979835412,3.668890434238363,204732900
1996-07-17,3.811372756958008,3.864803626190858,3.7045122414185223,3.8113727569580083,107568900
1996-07-18,3.838088274002075,3.8915185329192985,3.7401321878573794,3.8202778819647745,77853600
1996-07-19,3.6867008209228516,3.8380871204864655,3.6332705780637893,3.802466958580424,75823200
1996-07-22,3.606555223464966,3.6777958544418454,3.544219938875237,3.6777958544418454,67159800
1996-07-23,3.3572144508361816,3.642177083639202,3.330499012928654,3.642177083639202,117464400
1996-07-24,3.499694347381592,3.5620302474107155,3.188016681624936,3.1969220285801634,153629100
1996-07-25,3.5219595432281494,3.6243680379544596,3.4907914214609987,3.57872902434768,87380100
1996-07-26,3.6599864959716797,3.677796888019792,3.5531259780723667,3.5709357586573587,67193100
1996-07-29,3.56203031539917,3.757941837523662,3.553125274005466,3.6688908121236206,61980300
1996-07-30,3.6421759128570557,3.6510806483216713,3.5620302363605862,3.6332708716609474,63706500
1996-07-31,3.6867008209228516,3.7134162480838513,3.588744764218301,3.668890434238363,53019900
1996-08-01,3.8291831016540527,3.8826139744977137,3.7045124917661902,3.722322578893028,69657300
1996-08-02,3.9805691242218018,4.025094949816621,3.8648035674793255,3.9093284758794984,80790300
1996-08-05,3.9583077430725098,4.060715916202898,3.9360449771057,4.025096040972939,42917400
1996-08-06,4.078525543212891,4.078525543212891,3.882613973409442,3.9182341476531333,53190000
1996-08-07,4.087430477142334,4.13195569375271,4.016189824834168,4.1230509561622,63046800
1996-08-08,4.176482677459717,4.18538802962937,4.016191230112726,4.078526860910261,77878800
1996-08-09,4.158669471740723,4.229909789919835,4.096333887602556,4.131954046692112,44862300
1996-08-12,4.167576313018799,4.212101531127526,4.123051094910072,4.149765920043731,42203700
1996-08-13,4.0518107414245605,4.150879710504796,3.9983804716903606,4.131956451757482,72036900
1996-08-14,4.033999919891357,4.078525133220085,3.998379443496833,4.06071474215705,51336000
1996-08-15,4.114147186279297,4.167577462749855,4.0429065119202265,4.051811252266992,89188200
1996-08-16,3.9894747734069824,4.225459819964359,3.9716646850473447,4.105241264939413,109000800
1996-08-19,3.9894747734069824,4.060715432577128,3.9627599465991215,4.016190211678034,40266900
1996-08-20,3.9182329177856445,4.016188671940703,3.9004225305226066,4.016188671940703,52268400
1996-08-21,4.007284641265869,4.016189684276288,3.864803647367626,3.8915184706673247,55157400
1996-08-22,4.105238437652588,4.123048513746387,4.002830041516169,4.0518075979084225,46675800
1996-08-23,4.0518107414245605,4.158671892356203,4.016190561601761,4.105241622622004,38758500
1996-08-26,3.927138328552246,4.042904480877413,3.909327939611177,4.042904480877413,44099100
1996-08-27,3.9182329177856445,3.998378590409143,3.8737077139567444,3.953853386580243,41435100
1996-08-28,3.8826136589050293,3.9894741729800502,3.8558982246547244,3.9360439159425398,49484700
1996-08-29,3.8469929695129395,3.9271386563777924,3.820277536736967,3.855898011861086,51148800
1996-08-30,3.757941484451294,3.8648025825987524,3.7312260570486937,3.855897236310238,41520600
1996-09-03,3.8291831016540527,3.8469934945124646,3.633271837527266,3.7045124917661902,63783000
1996-09-04,3.873708963394165,3.891518744938666,3.838088483110433,3.8558985703865107,42063300
1996-09-05,3.6956067085266113,3.8648034335589156,3.686701666008838,3.838088000274058,52979400
1996-09-06,3.80246901512146,3.8648046379023238,3.6956078601452265,3.749038131901709,76297500
1996-09-09,3.873708963394165,3.891518744938666,3.8113730464647397,3.8202780901027786,33679800
1996-09-10,3.873708963394165,3.9360442688604373,3.7846582212822,3.8648039197561266,49743000
1996-09-11,3.873708963394165,3.891518744938666,3.7846582212822,3.8113730464647397,46509300
1996-09-12,4.002831935882568,4.06961959997632,3.855897974242809,3.9093282278104216,61961400
1996-09-13,4.203195571899414,4.2121003072021015,4.069619039192328,4.09633446802634,94146300
1996-09-16,4.25662899017334,4.327869677267271,4.194293656481401,4.203198704151678,84052800
1996-09-17,4.247722625732422,4.345678731203046,4.203197401183611,4.336773380561663,82590300
1996-09-18,4.265532970428467,4.354583724196016,4.203197351071697,4.23881753028607,60391800
1996-09-19,4.2744364738464355,4.327866723400748,4.23102382283698,4.247721043337772,47973600
1996-09-20,4.3278679847717285,4.354583423066692,4.256627325537819,4.283342763832782,70929000
1996-09-23,4.323415756225586,4.328981294374706,4.256627464046512,4.310057730911844,40231800
1996-09-24,4.310055732727051,4.345676505586337,4.2388154099343325,4.283340917411245,61106400
1996-09-25,4.501517295837402,4.523780367331641,4.390203772755982,4.39910912364633,86429700
1996-09-26,4.514874458312988,4.630640023226154,4.443633804942547,4.514874458312988,78279300
1996-09-27,4.488158702850342,4.550494002598725,4.4614432686551995,4.523779179866681,39957300
1996-09-30,4.421372413635254,4.541591004442225,4.416920043085932,4.488160723460251,39687300
1996-10-01,4.425825595855713,4.4614454790566525,4.301154017396373,4.408015195657693,49250700
1996-10-02,4.5504961013793945,4.5950219474847,4.416920091721929,4.4525402794354685,75239100
1996-10-03,4.603924751281738,4.666260355140874,4.549381021472109,4.550493884280718,74070000
1996-10-04,4.773120403289795,4.773120403289795,4.639544471668434,4.648449513394423,48928500
1996-10-07,4.701879978179932,4.764215884567717,4.675165157515141,4.728595410307772,60885900
1996-10-08,4.577209949493408,4.764216786880096,4.559399861856081,4.755311743061433,64857600
1996-10-09,4.58611536026001,4.648450667822719,4.559399922715833,4.630640274216073,48204900
1996-10-10,4.630640983581543,4.701881651726691,4.577210711771407,4.577210711771407,37547100
1996-10-11,4.684072017669678,4.70188180311485,4.617283717159151,4.67516697208127,33294600
1996-10-14,4.6484479904174805,4.719688606616257,4.63954295160906,4.718575438548778,27783900
1996-10-15,4.69297456741333,4.737500080307889,4.6484493602502726,4.719689997442666,61940700
1996-10-16,4.657354831695557,4.692975000714806,4.63063939919959,4.684070264191523,42397200
1996-10-17,4.568305492401123,4.701881472568378,4.5594004474387475,4.68407168837525,47932200
1996-10-18,4.514874458312988,4.58611511168343,4.488159022216841,4.58611511168343,61594200
1996-10-21,4.323415756225586,4.514874976822037,4.18538710822607,4.514874976822037,105988500
1996-10-22,4.36348819732666,4.38129797886892,4.256627062220488,4.318962673410493,114825600
1996-10-23,4.47925329208374,4.488158334173439,4.265531670467926,4.336772007185514,71862300
1996-10-24,4.2744364738464355,4.523778555627751,4.26553143225405,4.50596847244298,91938600
1996-10-25,4.221007347106934,4.3189634563332415,4.212102301855747,4.301153060099238,71169300
1996-10-28,4.123050212860107,4.2655314917899645,4.1096921916878255,4.2566261443417766,82887300
1996-10-29,4.105238437652588,4.203194161899865,4.087428055827405,4.185384085806066,70162200
1996-10-30,4.140860080718994,4.1664623437269395,4.087429829255618,4.140860080718994,82447200
1996-10-31,4.408012866973877,4.408012866973877,4.149765410713504,4.149765410713504,78299100
1996-11-01,4.292246341705322,4.461442746987368,4.221005701734222,4.452537705207419,72919800
1996-11-04,4.31896448135376,4.346792792584667,4.2388187493404565,4.292249033528189,50563800
1996-11-05,4.39910888671875,4.505970034331288,4.323415854080514,4.363488708002312,75245400
1996-11-06,4.36348819732666,4.452538633695843,4.292247236768161,4.345678110052824,130768200
1996-11-07,4.595019817352295,4.6306396828216965,4.372392524420167,4.381297567220405,98931600
1996-11-08,4.61283016204834,4.621735205938974,4.488159241847891,4.61283016204834,65126700
1996-11-11,4.73750114440918,4.746406493573544,4.603925187185696,4.603925187185696,49072500
1996-11-12,4.630640983581543,4.773122319871838,4.612830892978164,4.764217580301783,64980000
1996-11-13,4.710784435272217,4.710784435272217,4.586113860905782,4.639544107062826,51010200
1996-11-14,4.6484479904174805,4.737498684233099,4.630637607069228,4.692973184459584,55894500
1996-11-15,4.61283016204834,4.7107859505768905,4.514874679251376,4.684071124636576,70366500
1996-11-18,4.514874458312988,4.6128299363164365,4.461443586120693,4.6039251985931475,53246700
1996-11-19,4.630640983581543,4.648451379916555,4.4970649983245705,4.514875394659582,55745100
1996-11-20,4.73750114440918,4.73750114440918,4.586115100320107,4.648450404349667,51251400
1996-11-21,4.701879978179932,4.7553108424356125,4.666260115383037,4.746405800303507,47608200
1996-11-22,4.8176469802856445,4.871077242426764,4.692975757159875,4.710785844540248,62998200
1996-11-25,4.799837112426758,4.835457594548193,4.728596453915482,4.835457594548193,42967800
1996-11-26,4.790929794311523,4.835455607969206,4.65735388199581,4.80874018092089,60537600
1996-11-27,4.844362258911133,4.87998243250882,4.719691039856091,4.799836736182455,46224900
1996-11-29,4.8354573249816895,4.862172150053184,4.817646932048068,4.853267106452161,10527300
1996-12-02,4.888887405395508,4.90669779766904,4.764216493870171,4.844362189040589,46579500
1996-12-03,4.666260719299316,4.90669780517855,4.6484503269985264,4.897792456162373,57721500
1996-12-04,4.505969524383545,4.692975747212663,4.488159131309343,4.692975747212663,104238900
1996-12-05,4.58611536026001,4.652903036925691,4.505969659090653,4.514874703028182,77749200
1996-12-06,4.630640983581543,4.737502138665081,4.416919284877733,4.416919284877733,84043800
1996-12-09,4.826552867889404,4.835457912572543,4.648451057031798,4.657356101714936,50112900
1996-12-10,4.799837112426758,4.897792903230416,4.782026718500244,4.888887859132955,41574600
1996-12-11,4.844362258911133,4.862172039978407,4.65735543032857,4.692975603926257,70680600
1996-12-12,4.684072017669678,4.92450916575163,4.648451529584402,4.906699074574814,46829700
1996-12-13,4.61283016204834,4.719691300199109,4.559399898704541,4.630640249829606,54043200
1996-12-16,4.514874458312988,4.692975633141737,4.488159022216841,4.657355459322301,41433300
1996-12-17,4.470349311828613,4.559400371431084,4.443634483118459,4.488159707188077,77564700
1996-12-18,4.5594000816345215,4.62173539136994,4.5059698161470205,4.514874860394937,57981600
1996-12-19,4.630640983581543,4.6751668215532565,4.568305666469718,4.630640983581543,57612600
1996-12-20,4.630640983581543,4.719692048061703,4.59502110810642,4.719692048061703,73972800
1996-12-23,4.58611536026001,4.648450667822719,4.568304966653362,4.63954562388519,29162700
1996-12-24,4.630640983581543,4.630640983581543,4.523780439961271,4.59502110810642,16137000
1996-12-26,4.746406078338623,4.755311120992368,4.6573550403380874,4.666260388723376,25933500
1996-12-27,4.675166606903076,4.773122100724243,4.675166606903076,4.755312316670196,21191400
1996-12-30,4.621735095977783,4.737501275264854,4.621735095977783,4.7018807948182255,25242300
1996-12-31,4.532684326171875,4.639545461136881,4.528231957225087,4.63064011178015,24205500
1997-01-02,4.47925329208374,4.55049362880133,4.434728081635247,4.532683544621932,54883800
1997-01-03,4.675166606903076,4.684071651795909,4.514875187368836,4.52378023226167,45387000
1997-01-06,4.808740615844727,4.826551004064943,4.701879509449403,4.710784550693764,60080400
1997-01-07,4.862170696258545,4.862170696258545,4.746405164059271,4.799835409689705,49252500
1997-01-08,4.719690322875977,4.897791775271706,4.719690322875977,4.897791775271706,50837400
1997-01-09,4.773120403289795,4.826551265108757,4.706332743210625,4.773120403289795,40568400
1997-01-10,4.888887405395508,4.90669779766904,4.719690971783687,4.719690971783687,61881300
1997-01-13,4.924507141113281,4.934525351497856,4.844361458036677,4.897791709600068,75290400
1997-01-14,5.1382293701171875,5.173848928481271,4.95122225559847,4.969032646243585,78270300
1997-01-15,5.0135579109191895,5.156039508911356,5.0135579109191895,5.12041903298043,65558700
1997-01-16,5.0135579109191895,5.058083429399963,4.960127655620108,5.049178386850116,43832700
1997-01-17,5.173849105834961,5.191659802822143,5.004653293356126,5.013558030386624,46701000
1997-01-20,5.3252363204956055,5.343045794419642,5.182754414472422,5.2005644998595475,46481400
1997-01-21,5.334142208099365,5.3964784447413745,5.271807194383937,5.316332728292063,43734600
1997-01-22,5.249541282653809,5.378665131342132,5.236183875068539,5.34304435867654,46845900
1997-01-23,5.111513137817383,5.298520234282402,5.102608096220289,5.2807095396251995,53573400
1997-01-24,4.888887405395508,5.075894231280859,4.835457145769605,5.049178795736344,121515300
1997-01-27,4.871077060699463,4.9868435415476755,4.826552149641218,4.924507932310371,54059400
1997-01-28,4.906696796417236,5.093702972679313,4.844361200508876,4.969032086594094,81343800
1997-01-29,4.701879978179932,4.977937507201289,4.666260115383037,4.942317032941344,147229200
1997-01-30,4.808740615844727,4.822098024845521,4.6840697326921745,4.7731201451357865,165497400
1997-01-31,4.9690327644348145,4.977937807103415,4.835456818674262,4.835456818674262,115404300
1997-02-03,4.862170696258545,5.093702677851545,4.817645491566517,5.031367085551221,79377300
1997-02-04,4.78202486038208,4.835455715668772,4.6217335174478995,4.799835247388136,158326200
1997-02-05,4.470349311828613,4.6662615206614015,4.283343065004599,4.6662615206614015,292629600
1997-02-06,4.5504961013793945,4.6306418294665495,4.488160772880699,4.541591054451009,126946800
1997-02-07,4.497063636779785,4.639544929932008,4.345677606753533,4.630639581594895,156105000
1997-02-10,4.131954669952393,4.46144241415619,4.131954669952393,4.39910712634687,298277100
1997-02-11,4.31450891494751,4.336771364004278,4.185385365199749,4.238815609813767,201881700
1997-02-12,4.603924751281738,4.6128294881398535,4.336772250665883,4.34567759898708,114453000
1997-02-13,4.4569902420043945,4.657354440225029,4.452537568385489,4.639544357212418,109661400
1997-02-14,4.4614434242248535,4.488158859351557,4.408013165434565,4.452538381093139,72760500
1997-02-18,4.54158878326416,4.586114607102705,4.461443095256774,4.488158528413594,64241100
1997-02-19,4.621735095977783,4.64845053274565,4.541589397137341,4.550494440816103,55054800
1997-02-20,4.488158702850342,4.612829608078657,4.4614432686551995,4.603924870989008,65496600
1997-02-21,4.158669471740723,4.470346780968668,4.123049312651167,4.470346780968668,214328700
1997-02-24,4.203195571899414,4.2121003072021015,3.9538535057480533,4.007283751953103,212261400
1997-02-25,4.025094509124756,4.408012531659558,3.9716636465535284,4.301151417980135,258530400
1997-02-26,4.140860080718994,4.176480554092762,4.0250945358816805,4.096334871166181,122900400
1997-02-27,3.922687292098999,4.141974512863406,3.9182346169194773,4.114146515917837,113255100
1997-02-28,3.9627604484558105,4.082979018705623,3.838089202686391,3.9360450068014297,130448700
1997-03-03,3.8648030757904053,3.9627588401495895,3.8380876449786205,3.90932797852602,112053600
1997-03-04,3.971663236618042,4.007283706078453,3.900422603428704,3.9182329910246514,121943700
1997-03-05,4.0518107414245605,4.078526182023282,3.9983804716903606,4.0518107414245605,94077000
1997-03-06,3.8915176391601562,4.105239848670023,3.873707862676321,4.096334501830871,113434200
1997-03-07,3.6599864959716797,3.9271390136462028,3.6243666290701357,3.9093286215980902,218188800
1997-03-10,3.80246901512146,3.80246901512146,3.4373606294606573,3.4996959465098874,273512700
1997-03-11,3.757941484451294,3.829181808907638,3.661098595146943,3.77575156556538,122526000
1997-03-12,3.624366283416748,3.740131833433854,3.579840460408645,3.7134170122383603,122814900
1997-03-13,3.7045116424560547,3.8113721407178436,3.588745185477937,3.6243659630282083,111025800
1997-03-14,3.602102756500244,3.7045111798088475,3.55312488138123,3.6956058336676945,129303900
1997-03-17,3.499694347381592,3.642175924155813,3.4017388939205206,3.6332708829320794,161420400
1997-03-18,3.588745355606079,3.597650703281566,3.4818848522784585,3.5531254935617245,93579300
1997-03-19,3.56203031539917,3.593198113142885,3.339403057630566,3.428453777299108,198211500
1997-03-20,3.6421759128570557,3.7045115069613086,3.351647835557354,3.588745054217419,114648300
1997-03-21,3.5086002349853516,3.784658108172038,3.4640753238574273,3.7134174554652835,140990400
1997-03-24,3.3572144508361816,3.490790417447455,3.2726163794132535,3.46407559100311,205107300
1997-03-25,3.410644769668579,3.4818857347389054,3.3661195486641207,3.4373602080028505,148890600
1997-03-26,3.731229066848755,3.7401341145890648,3.4818871186566493,3.526412357358198,162160200
1997-03-27,3.633270740509033,3.802467128590518,3.5620301077802794,3.775751700235059,141010200
1997-03-31,3.4284560680389404,3.6243683325261777,3.4284560680389404,3.588747531688148,125262000
1997-04-01,3.4462637901306152,3.4996940326682515,3.303782837632118,3.312687878055057,113168700
1997-04-02,3.3839290142059326,3.508599598807282,3.348308235713951,3.481884779267076,99843300
1997-04-03,3.4462637901306152,3.481884257553839,3.357213080169754,3.3661181205926938,124735500
1997-04-04,3.624366283416748,3.686701579579805,3.419549087383436,3.428454129692444,138881700
1997-04-07,3.8781626224517822,3.9004250860868925,3.753491664314788,3.793564526882336,146371500
1997-04-08,3.9449493885040283,3.971664212130885,3.793563044009887,3.9004235614435503,109752300
1997-04-09,3.851447105407715,4.007286182350034,3.8469947350560334,3.989475783748289,97308000
1997-04-10,3.7490363121032715,3.8648027619103504,3.7223214949241514,3.83808733326826,85676400
1997-04-11,3.65108060836792,3.7356789574024307,3.6243657908034272,3.633270831902088,77760000
1997-04-14,3.793562889099121,3.7935628890991215,3.5798406400329417,3.668891373322819,80044200
1997-04-15,3.5709352493286133,3.811372297502791,3.508599650380156,3.793562519458039,173831400
1997-04-16,3.3839290142059326,3.526409988053272,3.3572135832027024,3.472979737509837,215808300
1997-04-17,3.526409387588501,3.5531248140427207,3.383928438002324,3.4551687599296823,110210400
1997-04-18,3.4462637901306152,3.615460169629397,3.3928335475929785,3.615460169629397,97686000
1997-04-21,3.3705711364746094,3.446264453231048,3.339403336131549,3.4373594110946772,104471100
1997-04-22,3.3839290142059326,3.4373592647493676,3.2236376511126017,3.3572135832027024,151152300
1997-04-23,3.4640748500823975,3.499694712966761,3.366118774925649,3.3928342071190922,105604200
1997-04-24,3.441812753677368,3.5887461303383263,3.437360078878389,3.490790342076631,124620300
1997-04-25,3.303783655166626,3.464075033907213,3.303783655166626,3.4106441666849614,87183000
1997-04-28,3.3126888275146484,3.392834520023365,3.2681630011753393,3.348308693684056,117769500
1997-04-29,3.56203031539917,3.5664826832302725,3.3839288760620865,3.428453777299108,112164300
1997-04-30,3.6867008209228516,3.7846568776274028,3.535314521359238,3.5442198675672167,169065000
1997-05-01,3.80246901512146,3.8291838452680675,3.6688924185353513,3.704513211169607,120894300
1997-05-02,4.078525543212891,4.096335630334736,3.9538546276283983,3.962759671189321,218214900
1997-05-05,4.194292068481445,4.274437772901707,4.060715486805543,4.238817289975147,190603800
1997-05-06,4.114147186279297,4.221007739220412,3.989475623986347,4.203197952795221,189690300
1997-05-07,4.185385704040527,4.278888792550628,4.007283957047258,4.033999387248575,253231200
1997-05-08,4.37239408493042,4.416919620554347,4.194292859629682,4.194292859629682,188520300
1997-05-09,4.390203952789307,4.434729791872069,4.256627964199227,4.416919395092636,121214700
1997-05-12,4.483706951141357,4.497064364344995,4.3902032243263465,4.399108574104226,105665400
1997-05-13,4.44363260269165,4.55939844201526,4.439179929303132,4.461442379051259,117579600
1997-05-14,4.4169182777404785,4.46144349409637,4.318962496025953,4.452538450825192,104007600
1997-05-15,4.470349311828613,4.479254662374154,4.3456786844336825,4.390203602771683,84802500
1997-05-16,4.381296634674072,4.48815773699494,4.381296634674072,4.3991070222152056,89848800
1997-05-19,4.341224193572998,4.3991074233294265,4.283341575279591,4.390202075881122,65119500
1997-05-20,4.58611536026001,4.612830186341013,4.310057469538644,4.327867863145291,89322300
1997-05-21,4.684072017669678,4.764217733696995,4.60392630164236,4.639546483995993,140703300
1997-05-22,4.666260719299316,4.746406414592394,4.595020067290851,4.684070805868541,67027500
1997-05-23,4.799837112426758,4.817647200621679,4.701881015891508,4.764216936036916,84825000
1997-05-27,4.897791385650635,4.960126980749778,4.7464053771691415,4.755310418507377,108334800
1997-05-28,4.920053005218506,4.995746297703889,4.853264752014093,4.906695599162765,102305700
1997-05-29,4.755311965942383,4.906698329418296,4.746406921706341,4.897792979450656,78137100
1997-05-30,4.826552867889404,4.844362957255681,4.452539156807914,4.5237801257362475,143462700
1997-06-02,4.831003665924072,4.8888868997966455,4.728595526032821,4.871076509365028,70484400
1997-06-03,4.61283016204834,4.728596344089742,4.577209986485808,4.684071124636576,111807000
1997-06-04,4.563852310180664,4.755311507111014,4.532684199764474,4.603925158242096,87584400
1997-06-05,4.61283016204834,4.639545599451825,4.577209986485808,4.577209986485808,73395000
1997-06-06,4.626186370849609,4.675164245891615,4.532682682366243,4.58611353620329,59508900
1997-06-09,4.73750114440918,4.79983675417031,4.639545360916873,4.65290277320028,58608900
1997-06-10,4.630640983581543,4.773122319871838,4.612830892978164,4.692976606425002,73611900
1997-06-11,4.537137508392334,4.675166464351632,4.470349215135109,4.603925801649559,94788900
1997-06-12,4.543816089630127,4.595020320638481,4.452538703034225,4.505969577150955,77466600
1997-06-13,4.750857830047607,4.773120588090284,4.541588577055806,4.546041556688473,101756700
1997-06-16,4.8131937980651855,4.85326664331148,4.719690696311529,4.755311173047984,63250200
1997-06-17,4.897791385650635,4.911148794792239,4.755310418507377,4.7820252367905836,81881100
1997-06-18,4.773120403289795,4.871076168007196,4.764215667295316,4.817645917651256,66360600
1997-06-19,4.91560173034668,4.933411507133278,4.7686677852436645,4.7686677852436645,73839600
1997-06-20,4.942317962646484,4.97793844360704,4.879982655995783,4.920055505994168,74142900
1997-06-23,4.973486423492432,5.066990160105241,4.920056153616002,4.937866243574812,103593600
1997-06-24,5.035820960998535,5.058083414441545,4.933412207649305,5.02246293861596,97482600
1997-06-25,4.897791385650635,5.111512989231271,4.871075955904432,5.0224622701174235,72214200
1997-06-26,4.8176469802856445,4.92450811603104,4.773121456103133,4.8799825918485285,70911000
1997-06-27,4.73750114440918,4.906697886826981,4.728596100976386,4.835457233633057,66302100
1997-06-30,4.78202486038208,4.857718164396262,4.63063855808519,4.733046984011244,70218900
1997-07-01,4.86662483215332,4.922281121949604,4.808741593697235,4.808741593697235,55438200
1997-07-02,5.02691650390625,5.031368567089182,4.879982520827632,4.933412782191152,60516900
1997-07-03,5.098156929016113,5.129324734812406,5.0669894289514,5.075894472645829,39153600
1997-07-07,5.26290225982666,5.289617704579995,5.129326258986662,5.138231611058887,91147500
1997-07-08,5.320783615112305,5.360856464469512,5.228393978172658,5.236185853162875,73672200
1997-07-09,5.436549663543701,5.5033373328024,5.343045948240552,5.351951296922036,97002000
1997-07-10,5.436549663543701,5.454359137980455,5.294067753418607,5.400928880280874,84265200
1997-07-11,5.378664970397949,5.423189864837515,5.3163293844270685,5.41205879409335,44998200
1997-07-14,5.4543585777282715,5.494431419752595,5.378666179026048,5.383118241446383,45450000
1997-07-15,5.554542541503906,5.592389670714357,5.494433258353071,5.494433258353071,67102200
1997-07-16,5.650272846221924,5.699251054396649,5.628010079911891,5.645820782130536,61377300
1997-07-17,5.6057448387146,5.6814372241535755,5.512241149400062,5.628006981304509,65728800
1997-07-18,5.4432268142700195,5.592387090208065,5.387570232174288,5.556766926583834,74917800
1997-07-21,5.467716693878174,5.5923878959892415,5.4142858292802565,5.587935222028906,60524100
1997-07-22,5.628006935119629,5.628006935119629,5.48552628869135,5.48552628869135,46543500
1997-07-23,5.7259650230407715,5.766037869795923,5.619103894539328,5.672534153058492,75820500
1997-07-24,5.690343379974365,5.725964158404757,5.61910304603963,5.70815346345805,49617900
1997-07-25,5.676987171173096,5.699249933103062,5.605746822167727,5.690344583745814,50112000
1997-07-28,5.512244701385498,5.708156329536734,5.503339349440747,5.699251589055312,69614100
1997-07-29,5.645819664001465,5.663629139766477,5.449907481565356,5.46771756879352,61157700
1997-07-30,5.663629531860352,5.721512472224917,5.538958912632238,5.610199266476874,68949900
1997-07-31,5.668081283569336,5.708154128945288,5.610198352633304,5.681438694873622,39197700
1997-08-01,5.6858930587768555,5.734870039025438,5.592389327526977,5.668082358376337,49222800
1997-08-04,5.815013885498047,5.841729316092774,5.7126060597214545,5.7126060597214545,63159300
1997-08-05,5.837278366088867,5.930781473791564,5.837278366088867,5.877351213884756,85293000
1997-08-06,5.7259650230407715,5.752679846568795,5.636913980712382,5.74377449775071,139983300
1997-08-07,5.614652633666992,5.761586661917316,5.610200569115368,5.761586661917316,67068000
1997-08-08,5.4944329261779785,5.570126568559445,5.423192570363905,5.565674504918475,74758500
1997-08-11,5.374212265014648,5.485526653225604,5.325235303878885,5.476621306500577,61700400
1997-08-12,5.289616584777832,5.485528785722471,5.289616584777832,5.409835143522782,63548100
1997-08-13,5.351950168609619,5.40538102650787,5.262899146421186,5.383117659497785,67988700
1997-08-14,5.485527038574219,5.489979100786511,5.360855232980719,5.369760580331331,57993300
1997-08-15,5.3252363204956055,5.512242522791969,5.3252363204956055,5.463264329380057,55755900
1997-08-18,5.418737888336182,5.423189949825873,5.205016312703091,5.325234813646,65782800
1997-08-19,5.3964762687683105,5.4766219529011915,5.351950752813812,5.467716605125074,67572900
1997-08-20,5.583484172821045,5.596842198589139,5.396477926700067,5.414287404797727,63830700
1997-08-21,5.516696453094482,5.6458203658800725,5.4855289494362935,5.5656746576581835,72177300
1997-08-22,5.467716693878174,5.5033368626347485,5.338593429269824,5.378666271986734,63619200
1997-08-25,5.570126056671143,5.623556318621517,5.454359571917267,5.485528294782172,46105200
1997-08-26,5.525599956512451,5.609084837516132,5.503336587822508,5.516694609036474,43660800
1997-08-27,5.4944329261779785,5.543411129397562,5.405383092873598,5.5389590657565915,51393600
1997-08-28,5.343047142028809,5.441002942095696,5.200565811532451,5.3786679332503295,109241100
1997-08-29,5.3697614669799805,5.427644399927478,5.2985211222640185,5.316331208443009,41084100
1997-09-02,5.503337860107422,5.512243209642176,5.414286810612545,5.414286810612545,42856200
1997-09-03,5.543410778045654,5.610199065985587,5.530053365042936,5.556768802511544,53486100
1997-09-04,5.516696453094482,5.592389486089995,5.4944330769625935,5.512243777868105,39959100
1997-09-05,5.579030990600586,5.610198488218194,5.521147446802555,5.538958144256171,34557300
1997-09-08,5.4053826332092285,5.62800903192805,5.396477283758159,5.592388857050091,47169900
1997-09-09,5.414286136627197,5.45435898161888,5.347498469283118,5.3831186400617055,46252800
1997-09-10,5.164946556091309,5.40538370121844,5.156041204880698,5.387572998797219,129093300
1997-09-11,5.142680644989014,5.160490727174432,4.991294334949982,5.031367172732918,97270200
1997-09-12,5.147134304046631,5.1916598237680365,5.018010724878721,5.1916598237680365,66121200
1997-09-15,4.9690327644348145,5.17384905154417,4.951222373366069,5.17384905154417,78796800
1997-09-16,5.307424068450928,5.316329414266568,4.986841708225864,4.99574674831005,98324100
1997-09-17,5.289616584777832,5.378667640794777,5.249543731862849,5.3474995266035625,62742600
1997-09-18,5.276257514953613,5.343045174541128,5.218374591295025,5.3074250078993845,39763800
1997-09-19,5.218375205993652,5.271805462250086,5.1827544236929395,5.253994765368184,63534600
1997-09-22,5.35640287399292,5.43209587642724,5.22282633991273,5.227279013341333,77814900
1997-09-23,5.414286136627197,5.476622352684358,5.360855880459316,5.369761228885507,76294800
1997-09-24,5.311878681182861,5.441001962423312,5.236185659959515,5.441001962423312,66800700
1997-09-25,5.191660404205322,5.316331628778495,5.173849705155014,5.302973604490764,48997800
1997-09-26,5.245090007781982,5.289614910231892,5.14713363258834,5.2272793130464,44867700
1997-09-29,5.280710220336914,5.302972980065194,5.169397033158612,5.26290013484691,42418800
1997-09-30,5.205017566680908,5.316330748535854,5.200564281192512,5.218374977293844,63009000
1997-10-01,5.187209129333496,5.289617619194295,5.151588944546261,5.236187342013442,50458500
1997-10-02,5.418737888336182,5.423189949825873,5.164943479055454,5.1827529479400525,62412300
1997-10-03,5.592389106750488,5.626896420219396,5.485528577345286,5.547863580433394,125300700
1997-10-06,5.668081283569336,5.703701454689495,5.5923882670732254,5.619103701144891,74083500
1997-10-07,5.819467544555664,5.8506350393662725,5.6992490163495075,5.72151116323534,87268500
1997-10-08,5.757132053375244,5.806110244970402,5.708153861780087,5.797204896875622,58596300
1997-10-09,5.832822799682617,5.921873188709936,5.681436221141933,5.717056988215689,74754900
1997-10-10,5.801659107208252,5.859542668326426,5.770491600264583,5.797207042975794,31862700
1997-10-13,5.823920249938965,5.859541034107081,5.757132578982881,5.832825598846774,29376900
1997-10-14,5.766036033630371,5.837276355636463,5.734867322692595,5.828371009654241,40245300
1997-10-15,5.921877861022949,5.948593304540824,5.690346055412398,5.6992514070727935,84862800
1997-10-16,5.819467544555664,5.930780724837044,5.6992490163495075,5.930780724837044,71765100
1997-10-17,5.6992506980896,5.815015975030437,5.592389548774868,5.779396407209839,90790200
1997-10-20,5.801659107208252,5.801659107208252,5.5923900756041895,5.699251234985742,60944400
1997-10-21,6.006474494934082,6.0198319056853755,5.83282509785192,5.8595405308175765,76772700
1997-10-22,5.979757308959961,6.073260379734062,5.912969051856808,5.975304024730949,63243000
1997-10-23,5.806111812591553,5.966403229870943,5.779396372557244,5.797206462092373,79596000
1997-10-24,5.7170610427856445,5.8951619471503856,5.619105239653405,5.859542377740699,101171700
1997-10-27,5.191660404205322,5.699250040560003,5.173849705155014,5.628009078748262,122003100
1997-10-28,5.6992506980896,5.761585706104688,4.853267771319176,5.570126783856664,175880700
1997-10-29,5.734869480133057,5.8150151782719375,5.552315933450628,5.676987155325143,117472500
1997-10-30,5.694796085357666,5.806110495493159,5.503337207689468,5.512242556168498,150912900
1997-10-31,5.84395694732666,5.859541308645504,5.659177063463297,5.770490261247567,110457900
1997-11-03,6.037644386291504,6.046549737968124,5.904067779922074,5.908520455760384,80046000
1997-11-04,5.944139003753662,6.144503246705619,5.930781591377913,6.015379351708517,126705600
1997-11-05,6.0866193771362305,6.171217115986623,6.033188518273574,6.171217115986623,121095000
1997-11-06,6.0331878662109375,6.117786207380991,5.984209686124195,6.108880861378702,52224300
1997-11-07,5.953042984008789,6.019831253455091,5.832824465883248,5.85953989595437,75590100
1997-11-10,5.828372955322266,6.002021756777956,5.823920280844733,5.948591497436927,51723900
1997-11-11,5.743773460388184,5.832824486633383,5.717058641685028,5.823919139423661,59340600
1997-11-12,5.449908256530762,5.6903453854953545,5.449908256530762,5.659177881279902,84016800
1997-11-13,5.668081283569336,5.67253395782513,5.441001622617909,5.521147313369813,98708400
1997-11-14,5.797204971313477,5.815014444805583,5.6057460994479795,5.681438501910192,83467800
1997-11-17,5.91742467880249,5.988665032774481,5.832826299863355,5.912972003813442,54179100
1997-11-18,5.863992691040039,5.984211224192088,5.850635280066393,5.9129708837152055,52761600
1997-11-19,5.924102783203125,5.939687144884485,5.806111182143551,5.823920658281634,44895600
1997-11-20,6.091071605682373,6.0999769528906125,5.9307802476381,5.939685594846339,66248100
1997-11-21,6.064358711242676,6.144504423776557,6.019833790973054,6.135599072844677,60798600
1997-11-24,5.930781841278076,6.082167892792534,5.895161054336583,6.024284954774466,44204400
1997-11-25,6.006474494934082,6.042094053116508,5.91297078528582,5.957496303074224,54542700
1997-11-26,6.059905529022217,6.091073028606024,6.0198326801498085,6.0198326801498085,26013600
1997-11-28,6.144504070281982,6.184576924243523,6.015380157977803,6.046548884446242,18334800
1997-12-01,6.442821025848389,6.473989125801066,6.189026610482253,6.215741425912627,95917500
1997-12-02,6.162314414978027,6.456181819050588,6.117789495425154,6.438372340400041,142086600
1997-12-03,6.19125509262085,6.193481429922083,5.966402362753921,6.117788407532696,154312200
1997-12-04,6.153408527374268,6.233554223662119,6.077715505649771,6.229101549098763,61453800
1997-12-05,6.367128372192383,6.367128372192383,6.091070603190664,6.157858861871179,84069900
1997-12-08,6.393846035003662,6.411656122960422,6.322605071713449,6.362677922481951,41416200
1997-12-09,6.229101657867432,6.340415466579327,6.171218721922505,6.331510117297117,78193800
1997-12-10,6.0821685791015625,6.144504198954135,5.912972420755929,6.135598848348094,106484400
1997-12-11,5.8907084465026855,5.984211551356293,5.672534127535524,5.93968664185555,140383800
1997-12-12,5.4543585777282715,5.921875271833056,5.414285735703949,5.912970535529341,240625800
1997-12-15,5.521147727966309,5.579031274712052,5.093704113768881,5.512242990249138,250780500
1997-12-16,5.708155155181885,5.788300860342727,5.556769094972829,5.583483922384306,132025500
1997-12-17,5.790528297424316,6.091074748847724,5.777170881182161,5.957498752036206,102418200
1997-12-18,5.7237396240234375,5.770491495049796,5.496660505240055,5.7571340796693855,67429200
1997-12-19,5.7103800773620605,5.770489341334293,5.349724493528667,5.556767717698485,101483400
1997-12-22,5.837278366088867,5.917424061680645,5.650271539220341,5.770490082608008,62484000
1997-12-23,5.489981174468994,5.884030714314179,5.476623759860711,5.87735231274166,50670600
1997-12-24,5.510019779205322,5.690347699252042,5.476625923758574,5.623559376895058,32981400
1997-12-26,5.683664321899414,5.690343332448646,5.530051970971219,5.55676740170513,20895000
1997-12-29,5.9842095375061035,5.997567556177789,5.79720339073157,5.817239807276192,55410000
1997-12-30,6.024285316467285,6.071037181754006,5.937461209958925,6.0176069153286145,46771200
1997-12-31,5.957498550415039,6.117789985749405,5.904067664328051,6.0242862408288245,45040800
1998-01-02,6.204611778259277,6.238006222403372,5.944138293543312,6.050999414170885,42853800
1998-01-05,6.19125509262085,6.318152650012335,6.064357535229364,6.211291516868814,70755000
1998-01-06,6.111110687255859,6.238008271468055,5.997571129674382,6.117789700571218,54234000
1998-01-07,5.930781841278076,6.077715829455121,5.870672565859717,6.077715829455121,74175000
1998-01-08,5.997568130493164,6.064355784395421,5.7170582720073835,5.8706706097381325,75943800
1998-01-09,5.797204971313477,5.9975691913881,5.757132127298552,5.9174235033582505,83994000
1998-01-12,5.9508185386657715,5.957497551172208,5.503338152924832,5.556769030049934,78526200
1998-01-13,5.9842095375061035,6.03096137993119,5.8907064641188365,5.9842095375061035,62359200
1998-01-14,6.091071605682373,6.1044290150317275,5.970853087149168,6.077714196333019,52188600
1998-01-15,6.137823581695557,6.224647661444589,6.044319879940113,6.064356300107277,49991400
1998-01-16,6.184574127197266,6.278077818461538,6.15118030115314,6.224646963035397,48571800
1998-01-20,6.358226776123047,6.358226776123047,6.211292764958846,6.231329193232907,56923200
1998-01-21,6.344867706298828,6.358225730593822,6.064357756588265,6.278080030676518,52260600
1998-01-22,6.171217441558838,6.324829793101309,6.151181021294037,6.258042133193984,43438800
1998-01-23,6.164540767669678,6.264722906968011,6.037643798867291,6.231329064356317,46768200
1998-01-26,6.051000118255615,6.197934099782649,5.964175409426486,6.191255087884057,39954600
1998-01-27,6.331509590148926,6.344867001496984,5.97085398058348,6.050999671598023,67517400
1998-01-28,6.612020015716553,6.665450276668971,6.378261936153682,6.398298360443731,104662200
1998-01-29,6.812382698059082,6.9192438069476765,6.612018501057344,6.625375910369792,125109000
1998-01-30,6.738914966583252,6.879169882359276,6.705520531375594,6.872490873025163,51928800
1998-02-02,6.832418918609619,7.0127466906550335,6.785667070184257,6.939280024383453,84201000
1998-02-03,6.732239246368408,6.925924497055954,6.638736127323249,6.832421378010795,88447200
1998-02-04,6.899211883544922,7.026108883370952,6.77231427225549,6.785671690273124,125086200
1998-02-05,6.879175186157227,7.072860491547505,6.879175186157227,7.026108613089144,75684000
1998-02-06,7.046141624450684,7.052820635691874,6.785668135064336,6.865813824106289,47049000
1998-02-09,6.839098930358887,7.092893405842977,6.772310653036516,7.092893405842977,55943400
1998-02-10,6.919247627258301,6.959320488783999,6.7723135978429605,6.8658167375818095,58441200
1998-02-11,6.932602405548096,6.959317840219028,6.845777701464896,6.952638828685518,32716800
1998-02-12,6.972678184509277,7.039466493546006,6.852459595121187,6.872496026685869,45181800
1998-02-13,6.932602405548096,7.0327845212352065,6.892529559273251,6.939281417081606,30223200
1998-02-17,6.939281940460205,7.052821476314675,6.852457229828462,7.039464063703312,41662800
1998-02-18,6.9993896484375,7.012747058060419,6.892528537065098,6.9058859466880165,44554800
1998-02-19,6.992712497711182,7.079537212010031,6.986033485391831,7.026106336381579,43772400
1998-02-20,7.0327839851379395,7.066177817333719,6.912565455477462,7.03946299616232,51100200
1998-02-23,7.0127482414245605,7.106251347489182,6.96599638266069,7.09289393561227,38247000
1998-02-24,6.919247627258301,7.153005782337091,6.919247627258301,7.039466211835395,58074600
1998-02-25,7.132966995239258,7.153003419383189,6.92592374193093,6.986033014362722,51615000
1998-02-26,7.106251239776611,7.119609262914171,7.026105546803706,7.099572839670944,46743600
1998-02-27,7.039460182189941,7.319969972599332,7.039460182189941,7.1730360690401405,58439400
1998-03-02,6.972678184509277,7.186399917378096,6.8925324582505505,7.146327054248732,45166800
1998-03-03,6.8925275802612305,6.945957822798866,6.7723090759543485,6.8724911628767495,52573800
1998-03-04,6.972678184509277,6.999393630416642,6.872496026685869,6.899211472593233,39176400
1998-03-05,6.612020015716553,6.905887368149573,6.531874318556351,6.772311410036953,102384000
1998-03-06,6.879175186157227,6.892532603661025,6.6187015703212,6.685489269303569,64338600
1998-03-09,6.541892051696777,6.885850439669909,6.531873840285297,6.805704748378065,61294800
1998-03-10,6.558588981628418,6.718880357053446,6.411655017001118,6.705522334792646,88537200
1998-03-11,6.692165851593018,6.865814661885158,6.628717377180403,6.67212942688765,75829200
1998-03-12,6.832418918609619,6.852455337725776,6.678806575873408,6.758952252338037,47346600
1998-03-13,6.899211883544922,6.972678599837013,6.8524600032880985,6.919248316303074,41296200
1998-03-16,6.879175186157227,6.939284482119387,6.825744293215276,6.92592645315221,33524400
1998-03-17,6.899211883544922,6.939284749061226,6.718883988721551,6.885853854063885,54018000
1998-03-18,6.7923479080200195,6.892530030557188,6.745596047014957,6.758954070995347,57489000
1998-03-19,6.872492790222168,6.88585020115376,6.745595246251267,6.7990261129037926,45343800
1998-03-20,6.799025535583496,6.879171217293859,6.785667514323085,6.879171217293859,42997800
1998-03-23,6.919247627258301,7.039466211835395,6.7723135978429605,6.7789926119183574,70598400
1998-03-24,7.2465057373046875,7.2865785812187465,7.026105095777361,7.03946311805743,85840800
1998-03-25,7.433510780334473,7.466904605176276,7.373401528741472,7.460226207085672,68151600
1998-03-26,7.413476943969727,7.453549792315509,7.319973834983948,7.393440519796836,41119200
1998-03-27,7.413476943969727,7.480265228367077,7.353367671451053,7.460228804194186,50055000
1998-03-30,7.20643424987793,7.44019295768638,7.1463249726923035,7.4067985071633515,38302800
1998-03-31,7.306616306304932,7.373404595227692,7.226470604182891,7.266543455243911,36589800
1998-04-01,7.406798362731934,7.433513800336772,7.226470534691419,7.340010685914601,44187600
1998-04-02,7.506978988647461,7.560409853175393,7.373403050253738,7.400118482517704,51847800
1998-04-03,7.553731441497803,7.687307390488401,7.493622172732568,7.513658595654313,54301800
1998-04-06,7.373401641845703,7.627196059754921,7.353365224340688,7.61383865190589,43793400
1998-04-07,7.373401641845703,7.386759049694735,7.196413083397088,7.299934981481625,52782600
1998-04-08,7.293259620666504,7.420157198839841,7.21311391054929,7.420157198839841,50500200
1998-04-09,7.159682750701904,7.360047001081032,7.0728580383832265,7.34668897674698,66436200
1998-04-13,7.106251239776611,7.17303952107507,7.059499993184491,7.112930251345391,42171600
1998-04-14,7.233149528503418,7.306616217400308,7.072858126209714,7.079537138459676,57588000
1998-04-15,7.553731441497803,7.587125275879677,7.279900532054991,7.306615354975249,66373200
1998-04-16,7.500302314758301,7.613841857941629,7.440193036932446,7.560411592584156,41025000
1998-04-17,7.5270161628723145,7.53369517447214,7.413476634453968,7.420155646053793,30150600
1998-04-20,7.720702171325684,7.800847866490091,7.540374357205765,7.600483628579071,42646800
1998-04-21,7.894348621368408,7.901027631129634,7.6405541994601185,7.76077270638451,40785600
1998-04-22,7.867636203765869,7.907709054738298,7.80084852645394,7.894351641568548,27479400
1998-04-23,7.660590648651123,7.867633226004566,7.613838803056983,7.860954827678938,29595600
1998-04-24,7.687305927276611,7.830900671859173,7.600481852117325,7.613839261034988,34059600
1998-04-27,7.5270161628723145,7.640556302753776,7.413476634453968,7.513658751135778,45988800
1998-04-28,7.573768138885498,7.707344092716759,7.420155761406392,7.707344092716759,48764400
1998-04-29,7.693985939025879,7.740737793518065,7.547051975952627,7.600482841504572,41491800
1998-04-30,7.827563762664795,7.987855174947782,7.787490909594048,7.794169922260243,55056000
1998-05-01,7.867636203765869,7.921067079371228,7.820884951940155,7.880994228398799,30788400
1998-05-04,8.007889747619629,8.101393457446973,7.947780481929082,8.007889747619629,47264400
1998-05-05,7.867636203765869,8.094715896430694,7.854278790596119,8.06132205777473,47576400
1998-05-06,8.121429443359375,8.14814426347899,7.981174497610769,8.067998580194072,96796200
1998-05-07,8.054642677307129,8.181540236740812,8.041285264747902,8.174861224729623,37243200
1998-05-08,8.09471321105957,8.134786048738084,7.987852106762544,8.0078885256018,35513400
1998-05-11,7.987855434417725,8.201577732046202,7.974498020114657,8.174862291976835,38456400
1998-05-12,8.161504745483398,8.18154117234509,7.907709597593159,7.994534317814896,36346200
1998-05-13,8.121429443359375,8.201575126644293,8.021247339253229,8.18821710512145,29213400
1998-05-14,8.128108978271484,8.201576272522455,8.021248459937,8.074678719104243,28810800
1998-05-15,8.161504745483398,8.19489858643181,8.101395464898324,8.18154117234509,42159000
1998-05-18,8.30843734741211,8.32847377237489,8.134788534889063,8.161503971993826,45171000
1998-05-19,8.590620040893555,8.622343980998506,8.34183395881303,8.368548791378956,68789400
1998-05-20,8.401941299438477,8.709166082892065,8.341832022919752,8.695808669708963,60733800
1998-05-21,8.30843734741211,8.508801597039918,8.248328072523767,8.428655897188795,46115400
1998-05-22,8.214933395385742,8.361867367254327,8.081357446436277,8.355188355794768,38740200
1998-05-26,8.121429443359375,8.335151061631478,8.067998580194072,8.29507821998902,43423200
1998-05-27,8.315114974975586,8.335151396602033,8.007889639549042,8.014568650578878,57352200
1998-05-28,8.281720161437988,8.415296085965654,8.228289302456531,8.348507817970326,34792800
1998-05-29,8.081357955932617,8.348509870674377,8.061321531753828,8.341831470256874,35964000
1998-06-01,7.860957145690918,8.194897338720763,7.794168862499698,8.094715219665495,59528400
1998-06-02,8.168180465698242,8.214932316850922,7.93442243286089,8.041283544868575,83092200
1998-06-03,7.9744954109191895,8.315114561636843,7.934422569658289,8.268362709678115,58046400
1998-06-04,8.214933395385742,8.221612406845301,7.954459897483268,8.041284600605128,62507400
1998-06-05,8.275041580200195,8.315114420782278,8.06799836670509,8.208253308742382,55507800
1998-06-08,8.281720161437988,8.388580656474925,8.148143625447334,8.295077570451857,46465800
1998-06-09,8.495445251464844,8.52216069192575,8.214935266746664,8.281723562167311,36597000
1998-06-10,8.455370903015137,8.635698718482285,8.335152359370372,8.415298055133547,58495200
1998-06-11,8.448694229125977,8.575591819686993,8.415300383804993,8.482088685910261,52405200
1998-06-12,8.455370903015137,8.48208633875724,8.275043087547989,8.408619043332239,42152400
1998-06-15,8.361867904663086,8.55555313480723,8.335152468570978,8.348509880885462,46002600
1998-06-16,8.542193412780762,8.555550821483555,8.348507623543913,8.421974900066708,47940000
1998-06-17,8.62234115600586,8.735880685869668,8.575589297138114,8.602304732414414,61374600
1998-06-18,8.775956153869629,8.814359718197334,8.57559185811918,8.642380160523766,52552200
1998-06-19,8.88281536102295,8.884485266941224,8.722523959689983,8.829384486269847,56968800
1998-06-22,9.043105125427246,9.06981994650487,8.795989055949335,8.86945573110739,48966000
1998-06-23,9.28354549407959,9.29690290938117,9.083181207239479,9.1232540646075,54733200
1998-06-24,9.383722305297852,9.557371051397443,9.263503801506689,9.410437120720601,65212800
1998-06-25,9.303579330444336,9.564052830758987,9.25014846119926,9.45719170373194,61035000
1998-06-26,9.604125022888184,9.617482433558216,9.403760805522388,9.457191059665579,53716200
1998-06-29,9.81116771697998,9.83120413887406,9.617482509158233,9.710985607509581,52313400
1998-06-30,9.837882995605469,10.071641043546968,9.657555201388668,9.764416320301127,77700000
1998-07-01,10.1050386428833,10.138432485457002,9.911352766151374,9.984820075862071,49723800
1998-07-02,9.897990226745605,10.145106245944174,9.784450731609313,10.118390818839131,51744000
1998-07-06,9.938065528869629,10.004853807481448,9.824526005546314,9.951422940006758,35785800
1998-07-07,9.911349296569824,9.978137569800479,9.670912246695114,9.978137569800479,46121400
1998-07-08,10.071640968322754,10.071640968322754,9.81784650069718,9.877955764987162,42348600
1998-07-09,9.931386947631836,10.165145627164193,9.924708547505617,10.058284499050455,45988800
1998-07-10,9.931386947631836,10.018211652440693,9.777774572782116,9.938065959221166,44241000
1998-07-13,10.071640968322754,10.118392822147094,9.871276754022812,9.984816883101484,42524400
1998-07-14,10.13843059539795,10.272005940790944,10.051605887136736,10.13843059539795,46160400
1998-07-15,10.211895942687988,10.265327419067168,10.058283581846021,10.205217543170766,38209800
1998-07-16,10.231932640075684,10.318757339308364,10.138429541145694,10.24529066239645,46102200
1998-07-17,10.65937614440918,10.672732943341162,10.23193228567451,10.298720560575786,66567600
1998-07-20,11.026710510253906,11.140249407153114,10.666054953907222,10.759557431009393,92302800
1998-07-21,10.572552680969238,11.166968247839975,10.539159454888154,11.146931823020797,77262600
1998-07-22,10.525806427001953,10.846389339033957,10.325442106981951,10.525806427001953,98843400
1998-07-23,10.5925874710083,10.726165246422532,10.418939297992512,10.532478205827575,56988000
1998-07-24,10.445656776428223,10.692771047753896,10.111715349358011,10.672734623275998,80445600
1998-07-27,10.418939590454102,10.46569205774666,10.178502522982084,10.31207785629354,68089800
1998-07-28,10.258649826049805,10.619305483996868,10.23193438830674,10.405584427905069,66456000
1998-07-29,10.044926643371582,10.425619280801678,10.038247632077448,10.338793968367192,55468800
1998-07-30,10.525806427001953,10.539163233052115,10.10504074349657,10.16515003950257,58798200
1998-07-31,10.231932640075684,10.686092558257164,10.178502385181844,10.572551202919875,60683400
1998-08-03,10.312081336975098,10.579234539623718,10.231936232229115,10.272008478870463,75937800
1998-08-04,9.951422691345215,10.572551159916008,9.884635025865341,10.51244189410628,120368400
1998-08-05,10.338793754577637,10.418939442597617,9.918028892472732,10.138429534527681,144369600
1998-08-06,10.619306564331055,10.625986188775332,10.23193542923249,10.278687297173265,78819600
1998-08-07,10.352151870727539,10.702789300415034,10.318758645089122,10.672734663584677,91843800
1998-08-10,10.599271774291992,10.639344635442434,10.298725315663674,10.418943899115002,68205000
1998-08-11,10.472371101379395,10.57923285458879,10.338795744257226,10.365511794022765,81696600
1998-08-12,10.532482147216797,10.64602354339276,10.405586392695206,10.579234630692381,67734600
1998-08-13,10.332113265991211,10.579229931958618,10.312076845665532,10.499084250655901,53187600
1998-08-14,10.305401802062988,10.459013574397657,10.151788195338872,10.452333950956115,56527200
1998-08-17,10.48573112487793,10.492408303423689,10.205220530610278,10.258650799704325,45709800
1998-08-18,10.70612907409668,10.806311185064981,10.525801274353736,10.545837696547395,73733400
1998-08-19,10.819666862487793,11.133569962350023,10.812987240498533,10.879776122834947,88851000
1998-08-20,10.966606140136719,11.10686114124628,10.812991889305122,10.81967151416614,77504400
1998-08-21,10.979962348937988,11.020035204226083,10.687764853437795,10.846386979928667,83786400
1998-08-24,11.00667667388916,11.160288446437432,10.946567400389497,10.993317426987502,63400200
1998-08-25,11.106860160827637,11.227078722595394,11.006678026021172,11.15361019316872,70507200
1998-08-26,11.073463439941406,11.247114087781183,10.953244889522791,11.006676986943956,61074600
1998-08-27,10.5925874710083,11.006675150599253,10.527470323321978,10.926529463691619,109182000
1998-08-28,10.118391990661621,10.679411744599294,9.891312362627751,10.579229645681853,139294200
1998-08-31,8.749239921569824,10.245293602561276,8.709167066033682,10.118396022875745,224315400
1998-09-01,9.617481231689453,9.684269499619404,8.749236194452047,9.003031245708067,223798800
1998-09-02,9.791131973266602,10.098357334076747,9.684271456738553,9.831204819830399,108430200
1998-09-03,9.684272766113281,9.797812309574264,9.470550481234357,9.564054210167585,100256400
1998-09-04,9.537339210510254,9.831206601410784,9.283544673435397,9.777776333464294,72989400
1998-09-08,10.111715316772461,10.125073340690113,9.7176658404647,10.018212206664641,103112400
1998-09-09,9.704310417175293,10.151790246487504,9.69763140384742,10.138432831295031,78987000
1998-09-10,9.450511932373047,9.60412490477301,9.283542160930386,9.483906375832026,106532400
1998-09-11,9.911349296569824,9.924707318093779,9.363687535052787,9.497263470051058,81840600
1998-09-14,10.011533737182617,10.165146740317123,9.944746059828049,10.051606588180631,69817800
1998-09-15,10.32543659210205,10.352150189934475,9.924707554630539,10.018210650211495,75814200
1998-09-16,10.358829498291016,10.459011601756114,10.138428870667804,10.378865918984035,59553600
1998-09-17,9.857916831970215,10.138426660522212,9.837880415645072,10.018208162571357,68469600
1998-09-18,9.787792205810547,9.968120004894057,9.61748261778723,9.938065371713472,77650800
1998-09-21,9.978140830993652,9.998177258365127,9.457193719335349,9.557375856192715,52685200
1998-09-22,10.07831859588623,10.158464270605007,9.958100083808064,10.118391433245618,35666800
1998-09-23,10.619306564331055,10.659379419290794,10.158468732294047,10.248632655953461,66698400
1998-09-24,10.408924102783203,10.719488729526494,10.338796606421814,10.639343019399194,55414000
1998-09-25,10.649356842041016,10.699447890216186,10.238610247004626,10.328774133719932,44434000
1998-09-28,10.619306564331055,10.93738485057399,10.499087999451834,10.819670839129753,52792000
1998-09-29,10.358829498291016,10.819667174230462,10.098356029281764,10.689430439725836,74522800
1998-09-30,9.908012390136719,10.31875911207363,9.777775624644528,10.168485921121102,73704000
1998-10-01,9.176684379577637,9.657558670210527,8.986338306202118,9.637522241434157,146516000
1998-10-02,8.93624496459961,9.256827743598699,8.475407219788417,9.116572777786596,116840800
1998-10-05,7.744079113006592,8.33515371542236,7.363386996196436,8.174862297818084,256038800
1998-10-06,7.4034576416015625,8.325133017822596,7.373403009768269,8.224950911711614,153998000
1998-10-07,7.0327839851379395,7.5336945253899295,6.762292293401865,7.333330309289134,149672800
1998-10-08,7.483602046966553,7.653911598236206,6.591981455025424,6.892527721971872,173296000
1998-10-09,8.024590492248535,8.034608707594662,7.623861878403415,7.7540986779030785,106092800
1998-10-12,8.395263671875,8.735882961664679,8.385245457469422,8.535518673553103,100177200
1998-10-13,8.124770164489746,8.495444019096553,8.004551617049701,8.495444019096553,72907600
1998-10-14,8.355186462402344,8.635696319653261,8.044621977588827,8.044621977588827,71436800
1998-10-15,9.126590728759766,9.156645363431862,8.375224861957369,8.465388765973657,94161200
1998-10-16,8.87613296508789,9.49726190846876,8.816023712502647,9.407098029590891,96420400
1998-10-19,9.016389846801758,9.326954385969374,8.928730501068964,8.946262370215521,60167200
1998-10-20,8.675769805908203,9.29689882203558,8.555551286657742,9.23678956241035,85716400
1998-10-21,9.236788749694824,9.25682516780696,8.6156597882186,8.856096805564235,68915200
1998-10-22,9.367029190063477,9.417120255250982,8.976318881600935,9.20673778146346,55034000
1998-10-23,9.407099723815918,9.567391092911823,9.31693582869947,9.346990460404953,46912000
1998-10-26,9.837882995605469,9.837882995605469,9.326954245324533,9.5373366719108,63498000
1998-10-27,9.737702369689941,10.138430862269773,9.717665945060949,9.998175889866832,71040000
1998-10-28,10.07831859588623,10.098355014565925,9.637517384932956,9.65755380361265,48567600
1998-10-29,10.04826831817627,10.168486882302007,9.717667266830489,9.958104395081966,79612000
1998-10-30,10.098358154296875,10.21857670375279,9.938066755022321,10.178503853934153,57545600
1998-11-02,10.368847846984863,10.398902478425398,10.098356164020041,10.228592900262363,58619600
1998-11-03,10.158470153808594,10.388889102070525,10.008196926681247,10.388889102070525,63931600
1998-11-04,10.50910472869873,10.556691237241457,10.338795119177398,10.398904393126104,86704400
1998-11-05,10.869760513305664,10.882283278873988,10.499086652483259,10.569214139665876,116911600
1998-11-06,10.809648513793945,10.959921662734546,10.729502834358957,10.87977598329956,55838000
1998-11-09,10.739522933959961,10.959923591186751,10.629322605346566,10.859741474265482,46023200
1998-11-10,10.739522933959961,10.869759685957609,10.629322605346566,10.699450087191453,47261600
1998-11-11,10.589249610900879,11.05008734231189,10.459012860719506,10.89981416902569,56942000
1998-11-12,10.448994636535645,10.61930423272079,10.42895821345504,10.579231386559579,33463600
1998-11-13,10.368847846984863,10.589248477548793,10.298720373623613,10.438975320346113,26124000
1998-11-16,10.72950267791748,10.739520887700783,10.499083852901512,10.579229531167936,40676400
1998-11-17,11.020039558410645,11.160294607335873,10.599274411634966,10.72951124277982,65446000
1998-11-18,11.681236267089844,11.761381970466104,11.070125278845865,11.120216343456025,97434000
1998-11-19,11.751360893249512,12.001816155253977,11.69125163036844,11.76137910372969,57859600
1998-11-20,11.96174430847168,12.001817153726192,11.711289025630983,12.001817153726192,41056800
1998-11-23,12.212202072143555,12.282329565584904,11.911655671680629,12.08196529860962,46692400
1998-11-24,12.212202072143555,12.332420632328725,12.001819591819507,12.202183858794792,40832400
1998-11-25,12.35245418548584,12.38250881854055,12.031871432902266,12.232235653266999,24982400
1998-11-27,12.823310852050781,12.823310852050781,12.342436695098877,12.45263702273369,22048000
1998-11-30,12.081962585449219,12.88341947337288,11.991798685557805,12.843346628976699,58153600
1998-12-01,12.783234596252441,12.803271014114907,11.841522956716604,11.881595792441534,71161200
1998-12-02,12.542805671691895,12.783242841117298,12.32240493305194,12.663024256404595,47871600
1998-12-03,12.212202072143555,12.763203806325587,12.142074578702205,12.482693832560189,48567600
1998-12-04,12.542805671691895,12.582878533262795,12.20218634833924,12.462659948550092,46887600
1998-12-07,12.85336685180664,12.893439702474783,12.42258370712411,12.632966173131857,51790800
1998-12-08,12.793256759643555,13.103821332508826,12.572856095029492,12.833329607755202,56120800
1998-12-09,12.943530082702637,13.03369399194747,12.683056567106455,12.88342080987275,37432000
1998-12-10,13.013659477233887,13.584697652909277,12.963568409192186,13.143896254142309,86914800
1998-12-11,13.384331703186035,13.394349915538719,12.973584996725984,13.143894606721616,48952400
1998-12-14,12.883421897888184,13.324223269200065,12.602911934326077,13.234059352340816,65190400
1998-12-15,13.424402236938477,13.424402236938477,12.893437073835686,13.14389233945021,63774400
1998-12-16,13.2540922164917,13.624765997300614,13.214019375323169,13.54462031496355,49596400
1998-12-17,13.604727745056152,13.604727745056152,13.284145058869262,13.344254312529303,38702000
1998-12-18,14.496355056762695,14.526409697516177,13.825134746601602,13.825134746601602,86427600
1998-12-21,15.177593231201172,15.45810320511116,14.96721075076868,15.027320030892248,84346400
1998-12-22,15.037330627441406,15.668477749046207,14.756820795617049,15.438058958619058,117542800
1998-12-23,15.468119621276855,15.468119621276855,15.137518619008631,15.408010348137179,48325200
1998-12-24,15.09744644165039,15.498174947069113,15.087428229014922,15.498174947069113,28090400
1998-12-28,15.09744644165039,15.428047458620837,14.907100401576496,15.307828906995221,42841200
1998-12-29,14.987248420715332,15.177594490229763,14.776865922830957,15.167576276044793,32946800
1998-12-30,14.85700511932373,15.247715301153553,14.846986909533223,15.007278266181356,31787600
1998-12-31,14.877050399780273,15.0673964991714,14.716758947661427,14.8870686155377,29021600
1999-01-04,15.2777738571167,15.48815631678847,14.967209273791704,15.147537096367508,62691200
1999-01-05,15.538249015808105,15.56830365607079,15.207647972918572,15.357921174231997,50396000
1999-01-06,15.989066123962402,16.269576055961743,15.86884758167697,16.00910254767664,81818000
1999-01-07,16.61019515991211,16.83059581945256,15.718574309953016,15.788701792534068,95150800
1999-01-08,17.101091384887695,17.311473879956612,16.640253538546258,17.27140102375301,96112800
1999-01-11,16.780502319335938,17.291431046670944,16.54006527117829,17.251358205311334,65645600
1999-01-12,15.728594779968262,16.73041610353312,15.668485500554372,16.720397890297473,99631200
1999-01-13,15.367932319641113,15.989061266067287,14.406184273561879,14.436238900001856,123995200
1999-01-14,15.448080062866211,16.10928193326126,15.408007222236206,15.908917730111247,81488800
1999-01-15,16.299631118774414,16.30964933089413,15.668483755232442,15.668483755232442,64330400
1999-01-19,17.05099868774414,17.071035113934204,16.37977841037701,16.77048872108325,70477600
1999-01-20,17.010921478271484,17.622032320541543,16.820575478220153,17.30144958361299,73077600
1999-01-21,16.239519119262695,17.010921322953767,16.02913670007422,16.880684587265662,76785600
1999-01-22,16.479961395263672,16.750453162845506,15.718577160588875,15.888886792029291,65845200
1999-01-25,16.58013916015625,16.590157371129152,15.928955446917485,16.590157371129152,46580800
1999-01-26,17.17121124267578,17.231320500234737,16.550082247899876,16.76046464935623,61173600
1999-01-27,16.58013916015625,17.31146856117825,16.48997526140011,17.291432139232437,64099600
1999-01-28,17.45172119140625,17.49179402996287,16.810555774500397,16.930774290170245,64947200
1999-01-29,17.88250732421875,17.95263480392157,17.13114147025998,17.471760657387954,76174000
1999-02-01,18.433513641357422,18.834242198778234,17.952639372452445,18.12294900935629,102006400
1999-02-02,18.015254974365234,18.71402546482094,17.832422552131302,18.653916175319374,126920400
1999-02-03,17.8123779296875,17.99270571525239,17.311467414229472,17.551904461649325,96946400
1999-02-04,16.870662689208984,17.792337848001875,16.630225691263014,17.73222859851538,94445600
1999-02-05,16.22950553894043,16.85063476327025,15.979050206549376,16.770489056905113,108850000
1999-02-08,16.339698791503906,16.74042714935808,15.728588045776293,16.570117597270055,91903200
1999-02-09,15.377957344055176,16.42986973566807,15.367939130801721,16.419851522414614,84167600
1999-02-10,15.798714637756348,15.969024180458858,15.30782242643735,15.377949885197205,80472800
1999-02-11,16.810558319091797,16.840612952558587,15.908919315088065,16.019119637799633,70136400
1999-02-12,15.878868103027344,16.650270528221732,15.788704183199426,16.640252314907517,64724000
1999-02-16,15.878868103027344,16.449906261937475,15.65846741011466,16.32968770216692,55928400
1999-02-17,15.247719764709473,15.79872146448544,15.207646913816676,15.498175082789459,75745600
1999-02-18,15.418028831481934,15.508192742777151,14.686699328754072,15.38797419438353,74250800
1999-02-19,15.568302154541016,15.68852070399693,15.327865055629186,15.508192879813059,43842000
1999-02-22,16.359737396240234,16.439883078524325,15.377952788260108,15.608371624826873,66749200
1999-02-23,16.499996185302734,16.740433288185105,16.199449806699768,16.379777633861547,66164000
1999-02-24,16.019119262695312,16.710375816245016,15.989064629932281,16.550084441508854,55276400
1999-02-25,15.788697242736816,16.189425599151456,15.568296646708765,15.888879331840476,70942400
1999-02-26,15.678499221801758,15.768663115090074,15.307825438283123,15.748626694359338,57699200
1999-03-01,15.93897533416748,16.03915745443252,15.468119368921805,15.66848360945188,49533200
1999-03-02,15.337881088256836,16.119301548664435,15.307826455164236,15.989064805263169,60816800
1999-03-03,15.247719764709473,15.508193295512658,15.067391935691884,15.31784725377187,70323200
1999-03-04,15.74862289428711,15.969023469143544,15.267748912782158,15.518204111482653,65345600
1999-03-05,16.15937614440918,16.199448992876405,15.808738720320946,16.12932150805876,48879200
1999-03-08,16.760469436645508,16.830596923828125,16.319668088640487,16.349722726004465,55211600
1999-03-09,16.880685806274414,17.311468886197144,16.690339794215532,16.720394427698515,65762800
1999-03-10,16.73041343688965,16.860650188194775,16.36975781789083,16.67030416705651,55808400
1999-03-11,16.910741806030273,17.111106045438216,16.65026829479995,16.830596110267095,44450800
1999-03-12,16.55008316040039,17.01092082709435,16.4098282183631,16.980866196657786,35631600
1999-03-15,16.830595016479492,16.830595016479492,16.31966623919351,16.570121522176834,34250800
1999-03-16,16.990890502929688,17.16120013650858,16.81056265561086,16.820580869350792,45531600
1999-03-17,17.00090217590332,17.071029645102687,16.810556188076472,16.980865756132072,28228400
1999-03-18,17.131139755249023,17.151176176015397,16.8506298645198,16.890702706052547,30107600
1999-03-19,16.75045394897461,17.471765363045286,16.580144309541254,17.431692506708025,60511200
1999-03-22,16.469940185546875,16.8305958100479,16.409830914796704,16.8305958100479,34202400
1999-03-23,16.079225540161133,16.600172411244234,15.928952404271776,16.349717184761975,53808400
1999-03-24,16.740427017211914,16.750445226079187,16.08924344083922,16.09926164970649,45670400
1999-03-25,17.221298217773438,17.251352839444944,16.810551721596177,16.950806622729875,54294400
1999-03-26,16.86065101623535,17.161197380161116,16.770487107057622,17.141160955899398,39559200
1999-03-29,17.632051467895508,17.642069678956812,16.97585864338008,17.010922382094645,51662400
1999-03-30,17.622034072875977,17.992707899309412,17.451724476947103,17.591979438300292,58505600
1999-03-31,17.561914443969727,18.03277010789818,17.53185982712323,17.8424242012037,46367600
1999-04-01,17.622034072875977,17.872489361006675,17.331505938644366,17.71219797660303,31877200
1999-04-05,18.343341827392578,18.353360037019772,17.852449555660062,17.852449555660062,40854000
1999-04-06,18.47357749938965,18.63386884428674,18.233140482044014,18.31328615449256,50344000
1999-04-07,19.03460121154785,19.234965434827302,18.35336285239772,18.734054876628676,67619600
1999-04-08,18.85426902770996,19.034596786742256,18.393431421294096,18.81419619236945,51874000
1999-04-09,18.934415817260742,19.174852843511673,18.834233722989524,18.894342979552256,36259200
1999-04-12,18.874309539794922,19.094710181979362,18.353362567358968,18.513653943493107,47398400
1999-04-13,18.293251037597656,18.92439825302408,18.273214618060308,18.914380043255406,48145200
1999-04-14,17.75226593017578,18.61383188389763,17.712193095118952,18.563740840076594,41214800
1999-04-15,17.682146072387695,17.812382842325963,17.030962222696363,17.792346416181616,66928400
1999-04-16,16.940799713134766,17.732238611619476,16.830599360181196,17.702183969904866,56689200
1999-04-19,16.029138565063477,17.49179745912552,16.02663401216269,17.06101436018944,81516400
1999-04-20,16.279592514038086,16.40982925415039,15.908918715256911,16.039155455369215,74923600
1999-04-21,17.30144691467285,17.331501541623645,16.209462135460726,16.459917360050664,58310800
1999-04-22,18.142986297607422,18.2732230849453,17.82240343646803,17.832421650878636,65308400
1999-04-23,18.814199447631836,18.84425407933732,17.81237839078243,18.062833654994783,54894800
1999-04-26,18.85426902770996,19.09470603975302,18.65390485100741,18.874305445380216,45702400
1999-04-27,18.443532943725586,18.956966438220935,18.09289543528974,18.874316168375344,55418000
1999-04-28,17.912555694580078,18.433502504489567,17.83241003151708,18.433502504489567,36496800
1999-04-29,17.501819610595703,17.952639234222953,17.111109270118753,17.93260280650619,58308000
1999-04-30,18.283233642578125,18.31328827322346,17.591977137735444,17.982687336124787,55174400
1999-05-03,18.213104248046875,18.273213502990924,17.78232125428119,18.233140666361557,41324400
1999-05-04,17.41164779663086,18.493614403095837,17.311465703439655,18.13295886760751,59052400
1999-05-05,17.787343978881836,17.942626339722537,16.790531404452807,17.331515113188157,71366000
1999-05-06,17.14116096496582,17.71720816279489,16.970851358651142,17.652089783909865,56656800
1999-05-07,17.391611099243164,17.571938864097067,16.810554968047253,17.351538262608962,63440800
1999-05-10,17.51183319091797,17.87248879439225,17.351541811596064,17.551906035748445,61404400
1999-05-11,17.932607650756836,17.962662300450845,17.591988287558106,17.792352618851478,55567600
1999-05-12,19.03460121154785,19.114746900859632,18.52367244218525,18.8342369882684,106396400
1999-05-13,18.864290237426758,19.605637809157816,18.79416276442517,19.054636235573923,88076000
1999-05-14,18.503633499145508,18.944434730310856,18.28323288356283,18.443524240350232,71554800
1999-05-17,18.663925170898438,18.673943380866714,18.082868992738423,18.40345171172326,43317200
1999-05-18,18.62386131286621,18.814207394062798,18.453551661269262,18.673952386865313,38190800
1999-05-19,18.683969497680664,18.83424271079874,18.313295571989414,18.734060568720025,34946400
1999-05-20,18.393434524536133,18.814199366600686,18.393434524536133,18.764108313973953,38444400
1999-05-21,18.152997970581055,18.56374461340325,18.012743019373474,18.39343502979405,45808800
1999-05-24,17.53187370300293,18.253185078212194,17.31147300502232,18.24316686466762,53234000
1999-05-25,16.73041343688965,17.581961426192414,16.690340590334223,17.581961426192414,64752000
1999-05-26,17.49180030822754,17.64207350675183,16.630233970021603,16.890707514130373,80338400
1999-05-27,17.311471939086914,17.65209117862913,16.99088912540012,17.451726920074886,50292400
1999-05-28,17.471759796142578,17.491796217927146,17.071031360451236,17.291432000081475,29332000
1999-06-01,17.161197662353516,17.531871517290515,17.050997327101975,17.481780455812544,37940000
1999-06-02,17.652088165283203,17.762288488676003,16.91074053518618,17.231323294147053,51811200
1999-06-03,17.441701889038086,18.132958310832244,17.391610843980537,17.632047860256765,46993200
1999-06-04,18.41347312927246,18.433509552699306,17.551906921918036,17.551906921918036,42558400
1999-06-07,18.493621826171875,18.633876812935906,18.233148279324382,18.383421479428705,43156000
1999-06-08,17.90254020690918,18.673942331101685,17.8123763222633,18.44352351478444,42976400
1999-06-09,18.23314094543457,18.273213782677285,17.792339735764724,18.032776759221004,36088400
1999-06-10,17.702178955078125,18.152998453085207,17.581960422276236,18.152998453085207,46404800
1999-06-11,17.74225425720215,18.022764205932617,17.71219961983817,17.76229068211147,42778800
1999-06-14,17.28141212463379,17.94261397983717,17.26137570477914,17.852450090491256,35985600
1999-06-15,17.82240104675293,17.872492112089503,17.291435754185247,17.371581458723767,37105600
1999-06-16,18.633872985839844,18.643891197122553,17.932598196050172,18.19307168940062,64423200
1999-06-17,18.814199447631836,18.934417974453766,18.573762393987977,18.714017341946896,71378000
1999-06-18,19.134784698486328,19.154821122254376,18.64389231616914,18.653910528053164,56777200
1999-06-21,19.735877990722656,19.886151173393134,19.14480347221878,19.244985593999097,89100000
1999-06-22,19.074678421020508,19.97631763209816,19.034605567194834,19.555552666928588,67755800
1999-06-23,19.8360538482666,19.896163102352258,18.994524291067414,19.23496130741004,49204800
1999-06-24,19.31511878967285,19.91621169806516,19.275045929113364,19.85610240722593,38008200
1999-06-25,19.655729293823242,19.77594782161421,19.39525581694281,19.635692872524746,27674200
1999-06-28,19.856090545654297,19.91619980058564,19.53550785268712,19.876126963964744,41440200
1999-06-29,20.036428451538086,20.176683450698853,19.55555416870117,19.876137023925782,39828000
1999-06-30,20.657548904418945,20.978131622625252,19.755910009463705,19.996347048118434,57262600
1999-07-01,20.637516021728516,20.877953101593313,20.357006095219585,20.85791667827125,42941400
1999-07-02,21.499082565307617,21.499082565307617,20.79780773792107,20.817844161560686,34589200
1999-07-06,21.37886619567871,22.200359648371148,21.318756918652436,21.899813263239768,51386600
1999-07-07,21.23861312866211,21.679414533219248,20.943075823334027,21.438977403460807,39944600
1999-07-08,21.29871368408203,21.438968618972506,20.998167395031015,21.21856800700176,35140800
1999-07-09,21.499082565307617,21.599264683505698,20.958099127037997,21.559191836226464,21307000
1999-07-12,21.038240432739258,21.739515113830567,20.998167593819755,21.719478694370814,29140000
1999-07-13,20.918025970458984,21.078317357205798,20.557370350278656,20.85791670042893,29620400
1999-07-14,20.938060760498047,21.138424978301853,20.497259481329664,21.118388556521474,37299600
1999-07-15,21.33879280090332,21.438974926729156,20.837882171774133,21.133419442960353,31955200
1999-07-16,21.158466339111328,21.438976309516214,20.93806564807892,21.438976309516214,34042800
1999-07-19,20.817848205566406,21.198540328671086,20.75773892297093,21.198540328671086,32816600
1999-07-20,19.956281661987305,20.637520192617394,19.836063097758466,20.637520192617394,52511400
1999-07-21,20.216753005981445,20.51229027737711,19.91620662829094,20.016388754187776,34655400
1999-07-22,19.595623016357422,20.276861444328947,19.555550167653216,20.17667932256843,36435400
1999-07-23,20.17667579650879,20.19671221735934,19.61565601269325,19.876129483750464,31477800
1999-07-26,19.575584411621094,20.036422120390064,19.555547989500702,19.876130743426945,30652200
1999-07-27,20.17667579650879,20.276857900761563,19.69580169609547,19.916202325451575,32806600
1999-07-28,20.29689598083496,20.537333050696777,19.695803306180423,20.156641023415567,26070000
1999-07-29,19.79598045349121,20.07649029797388,19.55554344393464,19.79598045349121,32851000
1999-07-30,19.916208267211914,20.4571917915728,19.876135413555552,19.936244694040095,30931600
1999-08-02,19.816024780273438,20.51729967138524,19.635696951130402,19.775951929352765,28405600
1999-08-03,19.595623016357422,20.056460776455808,19.31511307542797,20.036424352103705,32937000
1999-08-04,19.3952579498291,20.09653277239524,19.335148679323435,19.69580430235745,39040000
1999-08-05,19.71583366394043,19.73587008026557,18.714012847683293,19.595615165989575,57323800
1999-08-06,19.956281661987305,20.276864499930877,19.555553114557842,19.715844533529626,39723000
1999-08-09,19.174854278564453,20.477221601559947,19.11474501750312,20.236784557314625,43451800
1999-08-10,18.83424186706543,19.43533469261007,18.00273012506201,19.234970417428524,76086600
1999-08-11,20.17667579650879,20.19671221735934,19.27503685823382,20.01638442970435,75945000
1999-08-12,19.77594566345215,20.33696539858554,19.75590924434024,20.2167468839141,43322200
1999-08-13,20.377044677734375,20.377044677734375,19.956279743385878,20.05646187061171,41463800
1999-08-16,20.356996536254883,20.657542744959436,20.07648674146397,20.43714219190943,29650400
1999-08-17,20.597442626953125,20.757734009264045,20.236787016753556,20.597442626953125,28298200
1999-08-18,20.29689598083496,20.55736947318526,20.256823135857992,20.437150938254355,22717800
1999-08-19,19.956281661987305,20.196718790444983,19.775953815644048,20.076500226216144,27059200
1999-08-20,20.557373046875,20.557373046875,20.03642597161306,20.15664452744274,26887800
1999-08-23,21.078319549560547,21.118392400415225,20.577408913877072,20.75773674272312,29975400
1999-08-24,21.27867889404297,21.479043102084805,20.857914057155114,20.857914057155114,37240600
1999-08-25,21.9999942779541,22.140249250582226,21.35882868879697,21.479047236763932,40614200
1999-08-26,22.100177764892578,22.540979134636583,21.759558524635846,21.759558524635846,71319400
1999-08-27,21.959924697875977,22.40072610604502,21.839706132011695,22.32058039546883,31159600
1999-08-30,21.398900985717773,22.120212254899272,21.19853674427847,22.10017583075534,30237800
1999-08-31,21.739521026611328,21.99999455043248,21.158464704241073,21.559193202427455,40630200
1999-09-01,22.100177764892578,22.16028704258494,21.599267117456208,21.85974065412312,29680800
1999-09-02,21.879777908325195,21.959923614949098,21.398903668581784,21.879777908325195,32987200
1999-09-03,22.74134635925293,22.74134635925293,22.360654217556185,22.400727074576892,41353000
1999-09-07,22.561010360717773,23.001811628866786,22.54097393943827,22.74133815223328,29664600
1999-09-08,22.100177764892578,22.721306967713673,21.999995635405302,22.4007241533544,29108600
1999-09-09,22.420751571655273,22.500897243046353,21.999986796852088,22.42075157165527,27047000
1999-09-10,22.681238174438477,22.981784616679267,22.42076459116312,22.821493180817512,26933600
1999-09-13,22.661191940307617,23.26228456471896,22.641155519493903,23.041883935768134,40052600
1999-09-14,23.061918258666992,23.122027515640063,22.601080621873475,22.741335554810632,30686800
1999-09-15,22.601091384887695,23.32240281206496,22.601091384887695,23.30236638353226,29886800
1999-09-16,22.601091384887695,22.861564955812817,22.200362814233657,22.84152852728012,35386600
1999-09-17,23.562833786010742,23.582870209298164,22.74134043122635,22.801449701088625,52056200
1999-09-20,23.46265411376953,23.562836240643016,23.162107733149085,23.562836240643016,27081800
1999-09-21,22.801450729370117,23.382507030909427,22.721305032606075,23.342434182527406,31278600
1999-09-22,23.162113189697266,23.242258910076842,22.54098385675556,22.86156673827386,34365600
1999-09-23,22.24042320251465,23.362462571290163,22.04005902951902,23.322389736691036,38786600
1999-09-24,22.12021255493164,22.36064964792003,21.37886485155078,21.999994008437447,57435400
1999-09-27,21.83970069885254,22.520939069275464,21.679409317576557,22.48086622395647,39346400
1999-09-28,21.919849395751953,22.060104373604112,21.11839237945389,21.75955799249234,48341400
1999-09-29,21.4189395904541,22.280505916356372,21.398903164270326,22.040068802151087,34538000
1999-09-30,21.979963302612305,22.100181880384113,21.27868826561009,21.599271139668247,38812200
1999-10-01,22.08013343811035,22.120206275566087,21.479040876274315,21.779587157192335,34812000
1999-10-04,22.601091384887695,22.6411642419531,21.93988924330853,22.14025352863555,26348000
1999-10-05,22.961740493774414,23.362468949163148,22.520939192846807,22.801449111618922,40120200
1999-10-06,23.056909561157227,23.402537794856954,22.801445214509602,23.182137182062924,27806600
1999-10-07,22.721302032470703,23.252267203423504,22.581047081652983,23.0819576202877,29225000
1999-10-08,23.021852493286133,23.08196176872552,22.260468337720532,22.74134254123565,30828400
1999-10-11,23.22221565246582,23.32239777348595,23.021851410425565,23.14206995564972,17772200
1999-10-12,23.001815795898438,23.362471444266184,22.601087297712056,23.22221646990095,23617400
1999-10-13,22.540973663330078,23.06192061021593,22.3205730319553,22.661192189534507,33096600
1999-10-14,22.24042320251465,22.54096946200809,21.95991336032077,22.520933044708528,42707400
1999-10-15,21.539154052734375,21.99999176735102,21.31875340661337,21.919846077852473,56896000
1999-10-18,21.599252700805664,21.83968965109293,20.85790543741994,21.458997813138097,50957000
1999-10-19,21.599252700805664,22.120199426428066,21.438961400614158,22.100163013904126,40404800
1999-10-20,22.420751571655273,22.440787989503043,21.779586200526612,22.120205303938715,36908600
1999-10-21,22.18032455444336,22.220397408200256,21.65937745560368,21.87977815126662,37816000
1999-10-22,21.33879280090332,22.74134256246504,21.278683525407818,22.42075975982236,51369400
1999-10-25,21.31875228881836,21.77958997927214,20.877951019688656,21.659371451327676,74015400
1999-10-26,21.559194564819336,22.040068793030922,21.539158138643856,21.73952240039868,38695000
1999-10-27,22.18032455444336,22.280506688835604,21.398903906183836,21.719486736239023,38332600
1999-10-28,22.74134635925293,22.78141921627364,22.260472075004408,22.400727074576892,40276400
1999-10-29,23.723127365112305,23.883418766227926,23.162107461207622,23.242253161765433,56607600
1999-11-01,23.362472534179688,23.723128199372855,23.202181127427167,23.402545385867818,31411400
1999-11-02,23.562833786010742,23.883416558609525,23.30236028327423,23.562833786010742,33270200
1999-11-03,22.921669006347656,23.823308084394547,22.781414038651473,23.723125964611558,47719800
1999-11-04,22.4407901763916,23.60290252481188,22.4007173367909,23.362465487207686,63778000
1999-11-05,23.542789459228516,23.56282587578956,22.921660545836104,22.98176979551924,43893000
1999-11-08,24.14388656616211,24.344250770030673,23.482684693395843,23.56283037494327,50149600
1999-11-09,23.803274154663086,24.524585492683176,23.60290989410195,24.504549066627064,56435600
1999-11-10,25.4863224029541,25.546431653904467,24.744974974566286,24.744974974566286,84182400
1999-11-11,26.848804473876953,26.989059422621086,25.54643709268143,25.606546356428915,55408200
1999-11-12,26.748628616333008,27.06921143121041,25.80691659763065,27.06921143121041,41353200
1999-11-15,26.548261642456055,26.84880800067254,26.26775170812067,26.788698729029242,25344800
1999-11-16,27.089252471923828,27.249543906668936,26.568305309002213,26.728596743747325,37070800
1999-11-17,27.169391632080078,27.63022939575105,27.089245934050343,27.249537330109813,38131200
1999-11-18,28.19125747680664,28.211293907138415,27.24954525121324,27.57012813652163,30482600
1999-11-19,28.25135612487793,28.411647507146743,27.8105548236387,28.11110116539272,35320400
1999-11-22,28.050992965698242,28.331502895355225,27.770483036041263,28.271393624714445,27224400
1999-11-23,28.37158203125,28.692164879060737,28.050999183439266,28.612019167108052,48103800
1999-11-24,29.633859634399414,30.114733624409954,28.571929573126145,28.732220903129658,49164200
1999-11-26,29.874317169189453,30.575592220109396,29.754098589031752,30.535519360056828,24342000
1999-11-29,29.73404312133789,30.61564547803524,29.69397028694256,30.0946986308959,46741400
1999-11-30,28.591991424560547,29.693995298667648,28.33151778158978,29.693995298667648,43533600
1999-12-01,29.313282012939453,29.413464111411564,28.59197090394026,28.97266287813428,39542400
1999-12-02,29.974496841430664,30.054642554910423,29.31329470522263,29.77413255773126,39396200
1999-12-03,30.635692596435547,31.09653035295485,30.13478199152326,30.41529193027414,49795400
1999-12-06,31.49724578857422,31.697609947534612,30.555534241460357,30.77593481631679,36850800
1999-12-07,32.53915786743164,32.8397042763057,32.07832004049142,32.358830022107206,55914600
1999-12-08,32.038238525390625,33.02002319564963,31.737692197760317,32.6994404461773,41666800
1999-12-09,31.617473602294922,32.69944037955977,30.775943886644484,32.679403957758566,48570000
1999-12-10,31.998167037963867,32.09834915142023,30.976309480708913,32.01820346065514,33256600
1999-12-13,32.43898391723633,32.61931180806717,31.497271598453064,32.05829170326012,36838200
1999-12-14,31.397083282470703,32.559196128918245,31.336973997309624,32.35883184504798,41910600
1999-12-15,30.735864639282227,30.936228815548734,29.774116593202994,30.535500463015723,90774200
1999-12-16,31.377042770385742,31.65755273129596,31.11656923525483,31.54234328306498,42678200
1999-12-17,31.958097457885742,32.30372578462463,31.657551086808446,32.29871667844001,57102400
1999-12-20,33.10016632080078,33.200348422255985,32.078308885957654,32.29870950915912,38061000
1999-12-21,33.34061050415039,33.50090190080496,32.65937206836847,33.36064692873221,39562800
1999-12-22,32.85973358154297,33.66119049816597,32.21856804824457,33.48086269192579,30393400
1999-12-23,33.48085403442383,33.66118179403473,33.08012567973294,33.30052627481293,21218200
1999-12-27,33.7213020324707,33.74133845673242,32.71948081938482,33.66119275968555,26471200
1999-12-28,33.7213020324707,34.302358336060514,33.060100031834025,33.64115633542383,26290400
1999-12-29,34.02184295654297,34.30235285135546,33.56100527220817,33.801442324904585,18297400
1999-12-30,34.041873931884766,34.302347363970995,33.681218410534605,34.26227452826542,17842400
1999-12-31,34.34242248535156,34.36245890453788,33.96173052081149,34.202167551047324,10726400
2000-01-03,34.642974853515625,35.344249648121206,33.20035241889843,35.244067534606124,53076000
2000-01-04,32.69944381713867,34.30235772974351,32.61929812150843,33.82148355596206,50805600
2000-01-05,32.59926223754883,33.500901328323074,31.176676116549466,32.07831520732371,68524000
2000-01-06,32.05827713012695,32.65936982631683,31.61747581958771,32.31875063180924,48242600
2000-01-07,33.94169616699219,33.98176900780328,31.857908444815575,31.857908444815575,62260600
2000-01-10,35.20399475097656,35.264104019191095,34.021845809424136,34.78322987347485,50583000
2000-01-11,34.14207458496094,35.14389602231308,33.66120029503191,34.66302173238405,43210200
2000-01-12,33.28050231933594,34.462651408343056,33.180320193148894,34.26228715596897,40757800
2000-01-13,34.041873931884766,34.142056021148704,33.260453635626085,33.98176467832641,34494400
2000-01-14,34.48269271850586,35.02367627655331,33.661199167396774,34.70309342734001,43623000
2000-01-18,35.905269622802734,36.065561005047385,34.38250149147851,34.46264718260084,59568600
2000-01-19,36.00544738769531,36.225848011660055,34.96355352895288,35.805083184090996,45597000
2000-01-20,36.02548599243164,36.90708854174587,35.72493966880179,36.34606873763681,41731200
2000-01-21,36.9471549987793,36.98722783500357,36.04551618373317,36.82693649010648,44974600
2000-01-24,34.96355438232422,37.107451413217454,34.78322659467899,37.107451413217454,43787800
2000-01-25,35.94533920288086,36.18577625440515,34.32238910509192,34.78322678718014,55379800
2000-01-26,34.36247634887695,35.82513569200699,34.302367060803114,35.72495354521726,35308800
2000-01-27,34.182132720947266,35.46446360848573,33.26045739552899,34.88340742506986,47908600
2000-01-28,33.3005485534668,35.063754493722556,33.020038517517015,34.16211509245541,49564400
2000-01-31,35.103824615478516,35.14389747462861,32.058287320071706,32.99999951009881,66914600
2000-02-01,37.7686653137207,37.868847449831364,35.12385692039915,35.19398441567661,87263000
2000-02-02,36.50636291503906,37.74862114815235,36.22585299143283,37.22767414716936,68449200
2000-02-03,37.7686653137207,38.02913886760843,36.706734670947654,36.82695323428045,48675200
2000-02-04,38.83058166503906,39.27138290169069,38.02912487112701,38.32967116884403,52970000
2000-02-07,40.132938385009766,40.193047628721715,39.29140897304251,39.772282922738086,48933400
2000-02-08,40.33332824707031,41.034603204172875,39.65208971731354,40.9945303494813,72100800
2000-02-09,41.29507827758789,43.27868465773403,40.53369401046109,42.71766467143007,107807600
2000-02-10,43.57920455932617,43.6793866387729,41.21490748438342,41.87610920873182,64314000
2000-02-11,41.976318359375,42.83788479825478,41.07467906287291,42.67759336776551,75471000
2000-02-14,41.83605194091797,42.61747245130868,40.693975810346934,42.61747245130868,49103800
2000-02-15,41.03459930419922,41.71583776921034,40.17303301021457,41.59561921656132,61367200
2000-02-16,40.76912307739258,41.51548004244129,40.63387718439717,40.994532899051585,46274000
2000-02-17,41.83605194091797,41.876124787604674,40.9143764671238,41.33514135733418,39656600
2000-02-18,40.33332824707031,41.936242434733316,40.25318253768716,41.896169580041736,41600000
2000-02-22,39.73223114013672,40.73405239934339,38.870664857218976,40.57376099787032,61144400
2000-02-23,44.440792083740234,44.5610106376187,40.49361623139721,40.714016913507734,105707800
2000-02-24,43.9999885559082,44.16027995319749,42.47722028166002,43.9999885559082,74976000
2000-02-25,42.55735778808594,43.999980085987154,42.016374426372984,43.79961587794532,46451200
2000-02-28,41.8560905456543,42.69762036993265,40.91437859943804,41.92120892491393,52048400
2000-02-29,42.37702941894531,42.93804919375877,41.44032675921212,42.432129575400204,41688600
2000-03-01,42.21674346923828,43.39889243206935,41.67576004556983,42.53732623881959,39469400
2000-03-02,42.55735778808594,42.79779483773614,41.655718851897674,42.036410847177166,31939200
2000-03-03,44.060096740722656,44.54097092070325,42.918020563268726,43.11838480492731,38053800
2000-03-06,43.63930892944336,44.240401338939826,43.09832576089654,43.97992796149136,33787600
2000-03-07,42.33695602416992,44.18030668873388,41.916191198562935,44.16027026846688,42309600
2000-03-08,42.43714141845703,43.27867113497034,41.6757573892307,42.71765132396146,48042400
2000-03-09,44.661170959472656,44.876562430003986,42.356983135184024,42.918002779358645,67248600
2000-03-10,43.719459533691406,45.482664134500226,43.6192774541,44.601061834095816,48013600
2000-03-13,43.659358978271484,44.89159880257791,42.95808428151173,43.278667000030474,47557200
2000-03-14,42.236785888671875,44.28050133489793,42.21674946272848,43.89980924197347,58617400
2000-03-15,41.234962463378906,43.278677804129465,40.59379686628069,42.797803606305806,62863600
2000-03-16,42.21172332763672,42.75771571433571,39.85243512456126,41.59560347842593,75486200
2000-03-17,43.27866744995117,43.57921375168694,41.99633656254521,41.99633656254521,53047600
2000-03-20,42.998165130615234,43.839694923479094,42.49725453962485,43.27867506156986,39242200
2000-03-21,45.15706253051758,45.32236292580399,42.61744736657166,43.11835765531839,57357400
2000-03-22,46.284141540527344,47.04552568708147,44.52093614850725,45.4025388445173,59111600
2000-03-23,49.89070510864258,50.61201650780367,46.163929546310236,46.88524094547134,76967200
2000-03-24,50.89252471923828,52.13478319663702,50.171213345264825,51.37339896855392,64910400
2000-03-27,51.333316802978516,52.57557505504123,50.692151253526795,52.214919433474634,47360000
2000-03-28,49.930789947509766,51.61385028281908,49.69035275675129,51.0127573059229,42658000
2000-03-29,48.76866149902344,50.48177594362759,48.08742300643231,49.97084707418424,54776100
2000-03-30,47.20580291748047,49.209444807016986,45.36245237910686,48.007259673295074,67081600
2000-03-31,49.570098876953125,49.890681569770926,46.32419911217285,47.67665734749796,53212600
2000-04-03,46.76502227783203,49.36975788028197,46.163929446497434,49.28961216943736,61832400
2000-04-04,46.88523864746094,47.76684142544738,41.03460202991453,47.44625859708868,10846100
2000-04-05,46.24406433105469,48.007269556848804,44.961733257749884,45.04187894983143,64975400
2000-04-06,46.043704986572266,47.60654614799639,45.36246653159252,47.36610904623883,43823900
2000-04-07,48.04733657836914,48.0874094195521,45.923475995672256,46.80507850169737,44893800
2000-04-10,46.52457046508789,48.72857681786983,46.48449762231004,48.36792123286915,42264200
2000-04-11,44.8815803527832,47.24587788922446,43.91983220236642,46.24405689920698,58865900
2000-04-12,41.675758361816406,45.32238721847534,41.51546698350173,44.721294549795296,94231500
2000-04-13,39.191246032714844,42.63751102127668,39.191246032714844,42.38705571687539,104047300
2000-04-14,36.546443939208984,39.15117952698155,35.30418542811745,39.03096096139205,14575300
2000-04-17,42.63750457763672,42.71765026293303,36.33605007121437,36.50635965246904,12074800
2000-04-18,44.40070343017578,44.56099477829916,42.95808129706538,43.67939236362058,80723900
2000-04-19,42.39708709716797,44.88160448849539,42.2367956525662,44.72131304389362,51863900
2000-04-20,41.755916595458984,43.398903716777426,41.39526088590127,42.79781086751458,36551400
2000-04-24,40.673946380615234,40.87431064850004,37.98906519095886,39.471760773306414,58933700
2000-04-25,42.316932678222656,42.35700553113764,40.43350859121843,41.755912737412885,54357600
2000-04-26,42.79780197143555,44.240424509798544,42.236782095405495,42.517292033420524,51055200
2000-04-27,44.24042510986328,44.32057080752608,41.03459720335145,41.194888598677046,51540300
2000-04-28,44.450801849365234,44.88158491889931,43.63932676489406,44.48085648212342,34352200
2000-05-01,45.80326461791992,46.083774549963174,44.56100634744265,44.80144343205115,40694200
2000-05-02,43.599266052246094,45.96356448706459,43.3588289232815,45.522763083962836,31282300
2000-05-03,42.356998443603516,43.358819598844846,40.79415744142703,43.31874675263519,47312400
2000-05-04,40.79415512084961,42.63750594163456,40.71400943298939,41.95626759482273,40026500
2000-05-05,43.43896484375,43.589238015488064,40.714011329566425,40.91437555855051,45085600
2000-05-08,40.23313522338867,41.43532053882857,39.832406784908706,41.0746649441966,67640000
2000-05-09,40.23313522338867,40.83422788110862,38.99087706410077,40.73404577148863,70498200
2000-05-10,37.5081901550293,39.43168708605644,37.2677530386509,38.79052144238073,91957600
2000-05-11,38.6302375793457,39.19125762717852,37.22768745976365,38.38980041598878,53912000
2000-05-12,38.42986297607422,40.3934326171875,37.66847882952009,38.55008152553013,43915500
2000-05-15,38.46992492675781,38.55007060368855,36.54642868041992,38.10926938056946,50519100
2000-05-16,38.83058166503906,39.922566546744235,37.66846931386658,39.191237222299485,50845600
2000-05-17,37.187583923339844,38.22947743843341,37.187583923339844,37.98904047341182,43334300
2000-05-18,35.50453186035156,37.38795510802258,35.344240520124245,37.18759093273843,75639200
2000-05-19,34.26227951049805,35.30417339034945,33.62111404597411,34.612916873909576,82841000
2000-05-22,35.424400329589844,35.58469173379613,32.058280841257776,34.10199624488796,92259800
2000-05-23,32.40890884399414,35.66482704315893,32.218562856966045,35.344244328164244,67684700
2000-05-24,35.34425354003906,35.584690638950896,32.17849840436663,32.37886265345982,97110300
2000-05-25,34.943519592285156,37.468108737140625,34.66300968730122,35.945340681513514,76771500
2000-05-26,35.22404098510742,35.86520669132098,33.741345289488564,35.02367670191568,36022200
2000-05-30,38.38977813720703,38.46992381181498,36.54642762122423,36.856992110330026,51328600
2000-05-31,36.50636291503906,38.6302237652005,36.14570729897391,37.788693994381816,49611300
2000-06-01,39.07102584838867,39.191244389460635,37.10745634421324,37.558275873233114,52127600
2000-06-02,41.27503204345703,42.15663466962796,40.673939343795034,41.39525058338943,61997000
2000-06-05,40.5537223815918,41.715834979483255,40.03277535495079,40.83423231901387,36758700
2000-06-06,39.311458587646484,40.91437229152606,39.19124005985552,40.23313396737724,30704100
2000-06-07,40.31327438354492,40.71400275713881,39.19123493748204,39.51181763635715,32483900
2000-06-08,40.834224700927734,41.6757543561971,40.23313209002105,40.91437038238196,36633200
2000-06-09,41.27503204345703,41.67576050989836,41.034594963592234,41.3551777367453,23956400
2000-06-12,39.83241653442383,41.51547638799103,39.83241653442383,41.35518497336558,22663400
2000-06-13,41.675758361816406,41.675758361816406,39.43167906541091,39.99269888951228,33430700
2000-06-14,41.79597854614258,42.637508315528,41.114740161402,41.55554146917532,33894400
2000-06-15,42.63750457763672,42.71765026293303,41.43531929819208,41.996339095266244,38430500
2000-06-16,43.479042053222656,43.559187752859934,42.18669264657157,42.797803606305806,49657300
2000-06-19,44.200355529785156,44.4007197887597,42.47722290260405,42.95809712414296,34616900
2000-06-20,43.038230895996094,44.60107168272221,42.71764817051381,44.04005191312822,34001500
2000-06-21,43.23859405517578,43.438958253763246,42.15662738280345,42.19670022252094,27600800
2000-06-22,41.39524841308594,43.03823503935556,41.315102723999615,42.9981621948124,27506900
2000-06-23,40.152992248535156,42.27685311597264,40.072846555424306,41.39525049175331,25132300
2000-06-26,40.27320861816406,40.79415559531444,39.15116897507093,40.44351820684784,40313100
2000-06-27,39.91256332397461,41.836060351636036,39.83241761448872,40.11292759768934,31635200
2000-06-28,40.75408935546875,41.31510926793341,39.83241378499109,40.27321514478475,29624000
2000-06-29,39.231319427490234,40.72403306249944,38.79051808560832,40.19306780977804,36168100
2000-06-30,40.75408935546875,40.834235057249415,38.55008255650043,38.990883916294095,34402600
2000-07-03,41.43531799316406,41.59560935870822,40.47356979989914,40.63386116544329,14879800
2000-07-05,39.6721076965332,41.51545815516,39.39159784413347,40.914365614303435,27383000
2000-07-06,41.51546096801758,41.595606645562015,39.030944964140076,39.91254741712887,34561900
2000-07-07,41.91619873046875,42.27685436008081,40.79415899389788,41.43532455765266,30196900
2000-07-10,40.473567962646484,42.07648154532555,40.39342228351253,41.19487907485206,29138500
2000-07-11,39.83241653442383,41.39525782702194,39.51183370517293,40.393436485612895,33011500
2000-07-12,40.95445251464844,41.4353267124721,39.81237629481724,40.63386971609933,32863700
2000-07-13,41.83605194091797,43.028219129847386,40.95444931381051,41.074667853870615,58366200
2000-07-14,43.75955581665039,44.080138643146,42.35700595073211,42.67758877722772,58353300
2000-07-17,44.64115524291992,44.721300943535574,43.19853263183813,43.35882403306944,41995400
2000-07-18,43.11838912963867,44.32057470016763,42.99817057258578,43.75955476725412,29673200
2000-07-19,42.8378791809082,43.55919052352406,42.47722350960027,43.03824344274594,24010200
2000-07-20,44.56100845336914,44.72129985068342,43.07831302821208,43.118385877540646,43828700
2000-07-21,43.67940139770508,44.64114968536097,43.428946114461354,43.99998416025704,29126500
2000-07-24,42.356998443603516,44.16027652303791,42.236779904974554,43.55918382989311,29325800
2000-07-25,43.67940139770508,44.160275541533025,42.27685181154024,42.717653110049184,32776100
2000-07-26,43.95992660522461,44.320582338540035,42.55737653122018,42.99817798305014,44805400
2000-07-27,43.599266052246094,44.24043172948501,42.797808955697455,43.50910212888437,34568500
2000-07-28,40.27320861816406,44.240420213386194,39.7121887966175,43.11838057029306,56395700
2000-07-31,41.956268310546875,42.3169239120702,40.112917458316545,40.323299892538486,51109200
2000-08-01,40.51365280151367,42.07649400750678,39.95263288141358,41.51547408740669,34942900
2000-08-02,39.07102584838867,41.35517812875601,38.95080730731671,40.55372118827624,45361900
2000-08-03,41.27503204345703,41.595614816610095,37.508184458908524,38.22949569850292,61286400
2000-08-04,42.03641891479492,42.877948750076804,41.39525332600873,42.016382490145354,41593000
2000-08-07,42.47722625732422,43.118391936680055,41.83606057796838,42.44717161610441,39458000
2000-08-08,41.99633026123047,42.91800544826129,41.595601919043155,42.316912934980316,46360200
2000-08-09,43.479042053222656,44.881591796875,43.11838640485491,44.16028050013951,94337400
2000-08-10,40.633880615234375,42.717669364733574,40.473589172965205,42.717669364733574,59673700
2000-08-11,41.234962463378906,41.59561811174665,39.752267020089285,40.27321406773159,48999400
2000-08-14,41.35517501831055,41.39524786232054,39.992698321970856,41.03459226623062,29087500
2000-08-15,40.51365280151367,41.55554693884241,40.35336139577079,41.15481842448521,33757400
2000-08-16,40.43350601196289,41.19489016877885,39.95263180765808,40.71401596447404,35195300
2000-08-17,40.673946380615234,41.35518489142357,39.92258037604722,40.31329069842259,34739500
2000-08-18,40.713993072509766,41.234939834264324,40.39341044989158,40.75406590033704,41693400
2000-08-21,41.99633026123047,41.99633026123047,41.114727908418374,41.114727908418374,41781800
2000-08-22,41.555545806884766,42.597439915832695,41.35518155516401,42.03642001101458,40985800
2000-08-23,43.07830810546875,43.118380950218025,41.154811557503635,41.355175781250004,43615700
2000-08-24,42.63750457763672,43.278670060007194,42.07648478056255,43.158451532062735,26958500
2000-08-25,41.99633026123047,42.95807828248002,41.99633026123047,42.5573499402927,21182500
2000-08-28,42.356998443603516,42.978127559853135,42.07648852013594,42.15663421255525,25397800
2000-08-29,42.67758560180664,43.198532656100994,42.15663854751229,42.35700279916396,25801700
2000-08-30,42.67758560180664,42.918022703788644,42.43714849982463,42.557367050815635,24561800
2000-08-31,43.9999885559082,44.20035280251981,42.8378759255609,42.918021624205544,46835300
2000-09-01,43.95992660522461,44.64116521259819,43.67941659042373,44.160290901510955,33141800
2000-09-05,42.316932678222656,43.79962823607705,42.07649556073275,43.31875400109725,32365000
2000-09-06,41.19488525390625,42.91801761374864,40.714011106973494,42.557362003549066,37317100
2000-09-07,42.47722625732422,42.7577362420424,41.194894898612546,41.67576915812942,30302700
2000-09-08,40.95445251464844,42.2768565586635,40.59379686628069,42.15663800920759,35967700
2000-09-11,39.231319427490234,40.95445194575589,39.030955181180275,40.71401485018394,53535500
2000-09-12,37.748619079589844,40.31328109773607,37.267744951187424,39.44169674000669,76982100
2000-09-13,39.311458587646484,39.662095960370145,37.187597930006056,37.34788930039401,75426600
2000-09-14,39.271385192871094,40.59378897997797,38.820565719993745,40.152987717609015,48069600
2000-09-15,40.23313522338867,40.87430072495662,38.349711562532825,39.351532658732744,75803700
2000-09-18,38.510009765625,40.112923803736344,37.50818849180541,39.471758188491805,59433800
2000-09-19,39.752262115478516,39.79233496035299,37.868838406378224,38.42985823462086,50635000
2000-09-20,40.473567962646484,40.794150679182295,39.11109141736927,39.31145561520416,61998200
2000-09-21,39.191246032714844,40.31328579643265,38.51000760474332,39.4717559736443,48728100
2000-09-22,38.67029571533203,38.79051425123462,37.46811035630616,37.508183201607025,55306500
2000-09-25,36.66667175292969,39.34153551195488,36.46630742641094,38.930788642591466,59634900
2000-09-26,35.38432312011719,37.948985271518666,35.344250274001546,37.307819733668296,72577600
2000-09-27,36.746803283691406,36.9471675327846,35.464472089494976,36.22585623604911,56557200
2000-09-28,38.1092643737793,38.30962853978234,35.02365621733239,36.14569554694945,90508900
2000-09-29,35.424400329589844,38.029135647942034,35.38432747853827,37.738607477818135,44248700
2000-10-02,35.584693908691406,37.80873727798462,35.003637532930114,36.786879513714766,76637400
2000-10-03,36.06555938720703,38.0692015753852,35.865195168389214,36.546433512369795,65208200
2000-10-04,37.54826354980469,37.86884637627047,35.42440232446888,36.265932243941556,56870600
2000-10-05,36.90708923339844,37.74861895533261,36.06555951146427,37.06738060900495,47457200
2000-10-06,36.02548599243164,37.34788981640299,35.02366491366546,36.746797169143285,54803700
2000-10-09,34.42258071899414,35.62476630871454,33.9016336301153,35.54462060273318,45976900
2000-10-10,32.77959442138672,34.86338281981228,32.49908444467559,33.981780035863004,61859800
2000-10-11,32.819664001464844,34.22221374511719,30.916203635079523,31.256822858537948,93499900
2000-10-12,31.938051223754883,34.382494291068625,31.577395689233185,33.74132889636338,78347800
2000-10-13,35.94533920288086,36.02548488672229,31.45718090776084,31.45718090776084,73929500
2000-10-16,34.943519592285156,35.74497646366785,34.542791156593815,35.38432087154563,51407200
2000-10-17,34.98360061645508,35.90527623407073,34.22221641059867,35.54462055761243,52349400
2000-10-18,33.50090789794922,35.11384036552393,32.058285069807866,33.82149074864729,66281300
2000-10-19,37.3478889465332,37.90890873757555,34.78322704462535,35.30417399345038,72023700
2000-10-20,36.746803283691406,38.109280177525115,36.38614763532366,36.9471675327846,51194000
2000-10-23,35.825111389160156,37.02729633510513,35.22401891618767,36.06554837834915,45486800
2000-10-24,35.183963775634766,36.70673213950051,34.66301670378596,36.26593077101305,46524900
2000-10-25,32.45901107788086,34.3424351774616,32.37886537151572,33.0601038756194,68796400
2000-10-26,34.34242248535156,34.70307803070531,32.058270698111144,32.939873142309196,83351700
2000-10-27,32.499080657958984,35.02367015419994,32.25864356307889,35.02367015419994,71866300
2000-10-30,30.81601333618164,31.857907155090253,29.012735572685965,31.537324441579912,7360400
2000-10-31,34.54280471801758,34.943533311034024,30.89617452156793,31.01639309947286,87881100
2000-11-01,33.420745849609375,35.18395066661515,32.73950762485715,33.90161989061095,76320300
2000-11-02,35.74497985839844,35.90527124789798,33.74133748965413,33.86155603177879,57679400
2000-11-03,36.38614273071289,36.6265797972154,34.66301042077825,35.50454015353703,59242000
2000-11-06,35.34425354003906,36.546439034598215,35.18396214076451,35.865200587681365,72645200
2000-11-07,36.38614273071289,36.94716255255208,33.981772065687814,34.74315610961242,97458000
2000-11-08,33.420745849609375,36.34606293236895,33.34060017610911,35.82511605461725,59053700
2000-11-09,34.14207458496094,34.302366014937284,32.37886885522117,32.65937885767977,70492400
2000-11-10,32.09836196899414,34.06193217683523,32.058289107609625,33.3005478105295,58042300
2000-11-13,32.2987174987793,33.581048714611725,30.77594917997829,31.296896236410213,75162400
2000-11-14,34.06191635131836,34.34242625068216,33.22038665322697,33.540969395357024,59774300
2000-11-15,34.34242248535156,34.85335117460271,32.97994598068183,33.94169410162517,51065300
2000-11-16,32.739505767822266,34.10198214004498,32.57921442991371,33.901617967659284,32594500
2000-11-17,33.82148361206055,34.42257633028437,32.37886108832337,32.859735262902426,49838500
2000-11-20,32.85973358154297,33.78140903565942,32.01820381908882,32.09834951075112,51552800
2000-11-21,34.42258071899414,34.74316354291958,32.37886521646946,32.659375187404216,57419900
2000-11-22,32.418922424316406,34.9435109443806,32.29870392336097,33.70125310117441,48342200
2000-11-24,33.78140640258789,33.78140640258789,33.06009523384936,33.26045944738784,21082300
2000-11-27,32.85973358154297,34.95353977622056,32.719478621133945,34.42257456895782,40198100
2000-11-28,32.69944381713867,34.10199349066791,32.45900673024795,33.300536534365484,52037000
2000-11-29,33.1402473449707,33.981777205000185,32.25864463446362,32.89981024210513,55316000
2000-11-30,30.695798873901367,32.659368253563464,28.97266656113667,32.178494119768665,10840500
2000-12-01,31.09653091430664,33.10017337012537,30.29507393197915,31.537332254586758,70468000
2000-12-04,29.373395919799805,31.777766663576053,28.852448925314953,31.45718389773922,9501200
2000-12-05,33.420745849609375,33.420745849609375,30.33513741984928,30.615647277100194,90848900
2000-12-06,32.979949951171875,34.34242661987156,32.869749632379985,33.34060553994532,71419200
2000-12-07,32.0181999206543,32.69943821683843,31.417107306374177,32.258636966366346,46448400
2000-12-08,33.5810546875,34.14207469421241,32.69945181980907,33.300544684143794,55400200
2000-12-11,35.143890380859375,35.74498314678058,33.741340593709914,33.90163199795557,78621500
2000-12-12,34.86335372924805,35.344227573789404,34.18211578281446,35.10379065151873,39485300
2000-12-13,32.77959442138672,35.42440277323455,32.57923015230734,35.38432991941867,54330600
2000-12-14,32.659366607666016,33.70126051171425,32.61929376520262,32.7395122925928,46244400
2000-12-15,30.88614845275879,32.178497836607605,30.21492823013964,32.09835213838442,100237900
2000-12-18,27.530040740966797,32.13841728421451,27.129312345901777,31.41710617309748,126032400
2000-12-19,26.76866340637207,29.493617166302162,26.608372008729123,27.5701203945868,99018800
2000-12-20,23.40254020690918,24.644798334330726,22.89161146095354,23.40254020690918,167411300
2000-12-21,24.925302505493164,25.80690484491575,22.540968905691166,23.08195215942775,17161000
2000-12-22,26.608366012573242,26.928948735616295,25.516381112207853,25.92712772610676,61418800
2000-12-26,26.127492904663086,27.12931395162103,25.36610890897505,26.768658374716168,39582600
2000-12-27,26.127492904663086,26.88887690035112,25.326036067096734,25.72676448587991,47381700
2000-12-28,25.36612319946289,26.64845486199498,24.604738774834463,25.806924708458297,56407400
2000-12-29,24.524585723876953,25.326042773676853,23.723128674077053,24.925314248776903,72819200
2001-01-02,21.358829498291016,24.684876118099936,20.91802813903923,24.444439013053508,17384600
2001-01-03,26.488157272338867,26.76866725858149,20.47722899571129,20.87795754748646,161938600
2001-01-04,26.848804473876953,28.531863858806553,26.227675415152934,27.209460056361866,108614900
2001-01-05,23.48268699645996,27.530044311549474,23.442614151756104,27.449898622141763,17850700
2001-01-08,23.432584762573242,23.482675794558222,21.599252991923006,22.400709503682673,92042800
2001-01-09,23.803274154663086,24.915295800777393,23.162108520867445,24.16392982367313,77470000
2001-01-10,23.242259979248047,24.043717219911773,21.56921798936252,22.080146980285644,3324100
2001-01-11,25.08561134338379,25.366121374380093,22.29052924881347,22.29052924881347,33695100
2001-01-12,24.404367446899414,25.486334476564906,24.04371177034425,25.12567880000974,66957400
2001-01-16,24.68486976623535,24.845161128353766,23.883412955643298,24.36428704199853,48381800
2001-01-17,25.005462646484375,26.478140134077805,24.564661221626476,25.606555498563328,69477200
2001-01-18,26.848804473876953,27.409824268853487,24.60472529397082,25.04552656145238,79187500
2001-01-19,25.887060165405273,28.211285381494292,25.7668416197455,28.171212532941034,78838600
2001-01-22,26.56830406188965,27.209469770773865,25.606555498563328,26.087429780226486,59726300
2001-01-23,27.329675674438477,27.489967027367733,25.927126336307467,26.72858310095376,55443000
2001-01-24,27.28960418701172,27.81055110981811,26.608365903341824,27.650259748954603,70171600
2001-01-25,25.20582389831543,27.20946649754559,25.12567819434622,27.08924794159178,65082100
2001-01-26,24.60472297668457,24.634777605727752,23.2021736213361,23.883411879648214,43833300
2001-01-29,23.8834171295166,24.364291299909553,22.761377398599713,23.162105873927175,12188100
2001-01-30,24.364286422729492,24.724941978329106,23.92348518810774,24.244067904196285,74652700
2001-01-31,24.003633499145508,25.326037348013287,23.923487811335338,24.88523606505736,83891100
2001-02-01,24.524585723876953,24.72494998632693,24.00363864150702,24.043711493997012,46785200
2001-02-02,22.76137351989746,24.765015555099705,22.561009316377238,24.564651351579478,57600300
2001-02-05,22.160280227661133,22.40071726448928,21.47904195664804,22.160280227661133,65876100
2001-02-06,22.921669006347656,23.202178941740023,22.160284895996945,22.29052165171483,91451300
2001-02-07,19.916208267211914,20.8779567549646,19.154824047741034,20.47722821840098,279312700
2001-02-08,19.234962463378906,20.35700194040934,19.194889624913532,19.996346394220986,101508200
2001-02-09,18.07285499572754,19.525495779752205,17.95263644808412,19.144803712214706,134360900
2001-02-12,18.954458236694336,19.154822488667847,17.83241842564266,18.31329263037909,97195000
2001-02-13,18.273221969604492,19.67577190148203,17.952639128032484,19.07467907353451,74303300
2001-02-14,18.83424186706543,18.99453328721067,17.952639056266623,18.553731881811263,73145200
2001-02-15,19.75591468811035,20.15664318076979,19.154821949121192,19.51547759251469,101537700
2001-02-16,18.11292839050293,18.71402114682493,17.622035972839964,17.952636988817062,86437400
2001-02-20,16.710372924804688,18.393432068310197,16.710372924804688,18.383413859122662,103669700
2001-02-21,16.109285354614258,17.111106583135044,16.029139656332596,16.46994099688174,96584700
2001-02-22,16.950817108154297,17.231327083939355,16.109287180799118,16.46994286395134,114885800
2001-02-23,17.311471939086914,17.311471939086914,16.029140684339733,16.95081627368927,100864600
2001-02-26,16.710372924804688,17.51182965980731,16.189426047052983,17.44170219549458,91552600
2001-02-27,15.387971878051758,16.990885615348816,15.187607660889626,16.550084337592125,124980300
2001-02-28,15.187612533569336,16.02914251564046,14.907102539545628,15.62841395274945,118246500
2001-03-01,15.708553314208984,15.708553314208984,14.265931071067342,14.907096512463628,119256900
2001-03-02,14.225861549377441,15.267755634683958,14.065570151637978,15.067391387509629,123632700
2001-03-05,14.79689884185791,14.947172018992553,14.466297852161695,14.706734935577124,82668400
2001-03-06,15.387971878051758,15.989064529538155,15.347899034619331,15.428044721484184,88650300
2001-03-07,15.387971878051758,15.948991686105728,15.107461974024773,15.908918842673302,74824100
2001-03-08,14.626585960388184,15.387969887093323,14.506367445645267,15.227678534102767,78985300
2001-03-09,13.224040031433105,14.235879458080637,13.023675788532604,14.185788397355513,159948800
2001-03-12,12.061924934387207,12.703090379404467,11.781415052192155,12.222216295641521,177487400
2001-03-13,13.704914093017578,13.785059789467974,12.432601161867554,12.432601161867554,135080500
2001-03-14,12.983604431152344,13.484515095934457,12.632966965804867,13.103822990700051,15405900
2001-03-15,13.023674964904785,14.025496116051308,12.983602118858926,13.744986193730282,87632100
2001-03-16,12.783234596252441,12.8633802677023,12.182142060378503,12.582870417627795,10082600
2001-03-19,13.344263076782227,13.424408800967106,12.663024421210762,13.143898766320032,67185500
2001-03-20,12.222221374511719,14.06557279492988,12.202184946028913,13.664844225273757,15255800
2001-03-21,12.3825101852417,12.823311518696904,12.021854548778348,12.342437336745771,3497900
2001-03-22,12.663019180297852,12.783237716819665,11.901635115659689,12.66301918029785,119093500
2001-03-23,11.981780052185059,13.143892498718058,11.831506890995447,13.103819655734162,128395900
2001-03-26,11.460834503173828,12.302364309350926,11.220397415694656,12.222218613524536,120308100
2001-03-27,11.621129989624023,11.701275713690396,11.300547093358533,11.500911403524464,104520000
2001-03-28,10.098358154296875,10.899815150669642,9.857921055385045,10.73952375139509,185769200
2001-03-29,9.777774810791016,10.37886752456915,9.617483420450178,10.058284743887478,141756600
2001-03-30,10.13843059539795,10.418940532820026,9.617483568756947,9.978139202585332,99565700
2001-04-02,9.657559394836426,10.338798024347708,9.617486534276939,10.218579442669247,75519700
2001-04-03,8.816025733947754,9.617482618852096,8.695807201212103,9.537336930361661,138417400
2001-04-04,8.775956153869629,9.286885108033271,8.455373280668912,9.056466167920256,161707700
2001-04-05,9.577409744262695,9.737701120735712,9.09653561484365,9.457191211907935,115077200
2001-04-06,8.735879898071289,9.537336769453976,8.575588523794751,9.457191082315708,97979300
2001-04-09,9.290485382080078,9.296897182060182,8.78396480144704,9.078900874439878,75640100
2001-04-10,10.168883323669434,10.418938057168146,9.37383835098126,9.585422890302096,113387300
2001-04-11,11.156279563903809,11.57303689837133,11.047281378926812,11.233219962739515,156531000
2001-04-12,11.528154373168945,11.746150721651983,10.91904793599366,11.028046110235179,87131700
2001-04-16,11.028046607971191,11.758974854741405,10.6048774942699,11.316570336626024,112225600
2001-04-17,10.681815147399902,11.002397837833096,10.162471531317387,10.19452931119034,179699500
2001-04-18,11.496097564697266,12.502727200003743,10.995988036443707,11.476862159520774,140776100
2001-04-19,12.124442100524902,12.182147105701812,11.553805074804792,11.778213292389843,94046600
2001-04-20,12.27831745147705,12.342434237556043,11.797443390273568,12.079556515265551,82599000
2001-04-23,11.111397743225098,11.95132418140049,10.829284589002986,11.893619190243102,86046500
2001-04-24,10.4253511428833,11.034457632148872,10.386881555427593,11.034457632148872,82895500
2001-04-25,10.085533142089844,10.515114081143363,9.861125581284458,10.297117710702702,91861200
2001-04-26,9.752128601074219,10.450998577156618,9.604660198128396,10.367647588948332,102367300
2001-04-27,10.002184867858887,10.226592489323616,9.74571822858931,10.18171108732332,61868800
2001-04-30,10.886992454528809,11.252456679730885,10.579233235719316,10.579233235719316,88925800
2001-05-01,11.412745475769043,11.540979065669159,10.59205441377197,10.970342158758552,84418000
2001-05-02,12.823310852050781,12.861780442187593,12.053911711757246,12.34884849727605,170728200
2001-05-03,11.964147567749023,12.45784527296077,11.656388435770046,12.45784527296077,103489100
2001-05-04,12.592489242553711,12.67584143718893,11.374275113188256,11.49609689300262,103541800
2001-05-07,12.342434883117676,13.015658114844587,12.233436707960115,12.752780378804477,123910800
2001-05-08,13.066953659057617,13.46447684691112,12.695077680774267,13.143894064841808,167326100
2001-05-09,12.265497207641602,12.656608609165936,11.957738017717361,12.18214621896782,119875800
2001-05-10,12.073149681091309,12.663022154416636,12.021856475711996,12.52196614535515,64343100
2001-05-11,12.214197158813477,12.291137524604586,11.887203967246732,12.124434417828537,45258000
2001-05-14,11.906440734863281,12.214199819210021,11.656386631697291,12.137260659586284,40417000
2001-05-15,12.015443801879883,12.611728035553808,11.803859192149753,11.944915190994376,86610500
2001-05-16,12.823310852050781,12.829722654227954,11.6692133645367,11.810269343655818,91196200
2001-05-17,12.733548164367676,13.291361505840024,12.451434981055392,12.823310949679033,101042200
2001-05-18,12.951539993286133,13.073360523956884,12.598898332438392,12.637367909338323,74267000
2001-05-21,14.66345500946045,14.695512794167083,12.957953714108184,13.015658704921002,142051000
2001-05-22,15.054561614990234,15.471318833800305,14.60574661893547,15.009680237677339,148928700
2001-05-23,14.336462020874023,15.022508960429676,14.304403009771375,14.810924378857125,76492600
2001-05-24,14.689105033874512,14.714752247036701,14.00946978312014,14.374934010196299,80093600
2001-05-25,14.137700080871582,14.785277441942121,14.105642292105479,14.740396048499075,46276500
2001-05-29,13.118245124816895,13.81711559537265,13.066951935369044,13.797881413658521,67521100
2001-05-30,12.182143211364746,12.816896842468946,12.066733237904707,12.701486869008907,82251200
2001-05-31,12.348848342895508,12.925897079438506,12.214202944710625,12.23985015309868,57099600
2001-06-01,12.085975646972656,12.823316076803515,11.848743761464036,12.560438195063181,72830000
2001-06-04,12.650195121765137,12.701488313254648,12.188556398359527,12.233437788047082,52929400
2001-06-05,13.810704231262207,14.028699356822424,12.95154243968136,12.990012023847747,88078300
2001-06-06,13.31059455871582,14.105639550251608,13.028481425291504,13.644000877951285,57377300
2001-06-07,13.990236282348633,14.060764905242516,13.079780880600039,13.143897699328425,53177400
2001-06-08,13.137484550476074,13.695299226513344,13.028486336672307,13.650417824875287,51469500
2001-06-11,13.066953659057617,13.143894064841808,12.6117266955238,13.022072265236115,50494800
2001-06-12,13.06054401397705,13.195188205074357,12.342437992679042,12.778430803153581,57859100
2001-06-13,12.194968223571777,12.983601502834247,12.182144619943244,12.964366097391448,57764900
2001-06-14,11.374275207519531,12.188555641941955,11.3550398033074,11.733327525663453,85642500
2001-06-15,10.675405502319336,11.329394616352705,10.515114124738187,11.060105053099328,116601600
2001-06-18,10.579233169555664,11.047283798100331,10.515116360306406,10.771582374377017,54183100
2001-06-19,10.668992042541504,11.233218288787047,10.470231107646946,11.201159284496976,60739500
2001-06-20,10.515111923217773,10.803636831626632,10.348408778684425,10.643345487605245,67861900
2001-06-21,11.335806846618652,11.739740595301415,10.438175342825463,10.630524514021786,82574700
2001-06-22,11.233226776123047,11.880804476952289,11.207579553313069,11.598691140676989,52644300
2001-06-25,11.867973327636719,11.893619311230829,11.393511013347586,11.540978782060536,56218100
2001-06-26,11.553802490234375,11.605095680814475,11.316570719472578,11.521743481792981,62755700
2001-06-27,11.496097564697266,11.701270328208631,11.290924801185898,11.547390755575107,44681200
2001-06-28,11.912857055664062,12.30396847142431,11.82950606395642,11.887211067033386,70696400
2001-06-29,11.66921329498291,12.823310775618049,11.605096496519577,12.03467745641983,87250800
2001-07-02,12.323199272155762,12.4642564511203,11.93850098788235,11.983382372852514,55643700
2001-07-03,12.30396842956543,12.464259832472491,12.053913009440492,12.214204412347554,26024800
2001-07-05,11.27169418334961,12.034681791775746,11.252458770003408,11.989800383561265,55909900
2001-07-06,10.765170097351074,11.27810204464736,10.707465100414463,11.072929265728845,50458300
2001-07-09,11.06010627746582,11.342219475658226,10.790816684401776,10.912638487268588,52767600
2001-07-10,10.386879920959473,11.399921199340383,10.303527734507822,11.35503859429091,68598200
2001-07-11,10.707470893859863,10.771586504767988,10.265066085617851,10.457415364196002,63929500
2001-07-12,11.451215744018555,11.605095310853299,11.213983980819517,11.348629366128725,72525600
2001-07-13,12.015443801879883,12.143677417503278,11.464040966796228,11.579450976272005,70330500
2001-07-16,11.3550386428833,11.867971696453111,11.29092308124728,11.758973529575547,49931700
2001-07-17,11.406338691711426,11.470454285066117,10.88699358046724,11.278105059148936,56759900
2001-07-18,10.995990753173828,11.399925801195621,10.784406135661701,11.060107563343717,50243200
2001-07-19,11.387101173400879,11.932092176581431,11.252455761826237,11.335807974450141,80866400
2001-07-20,11.53456974029541,11.746154353008446,11.188340929913354,11.271691925195164,46501600
2001-07-23,11.714095115661621,12.162910275475188,11.66921372197289,12.066735685724156,64946900
2001-07-24,11.784622192382812,11.912855790698792,11.48968662835278,11.630742608159375,50964300
2001-07-25,11.989794731140137,12.17573208078923,11.73973936723125,11.92567793980642,58461200
2001-07-26,12.425792694091797,12.496321323588292,11.669218075634454,11.996211558200512,68742600
2001-07-27,12.220613479614258,12.566843419394123,12.1244389039841,12.303965675306188,47793000
2001-07-30,12.111617088317871,12.502728472909387,11.893620699161247,12.214203480517899,51555900
2001-07-31,12.323199272155762,12.663017394385031,11.976970571724488,12.20779052062935,61467400
2001-08-01,13.015660285949707,13.041307495171289,12.663019719636651,12.707901112848177,80598700
2001-08-02,12.983604431152344,13.304187256612897,12.534787986337001,13.2144244568204,62708600
2001-08-03,12.855371475219727,13.002840511966042,12.470673043155223,12.73996267935627,46978900
2001-08-06,12.528372764587402,12.823308267740977,12.438608775123551,12.688664117934163,39179100
2001-08-07,12.348848342895508,12.515551528639255,12.079558769451946,12.438611126401293,77109900
2001-08-08,11.528154373168945,12.175731617436082,11.431979801291376,11.97697067249897,88371300
2001-08-09,11.726920127868652,11.867976128237894,11.290927297548293,11.419159691631313,49364900
2001-08-10,11.752567291259766,11.829507713734849,11.252457602488054,11.662804484144278,45855600
2001-08-13,11.675621032714844,11.797442797854949,11.444802326517594,11.720503636764505,32726800
2001-08-14,11.316574096679688,11.797448360472817,11.290928105199162,11.739743350983522,36460900
2001-08-15,10.899816513061523,11.464041770944117,10.867758718370169,11.284516163990167,50466900
2001-08-16,11.207576751708984,11.213988555808694,10.361238177372718,10.662585632499544,55552800
2001-08-17,10.649764060974121,11.053697966707674,10.534354024214053,10.854936916135715,46172300
2001-08-20,10.835699081420898,10.8934040869083,10.386883866762286,10.592056676083528,36904400
2001-08-21,10.265063285827637,10.89981719951903,10.245827874045514,10.835700383171842,40024600
2001-08-22,10.566407203674316,10.592054410817644,10.09835667964389,10.463820820953295,60248300
2001-08-23,10.745933532714844,10.970341694071381,10.418938992954077,10.502289966810228,59888900
2001-08-24,11.70127010345459,11.925678267832092,11.092162403419385,11.220395989613989,85966300
2001-08-27,11.547392845153809,11.75256564579258,11.425571036177153,11.669214654130462,44244000
2001-08-28,10.957520484924316,11.540981098164057,10.906227284516198,11.508923306506368,51378300
2001-08-29,10.951104164123535,11.201158260087366,10.82287060454288,11.149865080840277,57053500
2001-08-30,10.265063285827637,10.70746797340402,10.09836005249557,10.662585345912401,67105100
2001-08-31,10.470232963562012,10.899813913787142,10.098357008361615,10.181708599901443,45434400
2001-09-04,10.111180305480957,10.668993609889077,10.079121907944275,10.322764873174753,56466000
2001-09-05,9.54054069519043,10.386879391952679,8.989138701959508,10.091942688421351,115754400
2001-09-06,9.232782363891602,9.777773248560514,9.207135769993242,9.322545748267373,82669200
2001-09-07,9.207140922546387,9.553370439664699,9.117378099400058,9.136612902722362,59269400
2001-09-10,9.27766227722168,9.437953605936471,8.944256019992727,9.008372796063801,68496800
2001-09-17,8.976317405700684,9.200725585428438,8.335151876722064,8.489031456925789,112436700
2001-09-18,8.700614929199219,9.354603979323777,8.655733543530559,9.104549234606207,81039300
2001-09-19,8.649322509765625,8.886553673077321,7.963275615554422,8.848084085223032,107879900
2001-09-20,8.258211135864258,8.52750067594941,8.110742763216185,8.309504323360189,85365900
2001-09-21,7.751691818237305,8.14280259475623,7.604223419574016,7.629870017846352,132033500
2001-09-24,8.053040504455566,8.431327708891212,7.899160290022299,8.065863498971478,106555400
2001-09-25,8.078686714172363,8.373622911330102,7.822220110164719,8.091509708068008,86807900
2001-09-26,7.841456413269043,8.303095900004143,7.693988592089697,8.290272903644897,86325700
2001-09-27,7.206701755523682,7.6939877960229754,7.078468747882608,7.597813193157973,103368100
2001-09-28,7.809394836425781,7.841452617537654,7.354167373959224,7.424695348453515,92085300
2001-10-01,7.629866123199463,7.758099660567781,7.43751704007263,7.726041276225701,66345900
2001-10-02,7.360580921173096,7.732457538119195,7.2579945212416925,7.565754332499077,75603400
2001-10-03,8.94426155090332,9.245609606442937,7.148997436858069,7.283642260698045,196280700
2001-10-04,9.24560546875,9.636716157506683,9.072490510660042,9.200724084710231,137857300
2001-10-05,9.57901382446289,9.604660424083365,8.81602702715642,8.995553224499737,85969500
2001-10-08,9.649541854858398,9.784186647678306,9.200726082613082,9.232783871623859,70666200
2001-10-09,9.354602813720703,9.681597298038785,9.284074231928797,9.643127106928388,62928100
2001-10-10,9.713653564453125,9.74571195014186,9.207133027252217,9.341777757974628,64764600
2001-10-11,10.55358600616455,10.585645022402694,9.938067569509304,10.002184379059164,113145700
2001-10-12,10.867759704589844,11.156283551774225,10.418943200623135,10.668997446101582,125292200
2001-10-15,10.393296241760254,10.67540951475692,10.258652020989544,10.67540951475692,63245200
2001-10-16,10.880581855773926,10.989580077367751,10.418942976455314,10.592058014797255,69242700
2001-10-17,10.002184867858887,11.188341622255473,9.982949457175978,11.14987080088966,87344600
2001-10-18,10.720287322998047,10.758758135669696,9.91883101436161,10.098357193254238,72685700
2001-10-19,10.720287322998047,10.86134452360834,10.245824973050263,10.412528159182113,69947500
2001-10-22,10.790814399719238,10.944693959900539,10.35482170107587,10.59205345401748,61129000
2001-10-23,10.521527290344238,11.137046895958258,10.502291882287878,11.072930092030044,95294000
2001-10-24,11.047284126281738,11.092165527211584,10.592057090648789,10.643350294986677,77814700
2001-10-25,11.374275207519531,11.412744793017719,10.50228978338679,10.822872516032524,88659400
2001-10-26,11.085752487182617,11.431981233915492,10.96393069531078,11.14345625919961,62461100
2001-10-29,10.527939796447754,11.316573235555818,10.463822988235613,11.047283619405942,84832900
2001-10-30,10.624110221862793,10.880576130989883,10.297115729128533,10.367644312735703,76335100
2001-10-31,10.848525047302246,11.162696132773783,10.649763997907328,10.989581078658851,85724000
2001-11-01,11.322978973388672,11.34862617210588,10.707460879284659,10.995984527298761,73546100
2001-11-02,11.066519737243652,11.32939756710953,10.89981651439004,11.24604656714596,71976400
2001-11-05,11.476861953735352,11.534566945304014,11.284512797123888,11.451215970219343,103486600
2001-11-06,11.842325210571289,11.957735185186309,11.489684708515192,11.688445652059936,123928900
2001-11-07,12.137266159057617,12.483494980094674,11.694861510524177,11.733331107766862,119637700
2001-11-08,12.239849090576172,12.752780984548407,12.124439108700894,12.336023667830204,122071800
2001-11-09,12.310380935668945,12.419379144789374,12.066737304493202,12.17573551361363,61623000
2001-11-12,12.348848342895508,12.406553338842429,11.861562389858292,12.2975551490456,71411500
2001-11-13,12.554020881652832,12.797663242115698,12.24626172435463,12.752781851208816,108595300
2001-11-14,12.752781867980957,12.81689866490062,12.419376725265842,12.707900477015048,75208500
2001-11-15,12.913069725036621,12.957951103755082,12.637368429565091,12.675839230974502,80721400
2001-11-16,12.836135864257812,12.887429064374746,12.624551260909668,12.887429064374746,53364600
2001-11-19,13.27853775024414,13.284949552397144,12.861780393708589,12.913073588006407,64166100
2001-11-20,12.688668251037598,13.317010267325681,12.56684644039354,13.201600259655141,72911700
2001-11-21,12.27831745147705,12.630959163448525,11.989793748510548,12.573254178270028,69396400
2001-11-23,12.560432434082031,12.663018817809942,12.32961245923115,12.368083270323735,18581100
2001-11-26,12.778427124023438,12.932306679369923,12.412963027209786,12.69507493388201,70098900
2001-11-27,12.630962371826172,13.022072542694163,12.49631696456655,12.682255569133103,75237600
2001-11-28,12.105199813842773,12.79765825963361,12.079553838849035,12.50272282111423,59998800
2001-11-29,12.752781867980957,12.829722268869789,12.259085344429778,12.323200918423256,72872400
2001-11-30,13.105422019958496,13.143891604185603,12.70148710533275,12.791251099097378,74661300
2001-12-03,12.733548164367676,12.94513274612033,12.663019562808046,12.842546356356996,53655700
2001-12-04,13.156715393066406,13.272125370309698,12.720722689225546,12.868190449958176,98810100
2001-12-05,13.810704231262207,14.041522959186564,13.240066155318312,13.310594745395047,19234800
2001-12-06,13.971000671386719,14.041528064178635,13.65682841387378,13.855590654002615,73072500
2001-12-07,13.567062377929688,14.054348322487089,13.451652388044225,13.791470555715176,54959300
2001-12-10,13.297776222229004,13.70812187120821,13.143896603861801,13.406774438104916,61016000
2001-12-11,13.323417663574219,13.708115931335104,13.265712678824892,13.554236379645557,65695400
2001-12-12,13.143892288208008,13.656824181016418,12.810485946419492,13.42600544071568,66607700
2001-12-13,12.18856143951416,12.82331540532663,12.137268226809919,12.59249533669422,91996800
2001-12-14,12.432198524475098,12.637371286674874,12.053910785571965,12.137262984544453,65012300
2001-12-17,12.348848342895508,12.720724304038882,12.310378753239629,12.35526014499252,60579700
2001-12-18,12.579668045043945,12.727135821195077,12.457846253780492,12.579668045043947,51952500
2001-12-19,12.406550407409668,12.675839917225222,12.214200058726608,12.297552243367042,65604400
2001-12-20,11.726920127868652,12.175735341548828,11.592274707716115,12.118030336187227,100945900
2001-12-21,11.662806510925293,12.220620084832884,11.64357109623213,12.041094439403656,90588500
2001-12-24,11.611506462097168,11.861560591334928,11.5409778726502,11.688445629742931,16740600
2001-12-26,11.69485855102539,12.073146293140631,11.57944856557652,11.611507574271283,36264500
2001-12-27,11.855149269104004,11.996205230769933,11.675622499135127,11.810267882343302,38393400
2001-12-28,11.887207984924316,12.143673919366504,11.669211634916946,11.983382557474382,46191700
2001-12-31,11.611506462097168,12.13726192507196,11.579447456473083,11.829502808636864,61550500
2002-01-02,12.329614639282227,12.374496037233087,11.707684425099892,11.82309443293146,55376900
2002-01-03,13.31059455871582,13.336240540158387,12.502725964995744,12.528373169364324,91379800
2002-01-04,13.355477333068848,13.785058267532246,13.092599575568602,13.586297304698775,75753000
2002-01-07,13.163134574890137,13.624773519777197,13.022077313424038,13.464482066603347,58262400
2002-01-08,13.432413101196289,13.522175849033504,13.124652837463794,13.208005008677537,62817100
2002-01-09,13.368301391601562,14.003055112262706,13.163128620025375,13.631179158049322,87613900
2002-01-10,13.464478492736816,13.644005312893482,13.137483868304896,13.336244875063995,62846400
2002-01-11,12.957954406738281,13.297772568252645,12.804074830654274,13.182362580458099,72916400
2002-01-14,12.586073875427246,12.951539111329948,12.502722927332346,12.772012393145763,67921100
2002-01-15,12.618142127990723,12.848962188820943,12.406557479871893,12.663023534724019,53271700
2002-01-16,12.143675804138184,12.425787764347046,12.137264001916222,12.425787764347046,59639300
2002-01-17,12.489908218383789,12.496320022481942,12.194972567428199,12.329616784709684,57684100
2002-01-18,12.085975646972656,12.329618114344166,12.053916623024616,12.07315203739344,56076600
2002-01-22,11.579453468322754,12.368088295156365,11.57304166386904,12.323205663980369,67592600
2002-01-23,12.137266159057617,12.194971166384867,11.624332896473883,11.643568306558448,64877200
2002-01-24,12.214197158813477,12.714306479141626,12.085964846395795,12.323195296977602,68395900
2002-01-25,12.265497207641602,12.509140816859693,12.124441217991235,12.201381626935452,55244800
2002-01-28,12.630962371826172,12.810487950937286,12.387318767423535,12.489905162037397,54156300
2002-01-29,12.18856143951416,12.816903600872768,12.079563209651818,12.669435767213908,67690500
2002-01-30,12.40014362335205,12.412967229703941,11.694861172041342,12.348850420870894,84758500
2002-01-31,12.695073127746582,12.701484927839559,12.207788549938638,12.489900416474642,62995800
2002-02-01,12.316792488098145,12.823313977202366,12.246265092813564,12.534788923544706,53772000
2002-02-04,11.739734649658203,12.31037251800068,11.540973777028542,12.18213898686346,57184800
2002-02-05,11.861563682556152,12.156499273604258,11.540980880324906,11.585862276969065,78978700
2002-02-06,11.93209171295166,12.342437288613304,11.714095320149843,12.329613683642307,112316300
2002-02-07,10.938283920288086,11.540979878589319,10.912637934257306,11.489686683601526,160137000
2002-02-08,10.745933532714844,11.092162254097595,10.431762595986129,11.066516270959584,121511000
2002-02-11,11.3422212600708,11.355043644290141,10.745936979981092,10.854935194867668,77809800
2002-02-12,11.066519737243652,11.28451616536557,10.995991121402302,11.11140113898761,62451400
2002-02-13,11.233226776123047,11.310165998699196,11.11781671933193,11.169109942024994,59732100
2002-02-14,11.19474983215332,11.329395232566547,11.104987047161986,11.290925642274008,53623000
2002-02-15,10.957520484924316,11.246045501548963,10.925462693266628,11.226810092798532,62729700
2002-02-19,10.77799129486084,10.912636680564017,10.624111727575848,10.649758933586392,58196000
2002-02-20,10.701054573059082,10.835698766667624,10.374059959104427,10.771581959885587,74671800
2002-02-21,9.688014030456543,10.406119579890566,9.61748601977167,10.406119579890566,106466000
2002-02-22,9.771364212036133,9.918832627275286,9.13019857169576,9.777776015190707,124883000
2002-02-25,10.002184867858887,10.072712872639817,9.681602027369347,9.848304639711843,70102100
2002-02-26,9.938065528869629,10.258648287865423,9.867537542017265,10.098356908367526,66791300
2002-02-27,9.130197525024414,10.072711079486204,9.072492526174878,10.04065267885167,122395000
2002-02-28,9.149430274963379,9.611068908757145,9.130194873291423,9.296898019003983,100935200
2002-03-01,9.617481231689453,9.643127823848772,9.149430771916133,9.29689852396647,82479300
2002-03-04,10.566407203674316,10.611288593248995,9.623894353827632,9.732892538334484,93030100
2002-03-05,10.585643768310547,10.675406557290206,10.329177783421317,10.470233769378822,66517800
2002-03-06,10.75234603881836,10.84852062200876,10.20735510350452,10.527937862756641,72915100
2002-03-07,10.899816513061523,11.072931539418384,10.598469085012766,10.90622831658509,74333800
2002-03-08,11.412745475769043,11.496097676081963,11.18192672604544,11.18192672604544,66457900
2002-03-11,11.16910457611084,11.425570566363552,10.912638585858126,11.322984170262467,60089900
2002-03-12,10.75234603881836,10.886990210699684,10.527937862756641,10.739522434945991,58617500
2002-03-13,10.489470481872559,10.668996082167252,10.431765475227426,10.598468691877093,50250800
2002-03-14,10.733112335205078,10.899815543205264,10.450999119902734,10.457410922855784,49705100
2002-03-15,10.604877471923828,10.822872606860402,10.44458610425576,10.6946402464816,54306800
2002-03-18,10.592055320739746,10.957519493444751,10.540762124972838,10.848521299574289,57252100
2002-03-19,10.733112335205078,10.899815543205264,10.585644536064041,10.592056339017091,50773700
2002-03-20,10.271471977233887,10.694641124796975,10.258648373265022,10.617700723909966,45891900
2002-03-21,10.572818756103516,10.668993334770457,10.239413020123468,10.316352805349634,48718500
2002-03-22,10.624110221862793,11.008809697016387,10.547171060587626,10.592052441819126,63027800
2002-03-25,10.374062538146973,10.970346910484288,10.367650733582124,10.82928965591101,56806400
2002-03-26,10.444587707519531,10.893402872128435,10.335589511856774,10.335589511856774,66280800
2002-03-27,10.476644515991211,10.617700487732566,10.290705931357184,10.48946811967483,57560200
2002-03-28,10.85492992401123,10.976751686890326,10.450995055542714,10.527935438131063,52836300
2002-04-01,11.233226776123047,11.252460970303638,10.733116937670504,10.816469188876042,55846200
2002-04-02,10.527939796447754,11.06010722563365,10.495882003804883,10.91905122590806,70833700
2002-04-03,10.643345832824707,10.816460783485045,10.45099548000457,10.643345832824707,53666700
2002-04-04,10.816465377807617,10.842111368654605,10.483058936311526,10.559998131778954,57717400
2002-04-05,10.354822158813477,10.899813056209153,10.32276437428918,10.81005028120025,57972000
2002-04-08,10.374062538146973,10.386886147276666,9.931657806585951,10.091949251927092,61387900
2002-04-09,9.502070426940918,10.34199670500871,9.495659238061245,10.322762526906756,105561200
2002-04-10,9.970123291015625,10.085532661096646,9.662363544052457,9.784185327118541,87213800
2002-04-11,9.534131050109863,9.995770388024939,9.450779460523593,9.944477196196939,64249700
2002-04-12,9.809830665588379,9.957298412933083,9.630304526201748,9.70083249952361,55259200
2002-04-15,9.623893737792969,9.957299460294665,9.579011739628157,9.944476469006887,45652000
2002-04-16,9.989358901977539,10.015005498702312,9.777774326132377,9.822655717534957,51689200
2002-04-17,10.23941421508789,10.290706799761576,9.899596026352567,10.104769422362965,51955800
2002-04-18,9.899599075317383,10.354826789833977,9.732896442261763,10.079125928551615,65411400
2002-04-19,9.78418254852295,10.059883209580219,9.681596199156255,10.053472021341957,46082800
2002-04-22,9.534131050109863,9.611070837851862,9.328958282797863,9.585424241937863,48702100
2002-04-23,8.982730865478516,9.521310107047888,8.931437662611263,9.489251702390051,83697900
2002-04-24,9.252018928527832,9.489250104712763,9.014787752342901,9.149432540065495,77480200
2002-04-25,9.354602813720703,9.450777374302282,8.950668558644766,9.117371701018254,82191500
2002-04-26,8.918612480163574,9.534131417266078,8.918612480163574,9.50207301827325,58851400
2002-04-29,9.059667587280273,9.20072415290315,8.899376229992503,9.034020994572751,69059400
2002-04-30,9.393075942993164,9.604660545400403,8.982730343882483,8.989142146734382,73316700
2002-05-01,8.783967971801758,9.35460553526746,8.739086578668015,9.328958937553447,102602100
2002-05-02,8.74549674987793,9.13660744493807,8.72626134658259,8.8416713205026,80762900
2002-05-03,8.424918174743652,8.726265636976366,8.367213159412147,8.694207838648472,70750200
2002-05-06,8.264625549316406,8.71344138749178,8.238978947462478,8.49544496600177,69219600
2002-05-07,8.386446952819824,8.655736584361462,7.867103100177548,8.437740157736018,108755600
2002-05-08,10.431763648986816,10.450997832550332,9.71365770474423,9.76495089912397,194497200
2002-05-09,10.098358154296875,10.290707344255809,9.867538759468257,10.233002954146027,89850000
2002-05-10,9.88676929473877,10.034237025006941,9.707243176140983,9.893181094697272,93204200
2002-05-13,10.066298484802246,10.143238273391733,9.713657328503121,9.880360509511885,69927100
2002-05-14,10.547173500061035,10.579231287519402,10.258648521230935,10.463821295987362,73338200
2002-05-15,10.617700576782227,11.034457916585943,10.33558863093347,10.386881823171986,85240300
2002-05-16,10.906227111816406,10.93828490296646,10.483057909418704,10.515115700568758,60338800
2002-05-17,11.06010627746582,11.213985870227233,10.86134528968145,11.021636685007042,61316400
2002-05-20,10.630524635314941,10.91263781615781,10.547173652959163,10.797227822952717,56815500
2002-05-21,10.361233711242676,10.874165588858231,10.303528722145169,10.733109628245469,60334400
2002-05-22,10.617700576782227,10.649759586260155,10.14323824284441,10.188120244650424,58041400
2002-05-23,10.835699081420898,10.848522687735079,10.284297462101666,10.617702665785478,66580900
2002-05-24,10.624110221862793,10.694638805469962,10.450995274604788,10.668991603094295,41671100
2002-05-28,10.502291679382324,10.694642087450736,10.335589704486512,10.662583074642853,42942600
2002-05-29,10.034238815307617,10.36123333397857,10.021415824565644,10.303528346982166,54470200
2002-05-30,10.265063285827637,10.367649702812514,9.873951806743692,9.918833822772033,61043200
2002-05-31,10.117593765258789,10.604880416484328,10.098358967007522,10.444589004309606,50648100
2002-06-03,9.829068183898926,10.39329334997823,9.797009782960453,10.136827976859868,53377300
2002-06-04,10.309940338134766,10.309940338134766,9.797007858277395,9.822654451697112,61643900
2002-06-05,10.207354545593262,10.322764528284159,9.906006597157612,10.220177537301664,67798600
2002-06-06,9.912418365478516,10.0791215373697,9.893183572248933,9.976535158194524,45735400
2002-06-07,10.085533142089844,10.226589724986109,9.52130803343094,9.52130803343094,79538300
2002-06-10,9.918832778930664,10.168886991150197,9.89318617738345,9.995772583572306,48831700
2002-06-11,9.61107063293457,10.181708144183373,9.58542403756738,10.040651563932297,74853200
2002-06-12,9.803422927856445,9.809834731214758,9.348195284291073,9.463605298887801,87072700
2002-06-13,9.546953201293945,9.758537738259056,9.393073037758695,9.662362559616652,58413200
2002-06-14,9.168667793273926,9.611071768494277,9.06608139968446,9.290488982795631,95569800
2002-06-17,9.662364959716797,9.71365815648195,9.361017581587314,9.38666417996989,61227200
2002-06-18,9.431544303894043,9.797008434485432,9.42513250229625,9.60465866679305,54635700
2002-06-19,9.290485382080078,9.553363066635303,9.207133816727438,9.373836947432718,59354300
2002-06-20,9.027610778808594,9.39307494193327,8.989141188723423,9.245607160834929,53272400
2002-06-21,8.809612274169922,9.123783167175093,8.707025910042761,8.73908430169824,86020700
2002-06-24,9.014789581298828,9.20713879295872,8.489033316567195,8.591619725842666,93242600
2002-06-25,8.623677253723145,9.21996146126457,8.553149257391764,9.117375062432316,83539700
2002-06-26,8.610855102539062,8.809616116867975,7.944042833390319,7.9889242344071905,18704100
2002-06-27,8.86091136932373,8.905793392177392,8.399272422689206,8.822441762835872,81090400
2002-06-28,8.94426155090332,9.168669794457704,8.707030311083034,8.809616727063345,80577100
2002-07-01,8.39285945892334,8.97632017228793,8.367212854318192,8.873733753867336,60305800
2002-07-02,8.053040504455566,8.303094706416147,7.976100091507338,8.238978510910208,118532100
2002-07-03,8.360798835754395,8.367210638073193,7.8799246681807995,7.905571265992866,77171300
2002-07-05,9.008373260498047,9.040431650186381,8.591615417475555,8.655732196852224,34151500
2002-07-08,8.764735221862793,9.098141069953964,8.630090399575542,8.93143845164001,52153600
2002-07-09,8.424918174743652,8.796794260809676,8.405682761990946,8.732677441227269,64055600
2002-07-10,8.662145614624023,8.969904745590972,8.578794030454716,8.892964962849236,91014000
2002-07-11,9.008373260498047,9.104547818100123,8.39285450204115,8.52108744933156,91259500
2002-07-12,9.21996021270752,9.514896375141891,9.117373827767405,9.19431361647249,83970000
2002-07-15,9.258428573608398,9.264840374682684,8.681379929108633,9.13660741051196,86182000
2002-07-16,9.149430274963379,9.489247755482863,9.03402031078346,9.123783072734103,80100400
2002-07-17,9.489251136779785,9.655954341893558,9.175080135078332,9.43154613412785,93493300
2002-07-18,9.194314002990723,9.476426573435718,9.16866740567754,9.341781784675739,57536300
2002-07-19,8.751910209655762,9.200726619556605,8.655735614084534,8.944260012261385,71800700
2002-07-22,8.322325706481934,8.662143772312392,8.174857973790266,8.4954406394291,104148900
2002-07-23,8.014569282531738,8.540324831797626,8.001745678177395,8.354386848901413,94867400
2002-07-24,8.39285945892334,8.405682455494272,7.661930310481683,7.764516728902277,119236300
2002-07-25,7.443932056427002,8.290271025628561,7.366992261311067,8.200507625595067,136175000
2002-07-26,7.578577041625977,7.758103846214673,7.341345847844291,7.578577041625977,75114200
2002-07-29,8.533917427062988,8.540328620621306,7.905574598594238,7.969691425884467,93513800
2002-07-30,8.553149223327637,8.655735621751324,8.168449617775645,8.33515282094572,83560800
2002-07-31,8.456971168518066,8.495441360704582,8.142800276269536,8.431324577548043,79309000
2002-08-01,7.758105754852295,8.469799511287187,7.655518722079093,8.32233107205673,132743600
2002-08-02,7.6234588623046875,8.008157838177585,7.392638865317811,7.854278247828425,93706700
2002-08-05,7.283638954162598,7.501635294889137,7.142583001956125,7.424695517832063,83088100
2002-08-06,7.738868236541748,8.091509422439636,7.475990450597385,7.482402253050451,129367900
2002-08-07,8.328739166259766,8.623675301879565,8.027391840761407,8.546735520169578,165854900
2002-08-08,8.463388442993164,8.527505267618551,7.822222642592721,8.232568974975813,98212100
2002-08-09,8.412086486816406,8.553142987541383,8.309500163184687,8.328734945999955,60819200
2002-08-12,8.598028182983398,8.623674775320755,8.335150458659747,8.335150458659747,57748500
2002-08-13,8.572383880615234,8.950671677241754,8.495444083049984,8.55314908408971,77829700
2002-08-14,9.200725555419922,9.25201874865387,8.610853221766435,8.668558217020399,76786600
2002-08-15,9.207140922546387,9.322550965406949,9.001968056539496,9.271257748905226,76148600
2002-08-16,9.264845848083496,9.444372103981388,9.00196796336717,9.130201003294236,58451400
2002-08-19,9.437958717346191,9.617484931524954,9.296902100474123,9.42513511060181,65412100
2002-08-20,9.444369316101074,9.502074319900174,9.354606520380862,9.405899721210465,60171900
2002-08-21,9.688014030456543,9.777777453434531,9.482841191036334,9.572604614014322,80219600
2002-08-22,9.681601524353027,9.803422728365895,9.579014507097254,9.681601524353027,55149500
2002-08-23,9.264845848083496,9.617487166480453,9.13661280815643,9.579016948770649,65333800
2002-08-26,9.290485382080078,9.425130124347742,9.072489074459774,9.309720782020388,47858100
2002-08-27,8.989141464233398,9.437957234915935,8.976317859503235,9.380252236556457,59156900
2002-08-28,8.796792984008789,9.001965798551616,8.758322775550399,8.83526258100396,53706400
2002-08-29,9.104548454284668,9.207134819285267,8.636498011103695,8.642909200319007,61251900
2002-08-30,8.86091136932373,9.034026432909204,8.790383349787076,8.94426299866525,48710400
2002-09-03,8.380032539367676,8.732673671933407,8.36720954786398,8.719850680429714,68407800
2002-09-04,8.508268356323242,8.598031154798013,8.32874153644729,8.43773974442083,66497400
2002-09-05,8.1876859664917,8.386446983400925,8.123569154381038,8.386446983400925,64181900
2002-09-06,8.354388236999512,8.495444851018576,8.27744843247908,8.424916849740649,59676000
2002-09-09,8.309505462646484,8.469796848414,7.828631305343941,8.27744706320036,53212100
2002-09-10,8.610855102539062,8.623678097916784,8.328741866670423,8.392858677948722,64977300
2002-09-11,8.700614929199219,8.957081475144603,8.655733543530559,8.674968335750982,48477000
2002-09-12,8.360798835754395,8.62367661619386,8.32874043562353,8.572383420569727,50396100
2002-09-13,8.36721134185791,8.41209273893832,8.187685142073095,8.219742933437287,55222300
2002-09-16,8.290271759033203,8.437739559852135,8.174861750417906,8.32874135426284,44468500
2002-09-17,8.040215492248535,8.463384632135867,8.020980698107225,8.405679638248852,77101000
2002-09-18,8.014569282531738,8.027392886886084,7.719633108476047,7.790161098035606,114958500
2002-09-19,7.693985939025879,7.790160518678476,7.610634351310864,7.668339343687649,80020200
2002-09-20,7.7452778816223145,7.8542760471115125,7.70680830054552,7.758101482956558,93721200
2002-09-23,7.66834020614624,7.783750203879976,7.501637011967094,7.6555166013033205,74956900
2002-09-24,7.3285231590271,7.674752565908363,7.322111356140016,7.4567561594529055,90919400
2002-09-25,7.66834020614624,7.8414545912837115,7.379815823275031,7.411874223919195,90609200
2002-09-26,7.283638954162598,7.674750251864799,7.257992361810239,7.674750251864799,105729400
2002-09-27,7.200289726257324,7.469579339582132,7.136173530181013,7.174643125534161,87729600
2002-09-30,6.719412803649902,7.104112271354477,6.661708433810869,7.046407290052496,103352600
2002-10-01,7.0143513679504395,7.059233375572593,6.495007576369324,6.834825171851315,109859600
2002-10-02,6.4437127113342285,6.892528391263433,6.257774760586573,6.873293599520711,151829300
2002-10-03,6.289834022521973,6.507829785771937,6.200070629562748,6.398831598415411,137709000
2002-10-04,6.065425872802734,6.495006822183906,6.0397792763380265,6.398831626843934,103389600
2002-10-07,5.821782112121582,6.071836852380982,5.610197567080171,5.905133692208048,130579400
2002-10-08,5.514023303985596,5.9051340217931125,5.206263559453629,5.9051340217931125,240948700
2002-10-09,5.917957782745361,6.0654261784458345,5.417848820751009,5.417848820751009,173733800
2002-10-10,6.2449541091918945,6.386010742034828,5.866666227886882,5.962841454969321,138466100
2002-10-11,6.616826057434082,6.700177624308012,6.347536567983819,6.469358323977606,130192400
2002-10-14,6.405244827270508,6.571948046418642,6.2834236203319325,6.450126839480067,69972100
2002-10-15,7.0464091300964355,7.052820932240527,6.719414558305047,6.834824551046268,130800300
2002-10-16,6.289834022521973,6.713003168041153,6.25136382226428,6.623239775081928,123041400
2002-10-17,6.520652770996094,6.924587083792484,6.49500617707869,6.783530511515245,103342600
2002-10-18,6.738649845123291,6.8155896350973535,6.360362085820159,6.559123057054047,107297800
2002-10-21,7.0207624435424805,7.116937640089315,6.616828085557218,6.655298286468572,86926400
2002-10-22,7.193877696990967,7.424697076621932,6.73865012856589,6.75788492400269,123035900
2002-10-23,7.219523906707764,7.29005189382752,6.982292737527033,7.12976051372191,92556400
2002-10-24,7.533695697784424,7.706810700937955,7.283640897050374,7.360580694630891,122749300
2002-10-25,7.552928924560547,7.6426923088135394,7.052820038495089,7.437519557907306,71731800
2002-10-28,6.988705158233643,7.7645155989684,6.950235562655865,7.7581044073475685,110940500
2002-10-29,6.796356201171875,6.9566476152423125,6.501419974823739,6.88611900171486,106385800
2002-10-30,6.995118141174316,7.1874679858961725,6.687358878789986,6.918178325578234,95089600
2002-10-31,7.168231010437012,7.3092869905099676,6.98870421704088,7.084879415959475,94259100
2002-11-01,7.443932056427002,7.5849886532044515,7.001528081644591,7.065644883306106,104175900
2002-11-04,7.89274787902832,8.155625646352119,7.738867688370285,7.931217468095509,111142400
2002-11-05,8.13638973236084,8.168448128890663,7.809395799853192,7.847865386518536,86969000
2002-11-06,8.309505462646484,8.636500036363362,8.014569288375734,8.32232845554707,164715800
2002-11-07,7.918393611907959,8.091507966755051,7.790160031768749,7.822218426803551,129731900
2002-11-08,8.053040504455566,8.200508304436093,7.822220488537259,7.854278892021823,81592700
2002-11-11,7.79657506942749,8.162039334724629,7.758105468587413,8.001747904476652,63699700
2002-11-12,8.251801490783691,8.489032697807405,7.847867075106605,7.899160276005614,120669500
2002-11-13,8.60444164276123,8.668558441697028,8.155625884599983,8.206919079163377,128073100
2002-11-14,8.976317405700684,9.021198797060995,8.719851438694475,8.764732830054786,94769700
2002-11-15,9.027610778808594,9.143020771990328,8.668558417852484,8.880142997710255,93626500
2002-11-18,8.918612480163574,9.30972384724249,8.905789487444304,9.200725657544735,75782700
2002-11-19,8.758319854736328,9.149431166355818,8.655733481676467,8.87372983016018,77654600
2002-11-20,9.21996021270752,9.296900001412604,8.816025863408505,8.848084261568061,85645200
2002-11-21,9.771364212036133,9.925243818966655,9.463604998175091,9.822657414346306,118449900
2002-11-22,9.546953201293945,9.74571413652154,9.412308440364967,9.57259979330599,86739500
2002-11-25,9.546953201293945,9.66877436048541,9.476424614663586,9.61748117646132,88441900
2002-11-26,9.264845848083496,9.630310776204842,9.219964436974864,9.553370340785236,80178000
2002-11-27,9.508485794067383,9.655954199950441,9.399487593207825,9.534132393595328,68998200
2002-11-29,9.566190719604492,9.739305112172175,9.546955922977673,9.694423716221879,29261000
2002-12-02,9.655953407287598,9.912419381513608,9.585424805778109,9.841891391467234,81377000
2002-12-03,9.309722900390625,9.559777041883926,9.232782506047874,9.245606108926014,66302000
2002-12-04,9.252018928527832,9.457191705452505,8.783967766839536,9.24560712638316,84860600
2002-12-05,9.046845436096191,9.457191596689432,8.98914105184709,9.431544999868798,57950300
2002-12-06,9.091726303100586,9.20713566864126,8.764731775898788,8.835259755477146,60324400
2002-12-09,8.655735969543457,8.944260379568934,8.642912363493654,8.944260379568934,53749600
2002-12-10,8.931436538696289,9.072492523099415,8.6877935500048,8.69420535242216,50054300
2002-12-11,8.880144119262695,9.06608212539308,8.72626390509778,8.796792514933461,54186000
2002-12-12,9.046845436096191,9.187902024341227,8.905789459314256,9.021198839275558,53984900
2002-12-13,8.591617584228516,9.027610326433518,8.591617584228516,8.90578914865081,61548200
2002-12-16,8.764735221862793,8.822440233052081,8.463387169798324,8.68779541076483,73134800
2002-12-17,8.758319854736328,8.886552821061155,8.668557084040458,8.745496863835353,50138500
2002-12-18,8.476210594177246,8.655736816192265,8.373624181597236,8.636502016699326,58805500
2002-12-19,8.335152626037598,8.62367701772319,8.162037624148349,8.405680620438872,84851200
2002-12-20,8.508268356323242,8.668559766700426,8.32874153644729,8.476209951955164,98243400
2002-12-23,8.617262840270996,8.732672809724615,8.4185019056153,8.463383288641493,42288900
2002-12-24,8.559558868408203,8.713438427253898,8.495442079824324,8.527500474116264,18604300
2002-12-26,8.39926815032959,8.70702729154162,8.35438615030554,8.578794316036607,38600400
2002-12-27,8.34156322479248,8.47620800300878,8.335151423100498,8.35438621671338,35355500
2002-12-30,8.315918922424316,8.450563737766043,8.277448713128152,8.347977328260582,52058300
