Price,Close,High,Low,Open,Volume
Ticker,INTC,INTC,INTC,INTC,INTC
Date,,,,,
1995-01-03,2.2413370609283447,2.250676233584875,2.214968389623305,2.2369425506135,41721600
1995-01-04,2.2369422912597656,2.2633109595075904,2.2237576888998887,2.2501263571477135,41865600
1995-01-05,2.2545206546783447,2.2852838225147836,2.2369415483513078,2.241336056697192,60480000
1995-01-06,2.2852845191955566,2.2896795653530435,2.2501262958233172,2.254521341980804,56316800
1995-01-09,2.320444107055664,2.320444107055664,2.2808913507396937,2.2808913507396937,75056000
1995-01-10,2.3424174785614014,2.368786152598835,2.320443315294183,2.333627920548923,109320000
1995-01-11,2.329232692718506,2.3687859689440676,2.3204431353874924,2.3512068542820415,58468800
1995-01-12,2.3599956035614014,2.3775747122044217,2.305060352580141,2.3248373862753606,85384000
1995-01-13,2.3951539993286133,2.4083380635574128,2.3731798436514655,2.3775748893756394,126689600
1995-01-16,2.3951539993286133,2.4083380635574128,2.381969398627952,2.4083380635574128,59564800
1995-01-17,2.3556010723114014,2.4391021248270657,2.351206562427387,2.3951543436272265,118696000
1995-01-18,2.4391016960144043,2.4478912507091017,2.3995484316523448,2.3995484316523448,189520000
1995-01-19,2.485247850418091,2.4874449717330624,2.425918064305036,2.43470762250904,146992000
1995-01-20,2.4193243980407715,2.483049199110217,2.413281848082059,2.4742596453726087,146233600
1995-01-23,2.4742603302001953,2.4830498863705834,2.390759278345542,2.403943880837091,105260800
1995-01-24,2.5138134956359863,2.520405932129786,2.4566816389711814,2.4830503120023284,110656000
1995-01-25,2.4918391704559326,2.522602345457279,2.443496348561406,2.461075458982711,152656000
1995-01-26,2.4785561561584473,2.5071461508185586,2.4631611306287593,2.485153909186917,78633600
1995-01-27,2.498349189758301,2.5159431981368803,2.471958177190431,2.4807551813797213,80027200
1995-01-30,2.4631612300872803,2.5027480183198088,2.4587629963539643,2.5027480183198088,65137600
1995-01-31,2.4411685466766357,2.4631607852243467,2.4274226928683627,2.458762552285381,84265600
1995-02-01,2.4851536750793457,2.498348911430004,2.4323716558237822,2.441168659033043,75233600
1995-02-02,2.5401344299316406,2.542883492876953,2.480754401849719,2.480754401849719,88065600
1995-02-03,2.5863196849823,2.60831246777369,2.533537650594906,2.559928667788603,142459200
1995-02-06,2.590718984603882,2.617110007179167,2.5819219770787867,2.5819219770787867,56099200
1995-02-07,2.5687243938446045,2.595115397890953,2.555529160284606,2.5907171656797376,44675200
1995-02-08,2.6962811946868896,2.7050781960775057,2.6039124116222476,2.6083111807807327,135900800
1995-02-09,2.727072238922119,2.771057275033766,2.6962829821073213,2.6962829821073213,126497600
1995-02-10,2.7226743698120117,2.7622606391711364,2.713877361407008,2.7226743698120113,88566400
1995-02-13,2.7138757705688477,2.7446650134747212,2.7006799972331392,2.722672773817164,53864000
1995-02-14,2.762258529663086,2.762258529663086,2.713875288848734,2.713875288848734,68824000
1995-02-15,2.806243896484375,2.8150408992946705,2.7622588824328957,2.7622588824328957,113956800
1995-02-16,2.810642957687378,2.841432202251624,2.7974471836409176,2.810642957687378,94993600
1995-02-17,2.7732551097869873,2.797447138092224,2.771056127355505,2.797447138092224,80916800
1995-02-21,2.7798526287078857,2.7930484001554543,2.75346162273914,2.7754543961762903,67569600
1995-02-22,2.8018453121185303,2.8150405462157297,2.7754543069977577,2.7754543069977577,44088000
1995-02-23,2.7468643188476562,2.8370341496731046,2.7446653362402165,2.815041370502786,87577600
1995-02-24,2.762258529663086,2.7710555313499112,2.71607453927044,2.744664526289436,78345600
1995-02-27,2.755661964416504,2.779854000287396,2.740267740265619,2.753462981297326,51545600
1995-02-28,2.806243896484375,2.806243896484375,2.7314696410600807,2.7534618796226,54179200
1995-03-01,2.771055221557617,2.833184307488236,2.7710552215576176,2.8062432243710473,65336000
1995-03-02,2.7793028354644775,2.801845692323869,2.7578606778205623,2.771055913708331,39121600
1995-03-03,2.881019115447998,2.8898161195609284,2.7710562955731066,2.775455066092832,140860800
1995-03-06,2.894212007522583,2.911806001489286,2.8502270226058264,2.8678210165725293,80664000
1995-03-07,2.8282387256622314,2.889817790049142,2.8194417164641017,2.8854190169866616,85563200
1995-03-08,2.806243896484375,2.8458306775939266,2.788649890863783,2.8238379021049664,85804800
1995-03-09,2.8216392993927,2.8458310603749477,2.7842520324201354,2.815041277934285,84761600
1995-03-10,2.8326361179351807,2.8370348896872355,2.8150421047803036,2.8150421047803036,57476800
1995-03-13,2.863424777984619,2.88541701727501,2.828236765578826,2.832634998666321,73267200
1995-03-14,2.8986144065856934,2.9162084225985754,2.8722233825663706,2.8722233825663706,66921600
1995-03-15,2.881019115447998,2.9118083613799945,2.867823340815342,2.8986131236738593,34435200
1995-03-16,2.8656232357025146,2.8986119882033514,2.8590252167391923,2.876619218072972,34500800
1995-03-17,2.8463807106018066,2.8766204129551194,2.8458311662950133,2.8766204129551194,38120000
1995-03-20,2.933803081512451,2.933803081512451,2.823840188871764,2.8458329821706516,66764800
1995-03-21,2.92940092086792,2.9645889199173845,2.922802902583018,2.933799689212231,83536000
1995-03-22,2.9689881801605225,2.9689881801605225,2.9118074037683646,2.9250031740613025,69624000
1995-03-23,3.004178285598755,3.0173735281916265,2.9640414025426645,2.9689902561154704,110006400
1995-03-24,3.0305676460266113,3.0657556562160266,3.0129736409319037,3.017371873742368,98563200
1995-03-27,3.0789501667022705,3.087747167178563,3.0261681638445173,3.0305669325458124,67161600
1995-03-28,3.1141374111175537,3.149325404463515,3.100942182075902,3.1053404127810635,94750400
1995-03-29,3.0635557174682617,3.166920760761884,3.0085747227237896,3.114138748082519,160102400
1995-03-30,3.004178285598755,3.070155572416553,2.946997469225058,3.065757337194502,164172800
1995-03-31,2.986581325531006,3.0393633177030455,2.9206035668528614,2.9381975642435414,150662400
1995-04-03,3.1141374111175537,3.1141374111175537,2.9733854377337097,2.9821824360702,94400000
1995-04-04,3.0459628105163574,3.1713206727150363,3.034966822376839,3.1273356463037776,100321600
1995-04-05,3.048161745071411,3.056958747889905,2.982183955469485,3.026168969561955,119211200
1995-04-06,3.008575201034546,3.083899543604307,2.995379964230093,3.0613572221053276,79091200
1995-04-07,3.0657567977905273,3.085550060892353,2.990981979831429,3.0085759914774965,85091200
1995-04-10,3.1141374111175537,3.1141374111175537,3.0437614244256315,3.0613554210986123,79411200
1995-04-11,3.210907220840454,3.2372982390939375,3.1889149740925387,3.1933132086714657,173561600
1995-04-12,3.228501558303833,3.232900330252608,3.175719516478702,3.2153063163108975,83680000
1995-04-13,3.342862129211426,3.347260900476326,3.2416968332380702,3.2416968332380702,115472000
1995-04-17,3.3076727390289307,3.430830766545965,3.290078735097926,3.347259516336887,156675200
1995-04-18,3.318669319152832,3.3956433686409673,3.2812823225468417,3.3912451353313595,168217600
1995-04-19,3.2834830284118652,3.325269085649951,3.232900768400836,3.307675069323761,95795200
1995-04-20,3.2724850177764893,3.31207179855152,3.2504927793998117,3.3032747958155615,79468800
1995-04-21,3.2680864334106445,3.316469674791899,3.2504924298308464,3.2768834352005434,87787200
1995-04-24,3.3956432342529297,3.404440237450476,3.2504929499566453,3.2636881862897327,96052800
1995-04-25,3.45937442779541,3.4769793867154886,3.397757071575136,3.397757071575136,128708800
1995-04-26,3.5077857971191406,3.5429956895004606,3.4285635392611713,3.437366012356501,96080000
1995-04-27,3.542997121810913,3.591410474776901,3.502835284817116,3.5033857082382514,91153600
1995-04-28,3.6046142578125,3.6662315909609147,3.5694043531562634,3.6002127511002167,132334400
1995-05-01,3.6662306785583496,3.7014405744520174,3.6222183086912647,3.6442242249946197,115844800
1995-05-02,3.6618309020996094,3.679435858359704,3.626620989579421,3.6530284239695625,115572800
1995-05-03,3.7806642055511475,3.789466682703466,3.6618304953645615,3.6618304953645615,89808000
1995-05-04,3.868687868118286,3.9259036845772086,3.793866565140755,3.811471514398949,176945600
1995-05-05,3.824676275253296,3.934706961934398,3.81147229198567,3.9038985630774783,143638400
1995-05-08,3.930307388305664,3.9611157981050122,3.802671166180812,3.8114736457321565,117291200
1995-05-09,3.917100667953491,3.9743170137560155,3.8510823860001757,3.965514540344884,138131200
1995-05-10,3.8290762901306152,3.961113403583395,3.822474165827781,3.9567124350984972,141251200
1995-05-11,3.846681833267212,3.8686882908749496,3.7718610593739443,3.8070709617379466,115512000
1995-05-12,3.826876640319824,3.9082992732148907,3.807071069678533,3.8466819423308722,78270400
1995-05-15,3.8158721923828125,3.846680578269698,3.776260796516477,3.833477137821118,72540800
1995-05-16,3.833481550216675,3.8774939644713964,3.793870108756968,3.811475074458856,83606400
1995-05-17,3.899496555328369,3.921503012194084,3.8598856851347194,3.8642866541515892,103816000
1995-05-18,3.899496555328369,4.0579411106238785,3.895095586311499,3.925903981210954,170598400
1995-05-19,3.921501874923706,3.983119184113504,3.881890478957258,3.8906929516986577,146268800
1995-05-22,4.01392936706543,4.035935827401103,3.93030610721517,3.93030610721517,103174400
1995-05-23,4.101953029632568,4.119557978257601,4.027132266606378,4.031533235132438,122224000
1995-05-24,4.093151569366455,4.189978810792328,4.075546616379933,4.163571381312545,139008000
1995-05-25,4.137164115905762,4.159170576641918,4.057941824324588,4.0931517316939985,85121600
1995-05-26,4.079946994781494,4.137162807532067,4.057940541004857,4.1195578594149085,57699200
1995-05-30,3.8906939029693604,4.110755775309256,3.837879053607785,4.088749856705482,242369600
1995-05-31,3.9523136615753174,3.9611161418906295,3.8026714962150043,3.917103740314067,163680000
1995-06-01,4.040337085723877,4.075546994967658,3.956713819900186,3.9611147899253694,117364800
1995-06-02,4.101953029632568,4.141564432669089,3.969915914944825,3.991922369356313,120323200
1995-06-05,4.0755462646484375,4.128361119049929,4.062342819678306,4.128361119049929,77616000
1995-06-06,3.956712484359741,4.075545619316526,3.956712484359741,4.0667431449767495,96516800
1995-06-07,3.983120918273926,4.004576417662026,3.9171020753401735,3.961114458209164,117452800
1995-06-08,4.007325172424316,4.027131271996216,3.98311891130369,3.987519878742811,44441600
1995-06-09,3.969916343688965,4.0403361457943126,3.9655153746876075,4.005126244741639,54803200
1995-06-12,3.9281063079833984,4.005128274194424,3.921504985451496,3.9831223435160257,64686400
1995-06-13,3.90830135345459,3.9963261587125762,3.8994988729287914,3.9919251870800645,107860800
1995-06-14,3.9611146450042725,3.978719598982069,3.8554849211374917,3.8862938592289153,97881600
1995-06-15,4.053541660308838,4.07114661749311,3.9655168743874807,3.9655168743874807,91027200
1995-06-16,4.088750839233398,4.132763224277565,4.031534470045702,4.066744378081035,122411200
1995-06-19,4.348425388336182,4.374832829965754,4.110758413670035,4.119560894213225,127876000
1995-06-20,4.577286720275879,4.586089194737949,4.410039705496568,4.462854552268983,141030400
1995-06-21,4.482661724090576,4.660912712313571,4.4628564169062175,4.656510935983016,119708800
1995-06-22,4.603696346282959,4.634505558901154,4.474959827051503,4.498066602199985,70946400
1995-06-23,4.62130069732666,4.674115562438965,4.568485832214356,4.603695742289226,52727200
1995-06-26,4.577286720275879,4.674113939358638,4.533274347965534,4.6301015670482935,57357600
1995-06-27,4.410040378570557,4.550879991459038,4.392435426959496,4.550879991459038,92004800
1995-06-28,4.44525146484375,4.4892638555847775,4.295609336324257,4.383634117806312,112888000
1995-06-29,4.493666648864746,4.550882504566428,4.436450255902281,4.489265139901119,60702400
1995-06-30,4.458454132080078,4.559682332215239,4.4364476745878,4.5068674789463365,41468800
1995-07-03,4.458454132080078,4.489262527856702,4.4364476745878,4.462855101222251,13020800
1995-07-05,4.489263534545898,4.5420783996582035,4.462856101989747,4.471658579508464,46887200
1995-07-06,4.608096599578857,4.612497300200244,4.436447784925425,4.489262639507871,52177600
1995-07-07,4.806150913238525,4.806150913238526,4.577286584036691,4.6212989550370445,78961600
1995-07-10,4.948091983795166,4.964596626836511,4.806152053639601,4.832559482505753,83404000
1995-07-11,4.850162982940674,4.924984546253652,4.849062673734018,4.920582772166673,51932800
1995-07-12,5.087830543518066,5.105435493495638,4.911781043742355,4.991003318641425,84791200
1995-07-13,5.184659481048584,5.350806251345345,5.0174124010147585,5.070227268393861,117482400
1995-07-14,5.316699504852295,5.338706248673017,5.017415095638755,5.052625026134466,87835200
1995-07-17,5.382717132568359,5.5191550372164695,5.316697994383968,5.387117835369185,139681600
1995-07-18,5.1582512855529785,5.448733013237702,5.140646332359965,5.4311280600446885,137435200
1995-07-19,4.594891548156738,4.841360826601927,4.401237115092661,4.577286599696367,447652000
1995-07-20,4.54207706451416,4.71812656313874,4.533274589582931,4.612496863963992,199928000
1995-07-21,4.432046413421631,4.621299356535237,4.4276449073089985,4.559682031781434,152450400
1995-07-24,4.7357306480407715,4.753335594687764,4.444148719199972,4.4628539750124006,122608000
1995-07-25,4.858967304229736,4.938189597233482,4.788547488226407,4.929387120233066,140957600
1995-07-26,4.7973504066467285,4.9205850959917825,4.753338017594924,4.902980140371061,89991200
1995-07-27,4.841361045837402,4.910680533539165,4.7797437234358355,4.806151147322222,52663200
1995-07-28,4.729681968688965,4.870603591592174,4.703259164394614,4.835373185866373,68643200
1995-07-31,4.579954624176025,4.764914330152365,4.5623394140830404,4.738491515012888,64880800
1995-08-01,4.456649303436279,4.579955805902896,4.403803659522016,4.579955805902896,94556800
1995-08-02,4.333337783813477,4.579950503217495,4.298107395327188,4.535912517609635,135620800
1995-08-03,4.377375602722168,4.4214135866529745,4.1659932798542965,4.210031263785103,117961600
1995-08-04,4.368569850921631,4.439030654968755,4.35095464990985,4.3861850519334125,68723200
1995-08-07,4.474262714385986,4.500685525691416,4.3861866767012225,4.403801884238176,51580000
1995-08-08,4.5623369216918945,4.597567322631601,4.50068372004741,4.52710652075219,58122400
1995-08-09,4.6592230796813965,4.703261105009198,4.615185054353596,4.694453499943638,70807200
1995-08-10,4.527105331420898,4.668026898157736,4.500682537657742,4.659219300236684,60408000
1995-08-11,4.6592230796813965,4.6856458948780775,4.588762239156915,4.6328002644847155,68375200
1995-08-14,4.6768364906311035,4.7208744990174605,4.606375677212933,4.65041368559929,50202400
1995-08-15,4.615182876586914,4.738489289320152,4.5535296702202945,4.720874087501118,67754400
1995-08-16,4.703258991241455,4.729681794563036,4.579952575740743,4.668028586812681,67332800
1995-08-17,4.6239914894104,4.729682723454067,4.610780622728357,4.7208751206170945,66123200
1995-08-18,4.571146488189697,4.668030132448053,4.544723676119236,4.668030132448053,73496800
1995-08-21,4.245265007019043,4.5799539494811246,4.218842195772036,4.571146345732123,175418400
1995-08-22,4.3861870765686035,4.394994681140027,4.2452654034258375,4.306918635425798,129546400
1995-08-23,4.394994258880615,4.456647484957097,4.367470497239329,4.4214170700562505,65648000
1995-08-24,4.300311088562012,4.403800673168125,4.2628790516267445,4.394993071821789,100023200
1995-08-25,4.254072666168213,4.306918289350427,4.210034646849702,4.306918289350427,91089600
1995-08-28,4.130765914916992,4.289302773058796,4.121958311686892,4.258476430540164,77804000
1995-08-29,4.148380756378174,4.210033973564261,4.025074322005999,4.139573153923019,142798400
1995-08-30,4.254072666168213,4.289303081623022,4.16599662753119,4.227649854577106,88683200
1995-08-31,4.324531555175781,4.368569554719323,4.271685955723532,4.298108755449657,50941600
1995-09-01,4.289300441741943,4.350953630842957,4.27168524485594,4.315723237070949,34721600
1995-09-05,4.487472057342529,4.49187558815216,4.289300806725691,4.3245312034955115,59574400
1995-09-06,4.403801441192627,4.562338293075562,4.394993838310242,4.527107881546021,72960000
1995-09-07,4.579954624176025,4.650415464547964,4.527108993897071,4.578853673545214,125828000
1995-09-08,4.6239914894104,4.632799092247372,4.535915461040678,4.615183886573428,63664000
1995-09-11,4.6239914894104,4.694452312106177,4.615183886573428,4.615183886573428,53804800
1995-09-12,4.571146488189697,4.6768377364715406,4.562338884166211,4.668030132448053,52924000
1995-09-13,4.571146488189697,4.623992112330619,4.531512807657494,4.571146488189697,52886400
1995-09-14,4.487472057342529,4.597566778461623,4.47426038976725,4.597566778461623,53280800
1995-09-15,4.377375602722168,4.544719941659233,4.315722425219039,4.491874360942265,99998400
1995-09-18,4.4302239418029785,4.439031544072965,4.298109907753188,4.386185930453049,63196800
1995-09-19,4.417011260986328,4.491875585287863,4.3421463991116,4.350953998298439,69693600
1995-09-20,4.417011260986328,4.491875585287863,4.394991994232634,4.469856856107362,63268000
1995-09-21,4.308017253875732,4.4214151013455,4.298108704096821,4.368569502524637,71136800
1995-09-22,4.262877464294434,4.3113195224479774,4.245262268160985,4.280492660427881,68509600
1995-09-25,4.22764778137207,4.262878179550171,4.148379385471344,4.262878179550171,75903200
1995-09-26,4.210033416748047,4.338844854404876,4.183610612877243,4.254071423199386,70076000
1995-09-27,4.179205894470215,4.188013493259853,4.03388024565459,4.165994227499172,133321600
1995-09-28,4.359763145446777,4.359763145446777,4.1924187014801335,4.201226303794168,83437600
1995-09-29,4.236454486846924,4.4214140382477245,4.227646889161171,4.386183647504715,76591200
1995-10-02,4.1659955978393555,4.316825776725189,4.157187996152592,4.270585867869678,59953600
1995-10-03,4.214438438415527,4.236457177829584,4.148381145026474,4.1825106077376795,80306400
1995-10-04,4.135168075561523,4.218839998818297,4.104341209706319,4.139571606356158,71613600
1995-10-05,4.289300441741943,4.289300441741943,4.113148472881905,4.130763669767909,79205600
1995-10-06,4.368569850921631,4.465453456486426,4.3597622504157405,4.447838255474645,116396800
1995-10-09,4.236454486846924,4.342145659075952,4.183608900732409,4.342145659075952,79104000
1995-10-10,4.34214973449707,4.34214973449707,4.069113949974943,4.104344373784249,118409600
1995-10-11,4.4302239418029785,4.474261953152909,4.368570725913076,4.456646748612937,78585600
1995-10-12,4.491876125335693,4.527106526318718,4.40380012287813,4.421415323369644,90520000
1995-10-13,4.421414852142334,4.5535288417481805,4.403799653528221,4.544721242441124,79935200
1995-10-16,4.44783878326416,4.509491994121287,4.386185572407033,4.412608377060088,55199200
1995-10-17,4.615182876586914,4.623990477496431,4.447838459306091,4.518299266582226,133656800
1995-10-18,4.7737202644348145,4.808950672290422,4.676836642831894,4.720874652651403,142411200
1995-10-19,4.791337013244629,4.808952222852146,4.685645755599527,4.747298989225837,66150400
1995-10-20,4.729681968688965,4.80014278014057,4.694451562963163,4.7649123744147674,52790400
1995-10-23,4.756105899810791,4.76491350332896,4.649313707153003,4.66802986462911,54128800
1995-10-24,4.782526969909668,4.817757371161305,4.75610416897094,4.791334570222577,56356800
1995-10-25,4.685646057128906,4.7825297162048805,4.676838451758363,4.7825297162048805,47943200
1995-10-26,4.681241035461426,4.729682309249082,4.571145472067548,4.694451900986518,47912800
1995-10-27,4.782526969909668,4.800142170535486,4.65922056552894,4.65922056552894,61734400
1995-10-30,4.917539119720459,4.970415884448636,4.829411178506831,4.829411178506831,98684000
1995-10-31,4.9263529777526855,5.032106530047914,4.926352977752686,4.988042549924902,74370400
1995-11-01,4.9924468994140625,4.99685275725346,4.864660885368447,4.988039965794458,76340800
1995-11-02,5.137859344482422,5.146672139241397,4.996854628338822,5.014480217856772,80272000
1995-11-03,5.11142110824585,5.156586682693711,5.058544338160548,5.155485083316934,47605600
1995-11-06,4.9924468994140625,5.11141904622047,4.980328773267833,5.093793463302468,37800000
1995-11-07,4.679593563079834,4.899913410682463,4.565027242326467,4.855849441161937,225472000
1995-11-08,4.64874792098999,4.794158438685015,4.587058382256911,4.741281691199519,101253600
1995-11-09,4.8646626472473145,4.882288236548935,4.794160290040832,4.8646626472473145,77737600
1995-11-10,4.8117852210998535,4.882287568661756,4.776534047318902,4.829410807990329,50086400
1995-11-13,4.7324724197387695,4.855851588968458,4.714846824134528,4.802974802155735,36456000
1995-11-14,4.591463565826416,4.6972170452696345,4.587057708739627,4.653153095501627,53100800
1995-11-15,4.565028667449951,4.64434383734773,4.406398327654393,4.635531040692421,103201600
1995-11-16,4.432835102081299,4.582652590620826,4.432835102081299,4.503337449629312,82568800
1995-11-17,4.424023151397705,4.45927433188693,4.419617022781716,4.432835946520012,93374400
1995-11-20,4.379959583282471,4.520964318357963,4.366740658314332,4.494525930531308,71694400
1995-11-21,4.441650390625,4.476901584201388,4.371148003472222,4.397586398654513,70495200
1995-11-22,4.362333297729492,4.494525215842507,4.353520503188624,4.468086832219904,48664800
1995-11-24,4.441650390625,4.441650390625,4.388773600260417,4.388773600260417,18368000
1995-11-27,4.230142116546631,4.490119869737918,4.222430919980009,4.476900406678517,121008000
1995-11-28,4.494523525238037,4.494523525238037,4.221326997233373,4.238952579685286,99812000
1995-11-29,4.441650390625,4.547403971354167,4.388773600260417,4.512152777777778,72459200
1995-11-30,4.2918314933776855,4.481306869320033,4.2477675150062515,4.388772245794841,68048000
1995-12-01,4.300644397735596,4.35352117311759,4.274206010044598,4.327082785426593,58219200
1995-12-04,4.353519439697266,4.476898533129981,4.260985388567809,4.371145024473368,56004000
1995-12-05,4.327084064483643,4.371148056993659,4.291832870475629,4.371148056993659,52358400
1995-12-06,4.305051803588867,4.379960312626174,4.256581148890225,4.353521920397042,66432000
1995-12-07,4.335894584655762,4.344707378527013,4.256579439814497,4.300643409170755,45921600
1995-12-08,4.459273338317871,4.459273338317871,4.327081440936906,4.397583786206754,61020000
1995-12-11,4.476900577545166,4.512151763195128,4.468087781132676,4.494526170370147,38281600
1995-12-12,4.388772964477539,4.48681533240889,4.362334573125264,4.476900935651787,38964000
1995-12-13,4.415209770202637,4.459273739965138,4.371145800440135,4.406396976250136,50386400
1995-12-14,4.230142116546631,4.441649222373962,4.230142116546631,4.415210834145546,76008800
1995-12-15,4.106761932373047,4.291830603145223,4.097949138526753,4.247766633913752,131205600
1995-12-18,4.036258697509766,4.1243866166693675,3.890847899841488,4.106761032837447,126525600
1995-12-19,4.256582736968994,4.296240609053791,4.053888320922852,4.071513922318168,93095200
1995-12-20,4.2037034034729,4.309456948214358,4.168452221892415,4.283018562028993,71931200
1995-12-21,4.194891929626465,4.256581516826854,4.177266333283496,4.230143122312401,59761600
1995-12-22,4.159637451171875,4.213615797333798,4.133199077541545,4.186075824802204,41667200
1995-12-26,4.18607759475708,4.221328774502402,4.150826415011757,4.159639209948088,22500000
1995-12-27,4.150824546813965,4.2389524565127745,4.142011755844083,4.19488850166337,32307200
1995-12-28,4.027448654174805,4.0979510376176895,4.018635856244444,4.089138239687329,63944800
1995-12-29,4.001008987426758,4.089136938691665,4.001008987426758,4.02744737280623,55903200
1996-01-02,4.133199691772461,4.1420124842922315,4.009820596495671,4.045071766574754,62854400
1996-01-03,4.071511268615723,4.186077603014001,4.060495543868739,4.133200833291718,72678400
1996-01-04,4.053886890411377,4.1508276638777355,3.948133319357167,4.142014866289885,100259200
1996-01-05,4.053886890411377,4.142014866289885,4.001010104884272,4.027448497647824,65434400
1996-01-08,4.0626983642578125,4.115575132556179,4.045072774825024,4.09794954312339,17544000
1996-01-09,3.8776283264160156,4.071509742736817,3.860002743114125,4.062696951085871,110116800
1996-01-10,3.815938711166382,3.8776282515316582,3.7542491708011054,3.8247515026471355,137448000
1996-01-11,4.009822845458984,4.027448440384079,3.83356689620804,3.934914335972568,83769600
1996-01-12,3.9921958446502686,4.053885405163628,3.8952551067007035,4.027447022086474,70219200
1996-01-15,3.7630624771118164,4.001007879645819,3.7619608780260108,3.992195086959374,106633600
1996-01-16,3.9305059909820557,3.939318784683809,3.666122179929451,3.798314085455753,150692800
1996-01-17,3.525118112564087,3.710186813473702,3.5118991885871402,3.5912143461198323,546630400
1996-01-18,3.59561824798584,3.6396821971033138,3.542741509044872,3.5779926683388505,132712000
1996-01-19,3.6220579147338867,3.6396835006936623,3.56918115685456,3.6220579147338867,128462400
1996-01-22,3.666124105453491,3.7024768985664616,3.595621718810155,3.622060113801406,106812800
1996-01-23,3.7145934104919434,3.727812334221323,3.683748358639511,3.683748358639511,69244800
1996-01-24,3.8600051403045654,3.8776307345525316,3.736625980568803,3.763064371940752,94037600
1996-01-25,3.851191997528076,4.0098223315223676,3.8335664048620437,3.9128815718591894,115267200
1996-01-26,3.8776283264160156,3.877628326416016,3.7806876182556155,3.8159387848593975,66812800
1996-01-29,3.8379716873168945,3.912880160176981,3.8247522286414637,3.912880160176981,39158400
1996-01-30,3.8187458515167236,3.862842223936086,3.792288028065107,3.845203674968341,43040000
1996-01-31,3.8970160484313965,3.9113476354326813,3.7922871871581343,3.836383549799508,72689600
1996-02-01,3.968674898147583,3.986313453250461,3.8705604353878234,3.8804821226331923,66874400
1996-02-02,4.003951549530029,4.030409379152474,3.951035890285139,3.977493719907584,51456000
1996-02-05,4.1274213790893555,4.1274213790893555,4.0127707852257615,4.030409338127853,67600800
1996-02-06,4.197976112365723,4.23325322255367,4.118602614442842,4.153879724630788,85640000
1996-02-07,4.109782695770264,4.202385364710612,4.056867038743179,4.171517628968529,70611200
1996-02-08,4.083323001861572,4.110883227306102,4.021588096865825,4.100961546146071,48796800
1996-02-09,4.0921454429626465,4.1362418378221575,4.048049048103135,4.083326163990744,50028800
1996-02-12,4.108680248260498,4.162698314309536,4.092144105592426,4.092144105592426,46727200
1996-02-13,4.030406951904297,4.083322579281597,3.9510335108383483,3.9863105957565477,77997600
1996-02-14,4.0921454429626465,4.0921454429626465,4.012771932215526,4.030410490159331,49426400
1996-02-15,4.056865215301514,4.109780848544577,4.048045943094336,4.074503759715868,48066400
1996-02-16,4.061275005340576,4.1450578197892405,4.03922655630526,4.074503644133253,48668000
1996-02-20,4.083323001861572,4.12741936257282,4.030407369008074,4.039226641150324,41164800
1996-02-21,4.180335998535156,4.180335998535156,4.074504707433,4.109781804467052,48394400
1996-02-22,4.303805828094482,4.3214443765702795,4.171516714526004,4.1979745372397,89480800
1996-02-23,4.290577411651611,4.347902428071516,4.249787997012093,4.312625329263634,57186400
1996-02-26,4.259708881378174,4.312624519656164,4.233251062239179,4.286166700517169,35695200
1996-02-27,4.250889301300049,4.286166390937394,4.233250756481377,4.259708573709386,36168000
1996-02-28,4.286166191101074,4.339081823089977,4.268527647104774,4.268527647104774,42570400
1996-02-29,4.149470329284668,4.242072473811152,4.145060421395512,4.233253196318821,73402400
1996-03-01,3.955446243286133,4.07450622085648,3.88048211510141,4.065686943322159,145034400
1996-03-04,3.8716626167297363,3.968674664073762,3.8628433396984616,3.9598553870424866,70285600
1996-03-05,3.9069390296936035,3.9422161315418527,3.862842652383292,3.8804812033074163,59856800
1996-03-06,3.7570135593414307,3.924579891800321,3.752604188156652,3.8893027691773967,67897600
1996-03-07,3.74819278717041,3.7922891729018264,3.7217349557315598,3.7658313414629765,74715200
1996-03-08,3.774648427963257,3.8187447881030145,3.633540075516032,3.6423593475439837,111921600
1996-03-11,3.8981173038482666,3.906936573766475,3.8000029260081942,3.809924604666179,75256000
1996-03-12,3.8716626167297363,3.898120447823562,3.8143375851694246,3.8893011707922867,48633600
1996-03-13,3.959855556488037,4.012771220939993,3.871662782401444,3.9245784468534,69127200
1996-03-14,3.959855556488037,4.04804833057463,3.959855556488037,3.986313388714015,57525600
1996-03-15,4.153879642486572,4.171518197231738,3.9686748176623303,3.9863133724074964,87536800
1996-03-18,4.197976112365723,4.250891777647643,4.185849874881607,4.215614667459696,62223200
1996-03-19,4.145059108734131,4.22443258102904,4.118601284635828,4.220023212822228,44320000
1996-03-20,3.9157588481903076,4.109782935262801,3.889301018134968,4.083325105207461,118391200
1996-03-21,3.9422171115875244,3.986313499860316,3.889301445660175,3.924578556278408,47616800
1996-03-22,3.959855556488037,3.986313388714015,3.9157591694447405,3.9686748338966966,30303200
1996-03-25,3.872765302658081,4.003952057857714,3.8628436152900414,3.9774942248762755,45829600
1996-03-26,3.959855556488037,3.9774941113053557,3.818747117949488,3.8452049501754657,49976800
1996-03-27,3.9951331615448,4.048048832558639,3.959856047535574,3.977494604540187,51588800
1996-03-28,3.977491855621338,4.048046034878479,3.9642632161534586,3.977491855621338,32305600
1996-03-29,4.012768268585205,4.048045352265075,3.9686719139853674,4.002846588800241,36318400
1996-04-01,4.030406951904297,4.056864765592946,3.9951298669860975,4.030406951904297,28519200
1996-04-02,4.012768268585205,4.039226081345107,3.9951297267452697,4.03040681042514,17644800
1996-04-03,4.06568717956543,4.083325735658989,3.977494399097633,4.003952233237972,33368800
1996-04-04,4.180335998535156,4.189155272793669,4.048046884657461,4.074504707433,72766400
1996-04-08,4.277348518371582,4.294987068962805,4.109782287754963,4.118601563050575,115408800
1996-04-09,4.36553955078125,4.383178094420771,4.27734683258365,4.33908173532197,115986400
1996-04-10,4.356721878051758,4.453733903676392,4.321444777824618,4.330264052881403,131409600
1996-04-11,4.264119625091553,4.374360290693957,4.224432619440334,4.330263916795833,105884000
1996-04-12,4.206793785095215,4.268528704373342,4.197974510912625,4.259709430190752,48440800
1996-04-15,4.277348518371582,4.294987068962805,4.20679431600669,4.215613591302302,42540800
1996-04-16,4.577203750610352,4.5860230256596966,4.497830275166241,4.515468825264932,191147200
1996-04-17,4.528698444366455,4.583818377186747,4.496728032839043,4.559565369900044,70596000
1996-04-18,4.6389384269714355,4.647757701547427,4.5331071320595395,4.541926406635531,73107200
1996-04-19,4.60366153717041,4.691854286924633,4.594842262194987,4.691854286924633,62551200
1996-04-22,4.780046463012695,4.780046463012695,4.630118806423736,4.630118806423736,83480800
1996-04-23,4.805404186248779,4.806506596018509,4.709494536282355,4.763512614999077,63572000
1996-04-24,4.956434726715088,4.965254005588246,4.797687706998235,4.868241937983503,163722400
1996-04-25,4.912335395812988,4.93879321661629,4.8506004806052845,4.93879321661629,77232800
1996-04-26,4.88587760925293,4.965251072219133,4.868239061927107,4.912335430241664,73344800
1996-04-29,4.809284687042236,4.871055316050118,4.791635935897127,4.862230940477564,35319200
1996-04-30,4.782809734344482,4.800458478751658,4.746409199004684,4.79163410654807,46836800
1996-05-01,4.791634559631348,4.866642269051294,4.747512694441372,4.756337067479367,52056800
1996-05-02,4.800457000732422,4.862227587138905,4.782808261759141,4.791632631245782,63019200
1996-05-03,4.848992824554443,4.897526330675944,4.800458241239124,4.818106984773091,61840800
1996-05-06,4.853405952453613,4.8710547013716265,4.791635331240568,4.844581577994607,40720800
1996-05-07,4.791634559631348,4.888702663049294,4.782810186593353,4.8622295439353085,42147200
1996-05-08,4.853405952453613,4.8710547013716265,4.694567212191496,4.7739865823225545,64528800
1996-05-09,4.844580173492432,4.915175148698149,4.826931429691002,4.862228917293861,50893600
1996-05-10,4.879878044128418,4.9063511619085,4.862229298941696,4.888702416721778,48227200
1996-05-13,5.065187454223633,5.065187454223633,4.8710513497063515,4.8798757180935,76656800
1996-05-14,5.144608497619629,5.188730354374514,5.074013526811812,5.082837898162789,114499200
1996-05-15,5.109309673309326,5.1975533636946345,5.100485304270796,5.126958411386388,60852000
1996-05-16,5.0740132331848145,5.100486345705779,5.029891378983208,5.065188862344493,40033600
1996-05-17,5.021064281463623,5.1093079419462875,5.012239915415356,5.100483575898021,40084000
1996-05-20,5.012241840362549,5.065188056986097,5.0034174709252905,5.038714948674323,33077600
1996-05-21,4.959298610687256,5.029893608704157,4.950474235935144,5.012244859199932,39953600
1996-05-22,4.9328227043151855,4.950471443865508,4.879876485664217,4.923998334540024,45796800
1996-05-23,5.003419876098633,5.0651904918529365,4.915176139306769,4.950473634023515,45295200
1996-05-24,5.012241840362549,5.038714948674323,4.985768732050775,5.0034174709252905,33536800
1996-05-28,5.118136882781982,5.153434378525307,5.021068769487842,5.021068769487842,53196800
1996-05-29,5.038715362548828,5.153432174655895,5.029890992386746,5.1269590641696485,59422400
1996-05-30,5.047543525695801,5.056367902488976,4.994597264936754,5.038719148902627,61696800
1996-05-31,5.329919815063477,5.338744185618218,5.199760349381049,5.215202997851845,145089600
1996-06-03,5.409336566925049,5.43580966594752,5.2769710718126905,5.303444170835162,69614400
1996-06-04,5.387281894683838,5.471112925100323,5.35639604118693,5.435815422357741,56274400
1996-06-05,5.426989555358887,5.435813928619633,5.3387458227514255,5.365218942533664,35413600
1996-06-06,5.312272071838379,5.471110771660789,5.303447699626022,5.4534620272360765,51574400
1996-06-07,5.312272071838379,5.32992081626309,5.188730860865393,5.20748265181665,70562400
1996-06-10,5.232853412628174,5.312272773022193,5.232853412628174,5.312272773022193,36408000
1996-06-11,5.312272071838379,5.3563939329001595,5.224028349714818,5.250501466351886,42351200
1996-06-12,5.418164253234863,5.488759227218379,5.356393650999287,5.391691137991045,66422400
1996-06-13,5.294622421264648,5.4181636110941565,5.276973679860433,5.4181636110941565,62036000
1996-06-14,5.153433322906494,5.294623276958728,5.135784578649965,5.285798904830463,61307200
1996-06-17,5.082836151123047,5.171079834302267,5.029889941215515,5.1622554659843445,70758400
1996-06-18,4.968121528625488,5.091662738928786,4.959297156460966,5.082838366764265,60051200
1996-06-19,5.038715362548828,5.065188473035074,4.968120401252172,4.994593511738418,71435200
1996-06-20,5.021064281463623,5.074010477753221,4.959293719125758,5.047537379608422,73817600
1996-06-21,5.038715362548828,5.056364102872992,4.968120401252172,5.038715362548828,54253600
1996-06-24,5.19645357131958,5.241678490959594,5.029893501425873,5.038717875989778,57836800
1996-06-25,5.144608497619629,5.25932532518233,5.091662269513766,5.224027839778422,34814400
1996-06-26,5.118136882781982,5.153434378525307,5.021068769487842,5.153434378525307,59177600
1996-06-27,5.21520471572876,5.224029089190229,5.051954345288578,5.10931223419112,46257600
1996-06-28,5.184319496154785,5.250501752760685,5.171082398517246,5.2328530073732535,32252800
1996-07-01,5.303450107574463,5.321098860012315,5.1799088405095,5.206381969166278,35018400
1996-07-02,5.276975154876709,5.357497560041007,5.259326408539328,5.285799528045399,51651200
1996-07-03,5.285799026489258,5.294623398820626,5.197555303175581,5.2681502818265225,60736000
1996-07-05,5.091663837432861,5.2593269447313435,5.08283946336452,5.15343445591125,39507200
1996-07-08,5.153433322906494,5.259325788445669,5.082838345880378,5.100487090136907,65053600
1996-07-09,5.179907321929932,5.241677937353287,5.162258574666116,5.215204816457564,35956800
1996-07-10,5.144608497619629,5.1622572403215825,5.047540412758881,5.153432868970605,91695200
1996-07-11,4.906350612640381,5.082838044749747,4.844580011402102,5.056364929933341,145704000
1996-07-12,5.0298919677734375,5.067395548234906,4.950472620913857,5.003418852153577,141623200
1996-07-15,4.879878044128418,5.003419260435466,4.844580553754976,4.976946142655384,97682400
1996-07-16,4.941649436950684,4.950473810945239,4.526903859206609,4.844581323010581,200755200
1996-07-17,5.056366920471191,5.241678797137675,4.994596294915697,5.224030046978962,199531200
1996-07-18,5.118136882781982,5.135785630653645,5.029893143423672,5.091663760974489,80169600
1996-07-19,5.13578462600708,5.17990648705525,5.056365276120372,5.100487137168543,76216000
1996-07-22,5.1004862785339355,5.135783761430364,5.0376126371246714,5.126959390706257,52232000
1996-07-23,4.906350612640381,5.135784274382557,4.8710531262185075,5.135784274382557,105624000
1996-07-24,4.871053695678711,4.959297422049702,4.66037179896797,4.685741870299629,133832000
1996-07-25,5.091663837432861,5.100488211501203,4.924000730134379,4.98687439537131,74887200
1996-07-26,5.2416768074035645,5.250501179133201,5.1093112314590305,5.126959974918301,82870400
1996-07-29,5.144608497619629,5.303447181937216,5.144608497619629,5.224027839778422,70988800
1996-07-30,5.254107475280762,5.27176834074389,5.161388470566178,5.201124878891376,58967200
1996-07-31,5.307091236114502,5.324752105452653,5.236447758761896,5.2640428671027575,64205600
1996-08-01,5.439545631408691,5.4417532392136465,5.289428300671764,5.324750025551041,81130400
1996-08-02,5.563172340393066,5.589663637252081,5.500255510352907,5.510189746675037,107475200
1996-08-05,5.51901912689209,5.624984294128418,5.51901912689209,5.563171279907227,60604800
1996-08-06,5.642643451690674,5.642643451690674,5.47486532088923,5.492526176763066,64801600
1996-08-07,5.81815242767334,5.836917100651987,5.651477979451243,5.6691388481370275,109771200
1996-08-08,5.704458713531494,5.802697263358177,5.6867978506413035,5.775102165092255,86504800
1996-08-09,5.819254398345947,5.836915261466876,5.616154472455269,5.642645767136662,121416800
1996-08-12,5.801591873168945,5.881065734445232,5.739778869954056,5.801591873168945,53275200
1996-08-13,5.669134616851807,5.78393017762918,5.616152050339172,5.748608466620757,60300000
1996-08-14,5.775100231170654,5.792761088146712,5.686795946290369,5.6956263747783975,50572800
1996-08-15,5.775100231170654,5.810421945122768,5.73977851721854,5.766269802682626,30832000
1996-08-16,5.722115993499756,5.801589826742807,5.713285567583861,5.766268123079229,44319200
1996-08-19,5.704458713531494,5.730950007866779,5.6338152619707325,5.704458713531493,30192000
1996-08-20,5.616152286529541,5.713286995887756,5.616152286529541,5.704456567764282,33337600
1996-08-21,5.669134616851807,5.669134616851807,5.545508628322327,5.563169483826539,45863200
1996-08-22,5.863407611846924,5.863407611846924,5.695629381989859,5.713290248290602,58090400
1996-08-23,5.766273498535156,5.872238708309156,5.761858820428167,5.836916971717822,32100800
1996-08-26,5.739779472351074,5.757440332266,5.686796892606295,5.748609902308537,32749600
1996-08-27,5.757440090179443,5.766270519765609,5.669135794317796,5.748609660593279,41030400
1996-08-28,5.739779472351074,5.81042291201078,5.730949042393611,5.7751011921809265,32015200
1996-08-29,5.748608112335205,5.783929821166758,5.713286403503653,5.730947257919429,37079200
1996-08-30,5.638230800628662,5.757441081603089,5.633815046108544,5.739780219389582,26062400
1996-09-03,5.766273498535156,5.783934366830822,5.545512644839323,5.589664815578489,50458400
1996-09-04,5.810423374176025,5.828084235495709,5.748610359557131,5.775101651536657,39469600
1996-09-05,5.695627689361572,5.792762425149133,5.677966828309288,5.766271133570708,54436000
1996-09-06,5.739779472351074,5.801592482053317,5.686796892606295,5.748609902308537,39244000
1996-09-09,5.8987298011779785,5.907560235012077,5.7397819921642,5.748612425998299,56342400
1996-09-10,5.956125736236572,5.970474646410822,5.845744819262657,5.889896970465547,77851200
1996-09-11,6.004692077636719,6.013522507162655,5.916387782377355,5.9252182119032915,46831200
1996-09-12,6.031184673309326,6.0488455361887095,5.978202084671177,6.0223542418696345,49197600
1996-09-13,6.225456237792969,6.250843736635032,6.040017115816156,6.115076347011808,82940000
1996-09-16,6.260776042938232,6.313758632864367,6.190132589703387,6.22545431632081,70357600
1996-09-17,6.658145427703857,6.711128017314233,6.5256889536779195,6.675806290907317,152990400
1996-09-18,6.75527811050415,6.887734544043448,6.596330390256994,6.702295537088432,103812000
1996-09-19,6.852418899536133,6.887740646440958,6.711131911916831,6.728792785369243,66176000
1996-09-20,6.878904342651367,6.931886917819414,6.781769621509949,6.861243484262019,81262400
1996-09-23,6.7641119956970215,6.852416329844502,6.728790262038029,6.825925029600258,48962400
1996-09-24,6.8170905113220215,6.905394792556763,6.790599226951599,6.790599226951599,63469600
1996-09-25,6.870077133178711,6.88773799984498,6.799433666513634,6.861246699845577,46242400
1996-09-26,6.878904342651367,7.029021638960833,6.817091338288646,6.896565201040716,82620800
1996-09-27,6.843582630157471,6.905395634558893,6.8170913425568616,6.905395634558893,33680000
1996-09-30,6.742034912109375,6.852414765630215,6.728788726044103,6.834753902832198,42668000
1996-10-01,6.7641119956970215,6.790603295941265,6.658146794720045,6.6846380949642885,55946400
1996-10-02,6.993698596954346,7.0201898795185675,6.772937908919171,6.781768336440578,71916800
1996-10-03,7.0290207862854,7.082003355026245,6.931886076927185,6.98486864566803,71356000
1996-10-04,7.183554649353027,7.187969324959475,7.064343316913489,7.11732589179034,44334400
1996-10-07,7.373409271240234,7.417561422565027,7.187970235676109,7.187970235676109,52123200
1996-10-08,7.179141998291016,7.558850615666801,7.161481132366561,7.45288542012007,112148800
1996-10-09,7.126155376434326,7.346916075828203,7.117324948458571,7.329255219876693,105073600
1996-10-10,7.055514335632324,7.196801230964135,7.002531749882895,7.011362180841132,67277600
1996-10-11,7.444054126739502,7.444054126739502,7.240954192083501,7.249784624025066,88411200
1996-10-14,7.603000640869141,7.64715279325514,7.4617137532339415,7.532357197051541,89480800
1996-10-15,7.850252151489258,8.07101289815656,7.752013619222308,8.062182468289867,160209600
1996-10-16,7.9562201499938965,7.981607644923122,7.702345200701639,7.8061027886732575,87092000
1996-10-17,7.823762893676758,8.044523697674409,7.823762893676758,8.00037153687488,67586400
1996-10-18,7.770777225494385,7.823759797486392,7.717794653502378,7.823759797486392,62257600
1996-10-21,7.611832141876221,7.857980426046522,7.567679983280651,7.74428861766293,66499200
1996-10-22,7.452886581420898,7.611834399508075,7.39990397539184,7.5588517934790165,97193600
1996-10-23,7.726627349853516,7.73545778111049,7.399901393345424,7.435223118373325,83144800
1996-10-24,7.5941643714904785,7.859077082123867,7.594164371490478,7.761942421558291,69354400
1996-10-25,7.444054126739502,7.72662794886959,7.444054126739502,7.576510605862981,56904800
1996-10-28,7.488205909729004,7.594171087696867,7.461714615237038,7.479375478231682,61611200
1996-10-29,7.373409271240234,7.576509167334277,7.329257119915442,7.532357016009485,77648000
1996-10-30,7.544802665710449,7.588975983425382,7.403448049022666,7.412282712565652,69940000
1996-10-31,7.765667915344238,7.783337239383702,7.571305350910139,7.580140012929871,66129600
1996-11-01,7.6861572265625,7.765669197871767,7.633149245689655,7.765669197871767,61486400
1996-11-04,7.801007270812988,7.827511259275546,7.659652665679344,7.694991316962755,46838400
1996-11-05,8.057210922241211,8.083714905538057,7.8010057503717,7.8010057503717,82406400
1996-11-06,8.401764869689941,8.437103523190213,8.004205017811868,8.057212998062278,111770400
1996-11-07,8.631461143493652,8.816988967458203,8.392925369824944,8.481271952665207,129250400
1996-11-08,8.640303611755371,8.693311609373502,8.507783617710043,8.613799612946305,69125600
1996-11-11,8.755152702331543,8.763987367016036,8.569624743957212,8.622632732064163,49158400
1996-11-12,8.55195426940918,8.84349816495722,8.490111624898988,8.834663501455763,98851200
1996-11-13,8.445939064025879,8.57845902841959,8.376366082719182,8.560789699833762,72973600
1996-11-14,8.472443580627441,8.569624893856744,8.348758272881057,8.384096932237165,77549600
1996-11-15,8.189733505249023,8.498946744390032,8.154394849347193,8.498946744390032,121340000
1996-11-18,8.154393196105957,8.269243804501816,8.030707925525803,8.216235831396036,98204800
1996-11-19,8.534282684326172,8.55195200665397,8.12788827078683,8.136722931950729,89967200
1996-11-20,8.543118476867676,8.799323684550366,8.52655348499164,8.578457126203219,99407200
1996-11-21,8.401764869689941,8.61379679069158,8.322252899314327,8.604962127316512,95869600
1996-11-22,8.657966613769531,8.6668012735795,8.42826545871034,8.463604097950215,76026400
1996-11-25,8.587289810180664,8.66680175286752,8.437100585105487,8.613793791076283,62263200
1996-11-26,8.746316909790039,8.799324891061493,8.445938349251795,8.613796956611402,124950400
1996-11-27,8.949512481689453,8.993685791075876,8.728645934757333,8.790488567898327,85092800
1996-11-29,8.967185020446777,8.993689015581104,8.949515690357227,8.967185020446777,19584800
1996-12-02,8.984853744506836,9.011357737853462,8.790491126631565,8.905341764466952,62268000
1996-12-03,8.89650821685791,9.143878852480572,8.878838885742004,9.002524203553337,75824000
1996-12-04,9.152714729309082,9.161549396036214,8.896509394222246,8.976021394766436,97301600
1996-12-05,9.064364433288574,9.21455370752435,8.993687127765858,9.21455370752435,82200800
1996-12-06,8.883256912231445,9.020193691535926,8.719815057341782,8.799327048746115,104533600
1996-12-09,9.196883201599121,9.196883201599121,8.887670029595307,8.887670029595307,59799200
1996-12-10,9.12621021270752,9.426588864432647,9.11737554648031,9.382415533296598,86302400
1996-12-11,9.673954963684082,9.682789625751374,9.046693956906394,9.099701929310141,168052000
1996-12-12,9.673954963684082,10.000837460173864,9.665120301616792,9.97433347397199,151984800
1996-12-13,9.355903625488281,9.691620658319778,9.32939964921211,9.656282023284884,125048800
1996-12-16,8.993687629699707,9.46192480491983,8.967183638649512,9.426586150186235,118759200
1996-12-17,9.18804931640625,9.249891956035908,8.931844095083385,8.949513420691858,119589600
1996-12-18,9.59444522857666,9.603279892691372,9.276397320447048,9.34707463336474,85812000
1996-12-19,9.718130111694336,9.81531141281128,9.61211414683949,9.709295447956432,89845600
1996-12-20,9.514933586120605,9.753469525605523,9.488429592844504,9.753469525605523,107156000
1996-12-23,9.347071647644043,9.532599534790098,9.338236986351374,9.532599534790098,57603200
1996-12-24,9.576773643493652,9.585608305526396,9.249891148282153,9.355907092675071,34854400
1996-12-26,9.656286239624023,9.77113685363602,9.550270288228335,9.603278263926178,49676800
1996-12-27,9.567937850952148,9.70045776578528,9.532599206996645,9.691623104796404,33370400
1996-12-30,9.417753219604492,9.656289182952824,9.417753219604492,9.620950521716033,45784000
1996-12-31,9.254310607910156,9.470759877498509,9.24105861181291,9.426586557174355,51322400
1997-01-02,9.214554786682129,9.329405421607218,9.020192173731978,9.311736093157204,97639200
1997-01-03,9.779972076416016,9.788806739538343,9.373577572788973,9.400081562155954,95648000
1997-01-06,9.815311431884766,10.018508698251416,9.735799458089119,9.832980759394909,120549600
1997-01-07,10.133356094360352,10.142190755297023,9.682788386590188,9.793221648298562,96153600
1997-01-08,10.053842544555664,10.2923783518518,10.019608238878904,10.177527777968475,125510400
1997-01-09,10.106856346130371,10.17753366323618,10.018509699748114,10.13336034004505,77420000
1997-01-10,10.212873458862305,10.23054279010601,10.000841483937828,10.045014812047093,111907200
1997-01-13,10.38072681427002,10.44367377473953,10.177529608543884,10.30121486420327,116600000
1997-01-14,10.398397445678711,10.583925352525995,10.354224134524596,10.451405419063649,113872800
1997-01-15,10.036172866821289,10.451401849867592,10.000834229966285,10.424897872226339,227419200
1997-01-16,10.062678337097168,10.318883492299818,10.040591685786595,10.15985960286369,133381600
1997-01-17,10.181949615478516,10.27471358160652,10.036177668705939,10.036177668705939,97962400
1997-01-20,10.265876770019531,10.314467408776077,10.176425821399524,10.204034138874835,58668800
1997-01-21,10.464655876159668,10.486742528494323,10.239372022346183,10.257041344213908,64573600
1997-01-22,10.751785278320312,10.760619941655005,10.371894754928551,10.495580041614241,88490400
1997-01-23,10.725286483764648,11.01683051503667,10.716451816150345,10.831302495136292,99123200
1997-01-24,10.636937141418457,10.928481099613482,10.628102476018608,10.742953126216648,114352000
1997-01-27,10.610435485839844,10.760624830768467,10.548592814398646,10.664547823350892,69532000
1997-01-28,10.672268867492676,10.866631379980126,10.583922270907472,10.787119443053442,58843200
1997-01-29,10.940934181213379,10.940934181213379,10.711156888231514,10.781857593764396,74363200
1997-01-30,11.320953369140625,11.329790959592726,11.011637703317112,11.073500836481815,88168000
1997-01-31,11.471196174621582,11.594922481589764,11.329794680943657,11.356307461008267,100647200
1997-02-03,11.586078643798828,11.665616941124679,11.45351481492241,11.559565878023545,77328000
1997-02-04,11.647943496704102,11.656781086610554,11.480029288481509,11.612593137078292,89346400
1997-02-05,11.117688179016113,11.524217317517497,10.958611559602527,11.515379727550075,187991200
1997-02-06,10.82604694366455,11.126524981284629,10.65813274617098,11.091174623917562,180376800
1997-02-07,11.05582332611084,11.117686446240958,10.905584320080557,10.97628502880069,117951200
1997-02-10,10.719993591308594,11.214898489176097,10.674700955566255,11.15303537694266,126322400
1997-02-11,10.72883129119873,10.940933392507437,10.357652613908494,10.89674545473479,151842400
1997-02-12,11.082328796386719,11.100003961931195,10.640449657774807,10.72882548549719,112742400
1997-02-13,11.100015640258789,11.241417113383104,11.029314903696632,11.170716376820947,96499200
1997-02-14,10.923259735107422,11.10001151075641,10.852559024847828,11.038148389279264,69313600
1997-02-18,10.93209457397461,10.967444920212198,10.75534284278666,10.905581814296417,60033600
1997-02-19,10.879072189331055,11.011636025919167,10.834884243801683,10.896747367542803,55190400
1997-02-20,10.596268653869629,10.817208367253066,10.559813601161363,10.764182836041043,128985600
1997-02-21,10.348816871643066,10.579698887673533,10.278116158600245,10.569756599901886,127490400
1997-02-24,10.54324722290039,10.569759998817155,10.057179664426357,10.172068360065674,131964800
1997-02-25,10.525568008422852,10.70231978018478,10.42835453395379,10.658131837244298,99163200
1997-02-26,10.348816871643066,10.51673106511977,10.233928212948483,10.499055886859065,94690400
1997-02-27,9.879319190979004,10.339978489048807,9.871586301083347,10.331140900596628,101312000
1997-02-28,10.03066349029541,10.225090447816555,9.68599752014429,9.862749299708968,149775200
1997-03-03,10.31346607208252,10.322303660833233,9.933449755801844,9.97763769955541,82524000
1997-03-04,10.348816871643066,10.57859418903224,10.322304104252009,10.366492049903773,120270400
1997-03-05,10.569758415222168,10.578596005870347,10.437194555499483,10.46370732744402,99617600
1997-03-06,10.278115272521973,10.622781218892014,10.260440095785048,10.569755688681237,115592000
1997-03-07,10.145550727844238,10.463703886557123,10.074850025908042,10.357652833652828,86213600
1997-03-10,10.233928680419922,10.304629396692254,10.004151352534846,10.127877606011426,82115200
1997-03-11,10.172064781188965,10.331141380721025,10.145552014600288,10.225090314366318,80986400
1997-03-12,10.09252643585205,10.172064735258942,9.89809948174632,10.119039202321014,98388000
1997-03-13,9.98647689819336,10.14555352135042,9.898100996439435,10.012989668719536,90898400
1997-03-14,9.747861862182617,10.127878235776318,9.721349091931893,10.048339925024148,81598400
1997-03-17,9.641813278198242,9.668326055315195,9.288309583305548,9.624138093453608,161466400
1997-03-18,9.66832447052002,9.75670037975695,9.535760606664628,9.703674834214793,95223200
1997-03-19,9.42971134185791,9.61530078719907,9.332497822869685,9.579950416657896,134926400
1997-03-20,9.420867919921875,9.562269314592372,9.27946652525138,9.447380681422594,107778400
1997-03-21,9.2264404296875,9.4871492349325,9.217602843069026,9.447380095149365,82396800
1997-03-24,9.235274314880371,9.270624647186134,8.89060857489919,9.164573650268846,169920800
1997-03-25,9.420867919921875,9.54459414025856,9.191090653582318,9.27946652525138,115583200
1997-03-26,9.942286491394043,9.951124079386393,9.491569503784179,9.526919855753581,127732800
1997-03-27,9.836237907409668,10.172066335515298,9.703674054210076,10.074852843168932,140616000
1997-03-31,9.836237907409668,9.915776219329421,9.685998873783465,9.80972513676975,107790400
1997-04-01,9.849492073059082,9.880423631834953,9.712509455623088,9.730184632066441,90782400
1997-04-02,9.68599796295166,9.85391216121451,9.65064760542264,9.818561803685489,102557600
1997-04-03,9.942286491394043,9.968799255371094,9.624133323669433,9.632970911661783,102904800
1997-04-04,10.251604080200195,10.278116849373125,9.871587722054842,9.889262901503464,125324800
1997-04-07,10.260445594787598,10.543248574144362,10.24718920513025,10.322308746521891,98964000
1997-04-08,10.365389823913574,10.375332114056942,10.207417880524504,10.28695620167145,84747200
1997-04-09,10.057174682617188,10.481378887156401,10.039499507428054,10.428353361589,81705600
1997-04-10,9.70367431640625,10.092528296298669,9.687103834308562,10.092528296298669,123181600
1997-04-11,9.2264404296875,9.562268721189536,9.173414909976652,9.562268721189536,192564000
1997-04-14,9.456221580505371,9.465059170767526,9.222025438558276,9.341332907097362,154790400
1997-04-15,9.26179027557373,9.438541998390024,9.06736338047581,9.341328550841062,199704800
1997-04-16,9.473894119262695,9.509244470453975,9.252954424317204,9.261792012115023,100414400
1997-04-17,9.756693840026855,9.822975727527039,9.509241460026175,9.562266970026322,130948000
1997-04-18,9.69483470916748,9.924612013122225,9.685997120553836,9.924612013122225,106872000
1997-04-21,9.783208847045898,9.908039763906354,9.632969867461634,9.685995389667847,89620000
1997-04-22,9.959956169128418,9.986468918469487,9.721341425058794,9.800879673082003,81165600
1997-04-23,10.339980125427246,10.366492894979624,9.959963761843168,9.986476531395546,121205600
1997-04-24,10.331145286560059,10.543247499457784,10.331145286560059,10.48138435402928,118114400
1997-04-25,10.172064781188965,10.31346620299524,10.172064781188965,10.198577547777642,79637600
1997-04-28,10.348816871643066,10.39300481729483,10.127877143384248,10.19857785642707,80194400
1997-04-29,10.608735084533691,10.617575697104137,10.467285283406575,10.546850796540578,84341600
1997-04-30,10.829745292663574,10.856267117870097,10.564527040598342,10.573367649000517,122580000
1997-05-01,10.87394905090332,10.95351453176359,10.741339916136207,10.847427223949898,96868000
1997-05-02,11.14801025390625,11.148010253906248,10.89163253989889,10.944676204865928,77264000
1997-05-05,11.492793083190918,11.492793083190918,11.143588985663195,11.209893561143142,104702400
1997-05-06,11.174525260925293,11.386699791196026,11.130322233785558,11.360177974912185,103409600
1997-05-07,11.024238586425781,11.31597866128709,11.015397978096651,11.033079194754912,81708000
1997-05-08,11.227575302124023,11.341398161978233,10.96235698790062,10.971197598374733,99770400
1997-05-09,11.280614852905273,11.422064568929166,11.15684635138437,11.3778615326717,93159200
1997-05-12,11.254094123840332,11.351340813048692,11.183369258961523,11.324818988719139,68047200
1997-05-13,10.776698112487793,11.209887782308877,10.679451451915712,11.174525360282667,153694400
1997-05-14,10.803220748901367,10.812061355078864,10.334668621494025,10.573364988286444,192022400
1997-05-15,11.183371543884277,11.218733983548734,10.812065927407488,10.865109586904172,92104800
1997-05-16,10.971197128295898,11.17895146553599,10.962356518200576,11.086125059535098,85354400
1997-05-19,10.944672584533691,11.0861223109897,10.820904073884682,10.980035016147692,53624000
1997-05-20,11.38670825958252,11.3955488715853,10.997721331460134,10.997721331460134,94090400
1997-05-21,11.492793083190918,11.678445894534772,11.457430642934947,11.563517963702862,105252800
1997-05-22,11.413223266601562,11.581194794150308,11.29829537933137,11.510469940445573,71460000
1997-05-23,11.541414260864258,11.598878215437692,11.422066047519435,11.510472131478563,43351200
1997-05-27,11.974605560302734,11.979025865049985,11.492792342852384,11.554676609313898,106044800
1997-05-28,11.819892883300781,12.005545651101318,11.70496497942426,12.001125347106067,110245600
1997-05-29,11.582295417785645,11.845303366400564,11.519306119167785,11.837567838500126,93404800
1997-05-30,10.714822769165039,10.865113187544416,9.90148638734723,10.078298644264146,459014400
1997-06-02,10.591045379638672,10.93582899383392,10.546842352177743,10.891625966372992,186443200
1997-06-03,10.255109786987305,10.502646919776652,10.24295394564497,10.502646919776652,178820800
1997-06-04,10.07829761505127,10.467284540544476,9.989891495620995,10.308153525569981,173323200
1997-06-05,10.123601913452148,10.289363324544585,10.087134403011811,10.210902923294165,112872000
1997-06-06,10.325834274291992,10.387718555045453,10.113659597422977,10.17554387817644,85673600
1997-06-09,10.555683135986328,10.591045558552446,10.458436473929503,10.458436473929503,95966400
1997-06-10,10.2683687210083,10.538007331417903,10.228585975210162,10.498224585619765,109618400
1997-06-11,10.431917190551758,10.458439013917568,10.05177105564182,10.272786250356901,104075200
1997-06-12,10.16007137298584,10.290470374727446,10.042933286675584,10.113658168976116,147144800
1997-06-13,10.237425804138184,10.396556775186964,10.060613614083984,10.175541537619214,120024800
1997-06-16,10.414236068725586,10.423076676593773,10.228583303493636,10.29930816643914,54288800
1997-06-17,10.586628913879395,10.617571044316621,10.361193392122464,10.418657348648741,84719200
1997-06-18,10.365616798400879,10.502646274200636,10.330254353033201,10.427501077794318,77522400
1997-06-19,10.35677433013916,10.431919513072309,10.237426098421809,10.361194635017581,67169600
1997-06-20,10.378875732421875,10.515905182040733,10.325832074504898,10.352353903463387,70870400
1997-06-23,10.2683687210083,10.414238788934806,10.26394841591962,10.325832687161167,55217600
1997-06-24,10.46728515625,10.507067912333719,10.268371375831396,10.361197806693411,59868800
1997-06-25,10.374455451965332,10.529166121253269,10.316991489086956,10.520325511579673,71621600
1997-06-26,10.16227912902832,10.370033421792273,10.157858824926958,10.281627339765059,89320800
1997-06-27,10.060609817504883,10.263943759334946,10.042928605171834,10.255103153168422,83198400
1997-06-30,10.02967643737793,10.153445031580919,9.954531219468972,10.087140427543604,73996800
1997-07-01,9.835182189941406,10.05177721345023,9.80424004372586,10.042936600245786,120094400
1997-07-02,10.113653182983398,10.12249378891258,9.830753793249597,9.901478640683047,126900000
1997-07-03,10.250688552856445,10.277210386110925,10.113659081041632,10.228587025144378,69645600
1997-07-07,10.423075675964355,10.538003567217567,10.28162596365271,10.303727481201404,81052800
1997-07-08,10.5822114944458,10.635255161084626,10.343514994571082,10.454022633401971,88640800
1997-07-09,10.794387817382812,10.931417310560072,10.679459855363175,10.679459855363175,134427200
1997-07-10,10.617570877075195,10.856267308116852,10.5910490514039,10.785542439660064,104671200
1997-07-11,10.878366470336914,10.89162738029669,10.5998873611816,10.644090394380855,88641600
1997-07-14,11.139167785644531,11.172320070720854,10.856268286326575,10.926993161156062,91014800
1997-07-15,11.444168090820312,11.590038136010374,11.271776219232057,11.422066568821817,137650400
1997-07-16,12.500621795654297,12.571346671443006,11.987866446186159,12.217722292499461,188827600
1997-07-17,12.42105484008789,12.686273092901155,12.182358412555953,12.482939099077651,102946400
1997-07-18,12.2265625,12.394534074475777,11.987866052060737,12.270765545914678,89768400
1997-07-21,12.120474815368652,12.235402731196364,11.96134385499182,12.191199686647245,57112400
1997-07-22,12.553667068481445,12.580188900316264,12.078484248107587,12.102795927289506,63344000
1997-07-23,12.63322639465332,12.836560339423807,12.589023363181473,12.677429426125164,66578000
1997-07-24,12.695113182067871,12.818881694984967,12.50061980462672,12.589025885281789,48846000
1997-07-25,12.615547180175781,12.889606018707982,12.50061928014615,12.695112649427065,49560000
1997-07-28,12.527145385742188,12.695116989361876,12.438739278573928,12.62439210362727,31066400
1997-07-29,12.465258598327637,12.518302251937543,12.288446419627954,12.394533726847765,38321200
1997-07-30,12.646377563476562,12.78787549425672,12.345694460568728,12.381068943263768,42040800
1997-07-31,12.991276741027832,13.035494837491507,12.619844730732959,12.76134263941672,71150800
1997-08-01,13.247745513916016,13.345025354138363,12.805564421996255,13.123934808178483,87386800
1997-08-04,13.689922332763672,13.725296809075722,13.141617949926884,13.230054140707011,69578400
1997-08-05,14.105578422546387,14.167483782394553,13.707615394951036,13.822582491811914,86284400
1997-08-06,14.158632278442383,14.432784433740144,13.928698212708778,14.194006750093708,74238000
1997-08-07,14.158632278442383,14.40625358000165,14.149788660529552,14.362035490437496,62813600
1997-08-08,13.840262413024902,14.116625480377637,13.566110250210992,13.91985497642249,83373600
1997-08-11,13.60148811340332,13.849109483478284,13.265430539730156,13.760673279880082,73399600
1997-08-12,13.486519813537598,13.955231649680217,13.442301715788295,13.742984780483559,47946800
1997-08-13,13.636860847473145,13.884482185818959,13.33617779376751,13.76067151664605,63879200
1997-08-14,13.566107749938965,13.760667313497411,13.451140735108972,13.707605614345107,48156400
1997-08-15,13.03549575805664,13.548425713258325,13.017808518222099,13.495363993754703,66631600
1997-08-18,13.380393981933594,13.406924835830356,12.717122634514546,12.982431173482166,80085600
1997-08-19,13.853521347045898,13.902161224102237,13.493144076128491,13.583791119733483,68073600
1997-08-20,14.220542907714844,14.255917392559907,13.778361847151572,13.93754702895435,62654800
1997-08-21,13.919854164123535,14.273598869692112,13.822574370092175,14.273598869692112,62813200
1997-08-22,13.610325813293457,13.619169429806318,12.973585424367446,12.982429040880309,120192400
1997-08-25,13.327333450317383,13.672234581413852,13.230053644110688,13.521893062730776,65676400
1997-08-26,13.11508846282959,13.33617896287729,13.097401222825773,13.230055522854393,46042800
1997-08-27,13.309646606445312,13.318490225452916,13.000119941179141,13.026650798201956,44534400
1997-08-28,13.070869445800781,13.33617802724464,12.88515343879008,13.070869445800781,58621600
1997-08-29,13.03549575805664,13.212368156402048,12.947059558883936,12.982434038553016,38895600
1997-09-02,13.45114803314209,13.513053382407042,13.15930852946445,13.17699577211158,50916400
1997-09-03,13.274271011352539,13.58379765052465,13.265427393090478,13.442299758331684,46066400
1997-09-04,13.389237403869629,13.566109760591818,13.23005228281966,13.265426754164098,46934400
1997-09-05,13.380393981933594,13.619171667004451,13.353863128036831,13.548422723279753,39409200
1997-09-08,13.574959754943848,13.698770462806527,13.477679913051743,13.539585266983082,40360400
1997-09-09,13.831413269042969,13.840256883665118,13.583792059622763,13.610322903489212,56717600
1997-09-10,13.513056755065918,13.891121661007714,13.513056755065916,13.778365460989987,55259200
1997-09-11,13.477680206298828,13.583803672490157,13.194684296455284,13.424618473203163,51296000
1997-09-12,13.336179733276367,13.406928697378628,13.230056287122974,13.327336112763584,42529600
1997-09-15,13.026650428771973,13.504205841639378,13.01780681001517,13.327333466503303,33224000
1997-09-16,13.557266235351562,13.636858796420164,13.088554486836474,13.159303430008563,59700400
1997-09-17,13.53516674041748,13.831428148979379,13.442308686987632,13.742991907617618,70784000
1997-09-18,13.442302703857422,13.79604751185367,13.424615463457611,13.592644247255828,37023200
1997-09-19,13.504210472106934,13.53074133747453,13.415774254214941,13.477679606739335,45282400
1997-09-22,13.636860847473145,13.822576851232505,13.495362939846963,13.521893797526872,43994000
1997-09-23,14.025983810424805,14.043671053565316,13.672238947614595,13.707613433895617,57432000
1997-09-24,13.530736923217773,14.025979581845352,13.495362447601519,14.008292344037224,60664800
1997-09-25,13.176987648010254,13.610324825696496,13.159300416267959,13.406921660660098,54458400
1997-09-26,13.16815185546875,13.318493414597675,13.141620992093058,13.318493414597675,52354800
1997-09-29,13.495357513427734,13.58379367013434,13.212361811966604,13.256579890319905,27963200
1997-09-30,13.062021255493164,13.442296755822348,13.053177639206439,13.424609523248897,62021200
1997-10-01,13.194677352905273,13.212364587962787,12.823245416697484,13.123928412675218,74075600
1997-10-02,13.176987648010254,13.27426742259288,12.973584482973854,13.238892959108288,28330400
1997-10-03,13.203521728515625,13.406924943355449,13.053180221894884,13.406924943355449,43604000
1997-10-06,13.230057716369629,13.406930145732858,13.18583960902882,13.318493931051243,39713600
1997-10-07,13.477680206298828,13.530741939394492,13.247746029550948,13.318495007011833,42537600
1997-10-08,13.380393981933594,13.442299307692705,13.238896094484197,13.371550363968007,48621600
1997-10-09,13.39808177947998,13.477674344506594,13.247740267763044,13.318489214453367,42205600
1997-10-10,13.159307479858398,13.333968987067541,13.159307479858398,13.318492650985718,39668000
1997-10-13,13.097405433654785,13.247747022022194,12.982438336667945,13.230059776331911,46409600
1997-10-14,12.991276741027832,13.1593055075898,12.74365540083125,13.106243791833387,87709200
1997-10-15,12.266100883483887,12.345693463117165,12.098072104258081,12.106915724217334,265154400
1997-10-16,12.0803861618042,12.389912893622023,11.974262710895232,12.381069272712942,90182000
1997-10-17,11.744327545166016,12.045010629906711,11.585142382656235,11.974261668791254,98338400
1997-10-20,11.894668579101562,12.045010115045596,11.762014282680354,11.921199438385804,74026800
1997-10-21,12.045007705688477,12.159974739590057,12.00963323371876,12.159974739590057,60264800
1997-10-22,11.876973152160645,12.186499630437355,11.868129538495596,12.15112517577716,50656400
1997-10-23,11.585142135620117,11.832763494244059,11.425956976504727,11.602829375521827,93489600
1997-10-24,11.319830894470215,11.815073496103286,11.07220959365368,11.779699024558068,122778800
1997-10-27,10.576971054077148,11.284460756691004,10.462003977402397,11.127486478923554,105164000
1997-10-28,12.027323722839355,12.274945093603696,9.798731385960298,11.275615990161896,207800400
1997-10-29,11.35921859741211,11.783862283296674,11.217670702117255,11.766168796384818,131943200
1997-10-30,10.722258567810059,11.182289463458675,10.704565071823573,11.005354503593821,106263200
1997-10-31,10.899185180664062,11.093813487461635,10.793024286047205,11.076120005025492,87862000
1997-11-03,11.1115083694458,11.182282308104691,10.985442291209653,11.10266162711344,66579600
1997-11-04,10.748794555664062,11.253058991608798,10.633786877290703,11.129204568745179,99530800
1997-11-05,10.563008308410645,10.89918445222941,10.527621345903407,10.89918445222941,101704800
1997-11-06,10.403769493103027,10.607244576726641,10.32414880820683,10.607244576726641,91430800
1997-11-07,10.9611177444458,11.040738454453882,10.193662567423466,10.235684608816621,159223600
1997-11-10,10.633788108825684,11.076125384567185,10.600612813145071,10.943424201844735,79038800
1997-11-11,10.793024063110352,10.952265401746406,10.616089242403625,10.633782724474298,41917600
1997-11-12,10.607243537902832,11.040733890994774,10.580703312203326,10.739944666400365,80271200
1997-11-13,11.031885147094727,11.040731887389109,10.58070139208123,10.766482938263257,71534400
1997-11-14,11.146894454956055,11.19997490474156,10.881492206028529,11.084967263539632,51246800
1997-11-17,11.385756492614746,11.483070650671282,11.253055367992195,11.323829301124222,56116800
1997-11-18,11.146894454956055,11.41229670388358,11.120354230063302,11.359216254098076,44351600
1997-11-19,11.191125869750977,11.297286747566796,11.067271512299188,11.129198691025083,43050000
1997-11-20,11.447680473327637,11.518454386609415,11.146891341880078,11.253052211802746,53910800
1997-11-21,11.35921859741211,11.571540440354392,11.279597906308753,11.571540440354392,57960800
1997-11-24,11.05842399597168,11.447680520629882,11.05842399597168,11.279592475891112,56716000
1997-11-25,10.819565773010254,11.058427813788077,10.757638577253042,11.049581071537046,70640800
1997-11-26,10.846099853515625,10.969954174844515,10.810712904564513,10.872640065228959,33229600
1997-11-28,10.987648963928223,11.023035917113177,10.793020721410976,10.88148810437336,13943200
1997-12-01,11.536149978637695,11.571536941762352,11.06727271723601,11.11150642114183,69122000
1997-12-02,11.049576759338379,11.465373482868324,10.919087362060363,11.456526744069816,68329600
1997-12-03,11.1115083694458,11.208822535101776,10.77533216081607,11.005347461457465,55119600
1997-12-04,10.854950904846191,11.19997379424228,10.757636756554987,11.182280312734788,82224000
1997-12-05,10.97880744934082,11.076121616901457,10.810719341736085,10.846106311758135,53776400
1997-12-08,11.10265827178955,11.208819147695108,10.978803916566399,11.058424573495568,40209600
1997-12-09,10.704553604125977,11.129197052884692,10.680225073207508,11.040729667726627,64254800
1997-12-10,10.571855545043945,10.686863178588357,10.31530005482949,10.624935991295212,81685200
1997-12-11,10.164902687072754,10.439151584635203,10.156055948441706,10.34183745969369,90031600
1997-12-12,9.9791259765625,10.297608720495345,9.917198776353334,10.226834777399157,78581200
1997-12-15,10.20914077758789,10.448002823510656,9.78449714039186,9.94373850434037,108536400
1997-12-16,10.076436996459961,10.430306601252234,9.979122855142087,10.315298979694745,61343200
1997-12-17,9.837578773498535,10.279915948565915,9.811038542994492,10.253375718061871,77272800
1997-12-18,9.784499168395996,9.90835358824911,9.607564282891548,9.890660099698666,93845600
1997-12-19,9.90835189819336,9.926045383725848,9.536788702011108,9.625256129673549,109067600
1997-12-22,10.111824035644531,10.394919721681825,10.049896854323874,10.297605579606506,75592000
1997-12-23,9.934892654418945,10.295397441300132,9.910564110518989,10.111827519145908,44389200
1997-12-24,9.943735122680664,10.098553062757986,9.892866370940972,10.058742735309533,22021600
1997-12-26,10.032203674316406,10.058743895677033,9.908349307966821,9.961429750688072,14815600
1997-12-29,10.023360252380371,10.17375488988299,9.943739561937809,10.13836791635296,40644000
1997-12-30,10.147208213806152,10.209135378144987,10.058740836179245,10.067587573941937,41157200
1997-12-31,9.943735122680664,10.164903608505412,9.926041643814683,10.15605686907242,42123600
1998-01-02,10.279911994934082,10.279911994934082,9.979122831571122,10.005663051867854,40927200
1998-01-05,10.545316696166992,10.635995803663395,10.191447008376153,10.341841625687259,78368400
1998-01-06,10.350688934326172,10.518777045225486,10.288761735573793,10.456849846473107,48313600
1998-01-07,10.297605514526367,10.421459876384933,10.12951745200403,10.297605514526367,55380800
1998-01-08,10.518774032592773,10.589547953754037,10.209138127512247,10.226831607802563,75730400
1998-01-09,10.17375373840332,10.616090857464334,10.083074628995814,10.554163660795792,88028800
1998-01-12,10.704553604125977,10.713400342641783,10.005661261377256,10.023354738408868,123747600
1998-01-13,10.890335083007812,10.934568775465197,10.793020959601568,10.810714436584522,97348000
1998-01-14,10.678016662597656,10.908031934534309,10.527622061716,10.899185193305977,123962000
1998-01-15,10.660325050354004,10.810719677620408,10.563010879769859,10.598397850891367,53458400
1998-01-16,10.589550971984863,10.739945597317982,10.563010743984902,10.731098854651329,59281200
1998-01-20,10.793024063110352,10.801870804145688,10.598395760332952,10.633782724474298,49972000
1998-01-21,10.854950904846191,10.996498756906124,10.669169349017528,10.678016089771274,69415200
1998-01-22,10.82840633392334,10.969954129138024,10.74878569911508,10.757632436315998,49898000
1998-01-23,10.925727844238281,11.023042019369148,10.828413669107414,10.881494128269706,56184800
1998-01-26,10.996500015258789,11.040733724089275,10.89918585583172,10.89918585583172,44695200
1998-01-27,11.208824157714844,11.261904619393052,10.952268592936841,11.023042541841118,58713200
1998-01-28,11.452021598815918,11.531672444557296,11.257319531448106,11.292719907333163,67063600
1998-01-29,11.611319541931152,11.735220817531028,11.363516990731403,11.37236708184568,72366400
1998-01-30,11.46971607208252,11.717518579812698,11.452015892958936,11.68211822156553,45384000
1998-02-02,11.761772155761719,11.839210460022754,11.637870868944063,11.682121328521797,62426000
1998-02-03,12.221981048583984,12.337032282205703,11.841426968142919,11.89452753750679,99884400
1998-02-04,12.398984909057617,12.505186064595582,12.12463192391787,12.195432694276514,75391600
1998-02-05,12.248534202575684,12.752989729704884,12.19543362077261,12.567137693394127,97320800
1998-02-06,12.396774291992188,12.4609375,12.1246337890625,12.142333984375,52042800
1998-02-09,12.151176452636719,12.443229491920777,12.098075900039618,12.381278847224158,45804400
1998-02-10,12.213132858276367,12.434385265129201,12.044981029068214,12.098081606712896,59575200
1998-02-11,12.044976234436035,12.186577718455856,11.929925028669931,12.133477161948424,64918000
1998-02-12,12.03612995147705,12.071530333687278,11.717526511585012,11.876828231531032,70388800
1998-02-13,11.867971420288086,12.02727305009061,11.867971420288084,11.947622235189348,39093600
1998-02-17,11.98302936553955,12.027279843255723,11.88567831456397,11.98302936553955,41481600
1998-02-18,12.310484886169434,12.319334983140081,11.929930716431631,11.947630910372924,65802800
1998-02-19,12.823793411254883,12.90344430200802,12.478639551324628,12.602540936940617,136295200
1998-02-20,13.000787734985352,13.08043857883482,12.81493576600326,12.921136891135884,98482000
1998-02-23,13.337092399597168,13.39904306104188,13.080439659326222,13.168940604247238,68921200
1998-02-24,13.080440521240234,13.540645465153963,13.062740331089705,13.328243183347626,75785200
1998-02-25,13.310542106628418,13.36364267354316,13.115840027941033,13.124690122426824,49980000
1998-02-26,13.071582794189453,13.319385311614845,13.062732704281403,13.275134862074596,55918800
1998-02-27,12.699884414672852,13.080438442429598,12.673334133666566,13.018487786748267,73563600
1998-03-02,12.407832145690918,12.938837800998659,12.390131957180659,12.717585444620434,71733600
1998-03-03,12.080376625061035,12.221978109310834,11.912224862514398,12.16887755271716,116639200
1998-03-04,12.239680290222168,12.310481043889396,12.009577840803674,12.027278029220483,54200000
1998-03-05,10.699761390686035,10.956414062588347,10.620110561474974,10.628960653609536,369330400
1998-03-06,11.062616348266602,11.080316534423828,10.779413369750976,10.956415231323241,128355600
1998-03-09,10.628966331481934,11.09802146517764,10.611266137757568,11.080321271453272,107076800
1998-03-10,10.690914154052734,10.832515666026943,10.611263303567242,10.832515666026943,68406000
1998-03-11,10.74401569366455,10.850216837259257,10.628964454770284,10.841366741959698,56479200
1998-03-12,10.814813613891602,10.859064078760225,10.66436203333828,10.779413241996702,39483600
1998-03-13,10.850210189819336,10.974111448104386,10.841360099941832,10.903310729084358,33584400
1998-03-16,11.000667572021484,11.027217855783404,10.903316531561119,10.912166626148425,36159600
1998-03-17,10.867919921875,11.00067138671875,10.7086181640625,10.97412109375,55440400
1998-03-18,10.903315544128418,10.965266200629149,10.744013855983685,10.752863949769504,32528000
1998-03-19,10.947566986083984,11.036067931808187,10.8679161349322,10.956417080656404,34558000
1998-03-20,10.726323127746582,10.974125972281982,10.664372416612732,10.974125972281982,64090800
1998-03-23,10.628966331481934,10.690917009517216,10.540465362860102,10.690917009517216,73635600
1998-03-24,10.540461540222168,10.744013694231498,10.478510884654112,10.646662664053123,62888800
1998-03-25,10.770566940307617,10.82366751684159,10.655515691150674,10.74401665204063,66587600
1998-03-26,11.071467399597168,11.08031749344177,10.867915241171321,10.894465522705127,55606400
1998-03-27,11.168813705444336,11.26616469653775,11.080312804450324,11.089162894549727,72785200
1998-03-30,10.956416130065918,11.151118193766605,10.921015754847613,11.133418006157452,44500400
1998-03-31,11.053764343261719,11.080314617905263,10.850212237661223,10.85906232920907,57452000
1998-04-01,10.974111557006836,11.036062186764132,10.823660027596258,10.974111557006836,60100800
1998-04-02,10.814813613891602,10.974115287418645,10.770563149022976,10.894464450655123,44330800
1998-04-03,10.867919921875,11.0272216796875,10.7794189453125,10.8502197265625,74411200
1998-04-06,10.460808753967285,10.797112250287721,10.460808753967285,10.78826215827929,71554000
1998-04-07,10.283807754516602,10.531610351010979,10.213007012661066,10.478509794619326,73555200
1998-04-08,10.2749605178833,10.398861850570954,10.097958614043794,10.336911184227127,80134000
1998-04-09,10.443108558654785,10.575859938637684,10.398858098660485,10.496209110647944,58564000
1998-04-13,10.797115325927734,10.83251570404553,10.40771116663198,10.460811733808674,63446000
1998-04-14,10.761712074279785,10.894463456775014,10.628960691784558,10.708611521281695,69982000
1998-04-15,10.602409362792969,11.257316118090698,10.584709180217354,11.071464201046748,142813200
1998-04-16,10.531614303588867,10.602415072016356,10.374525098640378,10.398862862787327,72342800
1998-04-17,10.6466646194458,10.664364810001821,10.469662713885606,10.487362904441625,45112800
1998-04-20,10.832511901855469,10.850212084701639,10.602409524855272,10.611259616278355,40400400
1998-04-21,11.1776704788208,11.18652057421179,10.991818475610003,11.009518666391985,93195600
1998-04-22,11.903382301330566,11.965332989887678,11.204224530471745,11.221924727202348,151875200
1998-04-23,11.788325309753418,12.04497803796877,11.62017352230198,11.788325309753418,98472000
1998-04-24,11.620176315307617,11.80602833558291,11.505125064661007,11.59362602669686,68476800
1998-04-27,11.328121185302734,11.522823268175125,11.15111929178238,11.363521564006806,83156000
1998-04-28,11.230769157409668,11.522822256065712,11.080317561132313,11.434321317079032,61831600
1998-04-29,11.350114822387695,11.403235484582957,11.155339061005067,11.261580385395591,41810400
1998-04-30,11.447500228881836,11.553741530309974,11.243871067811238,11.420939903524802,50554000
1998-05-01,11.633423805236816,11.686544461881732,11.350113636463925,11.465208392527913,45786400
1998-05-04,11.615715026855469,11.828197618810142,11.509473730878133,11.651128792181249,36578000
1998-05-05,11.598013877868652,11.721962117784805,11.55374664932717,11.58030698645206,34794800
1998-05-06,11.527183532714844,11.651131742744035,11.438649096979706,11.64227829917052,32992800
1998-05-07,11.474054336547852,11.651123076309393,11.429787151607467,11.536028395464392,39124400
1998-05-08,11.907882690429688,11.92558957918869,11.412089805177597,11.420943249557098,68384800
1998-05-11,11.686549186706543,12.022980148142034,11.686549186706543,11.881325006484985,47877600
1998-05-12,11.97870922088623,11.996416108130703,11.624571475996763,11.677692137730183,48472800
1998-05-13,12.014120101928711,12.084947633848703,11.863611596598727,11.987559777458713,52413200
1998-05-14,11.97870922088623,12.102657431597544,11.819347235685969,11.872467897419389,56047600
1998-05-15,11.376667022705078,11.79277857917756,11.314692961102793,11.783925141805804,98584000
1998-05-18,11.243873596191406,11.518330353263796,11.102218495766948,11.332408033956693,44609200
1998-05-19,11.270432472229004,11.429794439628944,11.199604931162366,11.288139357495664,36790800
1998-05-20,10.907438278198242,11.243869004311499,10.83661075691124,11.226162123989749,69038000
1998-05-21,10.500182151794434,10.845466387814655,10.455914942048251,10.810052620017709,95151600
1998-05-22,10.52674388885498,10.588717990807869,10.473623230038218,10.588717990807869,41110800
1998-05-26,10.579865455627441,10.74808088964997,10.473624128876372,10.686106782378513,51538000
1998-05-27,10.52674388885498,10.544450775127233,10.323114696724058,10.41164912808533,65520000
1998-05-28,10.411650657653809,10.606426435262978,10.358529991033125,10.429357546527369,45670800
1998-05-29,10.119485855102539,10.482477036256698,10.092925524774186,10.429356375599992,77225200
1998-06-01,9.63254451751709,9.827320233863944,9.579423867604312,9.791906467255425,108380000
1998-06-02,9.809616088867188,9.836176421237766,9.65910753876724,9.774202312373081,72040400
1998-06-03,9.340383529663086,10.013245281562986,9.300543031195328,9.933564284627472,104560000
1998-06-04,9.659106254577637,9.774201012881495,9.464330509755722,9.57942526805958,82716000
1998-06-05,9.889291763305664,9.906998642022415,9.597128264479267,9.800757369721907,59046000
1998-06-08,9.818467140197754,9.9158550018228,9.597131091049924,9.907001559856887,70268800
1998-06-09,9.94241714477539,9.96897747552724,9.72108105517665,9.800762047432197,51892800
1998-06-10,9.712224960327148,9.951267871839303,9.676811195658681,9.889293783669485,48955600
1998-06-11,9.712224960327148,9.827319695499666,9.650250872157331,9.747638724995616,43135600
1998-06-12,9.694519996643066,9.703373439562375,9.340382279870717,9.694519996643066,72079600
1998-06-15,9.473188400268555,9.738791813360196,9.4643349531655,9.526309082886883,53234000
1998-06-16,9.889291763305664,9.89814520266404,9.50859387089551,9.597128264479267,68256000
1998-06-17,9.809616088867188,10.048659080202398,9.721081647631923,9.89815053010245,69139200
1998-06-18,9.871593475341797,9.924714157720318,9.667964192890802,9.791912451774015,41916400
1998-06-19,9.915858268737793,10.00660607878651,9.738789371081761,10.004392717565809,68891600
1998-06-22,10.464771270751953,10.535598825883946,9.871590496521513,9.89815082969601,80072000
1998-06-23,10.659544944763184,10.730372485924402,10.526743305085903,10.588717403601967,75155200
1998-06-24,10.960561752319336,10.978268637218074,10.378447911273296,10.632984381692667,76740400
1998-06-25,10.712664604187012,10.99597474247956,10.641837069613874,10.942854091549709,55333600
1998-06-26,10.8189058303833,10.925147131499996,10.624130111669363,10.703811087506883,42892800
1998-06-29,10.739226341247559,10.94285552991095,10.588717810496357,10.889734871998762,44950000
1998-06-30,10.500182151794434,10.677250990779163,10.41164773230207,10.597570013236036,50669200
1998-07-01,10.6506929397583,10.677253271278895,10.261141410789586,10.579865389036716,69999600
1998-07-02,10.37623119354248,10.641834381090497,10.367377753957548,10.562153424826093,40194000
1998-07-06,10.409431457519531,10.473618893681145,10.234576027975827,10.278843225328663,35581600
1998-07-07,10.64184284210205,10.668403181974186,10.278851530516208,10.358532550132612,54239600
1998-07-08,11.093363761901855,11.093363761901855,10.703812281036987,10.712665723783914,87268000
1998-07-09,11.296991348266602,11.38552576322167,10.95170712994184,10.987120895923866,96395200
1998-07-10,11.296991348266602,11.403232646212683,11.08450875237444,11.261577582284575,57320000
1998-07-13,11.668839454650879,11.686546343049438,11.261581021484004,11.296994798281125,77118400
1998-07-14,11.42979621887207,11.810494311367421,11.38552899881447,11.713106427240703,88694000
1998-07-15,11.934443473815918,12.040684810378078,11.4563574592862,11.489557876961875,168073200
1998-07-16,11.934443473815918,12.022977920951051,11.757374579545651,11.899029694961865,67307200
1998-07-17,11.775079727172852,11.890174491423414,11.677691849730069,11.881321048019524,50119200
1998-07-20,11.580300331115723,11.766222584138223,11.553740009255366,11.668834737316914,37541600
1998-07-21,11.562602043151855,12.014127850349977,11.500627912752115,11.527188254352003,79948000
1998-07-22,11.668839454650879,11.757373896643678,11.420943017071043,11.420943017071043,65818400
1998-07-23,11.695395469665527,12.031826225038191,11.536033532910054,11.571447296633492,85404000
1998-07-24,11.766222953796387,11.899024567270386,11.562593813136253,11.721955749305053,58984800
1998-07-27,12.191198348999023,12.200051797328,11.580310414299726,11.651138000931528,84463600
1998-07-28,12.129217147827148,12.5010617611182,12.111510261479957,12.297432568125481,118007600
1998-07-29,11.987563133239746,12.297433672134423,11.96100280133449,12.235459564355487,57039600
1998-07-30,12.41252613067627,12.430233015313467,12.040681553295096,12.13806941879969,58014400
1998-07-31,11.961005210876465,12.447944727233391,11.934444873620633,12.368263715465893,48032800
1998-08-03,12.014120101928711,12.200042373218691,11.775077181698737,11.84590471361873,55863600
1998-08-04,11.606864929199219,12.182338781524123,11.56259770978961,12.093804342704907,77434000
1998-08-05,11.921098709106445,11.985309679122064,11.495977804175459,11.628828086966392,91450400
1998-08-06,12.328506469726562,12.408216640867037,11.761678586060974,11.761678586060974,94552800
1998-08-07,12.284219741821289,12.60306034074383,12.239936325304269,12.452496724585963,81810000
1998-08-10,12.275367736816406,12.4347880970348,12.14251743663441,12.222227616743607,49170800
1998-08-11,11.983095169067383,12.098232077565442,11.876814945838403,11.938811742721974,72920000
1998-08-12,12.133657455444336,12.186797561088618,11.956523769963397,12.115944086896242,55206000
1998-08-13,12.080522537231445,12.32850980339162,11.974242280305655,12.169089418002937,65314000
1998-08-14,12.213371276855469,12.293081459227984,12.124804407552674,12.17794452913435,62301600
1998-08-17,12.69162654876709,12.718196597368836,12.151368893864932,12.151368893864932,95816400
1998-08-18,12.957328796386719,13.12560579374239,12.665058222032131,12.673914906103482,119604800
1998-08-19,12.69162654876709,13.072463912058776,12.647343134430848,13.028180497722532,67748800
1998-08-20,12.186799049377441,12.505639722180922,12.09823219582092,12.328506015067877,134286800
1998-08-21,12.03624439239502,12.142524696080626,11.673120021469193,11.983104240552215,116136000
1998-08-24,11.99195384979248,12.255440280391687,11.828105145050115,12.071664030477955,84328800
1998-08-25,11.96317195892334,12.16908996598976,11.859105869330632,12.11594983513391,52442400
1998-08-26,11.761676788330078,11.974237212215563,11.646539892058776,11.71739336668727,52515200
1998-08-27,11.301129341125488,11.62882666528038,10.87600848816779,11.531403136477573,133454800
1998-08-28,10.9114351272583,11.416266135581127,10.734301440127483,11.106282183102199,94445200
1998-08-31,10.087764739990234,10.973433286082441,10.052337998146546,10.893723116934144,104269200
1998-09-01,10.769730567932129,10.87601080379988,9.884061935700869,10.052338975824808,109021200
1998-09-02,10.610310554504395,11.044288198219515,10.49517362862079,10.814014346452309,84881200
1998-09-03,10.876012802124023,11.15942681651162,10.566028723887591,10.63688222748449,107758800
1998-09-04,11.088571548461914,11.177138413864965,10.787444206091543,11.008861369599169,64649200
1998-09-08,11.606685638427734,11.619970665865843,11.247989897598796,11.504833761402233,83092800
1998-09-09,11.513689994812012,11.99195096382728,11.495976625589226,11.735107110096859,94456000
1998-09-10,11.203702926635742,11.425119980521824,10.973429190594217,11.301126430345617,76448800
1998-09-11,12.03624439239502,12.053957776342621,11.619979869626391,11.797113709102403,150086000
1998-09-14,12.16023063659668,12.266510875226805,11.983096905546475,12.009666965204005,67960000
1998-09-15,12.177939414978027,12.204509464610707,11.983092384338379,12.04508916681463,47313200
1998-09-16,12.05395221710205,12.30193947799761,11.859105083541252,12.195659223328084,45172000
1998-09-17,11.761676788330078,11.938810474901315,11.67310994504446,11.743963419672955,56430800
1998-09-18,11.761676788330078,11.832530262958572,11.61996983907309,11.788246841315765,50604800
1998-09-21,11.99195384979248,11.991953849792479,11.425125898251329,11.513692765679632,39437600
1998-09-22,11.841389656066895,12.08052018764042,11.814819597003169,12.053950128576696,40890800
1998-09-23,12.337364196777344,12.337364196777344,11.88567318885513,11.921099934574519,67808400
1998-09-24,12.089370727539062,12.487921410864525,11.956520499763908,12.293074410127632,62723200
1998-09-25,12.514497756958008,12.576494561132606,11.903386401522692,11.99195326462926,69451200
1998-09-28,12.328506469726562,12.611920411559359,12.21336955585699,12.532210240418884,60137200
1998-09-29,12.541069030761719,12.558782405098954,12.293081790040443,12.381648661726613,52740000
1998-09-30,12.151374816894531,12.470215555530247,12.133661442525879,12.372791996502666,45350000
1998-10-01,11.823677062988281,12.107091045022456,11.628829950339783,11.938813993189664,61390000
1998-10-02,11.885674476623535,12.045094849633388,11.513693606267209,11.735110791003118,59275600
1998-10-05,11.416271209716797,11.85910562436834,11.026576924823438,11.699685235093783,78511200
1998-10-06,11.283414840698242,11.79710248650711,11.132851220374953,11.699678967474394,82609600
1998-10-07,11.203702926635742,11.49597343776537,11.123992787236752,11.177132880169411,82892800
1998-10-08,11.115144729614258,11.389702089469273,10.743163790455853,10.88487081489715,120596800
1998-10-09,11.876808166503906,11.938804927999453,11.247983871334796,11.292267272403043,87274400
1998-10-12,12.10708999633789,12.169086799537864,11.938812959080815,12.027379820795066,62548400
1998-10-13,11.841389656066895,12.107090246704146,11.611115810847942,11.97423995138552,100670000
1998-10-14,11.699682235717773,11.938812758325177,11.637685433560298,11.726252293785263,110875600
1998-10-15,11.983095169067383,12.080518707027279,11.549117590882384,11.664254499380444,73935600
1998-10-16,11.867958068847656,12.115945252375816,11.84138801346964,12.071661826745789,76712800
1998-10-19,12.045089721679688,12.062803088917452,11.708535744162168,11.779389213113223,59394800
1998-10-20,11.983095169067383,12.36393263563789,11.9742384837983,12.151372189179932,83388000
1998-10-21,12.337364196777344,12.34622088320719,11.991953426013296,12.071663603881923,57402000
1998-10-22,12.381644248962402,12.452497721059467,12.124800412610535,12.213367252731867,48283600
1998-10-23,12.363931655883789,12.603062139199592,12.23993807194226,12.266508125644016,56905200
1998-10-26,12.60306167602539,12.62077504450891,12.257650990596725,12.33736114877257,49700400
1998-10-27,12.372791290283203,12.71820207075639,12.363934603604402,12.673918637362393,52743200
1998-10-28,12.642915725708008,12.68277080155087,12.293076726642882,12.301933410163517,48941600
1998-10-29,12.718199729919434,12.842193320601101,12.549922713994317,12.558779399043008,73024000
1998-10-30,12.63848876953125,12.868762566313178,12.629632085039637,12.753625667922213,47807600
1998-11-02,13.010470390319824,13.037040445575753,12.691629727248678,12.718199782504607,52581200
1998-11-03,12.815621376037598,13.010468418382331,12.70934117112229,12.921901580952907,51115600
1998-11-04,13.441532135009766,13.468113938836417,12.90989605847675,12.989641469956702,109783600
1998-11-05,13.32634449005127,13.397229301168563,13.220017273375328,13.32634449005127,58649600
1998-11-06,13.530143737792969,13.592167972347356,13.264325589702732,13.299768009448098,65113200
1998-11-09,13.609888076782227,13.618748680998882,13.246603303899368,13.450397200882435,47542000
1998-11-10,13.831399917602539,14.106078583487022,13.565581853843362,13.663048477221727,85904400
1998-11-11,14.699738502502441,14.797205123073585,14.40733864078901,14.425059844529219,126148400
1998-11-12,14.557971000671387,14.894673920954716,14.371898334199019,14.549110397506034,72308800
1998-11-13,14.708602905273438,14.868093780149897,14.371899947200914,14.371899947200914,59891600
1998-11-16,15.151630401611328,15.169351606759411,14.894672926964118,14.912394132112201,49532000
1998-11-17,15.382010459899902,15.594664982386996,14.974422625132968,15.063028676169258,58458400
1998-11-18,15.576943397521973,15.71871307577018,15.346567670368632,15.364288880149658,51899200
1998-11-19,16.00225067138672,16.33009301626009,15.700990138259838,15.709850742175334,94157600
1998-11-20,15.887069702148438,16.1794697580162,15.745299978091339,16.144027327001925,67536400
1998-11-23,16.099720001220703,16.427562400805275,15.67441094230018,15.860483655577909,57492000
1998-11-24,15.656693458557129,16.197190516266232,15.647832851053701,15.94909350617025,46309600
1998-11-25,15.559218406677246,15.895921310694181,15.275679119084039,15.736430461423002,58885200
1998-11-27,15.5946626663208,15.63010508147153,15.452893005717884,15.497196024656295,17278400
1998-11-30,15.257966041564941,15.911435841544856,15.240244826650232,15.692135806975324,63109600
1998-12-01,16.303518295288086,16.303518295288086,14.983287737680518,15.001008953218875,76924400
1998-12-02,16.099720001220703,16.30351392528679,15.789598812424488,16.15288363358577,64597200
1998-12-03,15.523772239685059,16.60476551208322,15.435166233750783,16.09971127825785,78229200
1998-12-04,16.489591598510742,16.489591598510742,16.037700587482238,16.055421803601,70552400
1998-12-07,16.861732482910156,16.94147793343364,16.498447652747615,16.533890075202496,51056000
1998-12-08,17.02121353149414,17.57943136204288,16.89716512470553,17.04779533294884,99456000
1998-12-09,16.897178649902344,17.225021130262274,16.773130143820207,17.189578699953092,50258800
1998-12-10,16.250350952148438,17.030084258467447,16.197187317626685,16.80856911462682,61700800
1998-12-11,16.507312774658203,16.622500679151255,16.09086419687563,16.232633925482464,54904800
1998-12-14,15.816180229187012,16.374398354923024,15.763016598164533,16.232628672196416,61902800
1998-12-15,16.436418533325195,16.47850639749409,15.878200545400945,16.00224898716189,70154000
1998-12-16,16.179466247558594,16.587054115788437,16.07313897758559,16.51616926913977,44630800
1998-12-17,16.5693359375,16.64908140457888,16.268075284090912,16.28579649899733,39876800
1998-12-18,17.01236343383789,17.092108887434005,16.85287252664566,16.985781615972517,63221600
1998-12-21,17.393367767333984,17.57944047396364,17.00350114391947,17.083246589617893,38856400
1998-12-22,16.879457473754883,17.402233322023406,16.764269574983853,17.349069676436777,46193200
1998-12-23,17.721210479736328,17.721210479736328,17.207295375823975,17.721210479736328,79884400
1998-12-24,17.721210479736328,17.889561979293823,17.51741655921936,17.694628664016722,17430800
1998-12-28,17.313623428344727,17.818677950051814,17.29590221705676,17.818677950051814,27864400
1998-12-29,17.16299057006836,17.57943897316243,17.065523922535704,17.313620843527918,40452000
1998-12-30,16.897178649902344,17.42881510454007,16.879457434747753,17.08325140902555,41480400
1998-12-31,16.808570861816406,17.10097088207995,16.764267828443142,16.976922388634808,29049600
1999-01-04,17.127548217773438,17.455390578899983,16.96805733938755,17.003499756806633,65404800
1999-01-05,17.473102569580078,17.73892055998951,17.012351386203726,17.083236183646243,65518800
1999-01-06,18.35918426513672,18.394626705803006,17.614893011144687,17.845268875475554,107730400
1999-01-07,18.323734283447266,18.57183126600845,18.075637300886086,18.09335851392617,54466400
1999-01-08,18.385766983032227,18.642724690264966,18.16425171817642,18.589561026699574,43911200
1999-01-11,19.812318801879883,20.042694601901744,18.554112509452807,18.970561071030783,105812800
1999-01-12,19.218643188476562,20.202169880003026,19.068012974458995,20.166727476704775,103578000
1999-01-13,19.70598602294922,20.14901628425653,18.5718285540025,18.61613158013323,118809200
1999-01-14,18.96169090270996,19.847751225266503,18.9262484898077,19.847751225266503,82390800
1999-01-15,19.192058563232422,19.386991752702002,18.99712537376284,19.032567771848218,63951200
1999-01-19,19.759143829345703,19.794586239801927,19.138901646361756,19.484465148309955,43302400
1999-01-20,19.59965705871582,20.370529646468206,19.51105101414658,19.97180244590663,61501200
1999-01-21,18.926246643066406,19.511046398891494,18.749034595846684,19.42244037528163,63926400
1999-01-22,18.27056884765625,18.81992639787676,18.217405213763943,18.536387017117786,87440800
1999-01-25,18.518661499023438,18.60726753490393,17.94272226580022,18.412334255966844,59519200
1999-01-26,19.413591384887695,19.42245199254853,18.660439733716792,18.837651886933475,68130000
1999-01-27,18.819927215576172,19.493333274137278,18.802206003508775,19.369284789665496,57336000
1999-01-28,19.449024200439453,19.652818075888252,19.13890308562607,19.44016359715907,83802000
1999-01-29,19.98065948486328,20.007241293490594,19.33383547493201,19.54648994395051,57248400
1999-02-01,19.546493530273438,19.945220732840212,19.422445067252664,19.945220732840212,52246000
1999-02-02,19.085737228393555,19.573070351681228,18.819919161145734,19.564209749439634,59669200
1999-02-03,19.670455932617188,19.71477872651673,18.837187407305777,18.93469755388477,57020000
1999-02-04,18.45600128173828,19.431102214010718,18.438272173878783,19.39564399829172,86413200
1999-02-05,18.092561721801758,18.79286175904935,17.40112624198768,18.686487069847185,135059600
1999-02-08,18.721935272216797,18.952413642045222,18.065958373474352,18.420540480902698,69630800
1999-02-09,17.773441314697266,18.801730188764537,17.69366028136446,18.659897240617326,80440000
1999-02-10,18.26984214782715,18.385081326828484,17.59613617828088,17.791156327360063,67522400
1999-02-11,18.899234771728516,18.943557554964276,18.128018343426273,18.385090486193686,54106800
1999-02-12,17.941864013671875,18.61557036991647,17.83548932584378,18.61557036991647,73194800
1999-02-16,17.924129486083984,18.50919009245468,17.74683839324438,18.323034444973096,59492800
1999-02-17,17.675922393798828,18.216660240349345,17.534089516015086,17.578412290322504,81443200
1999-02-18,18.172344207763672,18.420551835967274,17.693658067656727,17.8709492306593,71698800
1999-02-19,18.163463592529297,18.526910155386155,18.065953539079896,18.207786344097205,50430400
1999-02-22,18.837182998657227,18.846047555362478,17.78230075073242,18.119153905531938,60588800
1999-02-23,19.04106330871582,19.502020148591622,18.65102290574399,18.757397561099943,73702800
1999-02-24,18.491456985473633,19.413370468929653,18.473727880022558,18.99673649082934,65650400
1999-02-25,18.119152069091797,18.438276078136465,17.737976169399552,18.296443185227723,79470000
1999-02-26,17.011085510253906,17.58728173650013,16.860388035697202,17.5695526218464,167201200
1999-03-01,16.60331153869629,16.878112744088487,16.266458448215534,16.851519079050533,128595600
1999-03-02,15.575029373168945,16.426026994013693,15.539571138967082,16.399433318362295,134460000
1999-03-03,16.26645851135254,16.310781286587833,15.601616882823144,16.00938641498784,136544000
1999-03-04,16.08030891418457,16.718557118055184,15.654810111604164,16.42602669128115,105008400
1999-03-05,16.257596969604492,16.61217923720764,15.920743815381497,16.48807544354654,87876400
1999-03-08,16.96675682067871,17.02659256181747,16.594445542482,16.700820193395344,73882400
1999-03-09,16.355098724365234,17.04653379238718,16.275317754978087,16.90470095792114,90112800
1999-03-10,16.576725006103516,16.789474417946558,16.34624647660689,16.58558956493031,80239200
1999-03-11,16.754011154174805,16.931302277499405,16.470345356855443,16.727417485676114,60116000
1999-03-12,16.7717342376709,17.002212615144174,16.594443178076066,16.860379767468313,68498000
1999-03-15,16.71854591369629,16.860378752836873,16.558983969663135,16.860378752836873,44557200
1999-03-16,17.07313346862793,17.37452834813642,16.718551257441472,16.798332254958424,84968800
1999-03-17,17.090856552124023,17.35679311673176,16.966752821973746,17.12631476073839,58679200
1999-03-18,17.27701759338379,17.445444137393174,17.108591049374404,17.27701759338379,54057600
1999-03-19,16.878110885620117,17.640462532764722,16.86481405456527,17.578410654508765,71022800
1999-03-22,16.32851219177246,16.913572889197532,16.310783079729276,16.895843777154347,49174000
1999-03-23,16.248727798461914,16.594445411195146,16.133488594217503,16.390560665224267,66840000
1999-03-24,16.9135684967041,16.94016215786244,16.20440419914837,16.275320628903945,64180000
1999-03-25,16.72740936279297,17.064262333532838,16.558982877423034,17.046533229809686,60403200
1999-03-26,16.550128936767578,17.179512522472184,16.541264379222444,16.73628464521542,53682400
1999-03-29,17.241554260253906,17.250418812572804,16.4703382085099,16.674222911844524,44410400
1999-03-30,17.241554260253906,17.44543896358853,17.108585975470458,17.117450527789355,50729200
1999-03-31,16.86038589477539,17.51636305366781,16.842656782372895,17.285884592435337,38569200
1999-04-01,17.144046783447266,17.21496321274798,16.86038106624442,17.01107847850843,32888800
1999-04-05,18.083703994750977,18.083703994750977,17.268164402830834,17.285893524394314,56909600
1999-04-06,18.500328063964844,18.60670273419368,17.87094459844424,17.977319268673075,70669200
1999-04-07,18.739662170410156,18.93468230652606,18.225518175195496,18.642152102352203,65404400
1999-04-08,18.588972091674805,18.91696063120364,18.216660776533963,18.72194041851082,54526400
1999-04-09,18.553510665893555,18.819447273622558,18.447136022801953,18.775124505667723,44679200
1999-04-12,17.374534606933594,17.72025238737768,17.01995226801658,17.480909308608698,83342600
1999-04-13,17.161779403686523,17.870943841855386,16.966759183190085,17.853214730901165,71036800
1999-04-14,16.16895294189453,17.44544922678094,15.956203561080128,17.409990996645206,104478400
1999-04-15,16.576725006103516,16.629912359064278,16.02712235884233,16.594454123757103,63876800
1999-04-16,16.2398681640625,16.55899221095456,16.013821964180625,16.417159301224757,34904400
1999-04-19,15.743459701538086,16.736290493526973,15.601626731253958,16.204416854961497,64349400
1999-04-20,16.044849395751953,16.168953203232906,15.743454434726779,15.956203818979843,39453400
1999-04-21,16.576725006103516,16.87812000621449,15.920747652920811,16.328517358953302,43047400
1999-04-22,17.44544219970703,17.480900415560097,16.878110746058024,17.019943609470275,56996800
1999-04-23,17.5163631439209,18.012778293748614,17.30361379399473,17.569550481402437,44717000
1999-04-26,18.278717041015625,18.331904384490937,17.729114491770734,17.782301835246045,37821600
1999-04-27,17.658191680908203,18.38508511355603,17.60500435656812,18.17233581619569,36775400
1999-04-28,17.3568058013916,17.9773249056293,17.26816021507193,17.711388146670288,29094000
1999-04-29,17.25042152404785,17.48089992056648,16.98448491268021,17.44544170571746,29336200
1999-04-30,17.3568058013916,17.658200794878486,16.824932283473576,17.463180504975206,28045000
1999-05-03,17.906396865844727,17.906396865844727,17.28587816257288,17.35679458580395,29665000
1999-05-04,17.498638153076172,18.136886353188373,17.463179919736607,17.817762253132273,29221200
1999-05-05,18.163442611694336,18.44724640250206,17.205604817718267,17.507146345451474,35256800
1999-05-06,16.93954086303711,18.145707123441845,16.602523819688727,18.021542949576652,58030600
1999-05-07,17.294288635253906,17.50714141845703,16.92179626464844,17.223337707519534,38797800
1999-05-10,17.205602645874023,17.542619604916915,17.06370076838228,17.347504523365767,21220200
1999-05-11,17.684518814086914,17.7732074741375,17.223337781823865,17.365239637904804,28584200
1999-05-12,17.73773765563965,17.87963955688477,17.205605525970462,17.649048967361452,23681000
1999-05-13,17.045970916748047,17.87964483255154,17.02823317385861,17.861907089662107,27664200
1999-05-14,16.46063232421875,16.921813833302462,16.300992571074385,16.85086283190497,45267200
1999-05-17,16.868589401245117,16.886327139837384,16.230030811923534,16.33645724347713,30004600
1999-05-18,16.72667694091797,16.992742851961204,16.478348757277615,16.97500512455832,32767400
1999-05-19,16.93954086303711,16.975016341284306,16.389670950205538,16.76216347180112,34605800
1999-05-20,16.371931076049805,17.063702811657542,16.354193339239348,17.010489601226176,42619000
1999-05-21,16.176815032958984,16.425143333903527,16.017175410923205,16.380798994449144,39350400
1999-05-24,15.875277519226074,16.247770064369924,15.751113337511455,16.247770064369924,35671000
1999-05-25,15.006124496459961,15.981699966087971,14.970649024837122,15.981699966087971,66201200
1999-05-26,14.669111251831055,15.254456682678,14.473996108215406,15.254456682678,73240000
1999-05-27,15.077079772949219,15.43183459113626,14.686849472943475,14.828751400218291,55010800
1999-05-28,15.343141555786133,15.378617027591417,14.899698158220058,15.218977404467632,34955400
1999-06-01,14.385300636291504,15.289924967303671,14.225661048465827,15.27218723532304,57058600
1999-06-02,14.740057945251465,14.859787657803148,14.296614565430422,14.615893798901574,57670600
1999-06-03,14.332091331481934,14.935174382559143,14.278878121092768,14.899698908966366,49020400
1999-06-04,15.094822883605957,15.130298378044513,14.580428214246881,14.633641455904716,50203800
1999-06-07,15.165766716003418,15.467308276438573,15.077078021757783,15.307668626796431,37754200
1999-06-08,14.669111251831055,15.289932163335392,14.615898030844969,15.11255476004844,32770200
1999-06-09,15.077079772949219,15.236719441133387,14.757800436580883,14.935177845674403,44114800
1999-06-10,15.715633392333984,15.73337112753978,15.14802586574856,15.183501336160148,61884400
1999-06-11,15.449565887451172,16.088124293821142,15.396352686920343,15.928484692228649,45783200
1999-06-14,15.431830406188965,15.751109655972185,15.325403989594557,15.555994558882439,24989400
1999-06-15,15.80433177947998,15.928496002214391,15.520527841801329,15.538265587906244,27586800
1999-06-16,16.93954086303711,16.95727860216071,16.247769037216745,16.31871999371114,61416000
1999-06-17,16.46063232421875,16.57592770148968,16.141352817930024,16.247779320026265,46763200
1999-06-18,15.591472625732422,15.928489667699335,15.43183297427441,15.857538711495774,80073000
1999-06-21,16.123607635498047,16.19455860419111,15.733377307686212,15.822066018552539,31147400
1999-06-22,15.80433177947998,16.212299939893043,15.626954318430823,15.822069525584897,32863600
1999-06-23,16.052650451660156,16.176814598800068,15.751108951463225,15.857535363297435,22939200
1999-06-24,15.626945495605469,16.017175689593344,15.60920775951511,15.999437953502987,26697400
1999-06-25,15.697896003723145,15.981699773281981,15.573731854541153,15.751109210515427,23760600
1999-06-28,16.176815032958984,16.176815032958984,15.697896166851645,15.768847109978658,23692000
1999-06-29,16.81537628173828,16.81537628173828,16.088128995291797,16.176817688760877,43264600
1999-06-30,16.88632583618164,16.99275225951892,16.052652186706286,16.797637150067242,38437200
1999-07-01,17.84416389465332,17.932852582002493,16.81537512140293,16.957277021161605,61648600
1999-07-02,18.021547317504883,18.16344926488681,17.808694396431992,17.82643213985473,37455600
1999-07-06,18.127965927124023,18.660097999348796,18.074752719901543,18.411769698977235,57441400
1999-07-07,18.269865036010742,18.394029167323435,17.986061307296012,18.21665183687673,34634200
1999-07-08,18.660099029541016,18.695574502981206,18.05701598105775,18.11022919121804,37003000
1999-07-09,18.8019962310791,18.833037262592676,18.269864262274975,18.624618908144395,35534000
1999-07-12,18.571413040161133,18.926167826028585,18.447248865107525,18.83747912956172,41699000
1999-07-13,18.553667068481445,18.766519845557717,18.305338828559133,18.411765217097265,46768600
1999-07-14,19.298656463623047,19.31639419934329,18.6201880723238,18.979377220658694,89826200
1999-07-15,19.209962844848633,19.493766543387487,19.085798726737885,19.44055334991145,47663000
1999-07-16,19.05033302307129,19.334136866990413,19.014857542581396,19.298661386500523,32286600
1999-07-19,19.174497604370117,19.298661788672234,19.01485793883882,19.050333420067997,33173000
1999-07-20,18.429508209228516,19.068066722734027,18.340819526797194,19.068066722734027,42724000
1999-07-21,18.606889724731445,18.73105390783261,18.323085877643074,18.500463282073305,28579200
1999-07-22,18.127965927124023,18.589147056385492,18.09249045564237,18.48272064194054,29924600
1999-07-23,18.21665382385254,18.447244378584852,17.915112329202596,18.252129293811358,27393200
1999-07-26,17.84416389465332,18.50046018103719,17.80868841971365,17.84416389465332,35694200
1999-07-27,19.174497604370117,19.33413726990141,18.32308605486987,18.340823795484457,77952200
1999-07-28,19.9549503326416,20.09685220167372,19.01485045030382,19.13901458570692,83384400
1999-07-29,19.724367141723633,20.154507342431184,19.36961233701637,19.529251999134637,72512000
1999-07-30,19.58246421813965,20.36292474857275,19.58246421813965,19.9017435260441,58118000
1999-08-02,20.238758087158203,20.80636567593039,19.724363709833412,19.830790132728197,77483200
1999-08-03,20.699935913085938,20.877313255957283,20.008164275887694,20.522558570214596,75450600
1999-08-04,20.67296028137207,21.098841008198622,20.619725190518754,20.70845034194095,53272800
1999-08-05,20.28257942199707,20.58424508269169,19.732483217201,20.424539732912184,59293200
1999-08-06,20.318069458007812,20.814930545190535,20.016403797932586,20.087383953244405,42893200
1999-08-09,20.850418090820312,21.134338677588932,20.051891440533577,20.40679217399435,54494600
1999-08-10,20.371307373046875,21.13434414747285,20.318072249249717,20.70846315709556,67205200
1999-08-11,21.577957153320312,21.648937275535182,20.885900961725334,20.99237114504764,80989400
1999-08-12,21.560222625732422,21.79090813530816,21.31179207695855,21.418262312147352,48030000
1999-08-13,22.64266014099121,22.660405172449668,21.844133725360642,21.844133725360642,46873400
1999-08-16,22.305517196655273,22.553947778002268,22.039341573783492,22.50071265342791,35343600
1999-08-17,22.429723739624023,22.571684016457088,22.003842909124835,22.51844891264469,32726200
1999-08-18,22.287765502929688,22.66041126372708,22.16355024933056,22.27002046670124,32524600
1999-08-19,21.950613021850586,22.234533642990126,21.808652711280818,22.00384813831425,32120600
1999-08-20,22.695905685424805,22.731395764682702,21.861888822864238,22.12806441729846,35718000
1999-08-23,23.547664642333984,23.565409679743432,22.695902846680607,22.855608183365618,49839000
1999-08-24,23.600894927978516,23.991285671148084,23.352464455052427,23.37020948883286,61735000
1999-08-25,23.76059913635254,23.955794498936466,23.104032916752058,23.494423641919912,48070800
1999-08-26,23.01531219482422,23.813838832269933,22.96207708566117,23.689623577556155,43461800
1999-08-27,23.56541633605957,23.707376675433423,23.22826053004667,23.387965911842254,40881200
1999-08-30,23.35246467590332,23.884815694350962,23.033054064834733,23.58315011723063,34043600
1999-08-31,23.334714889526367,23.707360526545422,22.80236397949915,23.37020495019485,43185000
1999-09-01,23.68962860107422,24.16874468514089,23.618648440471752,23.76060876167669,53947000
1999-09-02,24.221981048583984,24.417176500257554,23.281493872338597,23.352474036583533,50979600
1999-09-03,25.35765266418457,25.41088776424934,24.70108643005243,24.718831463407355,48828400
1999-09-07,24.87853240966797,25.370956999089,24.772062228171528,25.268923075154913,39605600
1999-09-08,24.399425506591797,25.162462086070665,24.292955286199394,24.70109113103693,44545800
1999-09-09,24.91403579711914,24.93178083686068,24.27521436642378,24.50589988306377,39662000
1999-09-10,24.807558059692383,24.94951833471208,24.381677234633287,24.93177330033462,32576600
1999-09-13,23.955808639526367,24.878550898234053,23.86708342234294,24.576885159810388,36046600
1999-09-14,24.363943099975586,24.38168814229166,23.86708191512539,23.955807126705782,36912800
1999-09-15,23.56541633605957,24.594628796520002,23.494436166372644,24.594628796520002,46949000
1999-09-16,23.458940505981445,23.68962600263633,22.820119130629454,23.38796035316456,56585200
1999-09-17,24.02678871154785,24.09776888499408,23.334732020447138,23.44120228061648,51575200
1999-09-20,23.86707878112793,24.310704780777147,23.72511846124018,24.044529180987617,20707200
1999-09-21,23.281492233276367,23.778353348010924,23.263747193464418,23.778353348010924,38608600
1999-09-22,23.51217269897461,23.760603202963775,23.10403687099241,23.370212410980802,42055400
1999-09-23,22.00384521484375,23.618643533029864,21.719924631426412,23.60089849656628,73686000
1999-09-24,21.48480224609375,21.6134537565494,20.619731744754027,21.34727821767564,124564000
1999-09-27,22.19903564453125,22.642661456772082,21.506979377435552,21.77315486478005,71235400
1999-09-28,22.00384521484375,22.216785652406756,21.36502390215474,22.14580550655242,50034400
1999-09-29,21.347280502319336,22.128062166577067,21.25855531319914,22.003846901808792,46331800
1999-09-30,21.098840713500977,21.64893664463515,20.832665262952183,21.347271134013184,46111600
1999-10-01,21.276302337646484,21.436007692974943,20.885911469065817,21.08110690335615,37753600
1999-10-04,21.861888885498047,21.950614083896983,20.90365674278953,21.063362099907614,41334800
1999-10-05,21.63120460510254,22.199045907287346,21.294048831930308,22.03934054104787,39542200
1999-10-06,21.844135284423828,22.16354587347308,21.61344985899937,21.82639025169887,36667600
1999-10-07,21.471487045288086,22.09256311684601,21.20531158604898,21.80864262699096,35291000
1999-10-08,21.489248275756836,21.80865906763431,21.24081765985213,21.542483407736412,36361800
1999-10-11,21.719924926757812,22.057080624150295,21.59570966982374,21.631199743233473,24459000
1999-10-12,21.773160934448242,22.66041280626765,21.50698537290242,22.234531907794334,88521800
1999-10-13,20.4777774810791,21.014564975708776,20.264836987341713,20.619737810237364,120722000
1999-10-14,20.82379722595215,20.868159810583492,20.016398185661718,20.55318545970096,51861200
1999-10-15,20.12286949157715,20.814925849753084,20.105124456752126,20.477770188077628,48653200
1999-10-18,19.696985244750977,20.158356070303704,19.040419069925942,20.034140848039506,58185800
1999-10-19,18.49032974243164,19.803462564830816,18.45483966615058,19.76797248854976,84401400
1999-10-20,19.85669708251953,19.874442120126787,19.040425352585753,19.164640615836543,65099000
1999-10-21,20.35355567932129,20.51326099851387,19.271108515904903,19.430813835097485,53021200
1999-10-22,20.850418090820312,21.11659364091589,20.566497504051696,20.690712760762967,61746200
1999-10-25,20.229331970214844,20.761682811536286,20.105116773906506,20.726192755448192,35013800
1999-10-26,20.28257942199707,21.18757640408093,20.229344305403902,21.081106170894593,56708600
1999-10-27,19.714738845825195,20.087384674594166,19.288857898660652,20.06963963512898,72186600
1999-10-28,20.495512008666992,20.513257040709128,19.909925951276506,20.19384646395068,73409000
1999-10-29,21.986095428466797,22.163545754765963,21.48923451482913,21.560214645348793,84593000
1999-11-01,21.577957153320312,22.234523283807853,21.560212122766593,22.039327947716963,45868200
1999-11-02,22.00384521484375,22.199040615943172,21.737669667889996,21.879629959598667,40676400
1999-11-03,22.651430130004883,22.917708697363874,22.083369186305703,22.260888231211695,50480200
1999-11-04,23.166234970092773,23.2194906826677,22.77569307787665,22.846700694643218,43687000
1999-11-05,23.397014617919922,23.82306040762408,23.237247446780863,23.397014617919922,39674400
1999-11-08,23.32600212097168,23.610032588198123,22.93546022853532,23.166234983156805,26942400
1999-11-09,22.74018669128418,23.361503267548777,22.54491576731531,23.361503267548777,33702800
1999-11-10,22.43841552734375,23.148491968082475,22.22539259512213,22.43841552734375,34175200
1999-11-11,22.562679290771484,22.8467098719299,22.18988915300107,22.66919075870589,32186200
1999-11-12,21.63958168029785,22.54492923213968,21.160280035205115,22.47392158101483,87515200
1999-11-15,21.036014556884766,21.652893464776533,21.018262645866297,21.639579531512684,39333800
1999-11-16,21.746091842651367,21.870355224609376,20.911751992361886,21.1602787562779,55737400
1999-11-17,21.231281280517578,22.36740335572922,21.16027365081685,21.88810185524931,47086400
1999-11-18,22.29639434814453,22.29639434814453,21.484244633632102,21.497558563378206,37706400
1999-11-19,22.686939239501953,22.828954508606817,22.083374345806284,22.154381980358714,46497200
1999-11-22,22.864458084106445,23.112984802411948,22.402908464396223,22.970969534808802,36870800
1999-11-23,22.43841552734375,23.148491968082475,22.154384951048257,22.908841169333154,41043600
1999-11-24,23.343759536743164,23.361511445136124,22.473916025488094,22.704690834596583,33626800
1999-11-26,22.793453216552734,23.36151435590607,22.77570130594794,23.290506713486906,14182200
1999-11-29,22.420658111572266,22.811200058092133,22.225387138312335,22.793448151432138,32651200
1999-11-30,21.78158950805664,22.63368102915421,21.746085694677575,22.278642895363557,34865800
1999-12-01,21.67506980895996,22.030107807468724,21.302279910525762,21.60406220925821,45556600
1999-12-02,22.030118942260742,22.189886122341605,21.444305948630927,21.479809766426673,31118400
1999-12-03,22.349653244018555,22.722443329899722,22.2963975174641,22.438412788275976,36542200
1999-12-06,22.118877410888672,22.544923203714777,21.92360642251004,22.385156031404986,28640000
1999-12-07,21.923603057861328,22.27864116406151,21.6750763835212,22.225385448131483,33654200
1999-12-08,21.160266876220703,22.012358159826906,21.018251662286335,21.710575830216378,52680200
1999-12-09,20.805238723754883,21.47981131036127,20.485704340625542,21.47981131036127,53826600
1999-12-10,20.52120590209961,21.01825933225427,20.343686819901517,20.876244066495797,56234800
1999-12-13,21.036014556884766,21.35554895521719,20.04190753985055,20.2371785610537,47804800
1999-12-14,20.574464797973633,21.30229314716856,20.55671288701766,21.195781681432717,41743400
1999-12-15,22.420658111572266,22.504979668207238,20.485700285632934,20.507890168957925,82046800
1999-12-16,22.793453216552734,23.04197996501982,22.544926468085645,22.651437931714398,50160200
1999-12-17,23.308263778686523,23.57454249664562,22.864465915421356,23.11299271884985,69469600
1999-12-20,23.024221420288086,23.627786206941746,22.47391235010387,23.53902667949268,36251400
1999-12-21,23.539020538330078,23.645531943480893,22.7224330988405,22.882200206566722,34670400
1999-12-22,23.432518005371094,23.752052341807975,23.183991299253524,23.592285173589534,24926600
1999-12-23,23.610034942626953,23.840809720261653,23.432515882907953,23.681042566514552,21641600
1999-12-27,24.16034698486328,24.178098893007927,23.468022567222086,23.698797373102483,28611000
1999-12-28,23.57453155517578,24.284607806837702,23.539027742592683,23.982825399881385,23457400
1999-12-29,23.823047637939453,24.107078012162276,23.41475397499414,23.46800967016092,16024200
1999-12-30,23.769807815551758,24.249109392116285,23.5035291619048,23.947326917983066,14885400
1999-12-31,23.37925910949707,23.823056738758595,23.272747678474303,23.80530483358813,11572000
2000-01-03,24.710651397705078,24.817162826143463,23.64553711332124,23.649975089506174,57710200
2000-01-04,23.556779861450195,24.959180471137135,23.36150889048113,24.26685611951953,51019600
2000-01-05,23.752052307128906,24.39112097906959,22.864456929433505,23.574533231589825,52389000
2000-01-06,22.367403030395508,23.68104416075207,22.207635865892684,23.219494574410575,55171200
2000-01-07,23.29050064086914,23.29050064086914,21.976859598624998,22.012363410577542,41096400
2000-01-10,24.355607986450195,24.78165360720443,23.894058563966446,24.3556079864502,53619800
2000-01-11,25.473983764648438,26.237315682334767,25.0745659007428,25.15444947352393,105481800
2000-01-12,25.91777801513672,26.911884569141964,25.349717127133722,25.81126659863616,97326600
2000-01-13,25.864538192749023,26.414847515999,25.367484610458717,26.326087947732876,76104200
2000-01-14,29.272891998291016,30.284750605872937,27.90599528278561,27.97700290437031,184405200
2000-01-18,29.006622314453125,30.036233143240324,28.474064989218366,28.487378922349237,102100600
2000-01-19,28.420804977416992,29.00661794697025,28.367549252912152,28.6870835999412,45568000
2000-01-20,27.160411834716797,28.633819796992285,27.10715612523696,28.332037443273208,70002000
2000-01-21,27.817245483398438,27.906005041418215,27.160424754052077,27.266936223675813,55558200
2000-01-24,28.06576156616211,29.787696336508553,27.90599442252172,29.03767835664116,74832600
2000-01-25,28.84684181213379,28.917849422748272,27.675216236994817,28.22552521925706,51382600
2000-01-26,27.408935546875,28.740328141444703,27.37343174435314,28.6160648326182,49306200
2000-01-27,27.870487213134766,28.722578541943985,27.124907300426706,28.225525266805274,61482000
2000-01-28,26.698871612548828,28.048016720629754,26.432592972796016,27.621970897025253,53922800
2000-01-31,28.101272583007812,28.13677640181136,26.37933737103576,26.592360283857044,68453200
2000-02-01,28.811349868774414,28.82910177873669,27.444452801679137,27.941506280622875,48051400
2000-02-02,28.420804977416992,29.237392753157895,28.314293528407312,28.6870835999412,52080600
2000-02-03,29.601318359375,29.72561903634898,28.624670183150872,28.891028776666545,56126000
2000-02-04,29.76112174987793,30.755526772546883,29.61906388949665,29.654578354591973,55953800
2000-02-07,30.666738510131836,30.720010204127433,29.583547398888037,29.81439140620229,42810000
2000-02-08,30.915340423583984,31.270485057973232,30.684496411230974,30.915340423583984,38026000
2000-02-09,29.725603103637695,30.933094747035163,29.690088643537766,30.720007986435608,38615200
2000-02-10,30.577943801879883,30.720001612806154,29.317180729909225,29.65456803085912,43539200
2000-02-11,30.080738067626953,30.897570388235476,29.903165824016405,30.47139700357016,37756000
2000-02-14,31.217222213745117,31.23497945049924,30.014169423653403,30.205059718760207,34374200
2000-02-15,31.82097053527832,32.06957186758518,29.903188828911098,31.234981680555002,62771400
2000-02-16,30.453638076782227,32.06954540330536,30.400366406677065,31.643372042464094,46050000
2000-02-17,31.252737045288086,31.927512049674988,30.648990988731384,30.933106780052185,48669600
2000-02-18,29.938688278198242,31.394781065156877,29.88541659087049,31.252723232282865,50370000
2000-02-22,30.329364776611328,30.3471220159419,28.85551391217413,29.79664759669427,45793600
2000-02-23,30.986371994018555,31.572360690753577,29.63682226820457,29.92093799995488,40842000
2000-02-24,32.460227966308594,33.09948847330373,31.323764842761683,31.945268113451398,85347800
2000-02-25,32.176090240478516,32.77983586309235,32.05178967111684,32.353662482423765,46299000
2000-02-28,31.927492141723633,32.548995047708246,30.755515233295515,31.71440543110034,47422200
2000-02-29,32.105064392089844,32.85086787907423,31.625619293314166,32.15833606973158,44414200
2000-03-01,32.92190170288086,33.20601735943215,31.96301136202025,32.06955473322699,40813000
2000-03-02,32.886390686035156,33.259292524267735,32.424702695842434,32.77984730368299,36469800
2000-03-03,33.88080596923828,34.022863855901754,32.8508862909281,33.24154547925266,34285000
2000-03-06,33.34806823730469,33.77424163330858,33.15273876413624,33.52564048563964,28032000
2000-03-07,32.886390686035156,34.09388235269303,32.726575612506906,33.472379288972064,39924200
2000-03-08,32.65555953979492,33.081733236888496,31.891998332502276,32.992947049994,46391200
2000-03-09,33.632198333740234,33.66771279871778,31.820960619885163,32.30040589708209,38375800
2000-03-10,34.147159576416016,34.27146020929949,33.348084079308,33.490141945460536,43497600
2000-03-13,34.6976203918457,35.65651061761831,33.738730166073104,33.7564873924763,67439200
2000-03-14,33.49013137817383,35.692027608764256,33.472374150507775,35.30136860011112,56785000
2000-03-15,34.147159576416016,34.981749540062175,33.72098597795841,33.82752937757281,48895600
2000-03-16,35.5322265625,35.62101273581959,33.98734714673913,35.01726675724638,54972800
2000-03-17,36.89952850341797,36.9350429678101,35.23034867698809,35.319134837968406,60851000
2000-03-20,38.35562515258789,39.030400039531564,36.91728920936584,36.91728920936584,65163600
2000-03-21,39.332275390625,39.45657603520034,38.10702617981095,38.35562746896163,51231000
2000-03-22,40.93041229248047,41.30331409644667,39.634134592978924,39.882735795623056,53693200
2000-03-23,40.522003173828125,40.823876115964445,39.61638434741917,40.45097424626664,45593800
2000-03-24,39.509864807128906,41.054744914194174,39.10144822710016,39.81173793149798,46898000
2000-03-27,40.539737701416016,40.84161047448832,39.50981882858109,39.66963382608996,35766200
2000-03-28,38.55096435546875,40.50426056878131,38.39114921074318,39.95378618139323,44857800
2000-03-29,37.46775817871094,39.11918069559251,37.36121479052503,38.78179329967047,61325400
2000-03-30,36.08272171020508,37.893960693689785,34.96401527922924,36.86404048739456,71646800
2000-03-31,37.48552703857422,38.3201171715979,36.43785006307641,36.828509274278986,58442200
2000-04-03,37.11262512207031,37.787400124289775,35.72756064383037,37.32571196487646,50071600
2000-04-04,37.71635055541992,38.07149509925627,33.80976057322012,37.361206011583576,87341800
2000-04-05,36.89952850341797,38.0715058283581,36.29578260875184,36.89952850341797,62101800
2000-04-06,36.881778717041016,37.396738554688675,36.082703106898094,36.72196359501243,55134000
2000-04-07,38.87058639526367,38.923858098866134,37.3079497562581,37.325706990792256,51357200
2000-04-10,37.25466537475586,39.509833393151474,37.183636460790645,39.065902680868874,44849000
2000-04-11,37.14812088012695,38.14252564556056,36.220305719521484,36.93503414467689,53071200
2000-04-12,34.62660217285156,37.46775927421374,34.59108770908453,36.91728508582482,60169600
2000-04-13,34.41351318359375,36.721953180429246,34.306969799124424,35.052773490409734,69414600
2000-04-14,31.394771575927734,34.30695626962239,30.791025968698357,33.86302567607137,92800400
2000-04-17,34.946224212646484,35.0172531236478,31.128420246325856,31.252720840578156,88873400
2000-04-18,36.65092849731445,37.21915994688522,35.58549452936927,35.97615365094917,98558000
2000-04-19,33.82754135131836,35.727565983649626,33.79202687220936,35.68761219465201,87377800
2000-04-20,32.77984619140625,33.91630889793388,32.673302812669284,33.507892612775514,45799000
2000-04-24,32.9929313659668,33.09947473959209,31.35926630371225,31.536838593087744,58320200
2000-04-25,35.514469146728516,35.585498085021975,33.95183250427246,34.01842213392258,51342400
2000-04-26,34.32472229003906,35.51445658565863,34.271450605160574,35.301369846144674,47572000
2000-04-27,35.60324478149414,35.95838936784321,33.24153328227283,33.401348346129915,61088400
2000-04-28,36.02943420410156,36.6686947419762,35.76307564665379,36.36682171020207,44336400
2000-05-01,36.118194580078125,37.21914249746497,35.86959343744239,36.349038498239885,42389800
2000-05-02,34.431270599365234,36.260265375917385,34.34248444516368,35.76306291238865,43871400
2000-05-03,33.835906982421875,34.279947756469404,32.93006380336491,34.1378547087742,58988600
2000-05-04,33.97798538208008,34.27993297826166,33.26752044988813,33.74708427911769,40984800
2000-05-05,35.061466217041016,35.203559291882115,33.818151812181405,33.818151812181405,34217400
2000-05-08,33.4273796081543,34.866071291608336,33.39185635671099,34.74173991155675,40937800
2000-05-09,33.23201370239258,33.88919409094871,32.68140310657528,33.64053124122477,43054000
2000-05-10,30.1414737701416,33.10766476578901,29.87504942921519,32.53929283847933,97225600
2000-05-11,32.841243743896484,32.965575115560775,30.230284938946358,30.443424433228003,70267600
2000-05-12,32.68140411376953,33.960241666047466,32.61035758308742,33.14320656320323,38429400
2000-05-15,33.56947326660156,33.60499651873553,32.04197342484086,32.55706058078342,41105400
2000-05-16,34.63517379760742,34.919359839023684,33.729330790593075,34.03127845959786,44468400
2000-05-17,35.0081672668457,35.64758584706207,34.208894041575256,34.777266112878685,65543200
2000-05-18,35.221317291259766,35.94954422466453,34.99041606847288,35.20355565873769,50141400
2000-05-19,33.49842834472656,35.132498020079076,33.05438767207642,34.63517246671092,71968000
2000-05-22,33.640525817871094,33.69381070565019,31.651223340784735,33.3918630082353,59249600
2000-05-23,31.224950790405273,34.06681206825786,31.207189157418696,33.46291654671418,50385800
2000-05-24,33.35633850097656,33.58279926555987,31.118373298035646,31.153896555225185,75482200
2000-05-25,32.73469543457031,34.74176032014082,32.272892894527544,33.72934705927782,50488800
2000-05-26,33.409629821777344,34.06681020636308,32.50378658896999,32.681402909128295,30851000
2000-05-30,35.73639678955078,35.77192004679686,33.853664155508845,33.889187412754914,41768000
2000-05-31,35.434452056884766,36.358056822277256,35.38116716657366,35.87849280947731,54089600
2000-06-01,36.855384826660156,36.94419298286898,35.84297184587962,35.86073347712138,45978400
2000-06-02,38.134212493896484,38.240782254009844,37.5125555599019,37.74345670681417,42657400
2000-06-05,37.67240524291992,38.36510859250685,37.2816495072555,37.6901668672683,39176000
2000-06-06,36.81983947753906,38.382862089224275,36.80207785695173,37.31716485398436,47425200
2000-06-07,36.642234802246094,36.76656618548203,35.71863024106491,36.731042933128904,39753400
2000-06-08,35.860713958740234,37.370451792565355,35.807429094016996,36.83760314533296,34394000
2000-06-09,36.109378814697266,36.375803154205606,35.66533824885003,36.358041531571715,27519200
2000-06-12,35.54103088378906,36.375827711144424,35.41669944141698,36.32254280727068,25947000
2000-06-13,37.37046813964844,37.47259750837609,35.27459587706359,35.381165653127226,39126600
2000-06-14,35.93177032470703,37.3171771884377,35.80743893950043,37.1928458032311,37008800
2000-06-15,36.446861267089844,36.961948487726104,35.94953567475139,36.016141780868146,33411000
2000-06-16,35.82521057128906,36.85538519356709,35.77192567703331,36.73105377363698,44086200
2000-06-19,38.791385650634766,38.84467052103399,36.48237460000175,36.500136223468154,61221200
2000-06-20,39.30647659301758,39.85708697457363,38.631534834981125,38.631534834981125,58579400
2000-06-21,39.50187683105469,39.572923372117735,38.649318338298116,38.755888149892684,32891400
2000-06-22,38.09868621826172,39.32423836234567,38.08092459298514,39.21766861068619,29696200
2000-06-23,38.1875,39.07558139534884,38.116453488372095,38.43616279069768,30321600
2000-06-26,38.134212493896484,38.99121098147474,37.6901718267575,38.59601478772104,29904800
2000-06-27,37.334938049316406,38.79139138901381,37.29941479712866,38.06316471916511,33370400
2000-06-28,37.619136810302734,38.56050331216583,37.228380903868995,37.49480538552836,30631800
2000-06-29,37.44150924682617,38.18749757147831,37.086276711277534,37.246131352274425,47136200
2000-06-30,37.99211120605469,38.116442565775294,36.83760572293475,37.19283817927934,41431200
2000-07-03,38.89796447753906,38.89796447753906,38.00100228296568,38.11645286246522,15083800
2000-07-05,37.40601348876953,38.22304892109783,37.33496692943663,37.832292844766904,42005200
2000-07-06,38.82691192626953,38.88019680082525,37.104034315634514,37.37045868841312,44906200
2000-07-07,39.590675354003906,39.75053003241846,38.68483217632145,39.14663458063015,37286800
2000-07-10,39.16438674926758,39.78604368179563,38.933485602900014,39.14662512262392,31349400
2000-07-11,39.448577880859375,40.14128140960927,38.969013899417135,39.28872322037863,42782000
2000-07-12,40.123512268066406,40.425459903549864,39.430808869016126,39.8570878838163,29824200
2000-07-13,40.69189453125,41.20698180379747,39.857097917121344,39.89262117729703,45176000
2000-07-14,41.68654251098633,41.79311228306384,40.656368047570396,40.92279247776417,37471800
2000-07-17,41.579986572265625,41.91745762945189,41.02937590001435,41.668794745209375,46580000
2000-07-18,40.63862228393555,41.15815012563358,40.19458139359534,41.153709716730184,50683600
2000-07-19,39.25319290161133,41.52668099727027,39.21766965011666,41.189210108070895,72188400
2000-07-20,40.549774169921875,40.70962873300961,39.1821295746157,39.48407708267031,60488400
2000-07-21,39.270957946777344,40.4254637208798,39.23543469218958,40.38994046629203,32086600
2000-07-24,39.21767044067383,40.354414511418,39.11110068404156,39.27095531898996,39835400
2000-07-25,40.03467559814453,40.33662301836124,39.128833337494406,39.426340354472636,29623200
2000-07-26,39.50187683105469,39.821586265838405,38.80917305568997,39.50187683105469,46639800
2000-07-27,38.933494567871094,39.89262262748105,38.649308476134806,39.35977370547552,39223800
2000-07-28,36.695518493652344,39.60842509237403,36.58894874004058,39.21766932913087,55433800
2000-07-31,37.93882751464844,38.40062972222375,36.6599906321322,37.19283933318063,30470700
2000-08-01,36.73103713989258,38.29405999690928,36.5178976593903,38.116443763157385,25001100
2000-08-02,35.98506546020508,37.583612297035515,35.914018934123725,37.08628661446605,33226800
2000-08-03,36.99138641357422,37.16905877867303,34.36183541011169,35.14359381654649,34941100
2000-08-04,35.57002258300781,37.66655738060767,34.93040179729938,37.648790136560216,34939700
2000-08-07,35.7832145690918,36.600507453986644,34.75271484465917,35.60554220281031,30634400
2000-08-08,35.036991119384766,36.03195638443829,34.96592217188095,35.67661164691918,24900100
2000-08-09,36.13855743408203,36.88478133390083,35.72991101275269,35.74767824846266,30071900
2000-08-10,35.25019454956055,36.84924571360311,35.25019454956055,35.92534948548963,16678400
2000-08-11,36.280704498291016,36.45837690033945,34.57504943862601,35.1791356055907,22509600
2000-08-14,38.057411193847656,38.09294565808094,36.174084589483584,36.63603262451628,25665000
2000-08-15,38.590457916259766,39.08794079915814,37.52442316719182,37.98637155845459,34464300
2000-08-16,38.69702911376953,39.51432173968018,38.41275341780061,39.01683927173457,24609500
2000-08-17,39.834136962890625,40.651429692726914,38.910240833510464,38.94577530002508,40495900
2000-08-18,40.11841583251953,41.468725665677844,39.94074348605133,40.36715711757501,35795600
2000-08-21,40.97126007080078,42.10836355932257,40.11843245440944,41.31772128995976,46024300
2000-08-22,41.00680160522461,41.85962936824488,41.00680160522462,41.20224130091676,31693500
2000-08-23,42.42818069458008,42.57031865335589,40.18950784386102,40.61592172018846,36177000
2000-08-24,42.2149543762207,43.11219982908229,41.50426490860756,42.392626743123984,23352900
2000-08-25,41.4687385559082,42.321566084050275,41.29106615421194,42.001755760997,20844200
2000-08-28,42.00175476074219,43.10332362502561,41.50427204783999,41.64640996581205,42760500
2000-08-29,42.10837173461914,42.60585460743321,41.575354370889784,41.68195784363566,23023100
2000-08-30,41.788543701171875,42.286026364281064,41.36212998993543,41.93068160491736,21770400
2000-08-31,42.570316314697266,42.996730167599075,41.859626559860914,42.00176451082819,28530700
2000-09-01,42.03730773925781,43.03227360290888,41.75303177821465,42.99673910777849,18322000
2000-09-05,39.37220001220703,40.58037221474768,38.80364838748202,40.40269983202111,58396000
2000-09-06,37.355621337890625,38.945789285448875,36.95585844604638,38.69704793052356,62344900
2000-09-07,38.34172058105469,39.05241048987868,37.66656516767189,37.87088851645879,34716000
2000-09-08,37.1690559387207,38.34169345877594,36.92031464658777,38.19955557755713,29681800
2000-09-11,36.778167724609375,38.02187387954786,36.35175418577333,37.27565018658477,30507800
2000-09-12,36.92032241821289,38.05742570732051,36.70711555150522,36.99139137378212,28997300
2000-09-13,34.82379913330078,35.99643726738132,34.397385266362406,35.0725405556815,70068400
2000-09-14,33.8998908996582,35.74768369502742,33.686684038654064,35.53447683402327,50489200
2000-09-15,32.700599670410156,34.04202606275787,32.19423341634513,33.935422640849445,75675900
2000-09-18,31.732297897338867,33.686694744319425,31.55462545670427,33.189211910542554,50767100
2000-09-19,34.32630920410156,34.39737816725705,32.3008437541701,32.51405064363657,58855100
2000-09-20,35.85429382324219,36.10303520754615,34.36184551741843,34.823793802554356,70335900
2000-09-21,34.95704650878906,35.78322321153808,34.326309456152714,35.285740465796735,57112300
2000-09-22,27.254945755004883,28.14330774180426,26.43765272714946,26.57979064503736,308734400
2000-09-25,25.798025131225586,28.54306292927955,25.442680432448373,28.463110372054675,130214700
2000-09-26,24.625410079956055,26.437669696229875,24.341134061717025,26.40213519395,112681600
2000-09-27,24.945213317871094,25.97571358313927,24.6964718745305,25.371627220740685,80365100
2000-09-28,25.265024185180664,25.3360931702304,24.723123174176436,25.087351722556328,66739000
2000-09-29,23.630434036254883,24.94521006533974,23.52383057443719,24.909675578067176,72985600
2000-10-02,22.813140869140625,24.412192799220573,22.671002919800184,24.412192799220573,66785700
2000-10-03,22.91974639892578,24.163453567859737,22.81314292730287,23.745923304003338,81206500
2000-10-04,23.879167556762695,24.30558126313346,23.16847804614476,23.310615948268346,63726000
2000-10-05,23.31062126159668,24.0923799014673,23.026345392552816,23.950241966945367,52072400
2000-10-06,22.7065372467041,24.021313268813728,22.31565788877962,23.523830449637114,69734600
2000-10-09,22.209047317504883,23.04410749664307,21.604961230468753,22.990805783081058,56544700
2000-10-10,21.356218338012695,22.84866620855601,21.28514939179635,22.280114638825225,68882800
2000-10-11,20.112512588500977,21.67602946817243,19.89930574127305,21.03640892648865,122056600
2000-10-12,21.10747718811035,21.889235602484806,19.899305093168007,21.10747718811035,100212800
2000-10-13,22.955270767211914,23.16847761644298,21.00087464926043,21.098594455158008,80908800
2000-10-16,20.290185928344727,22.280116597324245,20.11251354718584,22.24458212109247,92057900
2000-10-17,20.574472427368164,20.823213890220632,19.89931702819719,20.681075911447795,78642100
2000-10-18,21.711565017700195,22.63546140143212,20.04144463172326,20.609996252481366,16790000
2000-10-19,23.843631744384766,24.056838585616223,23.23954569422897,23.888049836307985,64250700
2000-10-20,24.483253479003906,25.229477460221734,23.52382264600956,23.665960547193908,59899600
2000-10-23,24.625410079956055,25.58484164151278,24.09239254575787,24.838617093635328,43746200
2000-10-24,23.879167556762695,25.30054657799857,23.665960703577316,24.803063920566014,46937000
2000-10-25,23.48828887939453,24.76753002865051,23.390569069381918,23.879168119444966,53225900
2000-10-26,25.407148361206055,25.58482072736834,23.701493646048167,23.879166012210447,50811900
2000-10-27,26.366588592529297,26.72193345226689,25.4959936861722,26.082312704739223,50197800
2000-10-30,25.58483123779297,26.224452018737793,24.945210456848145,26.126732177204556,49111200
2000-10-31,25.58483123779297,26.686400360531277,25.40715879864163,25.975710603925915,55793900
2000-11-01,25.513778686523438,26.47321047557098,25.12289906876333,25.19396809017426,47654600
2000-11-02,26.54425811767578,27.219413277295377,26.36658570724957,26.437654671420052,65511800
2000-11-03,26.129032135009766,26.87557591029576,25.880184209914432,26.804476503125663,31103600
2000-11-06,26.484533309936523,26.946679528767632,26.377884182513963,26.52008301907738,24583500
2000-11-07,26.27123260498047,26.626729663234602,25.773536723424684,26.591179957409192,21043200
2000-11-08,24.280458450317383,26.3423421840193,24.138259572131044,26.306792464472714,38074100
2000-11-09,23.533912658691406,24.102708130804793,22.71626916752841,24.067158413797706,48864700
2000-11-10,21.045427322387695,22.183017988462705,21.045427322387695,21.614222655425202,94080100
2000-11-13,21.72087860107422,22.60962158802488,20.47663841934329,21.045433930991713,81393300
2000-11-14,23.285062789916992,23.462811360832386,22.431869649523087,23.036214790635434,48677100
2000-11-15,23.604999542236328,24.387092900563434,23.178403164966994,23.711648636553658,41961500
2000-11-16,22.751806259155273,24.422642031311987,22.618494894355536,23.462800204753872,39523700
2000-11-17,23.604999542236328,23.747198334659437,22.467409202851442,22.822906183909218,40986100
2000-11-20,23.391704559326172,24.422645945679452,23.107306935504575,23.32060515337077,37495900
2000-11-21,24.24489974975586,24.671496226291154,23.56945532857498,24.138250630622036,36760300
2000-11-22,23.427257537841797,24.955894979612964,23.356158121945466,24.031602572960633,36702700
2000-11-24,24.991436004638672,25.026985700235596,23.889395441133978,24.35154148389401,20684000
2000-11-27,24.991436004638672,26.591172306500322,24.884786917847894,25.844628698964886,52923300
2000-11-28,23.907184600830078,25.382497851290225,23.889409742390797,24.564854363083395,49700800
2000-11-29,24.315996170043945,24.742592594079802,23.285054811957288,24.102697958026017,61411300
2000-11-30,21.649778366088867,22.147474420481714,20.938784002670513,21.89862639328529,78955300
2000-12-01,19.410137176513672,21.898616301707733,19.23238866757124,21.898616301707733,1155400
2000-12-04,18.734695434570312,20.10335914278845,18.23699954067281,19.978935169314074,82755800
2000-12-05,20.476640701293945,20.761038488811916,19.339049551222057,19.694546785619522,75071400
2000-12-06,18.059261322021484,20.08559576169712,17.774863505926657,20.08559576169712,102012000
2000-12-07,18.379199981689453,18.91244562912725,17.88150404408084,18.450299401347827,68263600
2000-12-08,19.33904266357422,19.836738614475024,18.770247291116153,19.765639192917767,88021400
2000-12-11,21.294279098510742,21.72087567477473,19.51679336407746,19.978939655030114,73069600
2000-12-12,20.761030197143555,21.56978608239187,20.689930778660187,21.009878161835346,48167200
2000-12-13,20.192235946655273,21.54312497125545,20.01448739078683,21.47202554890807,48719800
2000-12-14,19.978944778442383,20.832138149763768,19.62344754039181,20.227792845077786,33708000
2000-12-15,18.450298309326172,19.76563749515482,18.379198893875976,19.658988371979525,80843900
2000-12-18,18.912445068359375,19.623439243861608,18.441411427089147,19.44569069998605,38556100
2000-12-19,19.019102096557617,20.618839656081153,18.948002649467682,19.196850714282455,54732300
2000-12-20,18.16590118408203,19.410140991210938,17.91705322265625,18.734696524483816,63150800
2000-12-21,18.841341018676758,19.59677214442559,17.988148217831018,18.20144641804245,51590000
2000-12-22,18.734695434570312,19.907835755900145,18.201449833965846,19.125742208346924,45424100
2000-12-26,18.69914436340332,19.267939629210264,18.201448505822242,18.841343179855055,28436200
2000-12-27,18.521400451660156,19.161295284922886,18.379201599823993,18.592499877578238,33621500
2000-12-28,17.597105026245117,18.592496825709485,17.09940912651293,18.27254946159594,49339500
2000-12-29,17.09940528869629,17.88149866988406,16.957206492116693,17.597101076724872,54053600
2001-01-02,17.668209075927734,18.130355389785,17.20606276207047,17.45491077722438,50342900
2001-01-03,19.47234535217285,19.694530944963503,17.134952916015177,17.134952916015177,78291900
2001-01-04,19.223506927490234,20.121137163124313,18.592499534123704,19.33904349247284,68769000
2001-01-05,18.23699951171875,19.694537484390228,18.05925097846613,19.374590124535512,44974700
2001-01-08,18.16590118408203,18.3791994367327,17.419357299804688,17.91705322265625,45070800
2001-01-09,18.343650817871094,18.734697637631914,18.130352552547013,18.503624516864157,40814400
2001-01-10,18.770244598388672,18.98354283246127,17.70375342802568,17.98815107345581,51494300
2001-01-11,18.983539581298828,19.481235375565088,18.20144619030899,18.414744387851673,64954600
2001-01-12,18.272554397583008,19.23239674920702,18.094805813948934,19.09019788229976,51374500
2001-01-16,17.84595489501953,18.414750270159594,17.632656629342005,18.308101137320833,60301100
2001-01-17,17.348255157470703,18.805792988323777,17.134956938321473,18.77024328513224,7427400
2001-01-18,18.3080997467041,18.379199163196155,17.06385995809314,17.597105581783552,86633300
2001-01-19,19.09019660949707,19.69454175355936,18.379202322364964,18.983547466427254,81348900
2001-01-22,18.983539581298828,19.267937178022407,18.485843787032568,18.59249288580391,45756600
2001-01-23,20.121137619018555,20.41442275215796,18.628049668490675,19.01909651267655,84553900
2001-01-24,20.61883544921875,21.080981761011586,20.014490272258893,20.298888002592943,73579100
2001-01-25,19.623437881469727,20.512180539144985,19.516788762548696,20.369981713916946,45890400
2001-01-26,20.405540466308594,20.51218963250881,19.196849916039444,19.41014824843988,48063700
2001-01-29,21.08098602294922,21.258734640343395,19.76564625423232,20.050044042063,49092800
2001-01-30,21.045427322387695,21.720871780369734,20.938778197443163,21.25872557227676,60806400
2001-01-31,21.045427322387695,21.95194488441622,20.761029655868942,21.223175863961917,71894200
2001-02-01,21.507564544677734,21.578663931602286,20.76102098196991,21.080968223130405,50297000
2001-02-02,20.298879623413086,21.747529964313408,20.19223051856153,21.427582649758737,47151200
2001-02-05,19.741151809692383,20.09684823869585,19.16314511256175,19.954569667094464,39185100
2001-02-06,20.167980194091797,20.452537233867343,19.625543337019664,19.670005374484592,40329200
2001-02-07,19.883426666259766,20.52368011884058,19.27874284993344,19.918996302514255,53148000
2001-02-08,19.705577850341797,20.55924909295588,19.670008215232876,20.13241347164884,42899000
2001-02-09,19.065326690673828,20.239124789166805,19.029757051325554,19.527732002201365,40892100
2001-02-12,19.670011520385742,20.02570793124263,19.136466904100416,19.172036545186103,30482000
2001-02-13,18.46064567565918,20.061279693779916,18.42507603081205,19.421026086531622,41910800
2001-02-14,19.4210262298584,19.661121334348405,18.17608865102132,18.53178510211763,47442300
2001-02-15,20.38139533996582,20.772661219092566,19.99012946083908,20.16797758771487,58334500
2001-02-16,19.563297271728516,20.096841742775656,19.1364616948908,19.77671506014737,41543900
2001-02-20,17.89153289794922,19.42102775801247,17.85596325004077,19.385458110104025,52397300
2001-02-21,17.500267028808594,18.638495778649805,17.357988435078443,17.642545622538744,51582200
2001-02-22,17.07342529296875,17.962666193644207,16.86000747680664,17.606969833374023,58517400
2001-02-23,17.037857055664062,17.50026236197645,16.21975535988061,17.28684452829381,63558300
2001-02-26,16.788862228393555,17.473577478174438,16.184178631184466,17.393545825602644,60349600
2001-02-27,16.50432014465332,17.571409809178316,16.50432014465332,16.788877388526654,40787300
2001-02-28,16.25533103942871,17.18014199572006,15.935204169943244,16.717736517574384,48601400
2001-03-01,16.57545280456543,16.64659208698846,15.401654644585475,16.077477827604238,56268300
2001-03-02,16.682159423828125,17.713678876474216,16.14861487935601,16.219754151952294,54626200
2001-03-05,17.286846160888672,17.500264014726806,16.788871168599698,17.00228902243783,33275700
2001-03-06,17.927104949951172,18.70963730887761,17.891535297272696,17.998244255308123,59734200
2001-03-07,18.745203018188477,19.17203876053812,18.033810114272402,18.638494082601063,77832700
2001-03-08,18.923044204711914,19.172031628458125,18.602917517038218,18.745196044893195,64903100
2001-03-09,16.75330352783203,17.411341989116305,16.504316001940687,17.18013928650291,95273400
2001-03-12,15.792920112609863,16.717730749834764,15.686211192930065,16.219755791329046,59597600
2001-03-13,16.717735290527344,16.8600138887446,15.792924402115194,16.077481598549703,52027200
2001-03-14,16.539886474609375,17.002291902931788,15.93520245295699,16.148620342951947,57451000
2001-03-15,16.21976089477539,17.037862869731168,16.184191243690357,16.931153916476067,40752100
2001-03-16,15.864058494567871,16.397603062770827,15.757349580927281,16.184185235489643,59068600
2001-03-19,15.401653289794922,15.792919308704262,14.441273061562907,15.650640756373592,76656300
2001-03-20,14.01444149017334,15.615075670523087,13.978871841721123,15.57950602207087,64431100
2001-03-21,14.547979354858398,15.223802356673337,14.014434879741342,14.085574143090284,68549500
2001-03-22,16.326461791992188,16.397601059059692,14.832537183574603,14.868106817108355,94022700
2001-03-23,16.397607803344727,16.93115252579629,15.757354136402851,16.895582877632854,84795800
2001-03-26,16.11304473876953,16.824437442467968,15.864057292475081,16.788867807283044,64433900
2001-03-27,16.717735290527344,16.90447595068749,15.970772649886761,16.14862089765833,72645800
2001-03-28,15.330516815185547,16.682163309331838,15.259377526019954,16.326466863503864,73000000
2001-03-29,15.117097854614258,15.686212126787971,14.654692508473117,15.294946064668544,64852600
2001-03-30,14.974822044372559,15.223809584302744,14.40570766738928,15.152670287179834,47297100
2001-04-02,14.681368827819824,15.294945114385282,14.263425560159297,14.832539796973633,44925500
2001-04-03,14.22785472869873,15.01038673877716,14.138930636644362,14.405702912807465,57239500
2001-04-04,12.876211166381836,14.281212108569909,12.769502234063754,14.050009421880732,84555800
2001-04-05,14.5835542678833,14.690263201550739,13.712097976265884,13.801022087655417,67714900
2001-04-06,13.445327758789062,14.361246250293872,13.089631257233796,14.263429712366175,73965900
2001-04-09,13.203450202941895,13.772564417111816,12.66279126528078,13.48231603762525,60543900
2001-04-10,14.096961975097656,14.28476965738663,13.288819596808867,13.362803980832043,55847600
2001-04-11,15.66202449798584,16.10024273317314,15.46852556518883,15.878287436435812,91360800
2001-04-12,16.003488540649414,16.225442686340298,14.973391265701673,15.627872246058649,54027200
2001-04-16,14.967706680297852,15.252263849774993,14.523798190633162,15.235191114326016,59342200
2001-04-17,14.819731712341309,15.21241966050546,14.330293238079955,14.370131051473507,74191900
2001-04-18,17.80189323425293,18.319786003331938,16.27666694738545,16.62951715673585,49959200
2001-04-19,18.490522384643555,18.507595116913325,17.329528828331995,17.52302775438392,85981400
2001-04-20,18.45637321472168,18.53604885335473,17.79050957407634,18.194580124857268,62659300
2001-04-23,17.255537033081055,17.813268516051618,16.87423059360141,17.682372551058318,58508800
2001-04-24,16.58399200439453,17.665310150362185,16.447404689066925,17.03928414098604,50134100
2001-04-25,16.52138900756836,16.709196688693346,15.650643712080115,16.504315187284483,64640600
2001-04-26,16.299427032470703,17.278303952515053,16.276663033550516,17.20431851365176,53730100
2001-04-27,17.175872802734375,17.204328088595936,16.53277292146722,16.845786493442247,42007500
2001-04-30,17.591323852539062,18.012468326457082,17.37506088477014,17.557177296680692,41266300
2001-05-01,17.744979858398438,17.875875855976314,17.141719146757637,17.511643137325134,37209500
2001-05-02,18.17751121520996,18.49621492223792,17.75636675954816,18.149054848645342,45022200
2001-05-03,17.311912536621094,17.76748983974601,17.146766565295604,17.73332080884056,37080900
2001-05-04,17.58526039123535,17.68207048480417,16.68549643943435,17.027179186511333,35393400
2001-05-07,17.74470329284668,18.040828256914264,17.277737588221072,17.6820611810919,33647800
2001-05-08,17.926942825317383,18.109173330928922,17.596649762351593,17.93263766439018,41514400
2001-05-09,17.044260025024414,17.647898726651313,16.685492837870655,17.647898726651313,61622800
2001-05-10,16.520355224609375,17.391646318640994,16.457713061782968,17.357477273728506,49116200
2001-05-11,15.911006927490234,16.651318182724076,15.825586565144613,16.531729892675973,47531600
2001-05-14,15.609198570251465,16.030606940686557,15.210568472882782,15.973659628751083,41994500
2001-05-15,15.489611625671387,16.002135308144247,15.335854195075608,15.728789488982686,47310800
2001-05-16,16.150196075439453,16.229921658817574,15.090979788023358,15.37571525572191,59906400
2001-05-17,16.286869049072266,16.62285698949053,15.945186268930684,16.3893739917327,56376100
2001-05-18,16.37799072265625,16.59438928594286,15.939497667950707,16.24701261629383,34775000
2001-05-21,17.02717399597168,17.089816121590918,16.053379604140865,16.155884505634464,44417800
2001-05-22,16.816476821899414,17.3290004376397,16.742444993320056,17.192327545854262,39665300
2001-05-23,16.40076446533203,17.22649785482878,16.2640915548419,16.725363849698297,53488500
2001-05-24,16.63423728942871,16.742437017867342,16.01351527557528,16.423533755614564,47217900
2001-05-25,16.57160186767578,16.827863097160485,16.332424068449058,16.76522204258215,29592100
2001-05-29,15.859766006469727,16.526047054347917,15.819903214181398,16.4918780156611,37797600
2001-05-30,15.147928237915039,15.774346531194096,15.034033607798957,15.569336631457029,47272800
2001-05-31,15.381404876708984,15.706003025964712,15.284594807090674,15.392794552235666,38761100
2001-06-01,16.36659049987793,16.55451581857315,15.483911203074785,15.52377398489205,60601900
2001-06-04,16.229917526245117,16.799388316639682,15.979350074341294,16.582989894208655,37894700
2001-06-05,16.930368423461914,17.055652707937725,16.429234544097074,16.434929383044107,51625800
2001-06-06,16.981613159179688,17.477053060293688,16.543120535438867,16.770909644931585,72646300
2001-06-07,17.733318328857422,17.784570781868624,16.89619673997317,16.918975004545246,75686000
2001-06-08,17.46567726135254,18.183210919394178,17.08413161190611,18.16043155587865,68334700
2001-06-11,17.272052764892578,17.374557703122495,16.753834320445396,17.180937505617003,41072800
2001-06-12,17.15816307067871,17.203720713387767,16.51466123164082,16.913291419979963,54088900
2001-06-13,16.548826217651367,17.15815998668114,16.514658263305872,17.015792243031953,41032400
2001-06-14,15.723088264465332,16.571599579113425,15.694614074335288,16.264084842784687,41913100
2001-06-15,15.76295280456543,16.116024112167732,15.438354604093199,15.569332634778588,54910400
2001-06-18,15.688921928405762,16.252699041748194,15.620586032726331,15.871153517969693,27854300
2001-06-19,15.187790870666504,16.39506980954188,14.88597086440274,16.247007226441525,60427600
2001-06-20,15.654752731323242,15.751562814293262,14.954303882517475,14.98277698908185,43070200
2001-06-21,15.529472351074219,15.996438334752327,15.347241829266139,15.57502998152624,45895500
2001-06-22,15.666146278381348,16.116027773071792,15.529473377987554,15.643366918559218,30366800
2001-06-25,16.275468826293945,16.338110936490914,15.643356146826818,15.94517593956441,28358600
2001-06-26,16.49757194519043,16.554519253680105,15.962270069454348,15.996438020076328,34780200
2001-06-27,16.315349578857422,16.634253145086934,16.138813811895744,16.51466471506841,33729600
2001-06-28,16.879117965698242,17.36886331156914,16.62855153931836,16.64563497201086,54522800
2001-06-29,16.657024383544922,17.522620441253263,16.372288923997147,16.975927794108152,49436600
2001-07-02,17.1182918548584,17.39163866293336,16.605768354759277,16.84494613296278,38578300
2001-07-03,17.346080780029297,17.477059895063423,16.884809716656893,17.049956777005427,22120800
2001-07-05,16.99300765991211,17.653593658295936,16.97022830801922,17.129680512731596,35630900
2001-07-06,16.1900577545166,16.998706470655783,16.116025929742005,16.594381569496427,37375700
2001-07-09,16.457704544067383,16.75952443417464,16.007823214021446,16.24700097372285,30139400
2001-07-10,15.825593948364258,16.61146316923115,15.63766754287896,15.825593948364258,41241500
2001-07-11,15.979357719421387,16.229925291205443,15.375718696931473,15.745874670547556,50333800
2001-07-12,17.141063690185547,17.192316126334525,16.543118963840442,16.713960779729987,49223400
2001-07-13,17.19232749938965,17.300526192898452,16.657024526708724,17.089822559282705,42796300
2001-07-16,16.588685989379883,17.511229278044624,16.383677214482876,17.10121064207112,65739200
2001-07-17,17.02717399597168,17.049953345716556,15.990737478521629,16.269777995821322,104487600
2001-07-18,16.452016830444336,17.169550420263494,16.241313168858394,16.440628235949227,71663500
2001-07-19,17.061349868774414,17.209412452434954,16.75953094754842,16.850646216542646,54602300
2001-07-20,17.044260025024414,17.10120731827509,16.47478926487621,16.748134969064324,50444200
2001-07-23,16.514663696289062,17.215112964793285,16.463411204819966,17.06705033234702,35057400
2001-07-24,16.44631576538086,16.850640586868025,16.19005456426695,16.349505688645564,38032700
2001-07-25,16.753835678100586,16.78800363155285,16.053386658341022,16.49757331175945,35538100
2001-07-26,16.958843231201172,17.027179128676753,16.40076094219323,16.571602858241196,46221000
2001-07-27,16.639936447143555,16.998703660744376,16.52034810006285,16.862030798575276,35482900
2001-07-30,16.53743553161621,16.93606451169826,16.400761559164575,16.80508646479328,30514600
2001-07-31,16.975923538208008,17.32330105934548,16.53173702782691,16.60576775083066,50354000
2001-08-01,17.51123046875,17.64220851726406,17.243579532284805,17.437199728427135,45023900
2001-08-02,18.285707473754883,18.354043360515984,17.841519865090383,17.887077484990897,74140400
2001-08-03,18.052074432373047,18.280005532394185,17.807049260649542,18.262909286979756,35671500
2001-08-06,17.25432014465332,17.482250175015057,17.117562126436276,17.339793770181956,54176800
2001-08-07,17.448070526123047,17.664603902191015,16.963718266272274,17.066287107988522,44101300
2001-08-08,16.872541427612305,17.77286610234517,16.74717906240043,17.317004833417595,49096000
2001-08-09,16.89533233642578,17.111866718098796,16.627514639994736,16.809858696020665,35734300
2001-08-10,17.066280364990234,17.203038404292336,16.51924712092554,16.82125513700286,33800700
2001-08-13,17.413877487182617,17.50504953526814,17.140361342926056,17.476558677812616,30830500
2001-08-14,17.294208526611328,17.579121348839337,17.231527357927195,17.499345019553303,27561900
2001-08-15,16.96941566467285,17.52214639547304,16.92382963622394,17.25432861419274,33348300
2001-08-16,17.185945510864258,17.197342287358218,16.570533709324,16.758576174048624,38692500
2001-08-17,15.99500560760498,16.741476894798172,15.835455123327568,16.621814031590112,60330900
2001-08-20,16.069087982177734,16.342604105118312,15.898139590197525,15.99501001959604,36548500
2001-08-21,15.425188064575195,16.24573772476505,15.413791284898053,16.143168881384227,35088800
2001-08-22,15.932327270507812,15.955120821944497,15.385295078303622,15.721492354000247,42316100
2001-08-23,15.767084121704102,16.16596272250249,15.738593258871393,15.892445439767458,32548500
2001-08-24,16.570537567138672,16.60472681772378,15.869651952432214,15.983616483334801,38858200
2001-08-27,16.610416412353516,17.03208723582431,16.29701275974266,16.53633956083215,27995600
2001-08-28,16.2457332611084,16.90103269650065,16.200147241781714,16.65030904677567,54856600
2001-08-29,16.012094497680664,16.479351167550785,15.806956998964715,16.445161946716706,37922200
2001-08-30,15.45936393737793,15.85824218601321,15.3169075752733,15.670199831509331,44788800
2001-08-31,15.932327270507812,16.029197690401016,15.390993466162794,15.396691854021965,38127600
2001-09-04,15.299826622009277,16.00641065329042,15.29982662200928,15.70440251548725,54390700
2001-09-05,15.653116226196289,15.778478612932751,15.009213472606307,15.351109211291016,71243200
2001-09-06,14.872448921203613,15.738584125720546,14.701500582838994,15.248533744007208,81642600
2001-09-07,14.752790451049805,15.373900695230457,14.661618404826639,14.906643686622596,72749200
2001-09-10,14.855364799499512,14.872459972095273,14.507770564717495,14.547659300774272,51654400
2001-09-17,13.44218921661377,14.245643418466788,13.390904813358782,13.823972503702933,81412400
2001-09-18,13.373809814453125,13.949333946059467,13.219957689652501,13.607438282440524,56115100
2001-09-19,12.695711135864258,13.499164915607029,11.886558971325101,13.425087000109741,86255200
2001-09-20,11.778300285339355,12.69002185670119,11.6814298480036,12.228462138706771,70338800
2001-09-21,10.997635841369629,11.823883561105028,10.803895011733138,10.832386949536327,116397800
2001-09-24,12.142983436584473,12.3766118495783,11.111599387500306,11.396512192308005,79136200
2001-09-25,12.353824615478516,12.513375158065726,11.846679956215072,12.285445035186456,65914600
2001-09-26,11.90936279296875,12.45069790999966,11.806793942427584,12.376619923783569,48082100
2001-09-27,11.709919929504395,12.171479616909188,11.151490898040361,11.91505756835097,58791700
2001-09-28,11.647236824035645,11.954942116044913,11.453496012199507,11.81818408772344,72640600
2001-10-01,11.402213096618652,11.556066306033534,11.225567422951386,11.516177591593266,44631700
2001-10-02,11.13440227508545,11.442107797270511,11.037531796704464,11.396521753729871,52207600
2001-10-03,12.097402572631836,12.33672947385742,10.872277208657108,10.997638504782296,75582600
2001-10-04,12.279747009277344,12.866668044041798,11.96634321691042,12.382315839319343,67181500
2001-10-05,12.51337718963623,12.564661611467258,11.709922696759099,12.256956167337822,49112300
2001-10-08,12.672930717468262,12.832482396390049,12.120199862223508,12.182879986167475,36853400
2001-10-09,12.222766876220703,12.66723041486796,12.02332757938468,12.558964268552552,42528700
2001-10-10,13.140180587768555,13.219956926349148,12.177175918976843,12.211365157307789,52538600
2001-10-11,13.966424942016602,14.063295333021278,13.305427363463293,13.328219821246496,76342800
2001-10-12,14.257040023803711,14.31972011503419,13.806877175464514,13.852463190385011,64736500
2001-10-15,13.892346382141113,13.972122697923856,13.464977221137492,13.955027540215557,44391600
2001-10-16,14.222854614257812,14.302630983089315,13.77269269715568,13.977830378641398,53540600
2001-10-17,14.000624656677246,14.946535730443124,13.960737010544214,14.895251303455842,91448800
2001-10-18,13.704309463500977,14.02341268025865,13.504871311597949,14.017714292081934,49862900
2001-10-19,13.761297225952148,13.994925791250504,13.453591761329086,13.670125155926293,42197000
2001-10-22,14.416589736938477,14.456478448791719,13.539058726436195,13.744196325684952,46022200
2001-10-23,14.245643615722656,14.815469360351562,14.182962436019443,14.48497047194105,41881700
2001-10-24,14.519159317016602,14.775581329861092,14.20005721303171,14.353910420738405,41092700
2001-10-25,14.872448921203613,14.940827387064566,13.85246053821536,14.24564052091225,56318500
2001-10-26,14.73569393157959,15.100382056083424,14.559047170273747,14.821167574903134,45505200
2001-10-29,13.778386116027832,14.752787577837369,13.77268772839162,14.587538683812495,46369900
2001-10-30,13.413702964782715,13.903752527379398,13.242754533020113,13.544762668334345,52532700
2001-10-31,13.915154457092285,14.410903679774922,13.356725097735469,13.635939777413878,64549300
2001-11-01,14.781285285949707,14.798379368674771,13.818279136643145,13.977830792169717,54534000
2001-11-02,14.98641586303711,15.231441094274238,14.53055572598405,14.786977732361581,49877700
2001-11-05,15.37419605255127,15.5566800116019,15.19741590687503,15.254442076098119,42474800
2001-11-06,16.109825134277344,16.126933304746988,15.225923659328364,15.277247083053998,63152300
2001-11-07,16.132640838623047,16.583145251820874,15.824700204448352,15.915941632125977,59713700
2001-11-08,16.12693977355957,16.765629833050482,15.927348722087261,16.46339298063707,64845900
2001-11-09,15.898832321166992,16.138341323637533,15.739160377975654,16.06991080160797,40852500
2001-11-12,16.1839599609375,16.40636184825115,15.265843142154026,15.744861085729491,47878400
2001-11-13,17.136295318603516,17.14199804338633,16.509010820063335,16.571738617307233,68022300
2001-11-14,17.860523223876953,18.01449351421327,17.05075487816569,17.375802543753412,78499200
2001-11-15,17.552587509155273,17.95176849989506,17.370103558541008,17.57539732317977,58207300
2001-11-16,17.467052459716797,17.64953645989614,17.19332809097371,17.467052459716797,39647000
2001-11-19,17.672344207763672,17.849124372552907,17.056463906471134,17.569697309600944,47857300
2001-11-20,17.079265594482422,17.558283468939607,17.010834003410004,17.512661683102504,41297200
2001-11-21,17.569692611694336,17.586800786041564,16.811247618570494,16.845463967264948,55275700
2001-11-23,17.71225357055664,17.82060314221262,17.29026181867104,17.438529367336248,17574100
2001-11-26,18.17416763305664,18.316731395973054,17.85482158458074,17.92325319144943,53246100
2001-11-27,18.425090789794922,18.812867540875754,17.621023651416134,17.968882399477,80781000
2001-11-28,18.111438751220703,18.561943113533097,18.02590005839516,18.202680168592416,61282400
2001-11-29,18.43077850341797,18.487803557397186,17.76927787057375,18.242592997310272,45961000
2001-11-30,18.624671936035156,18.767236786180977,18.065817984507582,18.37946021975499,42399600
2001-12-03,18.271114349365234,18.75013240188906,18.231195271918544,18.413679220052476,43008300
2001-12-04,18.73872947692871,18.761540381401435,18.157064465079753,18.3623582545991,44357600
2001-12-05,19.736679077148438,19.873540121149798,18.841371952574196,18.852777402135487,75429600
2001-12-06,19.480056762695312,19.833616904377827,19.246250546771417,19.673945003366338,58338000
2001-12-07,18.955419540405273,19.67394528044278,18.675991534333367,19.48005703704115,59279300
2001-12-10,18.790050506591797,19.17212331819447,18.73302325274769,18.75583415428533,41557600
2001-12-11,18.926910400390625,19.468657314052386,18.847074425288987,19.018151825559237,46751600
2001-12-12,19.4344425201416,19.46865669388547,18.88129017403333,18.983937045999134,50047800
2001-12-13,18.57335090637207,19.229150172050495,18.533432917195185,18.978234611090347,51006500
2001-12-14,18.97252082824707,19.26335201684123,18.40226171892326,18.58474445987761,46155500
2001-12-17,19.3717098236084,19.44014033300143,18.81855758631749,18.875582648250568,39108700
2001-12-18,19.280471801757812,19.57700696163905,19.023854627306065,19.47436009185835,39780800
2001-12-19,18.84706687927246,19.366002685027993,18.841365244205388,19.00674094091237,39961400
2001-12-20,18.23689842224121,18.93261570352474,18.225492971276374,18.733023574691142,49423400
2001-12-21,18.482101440429688,18.67028802931569,18.231187076264845,18.373752970546615,57817500
2001-12-24,18.25970458984375,18.476403751255752,18.24829914183609,18.339540550530597,8673800
2001-12-26,18.41367530822754,18.88698944716673,18.25970501955089,18.276812104281575,23231600
2001-12-27,18.6303768157959,18.807158043880438,18.453597763078715,18.482110302997548,22443900
2001-12-28,18.385168075561523,18.99534559435743,18.31673536617636,18.784348003471028,27584200
2001-12-31,17.934663772583008,18.482112433452144,17.91185286787156,18.33384590356294,27975400
2002-01-02,18.818559646606445,18.818559646606445,18.094329968859682,18.191274107516204,42357300
2002-01-03,20.255619049072266,20.31264413272039,19.04666943771853,19.103694521366656,91464500
2002-01-04,20.409578323364258,20.72892209929731,20.141555789677884,20.643384520186522,65032900
2002-01-07,20.113046646118164,20.671900523360883,19.97048181492257,20.54074113970494,48808800
2002-01-08,20.289833068847656,20.5122339149885,19.930568992191624,20.152969838332464,35636600
2002-01-09,20.164371490478516,20.974138744442595,19.976184855889578,20.50652623926424,59083800
2002-01-10,19.759490966796875,20.227103545415492,19.673951178482685,20.20429264514942,51679400
2002-01-11,19.70246696472168,20.021813094999732,19.537091173575853,19.85643730385391,39583200
2002-01-14,19.867834091186523,20.067423975961248,19.445841252191496,19.559893547219875,58696400
2002-01-15,19.776594161987305,19.94767152957795,19.440141063066775,19.924860633801394,57115500
2002-01-16,19.22344207763672,19.725270912421937,19.20633499333309,19.366006914478344,76428600
2002-01-17,19.69106101989746,19.816518813539624,19.160719479059665,19.417336704524324,50498800
2002-01-18,19.092283248901367,19.559895753431014,18.909800426419885,19.132201230358763,51643600
2002-01-22,18.07722282409668,19.155012706803088,17.997385771081927,19.132201809460742,52957100
2002-01-23,18.504911422729492,18.596152807456754,18.031596331575656,18.05440613391592,49429000
2002-01-24,18.9326171875,19.16071969857379,18.56765142948793,18.772943036844087,53902500
2002-01-25,19.20633888244629,19.480063163564935,18.67599740797666,18.744427934414517,35832800
2002-01-28,19.34320068359375,19.56560371001284,19.001045862801337,19.291879418305456,29919400
2002-01-29,18.636079788208008,19.559899527176455,18.533432908837376,19.326093229802737,44733000
2002-01-30,19.308982849121094,19.32608993431001,18.510618851346244,18.744425108851225,47008900
2002-01-31,19.98189353942871,20.04462243291864,19.571306000489088,19.736681778713923,63035000
2002-02-01,19.770893096923828,19.99899773564406,19.42303667715771,19.85643288028568,39369800
2002-02-04,19.377412796020508,19.74808225024881,19.194929974809693,19.74808225024881,38594200
2002-02-05,19.286123275756836,19.622774634702697,19.057886431318952,19.28612327575684,40974500
2002-02-06,18.78399085998535,19.286115189866003,18.561459104881344,19.268998032288067,51612200
2002-02-07,18.435935974121094,19.00082413429491,18.316109300059825,18.715526468084327,46596000
2002-02-08,18.555761337280273,18.601407834146475,17.9052818879106,18.55005416476665,60722800
2002-02-11,19.154888153076172,19.18912466200881,18.327524355385624,18.395997373250893,37651700
2002-02-12,18.812530517578125,19.103533205856227,18.62423299596097,18.892413523119224,37593400
2002-02-13,19.04647445678711,19.229064804858456,18.86388410871576,18.943767113915893,36786800
2002-02-14,19.023645401000977,19.599945636049487,19.00652824031727,19.189118543103813,44874100
2002-02-15,18.42452049255371,19.211940342487527,18.230518027356673,19.069291535038175,47587600
2002-02-19,17.88245964050293,18.356052683162293,17.791164465011445,18.11069757923164,44224000
2002-02-20,17.939517974853516,18.025107059049937,17.089331040297118,17.973753390867234,63430900
2002-02-21,16.821155548095703,17.505870602528393,16.821155548095703,17.31186804004995,76409400
2002-02-22,16.84967613220215,17.174915212118105,16.644261518224095,16.838263967353605,56059600
2002-02-25,17.699867248535156,17.979458827278457,16.96379875664678,16.980917008199143,52400300
2002-02-26,17.129276275634766,17.939521886806,16.975215237491586,17.831108442743265,61576000
2002-02-27,17.055089950561523,17.728392451645973,16.707027623298853,17.431682690435206,57714000
2002-02-28,16.290489196777344,17.1806183105311,16.26195987793503,17.1806183105311,64454700
2002-03-01,17.677043914794922,17.694162167317284,16.541559283927548,16.598619037344477,58489400
2002-03-04,18.1734619140625,18.19057907784556,17.04938839047365,17.65992632240999,57664400
2002-03-05,18.658475875854492,18.99512735466082,18.48729763741809,18.550061322746902,68035700
2002-03-06,18.806825637817383,18.875298659471397,18.333232542946153,18.738354792812284,44898700
2002-03-07,18.818227767944336,19.177703321564575,18.281869111046515,19.12064250063007,55171900
2002-03-08,19.497238159179688,19.542886822827008,18.738347627551732,18.93805508938854,70218400
2002-03-11,19.069292068481445,19.445887020264717,18.920938262309228,19.297531037444376,40275400
2002-03-12,18.823938369750977,18.841055530827713,18.435933423258483,18.527228576748,37674800
2002-03-13,17.88245964050293,18.29328901853895,17.7169864547219,18.264757507670808,56552400
2002-03-14,17.67133331298828,18.059338231041778,17.574332083474907,17.836806446762154,39862300
2002-03-15,18.11069107055664,18.173456889271694,17.574331291059515,17.614273868266153,49693300
2002-03-18,18.04222297668457,18.401697519125815,17.825396163896936,18.219107206246193,38894600
2002-03-19,18.09928321838379,18.350345464743803,17.836809892712477,18.093577134566036,33498000
2002-03-20,17.420276641845703,17.522982891918257,17.129272879162777,17.448805974367367,51105500
2002-03-21,17.91668701171875,17.968040660907096,17.380327280375955,17.454505257347495,36841700
2002-03-22,17.454505920410156,17.808274307897893,17.380327940620734,17.74550958075749,33576400
2002-03-25,17.11785888671875,17.671335932259293,17.095034552474196,17.517276029405185,42929400
2002-03-26,17.557212829589844,17.71127377955799,17.089324985974454,17.12356038985942,37563100
2002-03-27,17.35179901123047,17.40315266353304,17.089325755749712,17.386034416657544,38028800
2002-03-28,17.35179901123047,17.831099040505162,17.334680764354975,17.580036861284153,33005100
2002-04-01,17.78545379638672,17.94522085647979,17.129269483548427,17.19774030335684,32592200
2002-04-02,17.134981155395508,17.63139857005408,17.129275070496348,17.44880820657854,37849000
2002-04-03,17.043685913085938,17.28333603637699,16.7640931956427,17.16351043056926,42763300
2002-04-04,17.454505920410156,17.505859571549326,17.089325368597294,17.146384013575137,43744800
2002-04-05,17.146390914916992,17.517278786496934,17.003742068409117,17.505866617578466,32757200
2002-04-08,17.077917098999023,17.140682928777462,16.261965665175882,16.570087642280065,45247300
2002-04-09,16.239145278930664,17.254805527591852,16.21061594300019,17.066509080807272,61982800
2002-04-10,16.69561767578125,16.769794581774203,15.982373590631626,16.347554213964518,60569500
2002-04-11,16.513023376464844,16.798320941629566,16.267667296291364,16.450257563864973,42024500
2002-04-12,16.19920539855957,16.632858095822332,16.016615018306727,16.632858095822332,40682600
2002-04-15,16.039432525634766,16.387494881561476,15.839723974206887,16.096491178907833,42941400
2002-04-16,16.838274002075195,17.003746137695988,16.53585798330842,16.592917753231813,60448200
2002-04-17,17.48303985595703,17.848221592450283,17.29474344820433,17.802574011429147,63790400
2002-04-18,17.37462615966797,17.64851162417404,17.03797486809105,17.42597982030337,45465200
2002-04-19,17.174917221069336,17.602863658031243,17.15209288870248,17.5857454087561,34806900
2002-04-22,17.152097702026367,17.243392880465443,16.849682831568558,17.083626862359242,34145800
2002-04-23,16.855379104614258,17.311854731091636,16.752671816575912,17.214853524424726,42582500
2002-04-24,16.49591064453125,17.11215354773384,16.478792393102992,16.92385713531983,38224600
2002-04-25,16.59861946105957,16.821151307909496,16.073671675207105,16.353263276930527,49886000
2002-04-26,16.045146942138672,16.809743958689047,16.0337347702272,16.792626789146446,39343600
2002-04-29,15.999491691589355,16.233435662275546,15.697075810503355,16.07366859689206,40652200
2002-04-30,16.324731826782227,16.689912469299752,15.919608599205702,15.982374430259963,45052800
2002-05-01,16.336145401000977,16.57579550634124,15.714197432330913,16.30190998261646,46014800
2002-05-02,15.902488708496094,16.672791358109798,15.845428970811085,16.267669288361787,41815600
2002-05-03,15.165898323059082,15.959596318656153,15.125928131956082,15.902495578892145,50945400
2002-05-06,14.72050952911377,15.417135248253107,14.703378986759908,15.131632743655828,44269700
2002-05-07,14.931781768798828,15.405715914484873,14.594888703769579,14.93178176879883,55914400
2002-05-08,16.547725677490234,16.593406036793848,15.457106146148972,15.554177045807362,58152400
2002-05-09,16.12518882751465,16.473502393610286,15.873946201686346,16.359300903023023,41394900
2002-05-10,15.422846794128418,16.336455107525172,15.371456251623833,16.25080347728038,43997500
2002-05-13,16.28506088256836,16.307900513458176,15.47994401752751,15.531334548411435,40695200
2002-05-14,17.21580696105957,17.330008439347953,16.770423591768115,17.084476023402143,57087400
2002-05-15,17.267196655273438,17.701160726354193,16.844652949272536,16.94743405677929,53419600
2002-05-16,17.56982421875,17.581244580205134,17.078759567235437,17.255770813367537,37284100
2002-05-17,17.81536293029785,17.9067236764753,17.467049404805092,17.701161453023044,53195200
2002-05-20,17.2386474609375,17.586959895739675,17.084475794049684,17.472759508090405,37234800
2002-05-21,16.59911346435547,17.324290000974283,16.536302572317553,17.24434965773002,48063600
2002-05-22,16.89603614807129,16.941716499399785,16.393551194352355,16.507752617226338,41216600
2002-05-23,16.781841278076172,17.01595330618764,16.239387030373994,16.93030275014055,42332100
2002-05-24,16.365013122558594,16.559155027247932,16.216551601966376,16.439244427407836,26029600
2002-05-28,16.187992095947266,16.342163708552864,15.799708518617148,16.307902624125653,42888200
2002-05-29,15.571311950683594,15.982435299577011,15.559891585382283,15.919624379525773,35346600
2002-05-30,15.656960487365723,15.822551406395474,15.188736461625677,15.4228484744957,40982400
2002-05-31,15.771160125732422,16.233673916137132,15.651248497638928,15.942461206888028,38515500
2002-06-03,15.200156211853027,15.828260949355435,15.097375119794584,15.662670037010228,34869600
2002-06-04,15.702641487121582,15.714061851406719,14.971754509461078,14.977464691603647,49303700
2002-06-05,16.090919494628906,16.102339854893128,15.35432259416913,15.759736670704987,41646700
2002-06-06,15.417131423950195,15.748314203567134,15.245830399326223,15.70263385772705,53854700
2002-06-07,12.562114715576172,12.990368626334451,12.390813586915266,12.75625657558174,151697500
2002-06-10,12.03107738494873,12.727704309894381,11.985397020124902,12.721994128153177,67962100
2002-06-11,11.545722961425781,12.499301541110265,11.522883323302837,12.242349894421594,69932400
2002-06-12,12.322291374206543,12.333711738852177,11.420103260213883,11.482914176658953,76957400
2002-06-13,12.05391788482666,12.544981525155096,11.991106975962529,12.339420431873387,49372400
2002-06-14,12.150989532470703,12.208089174063806,11.454362578333985,11.734154960742428,50410100
2002-06-17,12.88187026977539,12.887580449481659,12.190954861898067,12.367966076370745,53044600
2002-06-18,12.573529243469238,13.127403652146088,12.56781906328426,12.642049227477967,51943800
2002-06-19,11.471494674682617,12.111019895448297,11.431524484523013,11.968268593960566,65481800
2002-06-20,10.986143112182617,11.76271075852982,10.974722743476027,11.488628444209503,76656900
2002-06-21,10.694928169250488,11.214542864389951,10.506496478585696,10.894780226405535,80815300
2002-06-24,11.037528991699219,11.397261740232741,10.50078387075643,10.517914416536442,70345000
2002-06-25,10.460814476013184,11.408682965273815,10.449394111297773,11.300192767795183,68249700
2002-06-26,10.626407623291016,10.786288389827773,9.964041647080359,9.992591472788767,84988500
2002-06-27,10.649242401123047,10.826253635684095,10.203859224543278,10.791993642663854,72620200
2002-06-28,10.432266235351562,11.031821315454307,10.340905481985548,10.683507762555063,63858200
2002-07-01,10.015432357788086,10.717768536372482,9.986881442537062,10.477946293794144,48681300
2002-07-02,9.46155071258545,10.169596634981787,9.398739827104157,9.96974470862753,77807700
2002-07-03,10.13534164428711,10.152472191256994,9.284544082022762,9.290254264346055,63562800
2002-07-05,11.15744400024414,11.197414196684344,10.620698717360698,10.677799464749349,34149100
2002-07-08,10.563593864440918,11.180279300530536,10.318061508469967,10.997557851186315,57648600
2002-07-09,10.255252838134766,10.535046343699689,10.135342269269215,10.437975416429774,53507600
2002-07-10,9.598593711853027,10.43797175597757,9.575754078266936,10.426551394631721,73848000
2002-07-11,10.4208402633667,10.449390075021393,9.42729178812741,9.558622664307807,89828400
2002-07-12,10.272380828857422,10.780574980287986,10.112499021066522,10.73489461936283,74887900
2002-07-15,10.917619705200195,10.934749163861696,9.952620629752138,10.300934143948897,79892000
2002-07-16,10.48365306854248,11.106048660291375,10.358031260490524,10.597853425101158,98863000
2002-07-17,11.100335121154785,11.351576483044715,10.740601438508383,11.020393697730377,96553800
2002-07-18,10.957588195800781,11.277350747488816,10.84909692163481,10.99755837862356,57109500
2002-07-19,10.649242401123047,11.111756118765708,10.563591874019671,10.677793302894534,62042100
2002-07-22,10.426551818847656,10.963296843778929,10.42084163794241,10.546462350540942,77366100
2002-07-23,10.169600486755371,10.700635401960396,10.141050667508004,10.50649358158209,71030900
2002-07-24,10.677797317504883,10.689216593401325,9.724218621924047,9.849839369632521,83101300
2002-07-25,9.981173515319824,10.67780075740395,9.764191955902568,10.426558091942152,80606500
2002-07-26,10.169600486755371,10.392293215486834,9.718507025833395,10.095370303248744,57020100
2002-07-29,10.786290168762207,10.792000352666852,10.278095781417235,10.466527493845636,55085100
2002-07-30,10.831966400146484,10.91190785507219,10.42084311850809,10.603564577014044,60407100
2002-07-31,10.729187965393066,10.831967984001855,10.283803528331134,10.803418160350407,54030300
2002-08-01,10.026851654052734,10.763448932354004,9.969750912547,10.68921764166473,55134100
2002-08-02,9.541495323181152,10.026849907792222,9.4330051312314,10.026849907792222,55576300
2002-08-05,9.078429222106934,9.724438415179648,9.044127612606843,9.535780925943126,59625800
2002-08-06,9.793036460876465,10.250388519239987,9.244215299333103,9.335685492923663,83272800
2002-08-07,10.130337715148926,10.376164378684114,9.507196062600585,10.284694144402817,71381700
2002-08-08,10.507647514343262,10.530515606824437,9.735867930084888,10.056013591946693,60914400
2002-08-09,10.210371971130371,10.439047489267654,10.073166660248,10.244673026248241,45576200
2002-08-12,10.021711349487305,10.067446438589375,9.718715702679503,9.833053970639947,35477300
2002-08-13,9.547212600708008,10.284691296703999,9.541495576346998,9.947394492280662,48730600
2002-08-14,10.45620059967041,10.473350585365987,9.558647244154356,9.67298557070997,55038600
2002-08-15,10.639140129089355,10.747760330464686,10.301843294393116,10.484783728721043,51558800
2002-08-16,10.719175338745117,10.873531725321662,10.2789742764687,10.324709380964244,54921500
2002-08-19,11.12507152557373,11.222258735085585,10.541949358913243,10.639136568425096,51720400
2002-08-20,10.844948768615723,11.045040299634547,10.719177478746435,10.965004123391465,45347100
2002-08-21,11.19939136505127,11.245126456821547,10.74775637971051,10.993582906879723,57883400
2002-08-22,10.947851181030273,11.147942677947414,10.799211814474996,11.107924596646173,55744000
2002-08-23,10.267538070678711,10.770625204849152,10.2275199989537,10.770625204849152,48371600
2002-08-26,10.364725112915039,10.416177230117148,10.067447546249213,10.34757513412144,46069000
2002-08-27,9.821623802185059,10.267540824323266,9.8044727280986,10.238956791256804,60623500
2002-08-28,9.627246856689453,9.970260617626339,9.587228784488776,9.781603212672655,55663700
2002-08-29,9.798754692077637,9.975979168113522,9.438590896722138,9.47860897504932,50516700
2002-08-30,9.530060768127441,9.764453296194485,9.518626720316654,9.655832022813646,32857100
2002-09-03,9.06698989868164,9.432871158055889,9.061273421426703,9.415720090675265,58140400
2002-09-04,9.209916114807129,9.244217171748584,8.90692035565993,9.038409194483433,66790200
2002-09-05,8.638222694396973,9.049839027152592,8.592487606891376,9.038405527878817,86969600
2002-09-06,9.272801399230957,9.461458851994731,9.209916308583674,9.375705662631372,77957400
2002-09-09,9.192763328552246,9.341402668155505,8.969804319147356,9.164179301494622,51444400
2002-09-10,9.41572093963623,9.512908149401488,9.204196541589313,9.255648657959783,57279400
2002-09-11,9.50147819519043,9.741587783961624,9.478610096064134,9.564363286965778,45864800
2002-09-12,8.975523948669434,9.364272390620322,8.958373418414158,9.352839430724174,48750200
2002-09-13,9.16418170928955,9.261368953395452,8.941222641304448,8.975523700867996,44670900
2002-09-16,8.975523948669434,9.227067058167068,8.88405372703393,9.141313861685164,41224000
2002-09-17,8.901202201843262,9.347120247154221,8.861184125419998,9.2384989751405,55756400
2002-09-18,8.7354154586792,8.94694050949763,8.57534255039604,8.701114393792748,51894800
2002-09-19,8.563902854919434,8.8897660278267,8.518167768407052,8.586770943380861,56278400
2002-09-20,8.518170356750488,8.678243753389193,8.472435256340972,8.638225131626815,76653900
2002-09-23,8.077971458435059,8.420984778573342,8.060820928729521,8.4152682988085,62986100
2002-09-24,8.198025703430176,8.57534060271684,7.94648207376875,8.003651229202385,84156500
2002-09-25,8.689676284790039,8.855466141548339,8.249475856240899,8.323795522402252,72720800
2002-09-26,8.661091804504395,8.969803973600255,8.420982279073685,8.941219947643784,72311200
2002-09-27,8.3580961227417,8.74112793421527,8.28377646056866,8.569621063447126,65195700
2002-09-30,7.940762042999268,8.169437472051095,7.814990284418147,8.146569929145913,76123100
2002-10-01,8.38668155670166,8.403832081985026,7.9178965341169425,8.032234278014998,68218600
2002-10-02,8.175154685974121,8.695391708182479,8.140853098208572,8.443848730320997,78381500
2002-10-03,7.9121785163879395,8.340945411031461,7.889310970481831,8.169438544132992,61416800
2002-10-04,7.837854862213135,8.192301915756515,7.7692522594503854,8.08939773900988,65440500
2002-10-07,7.900747776031494,8.152291431434781,7.797844049007903,7.849295639916935,56912400
2002-10-08,7.557732582092285,8.055102199996552,7.483412908813892,8.026517626396341,85399200
2002-10-09,7.6949381828308105,7.895029660672109,7.403376502046777,7.431961076767736,81753200
2002-10-10,8.106554985046387,8.243760295278841,7.712089036621282,7.712089036621282,83505000
2002-10-11,8.7011079788208,8.718258498619647,8.089400290473202,8.226606084479558,77757500
2002-10-14,8.632508277893066,8.683959854714123,8.346663640150984,8.529604033840195,48236600
2002-10-15,9.444307327270508,9.461457308098112,8.64394199459033,9.112727037665099,109131100
2002-10-16,7.740673542022705,8.072253311332558,7.672070887531573,7.734956517847086,155210300
2002-10-17,8.135139465332031,8.169441067388414,7.952199041579242,8.129422985993857,103266700
2002-10-18,8.26662540435791,8.289492949306407,7.826424482592761,8.140853634538542,73323700
2002-10-21,8.832597732543945,8.878332823382332,8.08940168861224,8.129420301999794,87945600
2002-10-22,8.643943786621094,8.844035297574726,8.426701746078882,8.489587929912854,74188700
2002-10-23,9.238499641418457,9.307102841956555,8.586774143155475,8.615358173973338,91799700
2002-10-24,8.935503005981445,9.52434277838943,8.901201411232906,9.347119416937145,86356300
2002-10-25,9.484331130981445,9.490048158180276,8.912641496035784,8.969810132406916,69819200
2002-10-28,9.610093116760254,9.878787681867118,9.45573789407653,9.793033447652359,85986500
2002-10-29,9.375709533691406,9.678705424315128,9.175617948955416,9.54721707364143,79050400
2002-10-30,9.713000297546387,9.935958757742345,9.36998652696057,9.4786077905684,80766700
2002-10-31,9.890228271484375,10.010283637839613,9.615817563259863,9.78160804765252,77160500
2002-11-01,10.4619140625,10.564818314001776,9.667266260986471,9.775887536506216,85017800
2002-11-04,10.730603218078613,10.99357964513106,10.536228863122336,10.787772338432273,80962600
2002-11-05,10.501691818237305,10.742057555195501,10.135419543326481,10.507414941923717,71532500
2002-11-06,10.959527969360352,11.005311855463138,10.438735855600921,10.581810636118872,81286600
2002-11-07,10.55319595336914,10.919467036524605,10.415844297185842,10.690547609552441,66486000
2002-11-08,10.387227058410645,10.805005083596003,10.329996937744788,10.51313354219028,49747500
2002-11-11,9.923666954040527,10.392952063743133,9.883606189784054,10.278491801661248,40879200
2002-11-12,10.181201934814453,10.478796649549146,10.01523466498211,10.026680909434123,54639500
2002-11-13,10.370060920715332,10.433013083988428,10.032404340020237,10.083911350063488,65938300
2002-11-14,10.993864059448242,11.039649030663213,10.64476238652445,10.79928338965359,64924500
2002-11-15,10.759222030639648,10.827898399021093,10.358613338398401,10.576086503720925,73472600
2002-11-18,10.616148948669434,10.976698029640286,10.576088182244677,10.919467895501766,52772600
2002-11-19,10.387227058410645,10.633315813172194,10.307105544422702,10.47879481484651,51321400
2002-11-20,10.959527969360352,10.970974213779535,10.347168083395347,10.438735855600921,64934300
2002-11-21,11.566165924072266,11.657734797280543,11.073989370681868,11.10260389310229,90938900
2002-11-22,11.47459602355957,11.66917779649467,11.22278521635144,11.337244376471356,59559700
2002-11-25,11.720680236816406,11.766464101351884,11.388746946040841,11.474591555598181,53680200
2002-11-26,11.560443878173828,11.846593468311061,11.445983605489312,11.737856318418176,70854100
2002-11-27,11.961045265197754,12.075505467219571,11.674895851716595,11.772186695963125,50910900
2002-11-29,11.949604034423828,12.18996968614142,11.789360994327994,12.12701753106399,20667400
2002-12-02,12.046895980834961,12.642087586698437,11.8866529266209,12.521904204463954,83017000
2002-12-03,11.623397827148438,11.966777606254693,11.531830031596666,11.96105448258593,53659700
2002-12-04,11.257122039794922,11.474595192371302,11.045370916972269,11.102601038673564,75039800
2002-12-05,10.850791931152344,11.531828261137932,10.805008040405568,11.486044370391156,87944700
2002-12-06,10.707717895507812,10.885131439860947,10.518859196336843,10.650488846696232,71640400
2002-12-09,10.118249893188477,10.587535056161059,10.09535740154392,10.558920533179446,71922900
2002-12-10,10.375782012939453,10.587533156359147,10.141139473556866,10.204092722709131,58576400
2002-12-11,10.39295482635498,10.536029646201909,10.164035332914743,10.267049377856411,55585900
2002-12-12,10.410125732421875,10.633322134984178,10.272774016108581,10.536031199482126,54295800
2002-12-13,10.061020851135254,10.301386581704664,10.049574604066663,10.215541911838631,53468200
2002-12-16,10.427292823791504,10.438739071737233,10.072467870068158,10.123974894249656,51245600
2002-12-17,10.23843002319336,10.478795676495706,10.158308502617194,10.410120399308664,52191400
2002-12-18,9.803483963012695,10.072465262224462,9.74053179875858,10.038127618851854,54053300
2002-12-19,9.729086875915527,10.003790243375345,9.528781927802436,9.71764062937783,59466800
2002-12-20,9.734808921813965,9.963728369362183,9.70047127757524,9.820653578197792,69088400
2002-12-23,9.849264144897461,9.958001248160498,9.631791029944981,9.64896039095712,35447500
2002-12-24,9.60317611694336,9.814926102674775,9.60317611694336,9.740527724557301,21515900
2002-12-26,9.551673889160156,9.866438010405636,9.517335151458617,9.666133073443017,29989200
2002-12-27,9.385709762573242,9.637521799408649,9.322757572045234,9.488723827259292,31252300
2002-12-30,9.019434928894043,9.471550699495415,9.007988683670204,9.408598533912352,56796600
