Price,Close,High,Low,Open,Volume
Ticker,MSFT,MSFT,MSFT,MSFT,MSFT
Date,,,,,
1995-01-03,2.2876813411712646,2.337568325066123,2.2853059085988887,2.337568325066123,39545600
1995-01-04,2.3043107986450195,2.3090616643454434,2.2615501074659075,2.290057041593629,51611200
1995-01-05,2.266300678253174,2.318563080657629,2.2567983705455608,2.31381221679124,39824000
1995-01-06,2.3043107986450195,2.3280662870972577,2.2710524188418146,2.275803864517298,46681600
1995-01-09,2.290055751800537,2.318562669872743,2.2710511397524,2.3138118068480753,46000000
1995-01-10,2.318563222885132,2.3375678394661574,2.2995586063041062,2.3043100504367984,42184000
1995-01-11,2.3328168392181396,2.347070010834982,2.309060779890286,2.3233145314819654,31512000
1995-01-12,2.328065872192383,2.3613242460683233,2.3185635625099645,2.328065872192383,26996800
1995-01-13,2.385080575942993,2.394582888994559,2.3518227702500942,2.356573636788296,41307200
1995-01-16,2.4373421669006348,2.451595338181721,2.3945814931077276,2.40408380062006,74648000
1995-01-17,2.4563472270965576,2.475351845565487,2.446844917862093,2.4610980917263254,73932800
1995-01-18,2.4729762077331543,2.480103231143506,2.4420939862217663,2.4658500542853785,50504000
1995-01-19,2.4135873317718506,2.470601205750713,2.4112118986831774,2.451596581091092,67108800
1995-01-20,2.3423197269439697,2.413586762624526,2.32806597182287,2.3898312773893347,82388800
1995-01-23,2.3874545097351074,2.39458138504143,2.2995583142064526,2.318562928373448,53843200
1995-01-24,2.3571674823760986,2.3993339904787914,2.3565732979082394,2.3945825446486952,36739200
1995-01-25,2.3470706939697266,2.36607531497353,2.3185637624640214,2.3423198287062785,52459200
1995-01-26,2.27580189704895,2.318561971286212,2.271050455481167,2.3138111096929865,80836800
1995-01-27,2.27580189704895,2.290055061803185,2.271050455481167,2.2853042002099593,58376000
1995-01-30,2.2425448894500732,2.2853055692787354,2.237794025010725,2.2853055692787354,55164800
1995-01-31,2.25679874420166,2.271051918135547,2.2140380624501357,2.247296434920758,59945600
1995-02-01,2.247296094894409,2.3090608058875173,2.2419504667577885,2.2567984027375676,66705600
1995-02-02,2.2425448894500732,2.2567986427179294,2.2187894073035213,2.2330425805964715,46312000
1995-02-03,2.2853052616119385,2.299558432986008,2.2520468951143964,2.2615492026887187,60332800
1995-02-06,2.3138129711151123,2.3233152819205647,2.285306038698756,2.285306038698756,48345600
1995-02-07,2.318563222885132,2.323314667017824,2.3043100504367984,2.309060914594619,33152000
1995-02-08,2.351821184158325,2.3565720474924974,2.3185628209200377,2.3280651275631525,49150400
1995-02-09,2.351821184158325,2.3755766607787274,2.3470697408493826,2.36132349080144,42398400
1995-02-10,2.356572389602661,2.380328449646567,2.3375677735574785,2.356572389602661,49862400
1995-02-13,2.356572389602661,2.3850793136704356,2.3423192175562018,2.356572389602661,38160000
1995-02-14,2.351821184158325,2.366074354135612,2.337567434206268,2.36132349080144,31121600
1995-02-15,2.30906081199646,2.332816871654628,2.2663007165765405,2.285305332313137,147001600
1995-02-16,2.3138129711151123,2.3233152819205647,2.29005690411397,2.3138129711151123,56744000
1995-02-17,2.294807195663452,2.3138118077187406,2.2900557526622634,2.309060364717552,37824000
1995-02-21,2.2710516452789307,2.3090608778359,2.261549337139688,2.2995585696966576,55392000
1995-02-22,2.3375682830810547,2.3565729032687055,2.2663012473648543,2.2710521124242766,60902400
1995-02-23,2.3423197269439697,2.3613243471221157,2.318563661733797,2.32806597182287,59939200
1995-02-24,2.328065872192383,2.3518219363859054,2.328065872192383,2.3328173170210698,34177600
1995-02-27,2.3470706939697266,2.3565730044716284,2.3233152077024752,2.332817518204377,28592000
1995-02-28,2.3945817947387695,2.4040841034480502,2.347070251192365,2.351821695534454,52544000
1995-03-01,2.4040846824645996,2.432591615458251,2.385080060468832,2.399333816953176,52032000
1995-03-02,2.4230880737304688,2.4230880737304688,2.3993325982891096,2.4040834613874846,26038400
1995-03-03,2.418337821960449,2.427840130534017,2.399333204813314,2.418337821960449,31776000
1995-03-06,2.444469451904297,2.446845609859848,2.389831738328843,2.404084916224048,45156800
1995-03-07,2.483666181564331,2.5092042216724773,2.4420938620328005,2.446845307393916,91750400
1995-03-08,2.603633165359497,2.60838461075825,2.4991077463122178,2.4991077463122178,140096000
1995-03-09,2.5798773765563965,2.6131351705578356,2.5418681377119188,2.603632860846716,58238400
1995-03-10,2.606008291244507,2.6131353139062914,2.527614521814813,2.5798775180804334,44324800
1995-03-13,2.6226367950439453,2.6487684299095036,2.594129873358685,2.6083836241887184,34550400
1995-03-14,2.7271621227264404,2.7366644297742675,2.632139052248167,2.6368904957594785,78643200
1995-03-15,2.6796505451202393,2.7319135230443745,2.6748996816588377,2.727162079608187,57294400
1995-03-16,2.6653990745544434,2.679652254003052,2.646394448639528,2.6606476280881366,47510400
1995-03-17,2.6582720279693604,2.7271634988410414,2.6558964500086972,2.6796519396277825,59868800
1995-03-20,2.703407049179077,2.7176602218938766,2.660646371084914,2.6653978153064353,37772800
1995-03-21,2.677276134490967,2.7176606620337,2.674900556989189,2.708158352026589,74772800
1995-03-22,2.696279287338257,2.6986545735600465,2.655894491783221,2.6796499638870883,52464000
1995-03-23,2.765172243118286,2.7841768633459036,2.708158382435435,2.7129098274798307,105286400
1995-03-24,2.8079330921173096,2.8174354027844157,2.779426160115992,2.7841770254620366,65683200
1995-03-27,2.7746741771698,2.8079325480479858,2.760421003918366,2.765171868343876,61008000
1995-03-28,2.7984304428100586,2.812683617098422,2.7699235142583856,2.7699235142583856,47603200
1995-03-29,2.7461674213409424,2.812683587255775,2.739040399291169,2.798430413118638,65763200
1995-03-30,2.7414164543151855,2.7651719369822128,2.674900290882624,2.755669627920418,75011200
1995-03-31,2.703407049179077,2.7414162830517186,2.6796509880212347,2.727162530362037,63080000
1995-04-03,2.6606454849243164,2.712908454079817,2.641640874317714,2.698654706137521,65617600
1995-04-04,2.655895709991455,2.7176604297715263,2.651144265406489,2.6701488837964997,66689600
1995-04-05,2.6844029426574707,2.6844029426574707,2.61313532560794,2.655896011832657,65792000
1995-04-06,2.6606454849243164,2.693903843473215,2.6392655879792333,2.684401538169914,35414400
1995-04-07,2.6463921070098877,2.6891521874951034,2.64164066474784,2.670147578396198,43148800
1995-04-10,2.696279287338257,2.7081568783965255,2.636889882110263,2.641640744541172,43169600
1995-04-11,2.7414164543151855,2.7420100586440888,2.7034072180680075,2.7224118361915965,43624000
1995-04-12,2.7224106788635254,2.78417537152085,2.6891523212982955,2.741415288908036,40430400
1995-04-13,2.755669355392456,2.755669355392456,2.7034069507086502,2.727162431026327,32814400
1995-04-17,2.9409637451171875,2.969470660675797,2.869696166233324,2.869696166233324,187913600
1995-04-18,2.9172072410583496,2.945714152208757,2.8887003299079423,2.9409632903376517,75609600
1995-04-19,2.8934521675109863,2.926709945081394,2.8696961149824056,2.9124567775439822,59163200
1995-04-20,2.8601951599121094,2.921960461658481,2.8126836124052637,2.907706707418955,83913600
1995-04-21,2.8506932258605957,2.8839516034831467,2.8459423604716725,2.874449292730278,53555200
1995-04-24,2.9552175998687744,2.955811784068375,2.8554436622078803,2.8649459696029567,68089600
1995-04-25,3.040738582611084,3.0454900266338427,2.9504669459272463,2.9504669459272463,69371200
1995-04-26,3.026484727859497,3.050240202690596,3.007480116004727,3.0312355908358257,44305600
1995-04-27,2.9884755611419678,3.0597425669690965,2.902954806164571,3.0264847855763666,128844800
1995-04-28,3.107254981994629,3.121508735202239,2.98847641181409,2.9979787206275295,92104000
1995-05-01,3.121508836746216,3.1832735560553513,3.107255083074925,3.1120065276236626,65550400
1995-05-02,3.024111747741699,3.12626193374065,3.0217364587523607,3.121511065774305,78099200
1995-05-03,3.0739974975585938,3.0787483624514396,3.050241433169482,3.050241433169482,61566400
1995-05-04,3.0977530479431152,3.164269217684225,3.0787484280170836,3.097753047943115,66524800
1995-05-05,3.040738582611084,3.1025038750578005,3.035987718563183,3.093001566987141,43707200
1995-05-08,3.0359883308410645,3.054992950815109,3.007481400879998,3.0359883308410645,43988800
1995-05-09,3.0336127281188965,3.054993509474524,3.007481950851087,3.0407397518999524,36748800
1995-05-10,3.0122320652008057,3.0549927472810294,2.997978891157355,3.0454904379270835,38688000
1995-05-11,3.093000650405884,3.097751513045912,3.0027284604984916,3.0074799031132056,38673600
1995-05-12,3.0692455768585205,3.1262594265834465,3.0549924044147243,3.093001637564675,36192000
1995-05-15,3.0906248092651367,3.116756441367634,3.035987128453711,3.064494047124757,35232000
1995-05-16,3.2260336875915527,3.2313787355625463,3.0977522463002947,3.0977522463002947,86708800
1995-05-17,3.2687935829162598,3.3020519471484415,3.235535798658866,3.2402866621350133,66515200
1995-05-18,3.216531276702881,3.2973005979033116,3.216531276702881,3.2545405054971552,58326400
1995-05-19,3.2450382709503174,3.2497891346685646,3.192775290200695,3.2022775976120066,45190400
1995-05-22,3.316305637359619,3.325807945776122,3.1927756279450774,3.2450386142232843,91382400
1995-05-23,3.363818645477295,3.3638186454772954,3.269983308968571,3.3258093952459133,55516800
1995-05-24,3.3258087635040283,3.4018272495269777,3.306804141998291,3.3875740733851853,68684800
1995-05-25,3.392324447631836,3.3970758923078646,3.311555107913785,3.3400620360451447,43440000
1995-05-26,3.3258087635040283,3.392324938774109,3.306804141998291,3.389949651073403,52934400
1995-05-30,3.15476655960083,3.3590664912491817,3.140513386216594,3.3448127378900367,99612800
1995-05-31,3.218907594680786,3.221282882039954,3.0787482412417257,3.164269025720663,119756800
1995-06-01,3.1975276470184326,3.2545415077678697,3.1880253368935265,3.230785442468113,61153600
1995-06-02,3.159517526626587,3.197526756541043,3.140512911669359,3.1832730053357112,55556800
1995-06-05,3.2212820053100586,3.24503806229826,3.1072543237061625,3.140512687494689,55852800
1995-06-06,3.159517526626587,3.2693879568480617,3.159517526626587,3.226033678976885,49036800
1995-06-07,3.1927754878997803,3.2212824118988856,3.121508467889444,3.1500153918885494,64590400
1995-06-08,3.1975276470184326,3.216532267268245,3.17852302676862,3.1975276470184326,29320000
1995-06-09,3.2260336875915527,3.264042917607507,3.140512920055655,3.1832730138361924,81214400
1995-06-12,3.1832728385925293,3.221282066516022,3.1642682246307827,3.2165312030129813,45832000
1995-06-13,3.1880249977111816,3.221282789622478,3.1690203794833205,3.1975273068251124,37691200
1995-06-14,3.1856496334075928,3.1975281027316336,3.14526509960861,3.169021168294093,43096000
1995-06-15,3.2260336875915527,3.2307845513561353,3.1880244575755983,3.192775321340181,43912000
1995-06-16,3.3068039417266846,3.325808562081436,3.2260345952064857,3.2307854603076804,92278400
1995-06-19,3.413703441619873,3.416673202494188,3.3020519162463318,3.316305086516173,78982400
1995-06-20,3.4730942249298096,3.4730942249298096,3.4113289265234052,3.4350849889796877,56670400
1995-06-21,3.439835548400879,3.5111031494739637,3.4208309321113712,3.492098533184456,57224000
1995-06-22,3.492098569869995,3.49684943400485,3.444587028647103,3.444587028647103,46296000
1995-06-23,3.4635913372039795,3.5039761436530066,3.430332971317372,3.4493375861169144,46356800
1995-06-26,3.4113283157348633,3.463591295796201,3.401826008448694,3.458839852165711,41048000
1995-06-27,3.3020527362823486,3.4398359296654637,3.2973012916959,3.40182669287358,66004800
1995-06-28,3.3400628566741943,3.382822969389613,3.2260351161329717,3.2973021639836957,107286400
1995-06-29,3.3970744609832764,3.4113276290560526,3.3448114914421465,3.3448114914421465,57643200
1995-06-30,3.435084581375122,3.4588400610376837,3.4065776577951414,3.4065776577951414,53342400
1995-07-03,3.45646595954895,3.4635926928882523,3.4350857595310447,3.4540903817691833,16763200
1995-07-05,3.4469614028930664,3.496848213781695,3.435083521732123,3.482595046375896,48547200
1995-07-06,3.5253584384918213,3.5348607523422038,3.435086746900795,3.4445890607511775,47070400
1995-07-07,3.634634017944336,3.634634017944336,3.525357158358134,3.5301086035455773,66699200
1995-07-10,3.7581632137298584,3.7914210027135953,3.639384070273952,3.6488863785514303,111982400
1995-07-11,3.6678905487060547,3.7676650634639564,3.6678905487060547,3.7629136199160564,78227200
1995-07-12,3.796171188354492,3.800922050930817,3.6773920842755654,3.6773920842755654,94675200
1995-07-13,3.805673837661743,3.8579362306012417,3.7296553897681224,3.805673837661743,84811200
1995-07-14,3.9387078285217285,3.9387078285217285,3.7249055611711004,3.7344078712761286,89905600
1995-07-17,4.143007278442383,4.1525095887140395,4.047984175725814,4.095495727084098,155830400
1995-07-18,3.872191905975342,4.071740430971034,3.848435839202631,4.066988985626484,289624000
1995-07-19,3.5918731689453125,3.753412438448144,3.3638177296471974,3.6868962686528604,305092800
1995-07-20,3.6536383628845215,3.7011499112967066,3.572868440596328,3.6203799890085135,177848000
1995-07-21,3.496849298477173,3.6488862244979194,3.487346990600876,3.572867761487546,169257600
1995-07-24,3.5586137771606445,3.5633646400266565,3.501599942920218,3.5206045543336932,94811200
1995-07-25,3.6631383895874023,3.71064990838896,3.6108754289183915,3.629880036439015,109422400
1995-07-26,3.648886203765869,3.7296561102429,3.6061261085529095,3.710651494598286,77470400
1995-07-27,3.6678905487060547,3.7106512207379554,3.6583882415850546,3.6678905487060547,52916800
1995-07-28,3.5206055641174316,3.6488864379646877,3.4968495030494924,3.6488864379646877,158468800
1995-07-31,3.439835548400879,3.5538632461379245,3.4208309321113712,3.539610073908225,101435200
1995-08-01,3.401827573776245,3.454684182377168,3.34006283798293,3.4493391320692095,166144000
1995-08-02,3.382821559906006,3.520605312305327,3.344812328895826,3.4588400219263655,129804800
1995-08-03,3.4635913372039795,3.4730936446037504,3.3258075899198896,3.3448122047194317,113536000
1995-08-04,3.5681188106536865,3.568118810653687,3.468344234469053,3.473095680942206,77705600
1995-08-07,3.5586137771606445,3.6298807799738206,3.4873461943727544,3.59187155714687,64273600
1995-08-08,3.5538620948791504,3.6061250627323576,3.549111232333227,3.577618147532792,43913600
1995-08-09,3.6678905487060547,3.7296558349799556,3.6488859344640545,3.7154020843110556,144384000
1995-08-10,3.5776188373565674,3.6916465201412425,3.5681165304578446,3.686895076704488,71883200
1995-08-11,3.6678905487060547,3.6726419922539546,3.501600464075952,3.6013743988590536,97195200
1995-08-14,3.7534120082855225,3.7724166260489933,3.6393843017046965,3.68214498165996,88872000
1995-08-15,3.739159107208252,3.777168345502745,3.6821452497665117,3.7724169007284587,63267200
1995-08-16,3.7534120082855225,3.758163452713844,3.6916472905416953,3.739158834950373,38118400
1995-08-17,3.7676661014556885,3.8294308247709665,3.7492550863491174,3.758163791716803,74564800
1995-08-18,3.6916494369506836,3.7914234482323335,3.6868979897597627,3.7890481596183063,77502400
1995-08-21,3.5918731689453125,3.7344078185066345,3.587122303947422,3.70590088859437,110491200
1995-08-22,3.7747914791107178,3.777167636032757,3.587121480256891,3.615628403623271,94320000
1995-08-23,3.7201554775238037,3.819929464596611,3.705901719384772,3.800924840394638,111188800
1995-08-24,3.6536383628845215,3.7296568403440173,3.6298822986909505,3.7296568403440173,95275200
1995-08-25,3.587122917175293,3.67739458734215,3.587122917175293,3.6631414099368875,73489600
1995-08-28,3.4232065677642822,3.5871219799285656,3.416080415904884,3.5871219799285656,112622400
1995-08-29,3.492098569869995,3.492098569869995,3.3068032691132823,3.4255824121579463,163929600
1995-08-30,3.544361114501953,3.563365731737888,3.477844954176179,3.5301079415624472,79499200
1995-08-31,3.5158543586730957,3.5728682131380647,3.4778451223631164,3.549112730431787,38764800
1995-09-01,3.4113283157348633,3.496849081310389,3.397075144793014,3.4873467740242194,80262400
1995-09-05,3.6108784675598145,3.6156299134257237,3.430334544181824,3.4540906135612057,92052800
1995-09-06,3.5538620948791504,3.667889755677412,3.534857484746107,3.620378230344803,100265600
1995-09-07,3.596625328063965,3.672643822924233,3.5443623228599863,3.58237157029012,93932800
1995-09-08,3.6298816204071045,3.6346330643479408,3.5443608492456806,3.5633654650593303,64417600
1995-09-11,3.7106528282165527,3.720155139454015,3.610878270235673,3.625132027079392,77408000
1995-09-12,3.6583895683288574,3.7154034317313847,3.6346340818986422,3.7154034317313847,71155200
1995-09-13,3.6536383628845215,3.686896156785573,3.615629124154773,3.653638362884521,61208000
1995-09-14,3.606126546859741,3.667891265224511,3.6013751023836518,3.653638091746069,54230400
1995-09-15,3.551488161087036,3.6251310533974626,3.5158542135300275,3.601374991696974,88316800
1995-09-18,3.496849298477173,3.5491122817842276,3.454089203021261,3.544360837858656,76827200
1995-09-19,3.546736478805542,3.591872735709984,3.477845029814429,3.496849647463688,58011200
1995-09-20,3.5396103858947754,3.5966242397885844,3.520605767930172,3.553863559380771,44652800
1995-09-21,3.4445865154266357,3.5372334270326333,3.4398350720248456,3.4683419925112395,83836800
1995-09-22,3.4113283157348633,3.4493375448795414,3.382821393876355,3.416079759365353,99899200
1995-09-25,3.4297382831573486,3.444586216262577,3.3638163252453097,3.439834773273452,57878400
1995-09-26,3.354315996170044,3.4920998044138574,3.34956513035564,3.4350859347905702,76548800
1995-09-27,3.368569850921631,3.373320716873344,3.1690213014727853,3.3448137812377947,140756800
1995-09-28,3.4778451919555664,3.477845191955567,3.3780712346328317,3.382822099279185,105510400
1995-09-29,3.439835548400879,3.525356321703663,3.4232062191601287,3.482596225039702,95158400
1995-10-02,3.354315996170044,3.4540905579983328,3.34956513035564,3.439836800604974,67731200
1995-10-03,3.3780720233917236,3.3923252006337443,3.316306708742792,3.3495650889326165,80736000
1995-10-04,3.2735443115234375,3.3495627503399508,3.249788259405946,3.3495627503399508,73473600
1995-10-05,3.3258087635040283,3.3258087635040283,3.230785655975342,3.2687948989868167,101289600
1995-10-06,3.2640416622161865,3.3828201703449303,3.249787916454961,3.325806347249229,76616000
1995-10-09,3.159517526626587,3.2592914651646234,3.1452637754212547,3.226033678976885,108614400
1995-10-10,3.1832728385925293,3.1975265890512348,3.0549919843381366,3.088249768783797,157644800
1995-10-11,3.292550563812256,3.321057492589959,3.230785261473089,3.264043635034552,107009600
1995-10-12,3.330559730529785,3.349564349306061,3.2925504929772336,3.3068036670719714,78700800
1995-10-13,3.2782957553863525,3.37331882075987,3.2687934488490007,3.3638165142225183,68644800
1995-10-16,3.2973010540008545,3.321057115270724,3.249789511436001,3.2592918199489715,61067200
1995-10-17,3.4635913372039795,3.4778445083162275,3.2973006677205765,3.3163052825201187,123140800
1995-10-18,3.634634017944336,3.7486617427429816,3.6061270867446744,3.734407987155651,294329600
1995-10-19,3.6773927211761475,3.6868950279492125,3.6013742669916278,3.6203788805377575,95840000
1995-10-20,3.6298816204071045,3.6821446038820653,3.6061261406274663,3.667890852034404,79984000
1995-10-23,3.6631383895874023,3.691645300868337,3.5918708213977686,3.6108754289183915,93473600
1995-10-24,3.705901861190796,3.7296579323398382,3.663141745087696,3.663141745087696,68681600
1995-10-25,3.644136667251587,3.715403711891128,3.6441366672515874,3.7106528462368504,60211200
1995-10-26,3.7249059677124023,3.7296574132709868,3.6251319907076285,3.639385167433291,82841600
1995-10-27,3.8009233474731445,3.8062683959305286,3.7011493995894122,3.705900263786316,130683200
1995-10-30,3.9054489135742188,3.929204975542048,3.7439096641076453,3.772416590484099,125464000
1995-10-31,3.8009233474731445,3.9292048004378013,3.7914210391044616,3.914951047897339,91958400
1995-11-01,3.739159107208252,3.8389330677438216,3.734407662433965,3.805675274223615,72819200
1995-11-02,3.8009233474731445,3.815177100013607,3.7344071888923644,3.748660941432827,63504000
1995-11-03,3.781916856765747,3.80567290590358,3.753409945785101,3.800921464086178,40635200
1995-11-06,3.701148509979248,3.758162346487467,3.682143897809842,3.6868947608648255,87729600
1995-11-07,3.534860134124756,3.70115088741119,3.5301092680180566,3.6678925047638598,115921600
1995-11-08,3.6203792095184326,3.629881517154964,3.5491121922318634,3.568116807504926,71280000
1995-11-09,3.762913465499878,3.7635076496579574,3.6488857847271543,3.6678903981892748,99814400
1995-11-10,3.682145118713379,3.7629144572269992,3.672048625163279,3.743909838756156,60819200
1995-11-13,3.660764455795288,3.696398406513937,3.6512621462669745,3.6726429226806268,59003200
1995-11-14,3.5728683471679688,3.6488868226396276,3.5681174824384607,3.6441359579101196,75657600
1995-11-15,3.5728683471679688,3.5966244107403327,3.4920990069668014,3.587122101306375,108686400
1995-11-16,3.4160804748535156,3.4909105804302394,3.406578165577115,3.4398359580570514,195126400
1995-11-17,3.3210580348968506,3.4445880797718758,3.3210580348968506,3.420832011923771,143803200
1995-11-20,3.2687935829162598,3.397075016419263,3.259291275989178,3.3590657887109345,115296000
1995-11-21,3.344813108444214,3.373320038345727,3.202278458936648,3.2640437637107467,130163200
1995-11-22,3.3210580348968506,3.4018273896353057,3.3163065893372115,3.3590672794737815,65428800
1995-11-24,3.344813108444214,3.3543154184113853,3.321057623513773,3.330559933480944,15014400
1995-11-27,3.316305637359619,3.401826413108148,3.3121483774273988,3.368568623637826,79100800
1995-11-28,3.4778451919555664,3.477845191955567,3.2877990066028033,3.30680362513808,86537600
1995-11-29,3.4113283157348633,3.5158536958827282,3.3923237011625242,3.4920982176547093,91067200
1995-11-30,3.311555862426758,3.4113298436317963,3.302053550884608,3.4018275320896465,93512000
1995-12-01,3.2782957553863525,3.340061037866521,3.264042585567707,3.311554118254466,96124800
1995-12-04,3.3400628566741943,3.4065790386565746,3.240288293713084,3.2735466746918145,130436800
1995-12-05,3.2687935829162598,3.349563481783852,3.235535798658866,3.34006117485677,104528000
1995-12-06,3.4445865154266357,3.4588396856824413,3.268793549106483,3.273544992508273,145272000
1995-12-07,3.439835548400879,3.4968493972694015,3.377476651200932,3.4635916087501943,132876800
1995-12-08,3.5918731689453125,3.5966246139181766,3.50575819484786,3.520606134152138,147041600
1995-12-11,3.5396103858947754,3.6013751042922784,3.5348589414161675,3.591872795309977,61924800
1995-12-12,3.4730942249298096,3.539610387842522,3.463591915942279,3.5348589433613,44739200
1995-12-13,3.487348794937134,3.501602554113823,3.4398372309734127,3.4635933029428463,39577600
1995-12-14,3.3733198642730713,3.553863744332757,3.3685689995221306,3.506352196948629,92822400
1995-12-15,3.359065294265747,3.4113276846844243,3.3163046294007357,3.3875722108508537,115470400
1995-12-18,3.3068039417266846,3.382822423145689,3.245039215561237,3.3590669376897435,99460800
1995-12-19,3.4540903568267822,3.4594354067926614,3.3210580021204557,3.3210580021204557,84340800
1995-12-20,3.311555862426758,3.473095158643305,3.306804416668148,3.4635928471011552,84980800
1995-12-21,3.4208312034606934,3.4208312034606934,3.3210572500138777,3.3353104233741764,60593600
1995-12-22,3.439835548400879,3.4540893006054407,3.387573143592164,3.4255823761711794,36057600
1995-12-26,3.4303348064422607,3.468344056375139,3.416081627704995,3.4303348064422607,34707200
1995-12-27,3.3780720233917236,3.444588203796307,3.3590674004189855,3.435085892309938,40539200
1995-12-28,3.3210580348968506,3.3638181450583753,3.3163065893372115,3.3543158339141423,49777600
1995-12-29,3.3353114128112793,3.3733206596809233,3.278297542506813,3.316306789376457,52342400
1996-01-02,3.4113283157348633,3.4113283157348633,3.321056686503658,3.340061301075997,57779200
1996-01-03,3.3020527362823486,3.4255827558559706,3.2973012916959,3.387573519064087,62857600
1996-01-04,3.3210580348968506,3.3258089004814444,3.226034923454524,3.3163065893372115,102353600
1996-01-05,3.283048152923584,3.3305596994204887,3.273545843624203,3.278296708286427,62083200
1996-01-08,3.2782957553863525,3.330558731329169,3.273544892105059,3.2877980619237044,11377600
1996-01-09,3.0478663444519043,3.268794770805161,3.035988456476595,3.268794770805161,177424000
1996-01-10,3.131011962890625,3.1642697635105566,3.059150151424415,3.059744335887085,181571200
1996-01-11,3.292550563812256,3.3020528734048233,3.159518229516305,3.1737714039176814,116617600
1996-01-12,3.2592904567718506,3.302051117183292,3.188023462718971,3.287797370387931,80544000
1996-01-15,3.1357614994049072,3.2640429416407035,3.1120060204574354,3.2640429416407035,84572800
1996-01-16,3.283048152923584,3.28720483326713,3.1642689966938558,3.1785227506303935,122006400
1996-01-17,3.2260336875915527,3.325807626396022,3.216531380087564,3.221282243852147,143078400
1996-01-18,3.330559730529785,3.3780712774704744,3.2307851919668686,3.2497898107431444,121331200
1996-01-19,3.492098569869995,3.544360975227742,3.4065777956687895,3.430333276292801,227440000
1996-01-22,3.496849298477173,3.525356222106063,3.454089203021261,3.482596126650151,82643200
1996-01-23,3.401827573776245,3.487348378703581,3.3923252621176525,3.47309520120323,66473600
1996-01-24,3.4683423042297363,3.515853842643842,3.401826150449988,3.416079901961637,92217600
1996-01-25,3.3970744609832764,3.482595209344013,3.382820712935807,3.4730929039705978,59881600
1996-01-26,3.439835548400879,3.4540893006054407,3.382821699532356,3.387573143592164,50881600
1996-01-29,3.435084581375122,3.4683423688976776,3.3964811657064757,3.4493377531776903,39587200
1996-01-30,3.4517126083374023,3.4730933783224454,3.4445864583087515,3.4540887649799825,45120000
1996-01-31,3.5158543586730957,3.520605803199303,3.425582712424354,3.4493381951306317,68774400
1996-02-01,3.5776188373565674,3.582369700818536,3.4968489387300297,3.506351245628753,78587200
1996-02-02,3.534860134124756,3.577620828960594,3.5016023314525344,3.5728693828787854,44686400
1996-02-05,3.6916494369506836,3.6964003041663602,3.525358644847608,3.525358644847608,126480000
1996-02-06,3.6678905487060547,3.7058997771900555,3.6346327637699543,3.6678905487060547,98158400
1996-02-07,3.682145118713379,3.691647427948801,3.629287943616417,3.6488867464019386,65555200
1996-02-08,3.7581632137298584,3.7819186944361176,3.6298817619964745,3.6726424392325594,103924800
1996-02-09,3.805673837661743,3.810424700667729,3.743908558760811,3.7534108647475137,122832000
1996-02-12,3.781916856765747,3.843682120544442,3.7676636912627184,3.7914191604259626,87779200
1996-02-13,3.7866694927215576,3.8104249693761676,3.705899596151385,3.7154019028081833,114513600
1996-02-14,3.7534120082855225,3.805674997122521,3.739158834950373,3.805674997122521,80212800
1996-02-15,3.743910074234009,3.767666138804194,3.715403144734765,3.7439100742340083,52195200
1996-02-16,3.7201554775238037,3.772417904091678,3.7201554775238037,3.753413279889705,62206400
1996-02-20,3.7154033184051514,3.743910249236904,3.682145522422269,3.696398697850649,64182400
1996-02-21,3.796171188354492,3.8056734934818195,3.7058989996575464,3.7154013047848733,80046400
1996-02-22,3.895947217941284,3.9006986630726117,3.8009241150646673,3.8009241150646673,106500800
1996-02-23,3.9339559078216553,3.9387073522871563,3.8721911895945196,3.9006981164627925,102640000
1996-02-26,3.824678897857666,3.9244528324234036,3.819927454320117,3.914950525323105,63696000
1996-02-27,3.805673837661743,3.8318045991504444,3.7908259045827895,3.829429312641134,60958400
1996-02-28,3.805673837661743,3.8769408425746468,3.7961715316750406,3.829429312641134,60051200
1996-02-29,3.7510359287261963,3.805674193255007,3.7462841953141233,3.762913522332023,61723200
1996-03-01,3.6298816204071045,3.748660759229839,3.596623832720641,3.7391584513230143,157652800
1996-03-04,3.6583895683288574,3.701150255868258,3.6298826366275936,3.6488872577617695,72564800
1996-03-05,3.729656934738159,3.7350019840698083,3.6393847004828235,3.6488870104057547,57369600
1996-03-06,3.686894178390503,3.7581617527539306,3.6868941783905034,3.7344057013079066,44256000
1996-03-07,3.6987721920013428,3.710650654063365,3.6726414313839695,3.6916460427236673,44291200
1996-03-08,3.615628242492676,3.705899872475834,3.6013744914572845,3.6298814135532522,108524800
1996-03-11,3.6678905487060547,3.6726419922539546,3.615628149527954,3.615628149527954,74592000
1996-03-12,3.639383554458618,3.672641918703467,3.601374326735813,3.658388168320021,76888000
1996-03-13,3.8341822624206543,3.8389331272936866,3.715403100920375,3.73381353601738,156710400
1996-03-14,3.7866694927215576,3.8721902526327434,3.7866694927215576,3.843683332662348,60640000
1996-03-15,3.8911938667297363,3.9197007793798635,3.7866685203459345,3.800921686683687,121721600
1996-03-18,4.0004730224609375,4.02422909049158,3.8911967334501236,3.8911967334501236,119472000
1996-03-19,4.062236785888672,4.069362936608407,3.98146688136287,4.043232170703169,92491200
1996-03-20,3.9767160415649414,4.052734502765945,3.942863490586537,4.038480751303341,92944000
1996-03-21,3.829430103302002,3.9672138585447096,3.8199277953533612,3.9624624145829643,66313600
1996-03-22,3.843682289123535,3.855560169219753,3.7914193267128673,3.8436822891235347,48046400
1996-03-25,3.796171188354492,3.891194239627763,3.7557858115886744,3.8579358816947793,63379200
1996-03-26,3.9054489135742188,3.9102003579577453,3.7534119728997966,3.7771680348676258,79899200
1996-03-27,3.895947217941284,3.9529610796672543,3.8436848013466416,3.9244541488042692,52729600
1996-03-28,3.886443614959717,3.933955150594921,3.843683522875433,3.872190444256556,54955200
1996-03-29,3.9197020530700684,3.95771128228784,3.881692823852297,3.8911951311567403,53508800
1996-04-01,3.9054489135742188,3.9339558399506727,3.881693431581291,3.920296271061955,31692800
1996-04-02,3.9767160415649414,3.9909692130527135,3.9006975803639374,3.905448444201584,54396800
1996-04-03,3.9719645977020264,3.9957206568144548,3.9292045032644207,3.9577114262144355,46072000
1996-04-04,3.967214822769165,3.986219443285484,3.9339564468781103,3.9767171330273245,28961600
1996-04-08,3.943458080291748,3.948209524592799,3.8721910555751267,3.8959465371557034,73753600
1996-04-09,3.86268949508667,3.95296115454183,3.8579380498653437,3.95296115454183,66942400
1996-04-10,3.86268949508667,3.9149519126712353,3.848435739397695,3.8579380498653437,51910400
1996-04-11,3.843682289123535,3.8911938095084078,3.786668464661687,3.8579354552516896,62465600
1996-04-12,3.843682289123535,3.862686897277484,3.819926238943791,3.8436822891235347,33737600
1996-04-15,3.934549570083618,3.9387068297003234,3.838932308911976,3.838932308911976,50102400
1996-04-16,4.0004730224609375,4.0099753336781845,3.9529614663747035,3.9624637775919505,80116800
1996-04-17,4.026604652404785,4.0289799402121975,3.96483904976139,4.00047300667296,62630400
1996-04-18,4.143007278442383,4.1525095887140395,4.009974934639187,4.0289795551825005,133958400
1996-04-19,4.171513080596924,4.2617852937407665,4.162010772896247,4.242780678339414,169492800
1996-04-22,4.2855424880981445,4.309298556844537,4.190519373062709,4.200021684566252,92758400
1996-04-23,4.280789375305176,4.304544851607017,4.233277842726732,4.285540238575639,57139200
1996-04-24,4.238029956817627,4.299795257386517,4.228527647497408,4.295043812738941,69251200
1996-04-25,4.2855424880981445,4.323551734112319,4.190519373062709,4.238030930580426,63896000
1996-04-26,4.314048767089844,4.328302522166837,4.271288661808821,4.285541836910836,54296000
1996-04-29,4.280789375305176,4.314047158122706,4.257033319028572,4.309296294852243,34267200
1996-04-30,4.30454683303833,4.30454683303833,4.252284413132443,4.280791345801571,28441600
1996-05-01,4.375813007354736,4.380563871240681,4.280789929887477,4.290292237634203,65014400
1996-05-02,4.242781639099121,4.3805648419719265,4.223777019394254,4.375813977033193,87340800
1996-05-03,4.214273929595947,4.3520571069688865,4.185767005314491,4.276038642218338,75300800
1996-05-06,4.247531414031982,4.271287472554246,4.166762091000886,4.219024491790157,75852800
1996-05-07,4.299795150756836,4.314048324396236,4.2427812962493965,4.2427812962493965,47366400
1996-05-08,4.342553615570068,4.347305058309684,4.2095213385066526,4.290291225282505,77851200
1996-05-09,4.314048767089844,4.375814072465183,4.304546457030174,4.3425556972688515,47776000
1996-05-10,4.3663105964660645,4.376406508221054,4.337803673899283,4.347305981421544,43913600
1996-05-13,4.50884485244751,4.5183471592177105,4.371061114292214,4.371061114292214,95606400
1996-05-14,4.523099422454834,4.561108661298992,4.493998308977297,4.532601732165874,76832000
1996-05-15,4.470836639404297,4.551605975283033,4.461334330478863,4.52309904850673,56323200
1996-05-16,4.451833248138428,4.461335559681973,4.394819378877157,4.40907255620494,67092800
1996-05-17,4.447082042694092,4.485091290922246,4.423326552539046,4.480340424881278,35392000
1996-05-20,4.437577247619629,4.4803379179373986,4.432826384236975,4.461333304457229,38457600
1996-05-21,4.375813007354736,4.442329161581818,4.375813007354736,4.4375777177210365,42113600
1996-05-22,4.442330360412598,4.456583535891705,4.35680956761297,4.371062743092078,45646400
1996-05-23,4.504093170166016,4.527849225818822,4.4423284694232645,4.4423284694232645,51976000
1996-05-24,4.504093170166016,4.523097782698361,4.494590863899842,4.504093170166016,26443200
1996-05-28,4.456583023071289,4.528444236529661,4.4518321584499345,4.513596878377105,43376000
1996-05-29,4.451833248138428,4.494593360096846,4.432828625051338,4.461335559681973,33569600
1996-05-30,4.49459171295166,4.49459171295166,4.432827000541233,4.456582480706826,33824000
1996-05-31,4.513596534729004,4.5373525959518615,4.485089609246504,4.506469513370937,40259200
1996-06-03,4.499343395233154,4.5421034937855325,4.48984108666875,4.513596568092318,31684800
1996-06-04,4.480340957641602,4.518350210389462,4.418575631938744,4.508847897202497,65852800
1996-06-05,4.594367504119873,4.608620680153458,4.480339775951128,4.485090641303984,50968000
1996-06-06,4.553981304168701,4.675136034063287,4.551606016903078,4.627624489001668,88136000
1996-06-07,4.608620643615723,4.608620643615723,4.470837429825027,4.470837429825027,70198400
1996-06-10,4.58486270904541,4.608618182887375,4.560512471145659,4.599115877355649,45819200
1996-06-11,4.641879081726074,4.684639190024794,4.584865217344434,4.58961608272206,65259200
1996-06-12,4.75115442276001,4.765408176015742,4.66563364315033,4.670385087560542,88844800
1996-06-13,4.7368998527526855,4.784411382970993,4.703641491612503,4.755904464840008,62577600
1996-06-14,4.675136566162109,4.751155046912713,4.670385701102687,4.741652736818887,55944000
1996-06-17,4.7368998527526855,4.7511530218308105,4.6513790983597305,4.679886016490715,57499200
1996-06-18,4.651381015777588,4.7321503604565285,4.637127260848968,4.7321503604565285,74585600
1996-06-19,4.627625465393066,4.679888465975373,4.613372288854734,4.656132398444769,73409600
1996-06-20,4.627625465393066,4.655538214018673,4.52310004420349,4.6371277764103,102228800
1996-06-21,4.708394527435303,4.717896836693523,4.618122299494751,4.651380671885986,56806400
1996-06-24,4.717897415161133,4.755906656854375,4.675136728268735,4.713145969961976,48102400
1996-06-25,4.637126445770264,4.7226472203848795,4.613370965031417,4.7226472203848795,41145600
1996-06-26,4.580111503601074,4.637125339745486,4.523097667456662,4.632374476720818,71457600
1996-06-27,4.5587334632873535,4.599117990364016,4.523099511184445,4.580113370569124,77582400
1996-06-28,4.565858364105225,4.599116145417362,4.527849139762933,4.580111533246217,52000000
1996-07-01,4.649003505706787,4.656130526091268,4.565858897715676,4.570609761326327,47862400
1996-07-02,4.622872829437256,4.66088205894969,4.608619078382685,4.651379751571582,38548800
1996-07-03,4.603870391845703,4.670386574947885,4.5848657681022225,4.622875015589184,44243200
1996-07-05,4.499343395233154,4.565859555183989,4.499343395233154,4.565859555183989,35331200
1996-07-08,4.5729851722717285,4.589614500303717,4.489840562023655,4.504093733217313,64432000
1996-07-09,4.561107635498047,4.613370617142209,4.561107635498047,4.594366001994301,35571200
1996-07-10,4.542103290557861,4.561107906836346,4.48984088577946,4.561107906836346,77980800
1996-07-11,4.352057456970215,4.4993435342568775,4.323550530396174,4.494592089840419,140915200
1996-07-12,4.2712883949279785,4.378189376419815,4.199426599616856,4.378189376419815,139478400
1996-07-15,4.204771518707275,4.323550076988775,4.176264595122734,4.271287673737872,111832000
1996-07-16,4.385315418243408,4.394817726213627,4.08599242719409,4.190517814866497,182100800
1996-07-17,4.451833248138428,4.489842494312608,4.394819378877157,4.475588737009756,126208000
1996-07-18,4.556355953216553,4.5611068161626935,4.404319059344463,4.456581451625632,98537600
1996-07-19,4.598523139953613,4.622873385513877,4.475587313449024,4.475587313449024,99208000
1996-07-22,4.551603317260742,4.618119440895033,4.480336331925574,4.599709018090684,144475200
1996-07-23,4.261783599853516,4.561105883468857,4.190516030437012,4.561105883468857,257678400
1996-07-24,4.361560344696045,4.399569585172699,4.1620118321936115,4.1620118321936115,192225600
1996-07-25,4.504093170166016,4.513595476432188,4.375812325560053,4.409070107504285,100920000
1996-07-26,4.527850151062012,4.542103323386461,4.494591782346853,4.542103323386461,59304000
1996-07-29,4.442330360412598,4.556358084145435,4.437578915269566,4.532602018380263,56748800
1996-07-30,4.50884485244751,4.513595715845221,4.413821784745505,4.480337932136909,66976000
1996-07-31,4.480340957641602,4.546857149950357,4.470838644454637,4.523101076995359,56320000
1996-08-01,4.58486270904541,4.594365014577137,4.461332737132965,4.480337348196419,96025600
1996-08-02,4.689390182495117,4.708394802120274,4.584864774556751,4.641878633432223,109289600
1996-08-05,4.627625465393066,4.70364395353094,4.608620843358597,4.6941416425137055,55072000
1996-08-06,4.713144779205322,4.717896223204046,4.594366218910357,4.622873142978132,67388800
1996-08-07,4.741652488708496,4.755906243090887,4.670385456721395,4.727399314301056,76790400
1996-08-08,4.760656833648682,4.784412896259138,4.7036429793534875,4.7178967329147445,54379200
1996-08-09,4.732150554656982,4.77015979605985,4.708395068767689,4.7416528650076994,44313600
1996-08-12,4.760656833648682,4.793915205308337,4.7131452884026865,4.722647597451886,66187200
1996-08-13,4.694141387939453,4.784413627695023,4.689390522676005,4.751155250950863,72508800
1996-08-14,4.746402263641357,4.755904569894919,4.703641595512957,4.708393038627111,52032000
1996-08-15,4.755904674530029,4.779660150699207,4.727397755142161,4.741650924848716,35556800
1996-08-16,4.722649097442627,4.760658345711783,4.7036444733080485,4.755907479665689,47598400
1996-08-19,4.694141387939453,4.717897454181711,4.646629835429945,4.708395143679809,43131200
1996-08-20,4.689390182495117,4.717897111932854,4.684638737601346,4.703643357226503,25678400
1996-08-21,4.694141387939453,4.694141387939453,4.627625214426141,4.656132145931846,49345600
1996-08-22,4.75115442276001,4.755905867170222,4.69414056968689,4.717896631788142,50236800
1996-08-23,4.684638500213623,4.7511546655310575,4.684638500213623,4.7464038008529945,44006400
1996-08-26,4.670383930206299,4.703641712936652,4.665632486973528,4.689388543187861,31944000
1996-08-27,4.741652488708496,4.741652488708496,4.675136321532225,4.679887766318005,28038400
1996-08-28,4.774909496307373,4.779660359759105,4.746402575672627,4.751153439124359,32070400
1996-08-29,4.717897415161133,4.760657522078529,4.698892794314512,4.760657522078529,34182400
1996-08-30,4.656131744384766,4.72264791216169,4.656131744384766,4.72264791216169,28088000
1996-09-03,4.689390182495117,4.689390182495117,4.584864774556751,4.637127188538452,48524800
1996-09-04,4.689390182495117,4.698892492307696,4.672761140323105,4.689390182495117,27126400
1996-09-05,4.61812162399292,4.665633163334411,4.61812162399292,4.665633163334411,40372800
1996-09-06,4.656131744384766,4.6656340540671835,4.622873950483781,4.637127125019929,41921600
1996-09-09,4.746402263641357,4.751153126780765,4.646627757991588,4.65613006424515,41747200
1996-09-10,4.727400302886963,4.755907237638115,4.69889336813581,4.741653480275002,38904000
1996-09-11,4.755904674530029,4.770157844236584,4.698890835754294,4.710768718832572,36387200
1996-09-12,4.88893985748291,4.922197367831024,4.758282784082873,4.770160383496475,95944000
1996-09-13,4.979211330413818,4.993465377937792,4.898442260945162,4.92694919604295,80137600
1996-09-16,4.9982147216796875,5.05998031247386,4.979210102966077,4.9839618376194155,62409600
1996-09-17,5.08848762512207,5.116994555346984,5.026722029659777,5.050478384822186,75624000
1996-09-18,5.188260078430176,5.240523351502759,5.064730076562791,5.093237000070649,86049600
1996-09-19,5.235770225524902,5.254774836143867,5.159751783049042,5.1882586989774895,75912000
1996-09-20,5.250025272369385,5.269029886640496,5.164504508149382,5.207264310284582,104849600
1996-09-23,5.235770225524902,5.250024263463815,5.1787563936680066,5.23101965284485,46385600
1996-09-24,5.202512264251709,5.259526090928718,5.1740053509132045,5.226267445392493,72520000
1996-09-25,5.155004024505615,5.240524818977091,5.145501714008785,5.226270773256839,44067200
1996-09-26,5.017218112945557,5.1740067589499,5.007715805913462,5.159752718426964,92604800
1996-09-27,5.107490539550781,5.140748033731374,4.988711123306786,5.036222657814469,98372800
1996-09-30,5.0124688148498535,5.126496528249852,5.007717080149912,5.074233246299911,89574400
1996-10-01,5.021969795227051,5.088485943773438,4.97445826055106,5.007715754849466,69124800
1996-10-02,5.1217427253723145,5.1597519478240566,5.031471402024133,5.050476013250004,68760000
1996-10-03,5.093238830566406,5.135999811171214,5.078985943664874,5.121745764319576,58294400
1996-10-04,5.183511734008789,5.193014045931857,5.102741502687617,5.116995550547312,45166400
1996-10-07,5.226269245147705,5.250025594418668,5.164504824952615,5.183509440389515,42432000
1996-10-08,5.145498752593994,5.235770070384573,5.13124471507744,5.235770070384573,48465600
1996-10-09,5.112240314483643,5.174005879670502,5.064728787397364,5.169254146987178,64955200
1996-10-10,5.083735942840576,5.174008469464134,5.069483057555262,5.083735942840576,51739200
1996-10-11,5.212018013000488,5.216768588388299,5.102740859680359,5.116994905743871,36523200
1996-10-14,5.19301176071167,5.250025607160747,5.183509452970156,5.221518683936209,36091200
1996-10-15,5.278530120849609,5.288032424253525,5.221516300426116,5.273778389173079,61206400
1996-10-16,5.245273590087891,5.280907242194466,5.20726436117421,5.27378051177315,36427200
1996-10-17,5.150251865386963,5.283284201393268,5.150251865386963,5.2547772722490595,49097600
1996-10-18,5.1217427253723145,5.13124503098525,5.0766067737108695,5.093235808533507,69646400
1996-10-21,5.093238830566406,5.16925732057486,5.0742342080642935,5.121745764319576,71401600
1996-10-22,5.0362229347229,5.069481590681738,4.988711397602874,5.059979283257733,113806400
1996-10-23,5.112240314483643,5.121742619900899,5.007714954893829,5.04097360382892,67443200
1996-10-24,5.19301176071167,5.221518683936209,5.088486375555027,5.126495606521079,81417600
1996-10-25,5.185883045196533,5.2405218798846915,5.174005743711763,5.193010354046885,53084800
1996-10-28,5.19301176071167,5.231020991677721,5.178757719124563,5.19538675767221,51240000
1996-10-29,5.145498752593994,5.221517192817363,5.126494142538151,5.202512582761521,66756800
1996-10-30,5.178759574890137,5.207266508329899,5.126497443558951,5.145502065852126,60526400
1996-10-31,5.216769695281982,5.221521431628056,5.174009867918748,5.18351218066061,37028800
1996-11-01,5.2215189933776855,5.273781109078365,5.188260334336554,5.21676725925049,56531200
1996-11-04,5.245273590087891,5.259527630905327,5.19776205394579,5.21676666840263,36006400
1996-11-05,5.3783063888549805,5.3783063888549805,5.257151960484131,5.264278691564769,86417600
1996-11-06,5.492334842681885,5.492334842681885,5.3593025108522205,5.373556554951767,71438400
1996-11-07,5.454324245452881,5.554099049429863,5.440071364855935,5.5018357806920175,76742400
1996-11-08,5.454324245452881,5.454324245452881,5.378305789070263,5.449573671903763,67369600
1996-11-11,5.459077835083008,5.501837651362124,5.435321479411287,5.449575524804317,38593600
1996-11-12,5.387808322906494,5.544596975770127,5.378306015458687,5.4733290899367555,81156800
1996-11-13,5.511338710784912,5.539845635151041,5.440071979844451,5.459076596088536,90409600
1996-11-14,5.687132358551025,5.6871323585510245,5.5208413756937835,5.5208413756937835,114969600
1996-11-15,5.6633734703063965,5.734641333883885,5.601609071158567,5.729889601669056,104041600
1996-11-18,5.715638637542725,5.767900749698604,5.649122483921818,5.677629406902207,98585600
1996-11-19,5.924688339233398,5.9246883392333975,5.710885875404107,5.720388181353198,104739200
1996-11-20,5.824913024902344,6.005456821759023,5.824913024902344,5.929438380977263,123857600
1996-11-21,5.715638637542725,5.877177867764926,5.701384596077697,5.872426133960029,130718400
1996-11-22,5.720390319824219,5.7964087958351715,5.677630507043003,5.729892629325588,94424000
1996-11-25,5.834414482116699,5.839166213949693,5.72038683751507,5.744143176781669,75129600
1996-11-26,5.843920707702637,5.9056863032874825,5.791658582161578,5.8534230177964615,108238400
1996-11-27,5.910435199737549,5.919937507132626,5.843919047972014,5.858173089039445,44446400
1996-11-29,5.962701797485352,5.972204110182579,5.910438497675461,5.910438497675461,17152000
1996-12-02,5.995957374572754,5.995957374572754,5.9009342783037715,5.986455064945855,64502400
1996-12-03,5.879552364349365,6.062471771240235,5.877177367611281,6.019711970383386,77563200
1996-12-04,5.824913024902344,5.900931465684104,5.78215323193728,5.8961808931099196,102542400
1996-12-05,5.815410137176514,5.905682606535407,5.772650348495422,5.829664173369702,74950400
1996-12-06,5.81066370010376,5.872428141029524,5.635464262765893,5.6633773010576,110238400
1996-12-09,6.214509963989258,6.224012272802697,5.929440699586081,5.957947626026399,94718400
1996-12-10,6.224013328552246,6.428313582670566,6.214511018126975,6.414059537057659,125725600
1996-12-11,6.338039875030518,6.357044492346951,6.090979849916884,6.157496010524401,113558400
1996-12-12,6.157495498657227,6.480573966179365,6.157495498657226,6.461569350442768,78272800
1996-12-13,6.081477165222168,6.233514094352722,6.0232755282893775,6.166997937858104,74532000
1996-12-16,5.834414482116699,6.138488201054377,5.815409874683095,6.100478986187168,64883200
1996-12-17,6.0719757080078125,6.090980326812219,5.805911044746124,5.824915663550531,68944800
1996-12-18,6.281027793884277,6.29053010522147,6.081479255803234,6.186004680512352,61796800
1996-12-19,6.452066421508789,6.471071035416031,6.309531817204471,6.385550272833441,94609600
1996-12-20,6.357043743133545,6.509080663746604,6.338039128056913,6.499578356208288,90414400
1996-12-23,6.366545677185059,6.442564133032044,6.300029528318946,6.395052598127678,36892800
1996-12-24,6.452066421508789,6.471071035416031,6.319034124158092,6.395052579787062,16246400
1996-12-26,6.499579429626465,6.54709097516467,6.471072502303541,6.4805748114111825,27905600
1996-12-27,6.404556751251221,6.518584467890708,6.386739920526301,6.499579848450794,19079200
1996-12-30,6.347545146942139,6.50908446954396,6.347545146942139,6.49007984335551,27279200
1996-12-31,6.281027793884277,6.40455784126778,6.2715254825470845,6.385553218593396,34367200
1997-01-02,6.205008029937744,6.319035742585911,6.138491864226314,6.319035742585911,54480800
1997-01-03,6.4330620765686035,6.4425643839195175,6.233513622199415,6.252518236901242,44131200
1997-01-06,6.414059638977051,6.480575813010887,6.319036533214429,6.4330642601295756,55948000
1997-01-07,6.4615702629089355,6.471072572119096,6.338040243176852,6.4235610260682945,36880800
1997-01-08,6.338039875030518,6.47938671632149,6.319035257714084,6.461569887587334,50593600
1997-01-09,6.262023448944092,6.366548878289137,6.252521137185451,6.366548878289137,47763200
1997-01-10,6.404556751251221,6.414059060971178,6.205008247132118,6.23351517629199,66556800
1997-01-13,6.366545677185059,6.499577974917283,6.347541063223312,6.471071053974664,50361600
1997-01-14,6.490075588226318,6.585098656867992,6.404554826448812,6.404554826448812,63728000
1997-01-15,6.4330620765686035,6.556592072130482,6.414057461866776,6.509080535375913,53058400
1997-01-16,6.5375871658325195,6.6231079281762595,6.461568710415863,6.461568710415863,58688000
1997-01-17,6.623110771179199,6.670622326209179,6.499580728101251,6.509083039107247,65368800
1997-01-20,6.8986735343933105,7.060212721837782,6.58509746464816,6.613604380079537,146220800
1997-01-21,7.221756935119629,7.22650867097308,6.813157529579965,6.889176023633857,114592000
1997-01-22,7.402297019958496,7.487817781421431,7.193246269715766,7.231255497032626,129236800
1997-01-23,7.2027506828308105,7.582843067149058,7.1837460636148975,7.459313042245627,105048000
1997-01-24,7.293024063110352,7.430806988679908,7.1742445990451795,7.2312584634084525,89817600
1997-01-27,7.307275772094727,7.403486652709108,7.259764226112317,7.335782699684173,53263200
1997-01-28,7.269267559051514,7.5068253224192105,7.2027513853085585,7.478318390815087,64656800
1997-01-29,7.392796039581299,7.4022983481154645,7.278768337171304,7.3547868054446335,48933600
1997-01-30,7.687363624572754,7.6968659281878,7.449806034196587,7.46881064142668,79937600
1997-01-31,7.753883361816406,7.848906442230823,7.668362589443431,7.744381053774965,86516000
1997-02-03,7.782387733459473,7.859593960973951,7.687364684210883,7.801392343309191,60804800
1997-02-04,7.83940315246582,7.848905459317294,7.639854708584872,7.782389311356978,56464000
1997-02-05,7.478318214416504,7.867912937149765,7.3642904906896955,7.839406006218064,110099200
1997-02-06,7.383298397064209,7.478321542457571,7.297777566210183,7.468819227918234,102122400
1997-02-07,7.6303558349609375,7.639858146087912,7.411802679040512,7.478318856929337,62448000
1997-02-10,7.430806636810303,7.715875945127833,7.421304326533051,7.658862083464327,66804800
1997-02-11,7.487820148468018,7.497322458301098,7.231257782974824,7.468815528801855,88834400
1997-02-12,7.592342376708984,7.601844682562186,7.411798565498132,7.478314706470551,72001600
1997-02-13,7.601846694946289,7.687367470264435,7.554335153102874,7.639855928421021,58292000
1997-02-14,7.440310001373291,7.639858545471426,7.42130537812585,7.55433774085794,57395200
1997-02-18,7.402297019958496,7.440306247275356,7.316776258495561,7.421301633616927,52545600
1997-02-19,7.411803722381592,7.459315284704551,7.335785222664858,7.4023014099169995,56383200
1997-02-20,7.240758419036865,7.411799956494429,7.2312561114003335,7.364288418311772,75395200
1997-02-21,7.221756935119629,7.250263870389838,7.145738441065738,7.212254623362893,61131200
1997-02-24,7.611347198486328,7.620849504601791,7.145734198828612,7.164738811059539,68599200
1997-02-25,7.563833713531494,7.679049145411606,7.516322195230417,7.601842928172356,63941600
1997-02-26,7.620848655700684,7.630350960757667,7.478314079845933,7.563834825358783,48849600
1997-02-27,7.307275772094727,7.620851975578636,7.297773462898245,7.620851975578636,56628800
1997-02-28,7.411803722381592,7.478319909633734,7.255016146690953,7.307278285271082,78412000
1997-03-03,7.563833713531494,7.611345231832572,7.3452807293465385,7.373787640327185,53874400
1997-03-04,7.535332202911377,7.611350686673409,7.4973229610303616,7.544834513381631,63920800
1997-03-05,7.668364524841309,7.677866835281013,7.544834489125154,7.5638391100045625,46393600
1997-03-06,7.430806636810303,7.6683643937415775,7.429618848025646,7.658862083464327,57018400
1997-03-07,7.354785442352295,7.563836191359725,7.335780828806165,7.47831543040214,46032000
1997-03-10,7.601846694946289,7.611349003314972,7.293022252938972,7.383293602466583,45997600
1997-03-11,7.478318214416504,7.644609224826428,7.478318214416504,7.5733413175221775,47577600
1997-03-12,7.506824016571045,7.563837869861458,7.430805545517161,7.430805545517161,43234400
1997-03-13,7.573338031768799,7.611347256520461,7.449808051325895,7.468812663701725,45505600
1997-03-14,7.525826930999756,7.620849998310359,7.516324624268695,7.582840771386118,61327200
1997-03-17,7.639857769012451,7.6588623903284025,7.449811555852937,7.48782079848484,83958400
1997-03-18,7.573338031768799,7.66361052052874,7.516324194641304,7.6493564812721235,59012000
1997-03-19,7.354785442352295,7.468813123629075,7.217002574117632,7.430803896536815,111560000
1997-03-20,7.297772407531738,7.430804717044036,7.250260868420204,7.345283946643273,81410400
1997-03-21,7.1457366943359375,7.383294430184871,7.060215909430321,7.335782883015085,85829600
1997-03-24,6.851162910461426,7.107725183113935,6.661116782570679,7.079218263930323,186269600
1997-03-25,6.865423202514648,6.946192300451592,6.756145999481645,6.889178410160609,89701600
1997-03-26,7.164742946624756,7.1932498814256505,6.889175910216111,6.89867822181641,81270400
1997-03-27,7.1267313957214355,7.307275257746379,6.917680608113606,7.23125678952535,93919200
1997-03-31,6.969943523406982,7.183744874212253,6.936684865310773,7.0792194858308575,93825600
1997-04-01,7.088722229003906,7.126731463475776,6.82265758770081,6.851164513554713,86680800
1997-04-02,6.993698596954346,7.117228599346202,6.917680133943972,7.060214752088422,63331200
1997-04-03,7.231256008148193,7.250260623149898,6.889172938117531,6.917679860620086,92252800
1997-04-04,7.159989356994629,7.354786082831221,7.12673070041785,7.12673070041785,94964000
1997-04-07,7.288273334503174,7.4213057030599465,7.2217571502247875,7.269268710423635,76511200
1997-04-08,7.468818187713623,7.468818187713624,7.2597672969633695,7.345288115906655,53339200
1997-04-09,7.449811935424805,7.54483504684604,7.430807313140558,7.535332735703916,73762400
1997-04-10,7.354785442352295,7.430803896536815,7.259762374621645,7.430803896536815,67913600
1997-04-11,7.221756935119629,7.392798546740883,7.217006359216343,7.259766182146574,60033600
1997-04-14,7.402297019958496,7.402297019958496,7.0982232014236155,7.202748576544981,59107200
1997-04-15,7.383298397064209,7.525833115154251,7.288275251670847,7.440312284300226,84440000
1997-04-16,7.468818187713623,7.487822814145465,7.3167811762588935,7.345288115906655,42710400
1997-04-17,7.459312915802002,7.6018475575052245,7.411801368567594,7.4878198441426465,71720800
1997-04-18,8.181488037109375,8.181488037109375,7.829902604620354,7.905921076509872,231764000
1997-04-21,8.181488037109375,8.504566542639827,8.067460329275098,8.133976492178427,155695200
1997-04-22,8.409542083740234,8.423796124873936,8.171984397758871,8.181486705198127,82300000
1997-04-23,8.751626014709473,8.799137556591717,8.390538296404413,8.409542913157312,102814400
1997-04-24,8.675607681274414,8.960676936957034,8.571082287524119,8.865653851729494,118163200
1997-04-25,8.637595176696777,8.770627445644802,8.609088261922201,8.628092871771917,58566400
1997-04-28,8.732620239257812,8.746874279906049,8.485560254251608,8.647099475217203,67224000
1997-04-29,9.046198844909668,9.055701154620708,8.856152650688877,8.922668818666155,73953600
1997-04-30,9.23624324798584,9.321764018800522,8.998685551278385,9.017690167014981,90204000
1997-05-01,9.198237419128418,9.369279024029566,9.065205059760858,9.274255910195595,72325600
1997-05-02,9.179226875305176,9.388277590891835,9.041444029097745,9.274249927844567,96192000
1997-05-05,9.136467933654785,9.179227731310373,8.780130873427312,9.093706976049717,111063200
1997-05-06,8.917916297912598,9.10321071687201,8.846648410655366,9.07470379395905,74770400
1997-05-07,8.780130386352539,9.046194943514736,8.751623469513731,8.846646525643088,70532800
1997-05-08,8.846650123596191,8.979682456281848,8.751627028820723,8.76112933829827,53834400
1997-05-09,8.875154495239258,9.008186789600446,8.79913604131858,8.970177562640107,58392000
1997-05-12,8.979679107666016,9.00818602546813,8.894158354259673,8.932167577995825,42976000
1997-05-13,8.951176643371582,9.065204371312621,8.884660468739309,8.998688196680348,49813600
1997-05-14,8.808640480041504,9.01769127892059,8.789635861961587,8.998686660840674,60744800
1997-05-15,8.903665542602539,8.960679409470858,8.80864243115534,8.81814474230006,41861600
1997-05-16,8.775383949279785,8.894162245445909,8.732622973894006,8.846650694989467,59913600
1997-05-19,8.751626014709473,8.903662948732656,8.751626014709473,8.827644481721064,45632000
1997-05-20,9.055699348449707,9.065201656265499,8.761127806160157,8.808639345239117,64876800
1997-05-21,9.150724411010742,9.345522343452709,9.103212861628547,9.16972903076362,76620000
1997-05-22,9.169724464416504,9.245742905572289,9.103208328405193,9.198231379849924,33655200
1997-05-23,9.340766906738281,9.3502692128489,9.188730008968381,9.226739233410855,28904800
1997-05-27,9.62584114074707,9.682855007326026,9.30276256346632,9.331269496755798,69036000
1997-05-28,9.568826675415039,9.673352090935957,9.492808191399824,9.673352090935957,52241600
1997-05-29,9.568826675415039,9.811135593213534,9.502310501901727,9.673352090935957,51111200
1997-05-30,9.426289558410645,9.549819562704332,8.932169541235893,8.932169541235893,83337600
1997-06-02,9.45479965209961,9.540320452972873,9.359776540018206,9.502311208140311,38939200
1997-06-03,9.179226875305176,9.388277590891835,9.169724570051237,9.378775285637897,41995200
1997-06-04,9.060452461242676,9.29325845818548,8.989184561803134,9.169728437780151,54639200
1997-06-05,9.164978981018066,9.236245729200476,9.084208762464666,9.142410413793218,35892000
1997-06-06,9.43104362487793,9.450048245623325,9.198236440771826,9.22674337188992,35964000
1997-06-09,9.511809349060059,9.587827805396202,9.312260901177678,9.492804734976021,48200000
1997-06-10,9.488055229187012,9.659096775191838,9.40728503026543,9.511810419490601,53135200
1997-06-11,9.654349327087402,9.682856264076833,9.393036317992733,9.488059441290837,49056800
1997-06-12,9.654349327087402,9.739870138055696,9.530819266799867,9.635344702427782,44614400
1997-06-13,9.853894233703613,9.887152314530963,9.621088247887062,9.63534113112388,50116000
1997-06-16,9.986924171447754,9.986924171447754,9.796878040687567,9.853891879915624,40612800
1997-06-17,10.200725555419922,10.257739391779978,9.948914444829677,9.996425975129723,53191200
1997-06-18,9.896650314331055,10.14846138809944,9.88714800966055,10.12945677875843,55657600
1997-06-19,9.83013916015625,9.93941571921067,9.730364910584823,9.758871839033802,65519200
1997-06-20,9.87290096282959,9.986928692910393,9.768375543588853,9.834891719469322,64240000
1997-06-23,9.735116958618164,9.996430493378535,9.730365803440703,9.872900458764542,35724800
1997-06-24,10.039194107055664,10.043945263755644,9.758875861756902,9.844396682356525,39319200
1997-06-25,9.915661811828613,10.12946381543776,9.868150255471026,10.100956881623206,49576000
1997-06-26,9.749366760253906,9.944164049323307,9.720859839902287,9.891901362012003,37312000
1997-06-27,9.692352294921875,9.882398418351716,9.67334768257889,9.81588227515127,38198400
1997-06-30,9.606832504272461,9.787376339664327,9.592579623558429,9.720860189783114,38286400
1997-07-01,9.497559547424316,9.644844774348247,9.369277780795441,9.611587268894443,59377600
1997-07-02,9.758872985839844,9.768375296439494,9.431043850126954,9.54982215264756,53237600
1997-07-03,9.849143981933594,9.887153220648242,9.768374349664963,9.887153220648242,28764000
1997-07-07,9.844392776489258,10.015434349825943,9.834890466859441,9.9299135631576,39320000
1997-07-08,9.977424621582031,9.982175776163738,9.801631902058919,9.834889984130859,36007200
1997-07-09,9.939416885375977,10.081951544344085,9.84439377939724,10.07244923374621,48266400
1997-07-10,9.87290096282959,9.977426382070327,9.796882476109054,9.920412517029925,43780800
1997-07-11,9.863396644592285,9.963170888106948,9.763622401077624,9.901405880216918,38094400
1997-07-14,10.333759307861328,10.338510461566091,9.920408935546876,9.944164704070694,57424000
1997-07-15,10.526180267333984,10.585569684324133,10.386021243237233,10.495297770499105,75503200
1997-07-16,11.283991813659668,11.364761439273233,10.642585963199014,10.82312983221757,111217600
1997-07-17,11.364763259887695,11.459786364067359,11.136707809856505,11.440781743231426,131668000
1997-07-18,10.680595397949219,11.20322239695919,10.642586161657585,11.022678524573928,158927200
1997-07-21,10.333759307861328,10.718602757947199,10.167468928194594,10.70910045053767,127223200
1997-07-22,10.956158638000488,11.00842132014186,10.395522593211219,10.405024899055103,101384000
1997-07-23,10.751862525939941,11.165212963304842,10.71860444477265,11.04168294754062,95556000
1997-07-24,10.490547180175781,10.671091017515764,10.310003342835799,10.519054101861041,141855200
1997-07-25,10.528553009033203,10.81362213382652,10.43352996743543,10.528553009033203,90308800
1997-07-28,10.414532661437988,10.595076567065107,10.319509553213189,10.585574256242626,56404000
1997-07-29,10.637835502624512,10.647337812140032,10.348015062401156,10.395526609978756,79061600
1997-07-30,10.728106498718262,10.79462265947205,10.614078794568908,10.699599572680922,78324000
1997-07-31,10.747113227844238,10.804127091121927,10.709103985659112,10.794624780575646,42240800
1997-08-01,10.690093040466309,10.780364937252468,10.580816533830431,10.747106870015463,58912800
1997-08-04,10.761363983154297,10.79462206168943,10.59982474455507,10.661589747548891,46312800
1997-08-05,10.894397735595703,10.975167365558688,10.794623486817896,10.813628105632716,59333600
1997-08-06,10.903902053833008,10.99417400983424,10.813630097831775,10.894399742674983,43410400
1997-08-07,10.941910743713379,10.975168831080289,10.79462492823135,10.970417675742159,43947200
1997-08-08,10.642581939697266,10.880139572279793,10.642581939697266,10.85638380902154,66815200
1997-08-11,10.509549140930176,10.661586018194988,10.367014568494413,10.642581408536886,72696000
1997-08-12,10.33851146697998,10.62358071698862,10.324258004479548,10.595073791987755,60887200
1997-08-13,10.343266487121582,10.509556945113891,10.243492212326197,10.500054633228617,66731200
1997-08-14,10.357519149780273,10.395528394366623,10.195979860288288,10.338514527487098,45900800
1997-08-15,10.100955963134766,10.338513723321377,10.091453652727301,10.300504481691519,51078400
1997-08-18,10.176974296569824,10.176974296569824,9.958421160415664,10.11045812469682,69969600
1997-08-19,10.552310943603516,10.566564402779928,10.233983688663653,10.243485994781262,91013600
1997-08-20,10.685346603393555,10.694848912511736,10.414530793525422,10.566567739416303,51433600
1997-08-21,10.481043815612793,10.823126841326356,10.45253689680333,10.76611300370743,64412000
1997-08-22,10.433539390563965,10.452544016047687,10.195981572017427,10.28150238669418,72161600
1997-08-25,10.376520156860352,10.566566313579406,10.310004002008682,10.481045543055831,38856800
1997-08-26,10.262495994567871,10.405030661159092,10.243491372355708,10.338514483416521,34327200
1997-08-27,10.229235649108887,10.286249503168015,10.110456786485699,10.281498348663089,49371200
1997-08-28,10.039194107055664,10.167475337955098,10.034442950355686,10.148470711155182,43641600
1997-08-29,10.048696517944336,10.176977750088305,10.015438420721825,10.03919420445219,37857600
1997-09-02,10.428781509399414,10.452537275935631,10.110454237814102,10.119956544428588,50112800
1997-09-03,10.38127326965332,10.557065997789326,10.3527663407664,10.462042901499593,42872800
1997-09-04,10.504801750183105,10.528557520762444,10.319506739664272,10.338511356127743,44476000
1997-09-05,10.438288688659668,10.618832598613727,10.357519044732852,10.571321043362659,48398400
1997-09-08,10.590322494506836,10.628331727326959,10.47154364194395,10.47154364194395,42416000
1997-09-09,10.60457706451416,10.66159091969972,10.51905628173582,10.585572446118972,39465600
1997-09-10,10.271997451782227,10.57607138189974,10.26724629662414,10.557066761267395,53294400
1997-09-11,10.400276184082031,10.443036570403063,10.10095347983481,10.262492717047596,61779200
1997-09-12,10.485795974731445,10.519054049866524,10.310003291874596,10.405026363689108,48576000
1997-09-15,9.934666633605957,10.433537985365223,9.929915477874916,10.310007936358167,129003200
1997-09-16,10.367022514343262,10.414534074903955,9.958423093521299,10.015436966194132,102538400
1997-09-17,10.124709129333496,10.395524906138755,10.081948743522139,10.386022598180677,61609600
1997-09-18,10.053442001342773,10.271995088328486,9.991676998498987,10.205478931419792,61077600
1997-09-19,10.27674674987793,10.281497904177456,10.034437880602027,10.053442497800138,77435200
1997-09-22,10.134210586547852,10.329007883335692,10.12470827938747,10.262491733213015,43251200
1997-09-23,10.300503730773926,10.300503730773926,10.11995984619394,10.153217930195517,39946400
1997-09-24,10.067697525024414,10.343264517214795,10.043941749835588,10.310006431950438,60040000
1997-09-25,10.091449737548828,10.195975111478242,10.039187050584122,10.100952044269684,39272000
1997-09-26,10.138965606689453,10.167472539041906,10.005933255711335,10.157970228257756,36652000
1997-09-29,10.224480628967285,10.243485239801798,10.10095065854296,10.148462185629239,27505600
1997-09-30,10.058191299438477,10.319504724789972,10.053440146250267,10.219730507837582,43892800
1997-10-01,10.176974296569824,10.224485847907685,9.986928091218381,10.07244888362653,61466400
1997-10-02,10.124709129333496,10.233985670851407,10.091451051480218,10.167469515144852,28831200
1997-10-03,10.257742881774902,10.357517129351221,10.138964015612618,10.257742881774902,60284800
1997-10-06,10.271997451782227,10.357518244627776,10.205481279569021,10.32901131367926,41776800
1997-10-07,10.38127326965332,10.466794056314079,10.233987470404234,10.262494399291153,54548800
1997-10-08,10.566566467285156,10.571317621272245,10.357515691853257,10.386022615775788,71196800
1997-10-09,10.561816215515137,10.614078913837524,10.50005120840686,10.528558134764527,34672800
1997-10-10,10.376520156860352,10.5475616979075,10.357515541188446,10.514303620481666,24893600
1997-10-13,10.395522117614746,10.481042866297134,10.381268659501014,10.414526728433053,19051200
1997-10-14,10.390776634216309,10.443039342481686,10.291002372982408,10.424034721294277,33361600
1997-10-15,10.319507598876953,10.338512216922766,10.252991435716604,10.319507598876953,45003200
1997-10-16,10.17934799194336,10.386023202048161,10.053442404178366,10.348013968005898,47327200
1997-10-17,10.053442001342773,10.233985855809232,9.91090737939557,10.11995815825147,87720000
1997-10-20,10.081951141357422,10.281499655936598,9.692356422417125,10.110458072011589,154052800
1997-10-21,10.528553009033203,10.584379045971895,10.286244252958882,10.348009229997436,115682400
1997-10-22,10.314754486083984,10.528556398508572,10.290998718036807,10.5190540912897,55775200
1997-10-23,10.310007095336914,10.433537134267219,10.034440085415467,10.034440085415467,66413600
1997-10-24,10.290996551513672,10.433531129789484,10.129457362801084,10.405024214134322,70030400
1997-10-27,9.796876907348633,10.357512928234733,9.777872296471138,10.25298756840851,96795200
1997-10-28,10.138965606689453,10.262495646883421,9.3882830547415,10.053444809632092,160057600
1997-10-29,9.948917388916016,10.26724473612584,9.891903535684405,10.167470492970521,85532800
1997-10-30,9.777878761291504,9.986929619161682,9.768376449570132,9.844394943341106,72097600
1997-10-31,9.882396697998047,9.996424352205716,9.85388978444613,9.958415134136493,46808800
1997-11-03,10.195981979370117,10.205484292491619,9.982179934136354,10.005935716940106,67714400
1997-11-04,10.205477714538574,10.257740403020849,10.124708105065968,10.18647310054502,49134400
1997-11-05,10.153216361999512,10.233985982099648,10.072446741899375,10.224483673852573,42512800
1997-11-06,10.039194107055664,10.148470711155182,10.01543832355577,10.129466084355267,40266400
1997-11-07,10.001179695129395,10.034437774875668,9.872898530393767,9.88715199314217,63628800
1997-11-10,9.896650314331055,10.072442950735399,9.863392247984287,10.005926818041864,36764800
1997-11-11,9.929912567138672,9.991677573537142,9.834889480371794,9.915659104123641,37013600
1997-11-12,9.820635795593262,9.958419268293893,9.806382332900093,9.891903109059106,45784000
1997-11-13,10.001179695129395,10.005930849378862,9.820635833649623,9.88715199314217,60094400
1997-11-14,10.134210586547852,10.176970968769572,9.986924825561925,10.005929439882689,46663200
1997-11-17,10.252991676330566,10.324258995674848,10.14371512000267,10.224484748592854,60094400
1997-11-18,10.186477661132812,10.300505396145494,10.1674730386307,10.257744995515738,36683200
1997-11-19,10.267243385314941,10.271994539125822,10.13896223242114,10.157966847664666,31720800
1997-11-20,10.405023574829102,10.424028184098196,10.252986700676347,10.281493614579988,53680800
1997-11-21,10.481043815612793,10.490546121882614,10.36701614037494,10.476292662477883,68220800
1997-11-24,10.300503730773926,10.500052234783384,10.300503730773926,10.424033757065494,39084000
1997-11-25,10.566566467285156,10.585571083233512,10.319506459956546,10.329008767930725,56463200
1997-11-26,10.761363983154297,10.785119753536536,10.509552817102563,10.566566666019936,63053600
1997-11-28,10.756612777709961,10.813626626355067,10.728105853387408,10.737608161494926,17392800
1997-12-01,10.932405471801758,10.946658933955344,10.7661150800099,10.78987085026588,49006400
1997-12-02,10.813626289367676,11.013174753406973,10.794621673744885,10.913400521387324,50167200
1997-12-03,10.998923301696777,11.027430230340485,10.718605170033664,10.770867872547125,57712000
1997-12-04,10.837382316589355,11.089193479578936,10.813626546495998,11.003672707242853,62630400
1997-12-05,10.880144119262695,11.003674139830743,10.804125645066973,10.804125645066973,48136000
1997-12-08,11.108200073242188,11.146209312158328,10.880144639745343,10.908651568932449,49952800
1997-12-09,10.970417976379395,11.051187619341045,10.908652955291075,11.02268068653105,51782400
1997-12-10,10.813626289367676,10.889644751858837,10.718603211253724,10.813626289367676,66434400
1997-12-11,10.571317672729492,10.718603447046172,10.557064210698845,10.671091906944017,70189600
1997-12-12,10.395522117614746,10.528554393342905,10.33850828515982,10.471540560887979,54308000
1997-12-15,10.348014831542969,10.41453099666767,10.110457098954747,10.37177060480179,84305600
1997-12-16,10.571317672729492,10.671091906944017,10.262492662065483,10.3290088182085,65401600
1997-12-17,10.310007095336914,10.67109490144088,10.300504784649968,10.633085658693094,51472000
1997-12-18,9.948917388916016,10.243488963946001,9.910908153428275,10.224484346202132,98774400
1997-12-19,9.782628059387207,9.896655778389292,9.597333016008818,9.787379214345627,138065600
1997-12-22,9.654349327087402,9.882404823002853,9.568828516119108,9.81588863669418,59063200
1997-12-23,9.374030113220215,9.749370807004125,9.35027375642501,9.65909943506244,67195200
1997-12-24,9.041448593139648,9.41678926016415,8.970180687785023,9.40728695011353,88411200
1997-12-26,9.179226875305176,9.179226875305176,9.02718999124215,9.036692296496089,32388800
1997-12-29,9.602084159851074,9.635341662537758,9.283756217257782,9.302760835921564,67815200
1997-12-30,9.901406288146973,9.958420143932848,9.597332390622306,9.611586434543707,77864800
1997-12-31,9.825387954711914,9.996429524523146,9.806383335844,9.958420286787318,46147200
1998-01-02,9.96792221069336,9.996429137892674,9.844392192829668,9.853894501896105,39748000
1998-01-05,9.910910606384277,10.157970698202103,9.720864381909028,9.977426784950616,80377600
1998-01-06,9.96792221069336,10.110456846689928,9.82538757469679,9.863396810962543,67834400
1998-01-07,9.849143981933594,9.972674007756204,9.692355872235662,9.872899756130249,61492800
1998-01-08,9.920406341552734,10.043936305575901,9.69235102335612,9.77787176767985,77619200
1998-01-09,9.654349327087402,9.996432570960577,9.568828516119108,9.887155979167757,87534400
1998-01-12,9.844392776489258,9.882402015008521,9.454798081666807,9.473802700926438,78393600
1998-01-13,10.043937683105469,10.053439989333572,9.739863883806155,9.844389252315294,66945600
1998-01-14,9.96792221069336,10.072447610424177,9.82538757469679,10.043940683224863,54774400
1998-01-15,10.058191299438477,10.110453984508775,9.872896325098324,9.910905550603998,50622400
1998-01-16,10.281503677368164,10.291005991302885,10.058199299902219,10.06295045686958,72943200
1998-01-20,10.476296424865723,10.49054988938935,10.186475979551977,10.195978289234395,64956000
1998-01-21,10.414532661437988,10.523809235896506,10.310007242390709,10.433537283082947,85567200
1998-01-22,10.538054466247559,10.633077500208312,10.286243426251563,10.305248033043712,159139200
1998-01-23,10.509549140930176,10.599821036806157,10.391958118670672,10.547558360246379,63312000
1998-01-26,10.775616645812988,10.785118953260795,10.524993286877082,10.633082034095885,74277600
1998-01-27,11.036932945251465,11.089195649684426,10.761365958241312,10.823130972571173,97540800
1998-01-28,11.326746940612793,11.364756158534313,11.060682415162157,11.117696242044437,79387200
1998-01-29,11.269735336303711,11.412269931619525,11.212721498177386,11.321998021252844,73571200
1998-01-30,11.34100341796875,11.402768413542102,11.222224580327685,11.298243036417967,50071200
1998-02-02,11.773364067077637,11.792368690269043,11.440783161227985,11.535806277185028,98397600
1998-02-03,11.84937572479248,11.868380337021499,11.692587673903086,11.792361888105427,61374400
1998-02-04,11.920649528503418,12.010921485873512,11.787617170273807,11.849382193737556,61940800
1998-02-05,11.816121101379395,12.067932286893312,11.76385840249915,12.020420742456723,67014400
1998-02-06,12.020421028137207,12.02992333725036,11.79236560942156,11.811370227647865,50070400
1998-02-09,11.949151039123535,12.077432183479932,11.830372201756504,12.067929876490568,54681600
1998-02-10,12.105937957763672,12.124942569942265,11.915891835977742,11.953901060334928,48099200
1998-02-11,12.082184791564941,12.167705564765164,11.939650169564567,12.115442870031695,76460000
1998-02-12,12.06793212890625,12.082185592050628,11.892139416792261,12.0156694307102,76658400
1998-02-13,11.972907066345215,12.067930138300335,11.963404759149702,12.058427831104824,42203200
1998-02-17,11.735346794128418,12.048922862311606,11.697337573742576,12.048922862311606,85673600
1998-02-18,11.754355430603027,11.858880822467729,11.687839272143673,11.75435543060303,76608800
1998-02-19,11.773364067077637,11.863636027236826,11.725852509099115,11.820875625056157,73773600
1998-02-20,11.792369842529297,11.839881405150285,11.621328217093739,11.820876780101889,86092000
1998-02-23,12.410016059875488,12.419518369262835,12.067932921930987,12.30549065661467,120803600
1998-02-24,12.486035346984863,12.913639297224071,12.4480261069636,12.676081547091178,118302000
1998-02-25,12.913640022277832,12.923142332816667,12.628570706112757,12.685584569345773,94944400
1998-02-26,12.99915885925293,13.027665786575852,12.837619604423033,12.99915885925293,61388000
1998-02-27,12.885128021240234,13.075174157246726,12.85662110083926,13.008658009644455,47532400
1998-03-02,12.666577339172363,13.056171991014875,12.628568104846265,13.056171991014875,50093600
1998-03-03,12.847118377685547,12.85662068417792,12.552546876422047,12.562049182914418,50753600
1998-03-04,12.514533996582031,12.742589285813596,12.40050635196625,12.533538604017995,71513600
1998-03-05,12.172452926635742,12.381503640442133,12.048922959386513,12.048922959386513,92255600
1998-03-06,12.581053733825684,12.581053733825684,12.200961476006176,12.210463782451665,51404800
1998-03-09,12.101188659667969,12.543045960551016,12.08693519834916,12.543045960551016,52256000
1998-03-10,12.391012191772461,12.39101219177246,12.153454442697068,12.343500641957382,47406400
1998-03-11,12.267484664916992,12.4670332148498,12.124949986393556,12.4670332148498,39838800
1998-03-12,12.448026657104492,12.56205438220774,12.286487379874892,12.5430497613572,47962000
1998-03-13,12.524046897888184,12.61907001547459,12.400516845025857,12.533549209646825,32542400
1998-03-16,12.467031478881836,12.581059205822829,12.372008373097676,12.533547652930748,27979600
1998-03-17,12.219969749450684,12.419518244581683,12.115444347239208,12.419518244581683,53842400
1998-03-18,12.429019927978516,12.438522236791954,12.143950663575339,12.172457590015656,33887600
1998-03-19,12.467031478881836,12.514543031773917,12.353003751940843,12.391012994254508,30299200
1998-03-20,12.438520431518555,12.619064272770544,12.238971975397938,12.486031968690131,56310000
1998-03-23,12.752099990844727,12.866127710584022,12.324496041822362,12.343500661778911,55050000
1998-03-24,12.913640022277832,12.932644643355504,12.685584569345773,12.799612295811801,32281600
1998-03-25,13.502778053283691,13.825856486648677,13.265220381691789,13.759340338602945,124244800
1998-03-26,13.417263984680176,13.61681252836168,13.303236245433602,13.4552732310957,45441200
1998-03-27,13.35074520111084,13.588302944902846,13.312735962104117,13.588302944902846,38924000
1998-03-30,13.369755744934082,13.47428119851921,13.246225663424386,13.38876037285865,27463200
1998-03-31,13.60731029510498,13.645319541739353,13.455273308567495,13.47427793188468,38177200
1998-04-01,13.740337371826172,13.778346603836756,13.455268131746791,13.654816599802357,36835600
1998-04-02,13.88287353515625,13.977896625745956,13.664320426799922,13.78785044456654,41414800
1998-04-03,14.139440536499023,14.14894284868753,13.911385043974846,13.987403541482905,40987600
1998-04-06,13.673823356628418,14.08242266471391,13.540791023763376,14.08242266471391,74232000
1998-04-07,13.265222549438477,13.778347203929648,13.18920408210645,13.57879872718308,62630800
1998-04-08,13.521780014038086,13.53128231903741,13.170194729063098,13.189199339061746,36793200
1998-04-09,13.531286239624023,13.626309317149472,13.303230853562944,13.369747007830759,33619200
1998-04-13,13.474279403686523,13.531293279865732,13.189210022790474,13.502786341776128,33156400
1998-04-14,13.445764541625977,13.616806069363976,13.303229935177646,13.4837737700122,28476800
1998-04-15,13.892376899719238,13.892376899719238,13.51228450848205,13.56929836716763,40498400
1998-04-16,13.939885139465332,13.99689898461652,13.711829758860583,13.740336681436176,39695600
1998-04-17,14.006410598754883,14.025415226432976,13.730843497422526,13.911387460364415,37402800
1998-04-20,14.386499404907227,14.443513273090478,14.01590926171609,14.044416195807715,45535200
1998-04-21,14.424504280090332,14.443508897060147,14.158439642512906,14.395997354635607,51938400
1998-04-22,15.032652854919434,15.070662090962214,14.538532786363296,14.595546640427465,80154000
1998-04-23,14.36749267578125,14.80459893443597,14.31285439344941,14.78559431449446,64215200
1998-04-24,14.006410598754883,14.405507779994846,13.968401343398694,14.21546150321391,51436000
1998-04-27,13.730844497680664,13.764102598540099,13.455277376273925,13.607314408774196,58752000
1998-04-28,13.664321899414062,14.025409682569649,13.533665135772237,14.006405062403566,56668000
1998-04-29,13.759342193603516,13.911379123919577,13.626309879576961,13.692826036590239,50061600
1998-04-30,13.702325820922852,13.93038117439175,13.635809676161092,13.911376561602674,54473600
1998-05-01,13.626313209533691,13.759345556070283,13.398257758328107,13.711834003735786,35996000
1998-05-04,13.388753890991211,13.664320862487836,13.369749272267306,13.559795459506358,37899600
1998-05-05,13.341245651245117,13.616812691050038,13.227217910636185,13.322241027810295,50828000
1998-05-06,13.132190704345703,13.303232261999987,13.075176851794275,13.303232261999987,48110800
1998-05-07,12.676079750061035,13.113185948339002,12.647572824086385,13.103683639680785,78022000
1998-05-08,13.037161827087402,13.094175654319564,12.448018945688409,12.448018945688409,96274800
1998-05-11,12.809113502502441,13.103685103821118,12.78060657334257,13.09418279410116,51474400
1998-05-12,13.027663230895996,13.03716553813954,12.657073248397861,12.657073248397861,64147200
1998-05-13,13.217707633972168,13.49327450772141,13.151191492032696,13.483772201730055,80680400
1998-05-14,13.521780014038086,13.83535607901578,13.046664764071885,13.05616706907121,94774400
1998-05-15,13.597806930541992,13.711834661615718,13.493281510391075,13.702332350692908,48150800
1998-05-18,13.084678649902344,13.151194808616445,12.847120940209129,12.847120940209129,80395600
1998-05-19,13.15119457244873,13.21771072996834,13.008659949192422,13.046669182060771,52234400
1998-05-20,13.037161827087402,13.208203308783885,12.980147999855241,13.094175654319564,35698800
1998-05-21,13.132190704345703,13.284227644482845,12.999158381725703,13.04666992551856,36680000
1998-05-22,13.008663177490234,13.18920707841961,12.989658556339775,13.170202457269149,36129200
1998-05-26,12.71408748626709,13.103682095338055,12.695082871190458,12.970649789801628,44473600
1998-05-27,13.075174331665039,13.094178945519204,12.600058985310932,12.600058985310932,58574400
1998-05-28,13.122685432434082,13.132187739046996,12.932639300175804,13.037164672917857,30746800
1998-05-29,12.894634246826172,13.151196608406353,12.885131937138016,13.132191989030042,34091200
1998-06-01,12.733091354370117,12.863748075357124,12.638068284561385,12.752095968331863,42436800
1998-06-02,12.99915885925293,13.065675023006417,12.752098822454263,12.780605749777186,38570800
1998-06-03,12.818613052368164,13.141691513287746,12.790106129345848,13.056170744220799,36010800
1998-06-04,13.084678649902344,13.094180958290073,12.714088622780928,12.875627865372314,33717600
1998-06-05,13.11318302154541,13.151192247694818,12.88512766464897,13.0561691823213,34431600
1998-06-08,13.027663230895996,13.122686303331417,12.923137851217035,13.018160923652456,18886400
1998-06-09,13.23672103881836,13.312739537246605,12.961153982015967,12.970656294319497,35690400
1998-06-10,13.075174331665039,13.436261994894162,13.056169717810876,13.17019740093586,33290400
1998-06-11,12.970649719238281,13.246216636350303,12.942142796778416,13.141691253997466,41271200
1998-06-12,13.037161827087402,13.094175654319564,12.771097300003985,12.904129563545695,41323600
1998-06-15,13.065672874450684,13.274723640441895,12.856622108459472,12.875626723549583,42846000
1998-06-16,13.664321899414062,13.673824209497104,12.999160193601139,13.122690224680682,61138400
1998-06-17,13.844863891601562,14.04441237596919,13.645315407233936,13.673822333572167,76147600
1998-06-18,13.863873481750488,13.949394291439148,13.740343423311312,13.806859608624714,39228400
1998-06-19,14.396000862121582,14.405503172921662,14.063419984118774,14.120433848919255,91226800
1998-06-22,14.567042350769043,14.586046972231234,14.243963785911804,14.405503068340423,48969600
1998-06-23,15.317720413208008,15.336725029105287,14.481517313727668,14.56703808526543,124675200
1998-06-24,15.954380989074707,15.98288792354,15.194196070000272,15.460260791676324,105724800
1998-06-25,15.441255569458008,16.24895201462966,15.41274863609901,16.096915036714996,88969600
1998-06-26,15.878358840942383,15.906865768843534,15.507768778227389,15.545778015428926,55680400
1998-06-29,16.334468841552734,16.372478076786134,16.001888033260503,16.039897268493903,65906000
1998-06-30,16.477001190185547,16.505508112659918,15.906862740698159,16.001885815612724,77010000
1998-07-01,16.62903594970703,16.743063624790736,16.29645523071289,16.59102672467913,53470400
1998-07-02,16.305953979492188,16.591023105007785,16.286949371124482,16.54351158408852,27321200
1998-07-06,16.391477584838867,16.429486808224002,16.020887656833814,16.248942997144617,35307600
1998-07-07,16.41048812866211,16.505511221474283,16.19193501519411,16.391483510099675,32422800
1998-07-08,16.705062866210938,16.743072110502656,16.229947312564438,16.438998156168896,41553600
1998-07-09,16.876096725463867,17.028133632900477,16.6860505911681,16.724059818027257,43690000
1998-07-10,17.20867919921875,17.218181506893636,16.705056892449786,16.895103045947508,45396800
1998-07-13,17.873844146728516,17.978369551095348,17.275198648991196,17.351217124894347,69223200
1998-07-14,17.712305068969727,18.054388214078582,17.560268115588013,17.978369737387727,56972400
1998-07-15,17.8453369140625,17.94036000732162,17.579272252936967,17.63628610889244,48690000
1998-07-16,17.8453369140625,18.073392337884385,17.731309202151557,17.94986231664753,65125200
1998-07-17,17.930850982666016,18.18741323837984,17.6267771981163,17.864334842295765,83108400
1998-07-20,17.788328170776367,18.168420653057915,17.75982123460525,17.9688720998601,45794800
1998-07-21,17.151670455932617,18.09239919562089,17.10415890342311,17.76932063855623,74605200
1998-07-22,17.750308990478516,17.826327444399194,17.009129064751896,17.028133678232066,71654400
1998-07-23,17.180177688598633,17.86434405672867,17.180177688598633,17.683800154027686,51029600
1998-07-24,17.303699493408203,17.579266371666765,17.10415106432442,17.294197187261357,60366400
1998-07-27,17.750308990478516,17.750308990478516,16.828585236690284,17.199175199553594,58998000
1998-07-28,17.066152572631836,17.769323669722457,17.02814332414045,17.63629130000261,78378400
1998-07-29,16.828590393066406,17.37022204321027,16.73356729654994,17.218185088783923,59738000
1998-07-30,17.2467041015625,17.275211050490704,16.838104500258265,17.01864851013688,72746400
1998-07-31,16.714557647705078,17.25856471156586,16.714557647705078,17.170668373736824,53705200
1998-08-03,16.48650360107422,16.857093595565225,16.324964372706344,16.591028984135786,73566400
1998-08-04,15.887858390808105,16.667047618108505,15.840346852558081,16.515010695708426,91412000
1998-08-05,15.859352111816406,16.153923660927436,15.431748250203622,15.830845187708888,120208800
1998-08-06,16.248945236206055,16.25844754336173,15.754825264110899,15.773829878422251,68308000
1998-08-07,16.096914291381836,16.343974369053576,15.973384252545967,16.334472058373894,54972400
1998-08-10,15.878358840942383,16.163428119953913,15.878358840942381,16.08740964555084,46763200
1998-08-11,15.72631549835205,15.868850079908112,15.507762473299424,15.640794749418415,60976400
1998-08-12,15.97337532043457,15.992379931166795,15.65979924335287,15.859347656041225,53760000
1998-08-13,15.802339553833008,16.11591574461863,15.773832627397951,15.830846480268065,51193200
1998-08-14,15.849855422973633,15.97338547123422,15.735827686117709,15.916371602806258,29566400
1998-08-17,16.315471649169922,16.32497396230281,15.659812043000601,15.73583054806371,54073200
1998-08-18,16.91411018371582,16.999630965543595,16.324967020013357,16.40098549274916,70591200
1998-08-19,16.809581756591797,17.142162514918937,16.76207021968792,17.066144055872734,55709600
1998-08-20,17.113658905029297,17.142165832688978,16.676552680914167,16.743068845453426,49970400
1998-08-21,16.81908416748047,17.00913031626556,16.534014944302832,16.895102626994504,59523600
1998-08-24,16.781084060668945,17.028144188402464,16.724070185038133,16.77158174806381,26319200
1998-08-25,17.151670455932617,17.28470280295924,16.89510807238127,16.933117314388877,58026800
1998-08-26,17.113658905029297,17.294202780207282,16.857096556092156,16.91411041141152,44804400
1998-08-27,16.610023498535156,17.14215239780173,16.49599587726375,16.80957183576012,74874000
1998-08-28,16.00189208984375,16.66705387505103,15.925873600105776,16.4580030282716,72730000
1998-08-31,14.58604621887207,16.191936649484045,14.557539288151148,15.944876583236049,132690400
1998-09-01,15.393735885620117,15.469754334437994,14.367486826578775,14.481514499805591,140112400
1998-09-02,15.289215087890625,15.849851315476423,15.241703543179964,15.479261266733268,63438400
1998-09-03,15.089664459228516,15.317719841483859,14.9566321529129,15.013645998476736,67506800
1998-09-04,14.69056224822998,15.241695890142879,14.614543814862685,15.15617515260467,50890400
1998-09-08,15.503015518188477,15.51726898020336,15.061158195727081,15.203692815875918,60625600
1998-09-09,15.545774459838867,15.878355209285298,15.450751388568458,15.545774459838867,65480800
1998-09-10,15.317720413208008,15.374734260899848,15.004144250902879,15.203692717824325,60758000
1998-09-11,15.849855422973633,15.906869291401597,15.222702870266044,15.374739852740612,58989200
1998-09-14,16.115915298461914,16.277454543788476,15.944873744586728,15.95437605313535,45086800
1998-09-15,16.467500686645508,16.486505303710302,15.982882951493217,16.09691065388199,49367600
1998-09-16,16.448501586914062,16.49601314551289,16.1349253001618,16.400990028315235,42886800
1998-09-17,15.954380989074707,16.19193877628547,15.935376366097847,16.01139485800529,45178400
1998-09-18,16.020889282226562,16.153921577571268,15.859350066450851,16.07790312308858,47361600
1998-09-21,16.400985717773438,16.429492645440483,15.564782506206774,15.58378712465147,45872000
1998-09-22,16.60053062438965,16.70505600324957,16.229940644795374,16.48650293836064,43082000
1998-09-23,17.275190353393555,17.31319957309299,16.496001349555122,16.667042838202583,65263600
1998-09-24,16.74306869506836,17.4272349527556,16.572027130646546,17.19917953352652,63521600
1998-09-25,17.18967056274414,17.199172868196182,16.515006875649153,16.59102531926549,47878400
1998-09-28,16.923612594604492,17.38922574291197,16.686054865876187,17.180174941631062,41405200
1998-09-29,17.16116714477539,17.332208677779796,16.933111767436184,16.99962791916012,48743200
1998-09-30,16.733562469482422,17.265691656473344,16.728811316027144,17.0756455182623,38875600
1998-10-01,15.821340560913086,16.648041238870707,15.811838254269894,16.42948818607731,65442400
1998-10-02,15.830841064453125,15.99238025898836,15.355725786408312,15.716813397722369,65889600
1998-10-05,15.384238243103027,15.64080058563779,14.671565069395351,15.583786731741176,114937600
1998-10-06,14.842611312866211,15.754833262952738,14.80460206494594,15.583791647311514,76550000
1998-10-07,14.310474395751953,15.165682028964222,14.19644671132365,14.80459436160793,90710400
1998-10-08,13.863873481750488,13.968398915814404,13.3412463114309,13.7688503598742,144719200
1998-10-09,14.7285795211792,14.747584139916205,14.02540862791,14.16794326843754,72661600
1998-10-12,15.165680885314941,15.355727011697335,14.975634758932548,15.089662434761983,51502800
1998-10-13,14.662068367004395,15.165690935670133,14.557542928224715,15.127681685204793,47995600
1998-10-14,15.232202529907227,15.412746415165017,14.576543157128938,14.576543157128938,62403200
1998-10-15,16.030393600463867,16.058900524471806,15.146678956217785,15.222697420238955,66253600
1998-10-16,15.97337532043457,16.19192834385515,15.811836129210665,16.115909900926255,68620000
1998-10-19,15.650291442871094,15.840337483464548,15.374724684010582,15.830835181434875,60177600
1998-10-20,15.241697311401367,15.716812564250537,15.146674260831533,15.69780795413657,94368400
1998-10-21,16.182435989379883,16.248952167844745,15.669311184079522,15.944878209148234,125377200
1998-10-22,16.72406005859375,16.743064672296697,16.00188473788175,16.11591242009943,81910800
1998-10-23,16.17292594909668,16.724059735846154,16.144419029092397,16.572022829156644,59882000
1998-10-26,16.277456283569336,16.419990927033165,16.06840547315572,16.239447045312314,59678400
1998-10-27,16.030393600463867,16.400983612567064,15.963877444445345,16.38197899656177,65434800
1998-10-28,16.068403244018555,16.210937867708843,15.944873236820303,15.944873236820303,56808400
1998-10-29,16.2109375,16.34396981242673,16.03039364742087,16.03039364742087,52402800
1998-10-30,16.096914291381836,16.448499786530082,15.98288656322565,16.305965126334847,59322800
1998-11-02,16.0874080657959,16.24894730803957,15.96387805702133,16.17292884110137,48388400
1998-11-03,15.99238395690918,16.20143472758773,15.925867802602367,16.03989549569976,36546800
1998-11-04,16.039899826049805,16.315466825430992,15.944876722814914,16.08741137766725,67459600
1998-11-05,16.17292594909668,16.36297208245857,16.00188442907098,16.011386735739077,76727200
1998-11-06,16.619529724121094,16.686045852233644,16.106405307252864,16.12540991528502,74461200
1998-11-09,16.828590393066406,16.93311579923452,16.543521103517,16.600534961426884,68956800
1998-11-10,17.037641525268555,17.246692341529517,16.73356761070715,16.743069920537195,72075600
1998-11-11,16.88559913635254,17.446235235983828,16.857092216032303,17.24668679374218,63899200
1998-11-12,16.53401756286621,16.8951053027449,16.496008327089505,16.762072977526433,38526800
1998-11-13,16.72406005859375,16.80007851340554,16.477000080455433,16.486502387306906,28368800
1998-11-16,16.54352569580078,16.99013437340138,16.343977137723922,16.92361818737576,42620400
1998-11-17,17.009132385253906,17.085150854014817,16.562523881283553,16.572026189878667,58744000
1998-11-18,16.686052322387695,16.8856007841019,16.59102924538093,16.657545399285667,41691200
1998-11-19,16.99012565612793,17.10415334509523,16.58152643732843,16.58152643732843,45220800
1998-11-20,17.275190353393555,17.29419496324327,16.914102766248913,17.14215808444553,48405200
1998-11-23,18.12090301513672,18.27293995705711,17.104155966044097,17.104155966044097,110870400
1998-11-24,18.50099754333496,19.014122282595405,18.035384354006037,18.04488666399234,101114800
1998-11-25,18.890596389770508,18.909601013905085,18.358466914002324,18.653038588088283,41394000
1998-11-27,19.470233917236328,19.479736227591253,18.900095295940975,19.023625330554967,26335600
1998-11-30,18.548505783081055,19.805186054501377,18.53900347479054,19.66977816136157,70900000
1998-12-01,19.688785552978516,19.726794791497777,18.263439108506134,18.282443727765763,86330800
1998-12-02,19.27068328857422,19.72679413564106,19.080637102296365,19.64127335181603,65759600
1998-12-03,18.567514419555664,19.603266247463324,18.54850979886011,19.289690005986692,51426800
1998-12-04,19.365697860717773,19.365697860717773,18.852573383544684,18.995107960537208,44352000
1998-12-07,20.306432723999023,20.33493964874025,19.27068112506786,19.413215748773986,89809200
1998-12-08,19.945344924926758,20.410958027033196,19.726791836182922,20.20190724649561,77585200
1998-12-09,20.315935134887695,20.344442059772945,19.764801253772877,20.087879735805704,44781600
1998-12-10,20.00235939025879,20.46797250670662,19.973852464761983,20.23991710273217,57015600
1998-12-11,20.372955322265625,20.47748074602725,19.878835137210675,19.916844382214904,51728800
1998-12-14,19.45122528076172,20.334939961323926,19.41321604718915,20.182903027033653,64077600
1998-12-15,20.04987335205078,20.068877971341823,19.65077634693887,19.660278656584392,51719600
1998-12-16,20.334943771362305,20.54399459518005,19.631772818520805,20.14489756789163,60024000
1998-12-17,20.429962158203125,20.505980622047602,20.106883686864098,20.401455234261448,46963600
1998-12-18,20.952592849731445,21.01910901750837,20.39195657846879,20.52498891402264,59648000
1998-12-21,21.351680755615234,21.617745313317606,20.943081613429452,21.076113892280638,48112000
1998-12-22,21.04761505126953,21.361191257450972,20.886075793539696,21.361191257450972,41350000
1998-12-23,21.826799392700195,21.86480862107233,21.190144817466884,21.342181730955435,34940000
1998-12-24,21.551233291625977,21.893316359747022,21.513224061834748,21.836302515060183,13832400
1998-12-28,21.646263122558594,21.83630933083391,21.513230776765873,21.741286226696253,23636400
1998-12-29,21.361190795898438,21.67476699530442,21.22815846887772,21.67476699530442,29651600
1998-12-30,21.133132934570312,21.79591891576918,21.114128318621958,21.41820217379563,34942800
1998-12-31,21.085617065429688,21.285165491916402,20.98109169917474,21.161635513615103,23834400
1999-01-04,21.437204360961914,22.083361229998,21.190144381624588,21.22577803249055,69305200
1999-01-05,22.27341651916504,22.501471978405636,21.50372934422802,21.57024551983986,64281600
1999-01-06,22.995588302612305,23.033597539476126,22.31142203906351,22.72952364456555,69064800
1999-01-07,22.881561279296875,22.900565898299615,22.539478137247585,22.767533565280445,51150400
1999-01-08,22.78653335571289,23.185630270199937,22.349427211274694,23.138118732761,50244800
1999-01-11,22.425443649291992,22.948070514000065,21.931323704477084,22.93856820736901,46463200
1999-01-12,21.617746353149414,22.520465431632577,21.43720253745278,22.520465431632577,57907200
1999-01-13,21.864810943603516,22.4634563540542,20.67702243080454,20.67702243080454,75346000
1999-01-14,21.551233291625977,22.130874045942196,21.513224061834748,22.08336250870316,59214000
1999-01-15,22.767528533935547,22.80553776354145,21.494219342137818,21.731777027174708,59344000
1999-01-19,23.66075897216797,24.078860737138005,22.93858319631063,23.014601699032458,102741600
1999-01-20,24.724998474121094,25.504187511353194,24.70361828712387,25.38065754203591,125481200
1999-01-21,24.069353103637695,24.82953796281299,23.983832306980478,24.591980194320712,80077200
1999-01-22,23.755767822265625,24.361539901733398,23.603730908203126,23.660744750976562,82160000
1999-01-25,24.610979080200195,24.829532176279194,24.192877505092547,24.582472154624675,103076400
1999-01-26,26.083837509155273,26.11234443539479,25.01007662080025,25.162113560744324,120203200
1999-01-27,25.637226104736328,26.520940718428125,25.618221489388116,26.22636918053086,98048000
1999-01-28,26.454431533813477,26.463933843990855,25.81777675192932,26.11234836742796,78838400
1999-01-29,26.606470108032227,26.625474729537967,25.979317598342895,26.568460865020754,79571600
1999-02-01,26.292884826660156,26.748995586211905,25.96980637197767,26.672977126286614,81729200
1999-02-02,25.485200881958008,26.235883532843424,25.276150017154475,26.2263812208069,91965600
1999-02-03,25.361658096313477,25.827271152409153,25.238128101839116,25.295141945442666,73749200
1999-02-04,24.183374404907227,25.599218328809457,24.154867480264897,25.56120909595302,89151600
1999-02-05,24.325908660888672,24.57296867072582,23.54671939909458,24.36391789317131,127945200
1999-02-08,25.12411117553711,25.17162273222307,24.572977117979942,24.71551178803783,109866800
1999-02-09,24.335416793823242,25.35216400074987,24.2879052420977,25.076597000741717,77293600
1999-02-10,24.42093276977539,24.991071278019174,24.11685889871204,24.306905068126632,73694000
1999-02-11,24.744001388549805,24.915042872802452,24.382913810683103,24.744001388549805,60366000
1999-02-12,23.983829498291016,24.88654891284634,23.888806402022034,24.5824750047856,62930400
1999-02-16,23.755767822265625,24.306901635742186,23.499205529785158,24.287897021484376,73666800
1999-02-17,22.805545806884766,23.432698316574097,22.577490348815918,23.252154412269594,101215600
1999-02-18,22.15938377380371,23.014591552381038,21.890943554416936,22.948075391825025,117035200
1999-02-19,22.463462829589844,22.691518289788725,22.159388882658,22.415951275381744,73085600
1999-02-22,22.6250057220459,22.653512659116934,22.00735541884011,22.53948491083279,92514400
1999-02-23,23.63224220275879,23.660749129420743,22.881559800660703,23.25214984726609,95106800
1999-02-24,23.242650985717773,24.23089125657413,23.22364636512438,23.78428267262943,67696800
1999-02-25,23.337657928466797,23.37566714333401,22.748515098025045,23.166616461564352,70817200
1999-02-26,22.824541091918945,23.185628752823575,22.729518023259832,23.166624139091752,59273200
1999-03-01,23.071605682373047,23.19513569632315,22.729522566818915,22.739024875584306,58332000
1999-03-02,22.586984634399414,23.432689990925095,22.444450023749017,23.090606925364145,58569600
1999-03-03,22.748525619506836,22.910064857406425,22.358930986925472,22.65350253838943,76798400
1999-03-04,23.147613525390625,23.337659613448018,22.520461434801224,22.97657204613897,61696400
1999-03-05,23.556222915649414,23.622739075556453,23.280655967463115,23.527715989974972,47302800
1999-03-08,24.173879623413086,24.209513290310806,23.56573170835867,23.64175019774047,46726000
1999-03-09,24.601476669311523,25.048085168136414,24.287900489285533,24.306905106256806,90129600
1999-03-10,24.534969329833984,24.706010944062108,24.2023884132793,24.67750400835742,53114800
1999-03-11,24.544469833374023,25.019585393447077,24.221391252524345,24.477953654963795,62948400
1999-03-12,24.354413986206055,24.744008591525777,23.84128938407764,24.725003976632134,73395200
1999-03-15,25.21912384033203,25.238128455132586,24.00282849309673,24.411427711308587,60609600
1999-03-16,25.703744888305664,25.84627951800052,24.97206712253874,25.162113295465215,68554000
1999-03-17,25.409170150756836,25.76075552681443,25.352156305990743,25.703741682048335,44919600
1999-03-18,26.216880798339844,26.23588542378264,25.26664952619994,25.30465877708554,56231200
1999-03-19,26.02682876586914,26.473437364626296,25.827280243020198,26.43542812217888,91980400
1999-03-22,26.273889541625977,26.59696811103476,26.15035950038144,26.292894163355907,55719200
1999-03-23,25.323654174804688,26.473433595124153,25.276142628510495,26.254880482170865,69581200
1999-03-24,26.036312103271484,26.121832836457415,24.80101262391919,25.39015545253336,82634400
1999-03-25,27.357147216796875,27.37615183452303,26.226372462090787,26.311893241858474,109447600
1999-03-26,27.081579208374023,27.42366231416401,26.7204914855957,27.205109218798185,94687600
1999-03-29,28.088821411132812,28.164839872326674,26.720489109643257,27.404655260388033,79777000
1999-03-30,28.278881072998047,28.430918068014165,28.05082558047387,28.392908819260136,67502400
1999-03-31,27.252626419067383,28.77299609377128,27.100589451596992,28.734986851903685,58752600
1999-04-01,28.18385887145996,28.2408727464528,27.44742965280246,27.746752496514866,41106000
1999-04-05,28.868011474609375,28.891767244420606,28.4309053100827,28.677965316119515,39848600
1999-04-06,28.601947784423828,29.07706319612522,28.354887770339104,28.944030880848832,39674800
1999-04-07,28.3738956451416,28.88702034870411,27.746743229676316,28.849011111403183,46910200
1999-04-08,28.753990173339844,28.772994793414757,27.670726829069938,28.35489315176672,38637000
1999-04-09,28.658971786499023,28.887027264906177,28.2788793224871,28.658971786499023,31816800
1999-04-12,28.278881072998047,28.468927316768195,27.784760839195663,27.86077933670372,37858800
1999-04-13,27.404651641845703,28.31687305572129,27.119582450009585,28.31687305572129,46746800
1999-04-14,26.112333297729492,27.70872048623697,26.112333297729492,27.613697439302,52944000
1999-04-15,27.02457618713379,27.328650180800555,25.50420621879996,26.54946057202947,72594600
1999-04-16,26.340404510498047,27.100589344855855,26.112349060190706,27.081584723996908,44774000
1999-04-19,24.629981994628906,26.796508188600892,24.43993583726294,26.416415873868964,75389000
1999-04-20,25.27613639831543,25.542200991981908,24.325905706649436,25.010071804648952,108459400
1999-04-21,24.934062957763672,25.086099927018328,24.325915080745048,24.972072200077335,92732800
1999-04-22,25.827280044555664,25.92230314994402,25.352164517613875,25.846284665633334,55096400
1999-04-23,26.150348663330078,26.45442248499671,25.238127198330194,25.84627484166345,56592000
1999-04-26,26.75850486755371,27.043574166568845,26.37841246886687,26.511444808407266,48349800
1999-04-27,25.542203903198242,26.986554719152906,25.52319928719884,26.986554719152906,58665800
1999-04-28,24.972070693969727,26.30239409471393,24.84854066390062,25.94130631451193,55963400
1999-04-29,24.953052520751953,25.44717237264803,24.449430364011718,25.048075569193507,60880600
1999-04-30,24.724998474121094,25.4661782900248,24.287892428844547,25.162104519397637,58558600
1999-05-03,24.28790283203125,24.782022920945813,23.88880583713872,24.763018302141408,67180000
1999-05-04,23.73676109313965,24.87703784701345,23.64173803031683,24.47794098315762,66502200
1999-05-05,24.059843063354492,24.287898447841265,23.24264460227689,24.059843063354492,67028200
1999-05-06,23.69875144958496,24.66798667326486,23.56571916398184,24.534954387661735,74021000
1999-05-07,24.040842056274414,24.439939039026797,23.71776354642725,24.211883620311152,48011600
1999-05-10,24.230880737304688,24.47794069776348,23.793774653416055,24.28789457433364,46218000
1999-05-11,24.28790283203125,24.634737125211664,24.154870500400406,24.553967495292937,42786200
1999-05-12,24.477941513061523,24.62997841686936,24.097849253541934,24.55395996496544,60142600
1999-05-13,24.059843063354492,24.858036909058196,24.059843063354492,24.66799075531922,51737200
1999-05-14,23.375682830810547,24.306909220005437,23.299664350059942,23.983830676815373,84401000
1999-05-17,24.059843063354492,24.192875370971777,23.41368614064197,23.527713832885357,66850200
1999-05-18,23.92682647705078,24.40194217357681,23.69877094271829,24.268909778549524,63858400
1999-05-19,24.116851806640625,24.287893308815384,23.489699631999855,24.287893308815384,46510800
1999-05-20,23.850807189941406,24.325922871015937,23.831802562698424,24.192890480315068,42386200
1999-05-21,23.584739685058594,24.021846061171683,23.413698059623034,23.869809060784522,56568800
1999-05-24,23.489700317382812,23.67974643645549,23.128612691144728,23.67974643645549,38990000
1999-05-25,23.185646057128906,24.097868197081517,23.147636801297548,23.33768308045434,50791600
1999-05-26,23.869794845581055,23.86979484558106,22.957573386514266,23.470697957239334,52022800
1999-05-27,23.831789016723633,24.1548674962167,23.565724386552876,23.793779783842098,56702200
1999-05-28,24.534969329833984,24.59198320124336,23.75577975390587,23.945825991937117,41548000
1999-06-01,23.869794845581055,24.55396093988115,23.8507902318505,24.515951712420033,36046400
1999-06-02,23.850807189941406,23.90782107167035,23.185645236437065,23.73677942648352,42812600
1999-06-03,23.223648071289062,24.00283757286259,23.14762958333067,23.831795974956204,32934400
1999-06-04,24.19289779663086,24.230907062611426,23.3376893120681,23.39470321103895,35668200
1999-06-07,24.401927947998047,24.648987966163137,24.07884946270524,24.3069048640884,32392200
1999-06-08,24.1358642578125,24.972067428949313,24.021836552657483,24.287901198019195,41516400
1999-06-09,25.029067993164062,25.12409103034388,24.32589751803341,24.36390673290534,53310800
1999-06-10,24.28790283203125,25.029082965403095,24.04084278757397,24.89605063377225,35277400
1999-06-11,23.755767822265625,24.4779431640625,23.584726293945312,24.32590625,34543000
1999-06-14,23.584739685058594,24.23089693670403,23.546730434961802,23.945827560978103,28369800
1999-06-15,23.622730255126953,23.983817845511034,23.318656494803516,23.73675791524824,36981000
1999-06-16,24.629981994628906,24.82002815199487,24.002829675321223,24.040838906794416,48325200
1999-06-17,25.20012092590332,25.238130158069087,24.477945514753753,24.534959363002404,44475200
1999-06-18,25.846281051635742,25.846281051635742,24.972068604301,25.029082459561963,69116200
1999-06-21,27.043560028076172,27.06256463807482,25.80826037816405,25.80826037816405,56194400
1999-06-22,26.30238914489746,26.891532254356868,26.226370679160762,26.891532254356868,38751000
1999-06-23,26.150348663330078,26.568450168121693,25.865279455517616,26.131344049475913,33942000
1999-06-24,25.732248306274414,26.22636828852193,25.54220215925614,26.07433137090731,33559000
1999-06-25,25.827280044555664,26.283390950419783,25.65623845485662,25.960312392099365,24933000
1999-06-28,26.378408432006836,26.397413049032778,25.82727453825453,25.998316091488007,31701000
1999-06-29,26.75850486755371,26.777509487488054,26.150357029654764,26.359407848932527,38973200
1999-06-30,27.423667907714844,27.44267252857951,26.378413760158143,26.68248769399282,57610200
1999-07-01,27.727746963500977,27.822770085377265,26.87253886661438,27.328649851620565,47737800
1999-07-02,27.974794387817383,28.01280361932257,27.461669762497362,27.632711304270703,32094800
1999-07-06,27.233623504638672,28.259873099370342,27.138600394015366,28.050822255999076,45419400
1999-07-07,28.069812774658203,28.0698127746582,27.32863288419668,27.385646721924488,33834600
1999-07-08,28.145835876464844,28.278868186481898,27.575697404963194,27.917780487864185,37790400
1999-07-09,28.354888916015625,28.373893533251557,28.050815040240657,28.08882427471253,33884200
1999-07-12,28.63995361328125,28.810995141164152,28.08881980121413,28.335879785933873,43847800
1999-07-13,28.468910217285156,28.60194250802013,28.22185024877734,28.316873313588037,30845000
1999-07-14,28.868011474609375,28.88701609045836,28.12683145649893,28.506923773478643,37985200
1999-07-15,28.69698143005371,28.963046158544277,28.506935195417597,28.887027664689832,40926200
1999-07-16,30.23634147644043,30.369373777091017,28.88701385555591,29.039050770585153,115369800
1999-07-19,29.913272857666016,30.635448441269133,29.742231272075806,30.40739299381552,81181600
1999-07-20,28.3738956451416,29.41914967091708,28.06982174673419,29.324126577664764,92287400
1999-07-21,28.792001724243164,28.98204794024477,28.27887694103883,28.468923157040436,54050800
1999-07-22,27.689727783203125,28.734981748938313,27.366649284703158,28.696972513820672,60904200
1999-07-23,27.442678451538086,27.898789450732625,27.271636826840133,27.841775575833307,68833200
1999-07-26,26.644474029541016,27.30963564939404,26.644474029541016,27.024566383742744,50885000
1999-07-27,27.005556106567383,27.290625312477662,26.758496128111805,27.005556106567383,65513000
1999-07-28,27.366649627685547,27.51868657006158,26.872529564963447,27.1195895963245,62215200
1999-07-29,26.435415267944336,27.005553627425524,26.245369148117273,26.96754440346011,57968200
1999-07-30,26.093353271484375,26.94856149961023,25.998330135025945,26.644487462943257,51127400
1999-08-02,25.789268493652344,26.435425552446873,25.656236158018174,26.05533316492068,48050600
1999-08-03,25.77025604248047,26.169352928094103,25.65622836087657,26.112339087292153,55051200
1999-08-04,25.827280044555664,26.51144640335184,25.770266181322647,25.884293907788678,75573400
1999-08-05,26.074323654174805,26.264369744948674,25.770249908936613,25.960295999710482,76634000
1999-08-06,25.884292602539062,26.28338962504517,25.827278742181047,26.16936190432914,67205800
1999-08-09,25.485200881958008,26.09334885229556,25.44719163381191,26.036334980076415,39333600
1999-08-10,25.21912384033203,25.561206906741962,24.82002692952045,25.40916998833755,62743000
1999-08-11,25.59922218322754,25.75125913754515,25.029083604536506,25.542208325358438,66105200
1999-08-12,24.85803985595703,25.59921994340529,24.820030620703275,25.523201472897778,61062000
1999-08-13,25.75126075744629,26.036330064724293,25.162117522405083,25.219131383860685,65099800
1999-08-16,25.637226104736328,26.11709264227865,25.02907841359358,25.865281488914857,57321800
1999-08-17,25.713253021240234,25.99832234520077,25.21913285970864,25.9793177236034,51749000
1999-08-18,25.846281051635742,26.20736880162183,25.561211775330936,25.675239485852856,58361200
1999-08-19,25.485200881958008,25.884297987492026,25.276150017154475,25.713256370834593,71478200
1999-08-20,25.35215950012207,25.77976338974182,25.257136413539904,25.542205673286404,46072800
1999-08-23,26.283382415771484,26.34039626049116,25.50419320460255,25.637225508948468,60447000
1999-08-24,28.031816482543945,28.430913530769995,26.473437532327942,26.473437532327942,120450000
1999-08-25,28.9820499420166,29.191100794057377,28.335892762981477,28.46892512337106,81877600
1999-08-26,28.772998809814453,29.30512824619147,28.487929468898194,29.00105428254746,61246000
1999-08-27,28.354888916015625,28.925027433093685,28.08882427471253,28.90602281585775,41948400
1999-08-30,28.05081558227539,28.41190331673557,27.841764788640546,28.240861758307066,33300800
1999-08-31,28.145835876464844,28.31687741791534,27.404655863512698,27.917780487864185,46882800
1999-09-01,28.088821411132812,28.411899871206735,27.860766027551218,28.069816795834345,36607200
1999-09-02,27.917787551879883,28.14584299818523,27.575704382421858,27.822764449252652,33340800
1999-09-03,29.153093338012695,29.324134954728546,28.430917622990215,28.50693611930837,52098000
1999-09-07,28.658971786499023,29.400152091322276,28.506934800894253,28.849018018504985,47028000
1999-09-08,28.05081558227539,28.791995668798926,27.993801729465886,28.487921787148245,42568200
1999-09-09,28.601947784423828,28.625703555008897,27.91303043745681,28.10782775625438,38475200
1999-09-10,28.887027740478516,28.982050858045877,28.582953764262953,28.906032363991987,34455000
1999-09-13,28.54494857788086,28.83001797113533,28.39291156814514,28.734994840050504,27870800
1999-09-14,28.906023025512695,29.058059964502903,28.46891682591586,28.487921443289633,40207800
1999-09-15,28.164840698242188,29.115071491030385,28.08882223481913,29.03905302760733,48413800
1999-09-16,28.58294677734375,28.601951396211664,27.556697358476356,28.240863637721283,45796000
1999-09-17,29.32413673400879,29.34314135924146,28.52594247423668,28.696984101330703,79773400
1999-09-20,29.66621971130371,29.761242836580152,28.887030084036926,29.191104084921527,48601800
1999-09-21,28.772998809814453,29.362142114374723,28.62096182799245,29.362142114374723,47082800
1999-09-22,29.210094451904297,29.381135993912846,28.487919052312648,28.81099752055102,48531600
1999-09-23,27.727746963500977,29.457167781649424,27.371410256464895,29.457167781649424,71073600
1999-09-24,27.65172576904297,27.78475812669472,27.02457322582756,27.423670298782817,70277000
1999-09-27,27.80375862121582,28.259869494017718,27.632717043915108,27.97480019851653,34132200
1999-09-28,28.012821197509766,28.183862846612605,27.081594441283183,27.746756410016456,46000600
1999-09-29,27.21462059020996,28.01281476953176,27.100592850306846,27.84177315967709,37484400
1999-09-30,27.537700653076172,27.879783891002585,27.00557117185731,27.366659034112967,47455400
1999-10-01,27.36189842224121,27.55669575429745,26.853524897118827,27.42366342996636,44239000
1999-10-04,28.145835876464844,28.16484049218157,27.442665094946143,27.51868355781303,29998000
1999-10-05,27.917787551879883,28.544940029219593,27.214616592438386,28.202856859761567,43397000
1999-10-06,28.487926483154297,28.58294958683393,27.9938063440202,28.069824826963906,35500200
1999-10-07,28.506925582885742,28.90602254104614,28.18384709294637,28.487920965830487,46036400
1999-10-08,28.868011474609375,28.944029938005315,28.012803761405014,28.4309053100827,35697000
1999-10-11,28.67795753479004,28.88700825240614,28.620943702712925,28.772980588251905,19943800
1999-10-12,28.145835876464844,28.677965116533052,28.08882202931468,28.582942037949444,27668600
1999-10-13,27.689727783203125,28.31688016264424,27.461672372497265,27.974797046585447,38098400
1999-10-14,27.575687408447266,28.046051476923537,27.27161366721008,27.632701234929236,42737800
1999-10-15,26.777507781982422,27.309637106251767,26.54945235729556,27.214614012632243,73788000
1999-10-18,26.720502853393555,26.758512103540628,25.86529472508437,26.511451977584642,75312800
1999-10-19,26.245370864868164,27.13858768648207,25.922292440029093,26.834513874868826,69945600
1999-10-20,28.05081558227539,28.088824817481726,27.442667818974027,27.841764788640546,88090600
1999-10-21,28.297880172729492,28.3168847933962,27.518690725394425,27.537695346061135,60801200
1999-10-22,28.18385887145996,28.544946746414606,27.898789496495766,28.449923621426542,43650600
1999-10-25,28.107824325561523,28.44990738023367,27.708727428444018,27.974792026522355,30492200
1999-10-26,28.088821411132812,28.96303371486225,28.055563334360496,28.696969100683724,52467600
1999-10-27,27.632719039916992,27.860774492791137,27.271631239532933,27.822765250645446,54416600
1999-10-28,27.328643798828125,27.63271772148546,27.157602217333373,27.36665303916029,70570400
1999-10-29,28.145835876464844,28.582942037949444,27.74673894641369,27.803752793563856,79452600
1999-11-01,28.088821411132812,28.639955254788326,28.012802949938948,28.354886025311334,53261200
1999-11-02,28.145835876464844,28.73497896368322,27.955789719297627,28.20284972361501,46349000
1999-11-03,27.974794387817383,28.430905165879622,27.822757461796634,28.25986362410628,44517000
1999-11-04,27.89879035949707,28.202864368864887,27.461683971030837,28.069831989766467,54239400
1999-11-05,27.84177017211914,28.24086721895498,27.518691610394892,27.91778865723073,70167400
1999-11-08,27.347646713256836,27.594706760006204,25.656235623972712,25.789267956837755,243819200
1999-11-09,27.02457618713379,27.328650180800555,26.28339582757105,27.29064093159221,109769800
1999-11-10,26.492443084716797,27.10059098910054,26.283392242584885,26.796517036908668,69385400
1999-11-11,27.252626419067383,27.499686491206766,26.83452475852381,26.83452475852381,69274600
1999-11-12,27.11958885192871,27.366648876508297,26.47343186456671,27.290630407406887,49414200
1999-11-15,26.454431533813477,26.910542422327502,26.435426913458727,26.8345239409085,47080400
1999-11-16,26.5494384765625,26.68247073807713,26.112332474443004,26.435410823835674,59165200
1999-11-17,25.846281051635742,26.473433459506314,25.846281051635742,26.28338727530311,66819000
1999-11-18,25.827280044555664,26.093344739643065,25.694247697011964,25.827280044555664,64493200
1999-11-19,26.150348663330078,26.32139018801756,25.65622870312181,25.675233316975973,58226000
1999-11-22,27.30963134765625,27.480672880105036,26.89152982389255,27.252617503506656,90596600
1999-11-23,27.252626419067383,27.78475580521375,26.872534000391408,27.13859869346459,70787400
1999-11-24,27.879770278930664,28.05081181438423,27.21460875216681,27.23361336721721,53771000
1999-11-26,27.708730697631836,28.39289688769682,27.67072146485045,27.86076762875739,28514200
1999-11-29,27.423667907714844,27.993806533654862,27.214617078203503,27.404663286850177,51460200
1999-11-30,27.684972763061523,28.240857749036845,27.23361315906447,27.290627003779885,64145600
1999-12-01,28.33588409423828,28.5639394994233,27.63271326158448,27.689727112880735,48864200
1999-12-02,28.83002281188965,28.963055217745435,28.240879300242597,28.297893188466503,55473800
1999-12-03,29.229103088378906,29.533176982666333,29.110324223422882,29.134079996414087,64100600
1999-12-06,29.020044326782227,29.552173495839135,28.810993581795582,28.963030487240413,49098200
1999-12-07,28.278881072998047,28.84901980430849,28.240871824244017,28.81101055555446,56859200
1999-12-08,27.89879035949707,28.677980008502097,27.879785733911582,28.316892122377816,40955800
1999-12-09,28.20286750793457,28.373909157241453,27.803770326218515,27.974811975525398,46258200
1999-12-10,28.54494857788086,28.620967082748717,28.05082829623978,28.39291156814514,36836000
1999-12-13,29.38112449645996,29.47614753816908,28.20283877926687,28.464152143966952,52691600
1999-12-14,30.008285522460938,30.74946546886751,28.982036365897994,29.248100962043942,144116200
1999-12-15,32.97300720214844,33.06803027765895,29.951273400914086,29.970278016016188,155571600
1999-12-16,34.56939697265625,34.9684939140668,33.12504613707523,33.220069218363456,128660200
1999-12-17,35.04450988769531,35.61464833489209,34.55038990012477,35.462611415639614,105898800
1999-12-20,34.284339904785156,34.96850633304029,33.80922432960798,34.91149246401903,39433800
1999-12-21,35.234561920166016,35.46261733712502,33.638174001452995,34.170303307690666,57446000
1999-12-22,35.74768829345703,35.88072062628755,35.006508153401306,35.36284475919733,38565200
1999-12-23,35.70966720581055,36.26080097322327,35.500616466447106,35.65265336780234,31028400
1999-12-27,36.22279739379883,36.260806625061996,35.3105758434828,36.0137466218514,32202200
1999-12-28,35.728675842285156,36.127772753289406,35.595643538617075,36.10876813847968,24591000
1999-12-29,35.86170196533203,35.99473424607253,35.519618957713604,35.55762818078232,17449200
1999-12-30,35.76668930053711,36.46986013163162,35.614652364084236,35.84270776876354,22360000
1999-12-31,35.50061798095703,35.804691796639744,35.348581073115675,35.72867334271907,12517600
2000-01-03,35.44361114501953,36.070763513805396,34.05627408679624,35.69067116908669,53228400
2000-01-04,34.24631118774414,35.61464326627775,34.13228351453301,34.53138037077198,54119000
2000-01-05,34.607398986816406,35.386588090857856,33.25807151396415,33.79020065818757,64059600
2000-01-06,33.4481201171875,34.626406166770245,32.954000160910866,34.113281596790664,54976600
2000-01-07,33.885223388671875,34.13228334607666,32.63091898953988,33.03001584380915,62013600
2000-01-10,34.13230514526367,34.5694115029146,33.86624040582398,34.49339300593183,44963600
2000-01-11,33.25807189941406,34.74043167550223,33.0490211617606,33.90422872488839,46743600
2000-01-12,32.1748161315918,33.10604235158471,31.756714563431714,32.99201465117741,66532400
2000-01-13,32.782955169677734,33.0300151216811,30.86348938872849,31.737701526586562,83144000
2000-01-14,34.13230514526367,34.64542999989737,32.155824223711654,32.59293058136258,73416400
2000-01-18,35.06352233886719,35.42461010279048,33.980259047097306,33.99926366625117,81483600
2000-01-19,32.53590393066406,33.90423633896302,32.231830062153186,33.60016247045214,97568200
2000-01-20,32.23183059692383,33.353103005661154,32.193821362729345,32.55490908757695,56349800
2000-01-21,31.547664642333984,32.6119232085814,31.395627704298644,32.535904739563726,68416200
2000-01-24,30.787471771240234,32.13679923775755,30.654439485808947,31.561909718572355,63597600
2000-01-25,31.2625789642334,31.585657287875936,30.27433938603271,30.711445353313785,59823200
2000-01-26,30.217342376708984,31.471647154610114,30.14132390532104,31.148568651211338,49365000
2000-01-27,30.02729606628418,30.76847615905955,29.571185239960876,30.374130340467524,63654800
2000-01-28,29.875272750854492,30.483420796673414,29.571198727945035,29.83726349799081,58225400
2000-01-31,29.761240005493164,29.856263121730372,28.84901808961598,29.6852215125034,73194200
2000-02-01,31.300582885742188,31.395605906038913,29.704196144757155,29.951255997528648,70196600
2000-02-02,30.65443229675293,31.604662684129025,30.559409258015318,31.1485520981885,49915600
2000-02-03,31.509662628173828,31.68070422265728,30.445403818054565,31.034547087942016,49186000
2000-02-04,32.40288162231445,32.83998794331928,31.666452494534578,31.73771982948102,55365400
2000-02-07,32.421875,32.497893464243845,31.699699589683473,32.47888884818288,40005800
2000-02-08,33.429115295410156,33.44811990899481,32.36485693466941,32.36485693466941,56229000
2000-02-09,31.623682022094727,33.27708366627876,31.585672788895092,33.27708366627876,55090000
2000-02-10,32.23183059692383,32.40287215079901,31.16757203947823,31.590424769891882,54527800
2000-02-11,30.388378143310547,31.88974266696379,30.141318158405586,31.88974266696379,115559000
2000-02-14,30.293352127075195,30.939508947853458,30.12231061569271,30.78272089575285,81028600
2000-02-15,29.970273971557617,30.407380059918953,29.837241683795472,30.331361609769157,71027600
2000-02-16,29.685222625732422,30.464412208097997,29.533185634051332,30.179342848695956,65202600
2000-02-17,30.293352127075195,30.312356739451022,29.537918785135897,29.951269104310228,80343400
2000-02-18,28.906023025512695,30.426392415414746,28.84900917339137,30.40738779804097,79063000
2000-02-22,28.525936126708984,29.533181039910566,28.221862190648128,28.925033167788857,66296200
2000-02-23,28.658971786499023,29.115082743313334,27.993809974478157,28.43091630809187,75847200
2000-02-24,28.811002731323242,29.153085877209662,27.97479948582309,28.65896577759594,69733200
2000-02-25,27.7657470703125,28.79674760321082,27.51868703477926,28.79199644868134,65301400
2000-02-28,27.84177017211914,28.012811763620213,26.796516001834803,27.442673125283303,76131800
2000-02-29,27.176591873168945,27.898767041826584,27.024554995556812,27.898767041826584,58437400
2000-03-01,27.613704681396484,28.611446935886036,27.0435662502596,27.252617008343126,106889800
2000-03-02,28.392900466918945,29.001048268084542,27.708734190607643,27.91778499725832,106932600
2000-03-03,29.229103088378906,30.06530629766933,28.5449368262322,28.811001483733698,101435200
2000-03-06,27.55668830871582,29.609186472399482,27.404651407702218,29.19108499461207,93609400
2000-03-07,28.240854263305664,29.64719559270312,27.95578507491429,29.229094116395768,135061000
2000-03-08,29.058069229125977,29.248115463456426,27.670731718513682,28.52593977300071,94290000
2000-03-09,30.407386779785156,30.407386779785156,28.887017440795898,28.982040524482727,88198800
2000-03-10,30.711463928222656,31.167574778641807,30.25535307780351,30.274357696570974,85589000
2000-03-13,29.79924774169922,30.48341414393211,29.647210763425242,29.68522000799374,61831800
2000-03-14,28.925024032592773,30.17932862270521,28.925024032592777,29.989282472688174,73489200
2000-03-15,29.001039505004883,29.381131765883058,28.487914952819345,28.753979535434066,53208000
2000-03-16,29.001039505004883,29.400136378926966,28.354882661511983,29.17208102240006,77300800
2000-03-17,30.217342376708984,30.25535161240296,28.734982184644018,28.96303759880786,81161600
2000-03-20,29.609188079833984,30.331363398854325,29.343123488615966,30.027289580319447,47773000
2000-03-21,31.24359130859375,31.357619014099566,29.34312955016347,29.419148020500685,81648800
2000-03-22,31.395627975463867,32.11780343736921,30.74947098323277,31.262595653533936,93975800
2000-03-23,34.01826477050781,34.322338645551454,32.421876926528675,32.478890778099355,148224000
2000-03-24,33.96125030517578,34.968494998054524,33.31509333238564,34.246319557877314,112196800
2000-03-27,31.642681121826172,32.91599021201377,31.604671895253407,32.76870445904431,111434000
2000-03-28,31.718704223632812,32.66893502721678,31.129561125410756,31.509653446844343,81114400
2000-03-29,32.59292221069336,33.12505155290876,31.965769771653775,31.98477439101861,64363800
2000-03-30,31.433629989624023,33.030017486074094,31.167565406882346,32.28883757700799,64178400
2000-03-31,32.30784606933594,32.91599376005285,31.661689147949218,32.23182760799632,64281400
2000-04-03,27.632719039916992,29.343134936473067,27.36665434489716,28.715982441069173,260118200
2000-04-04,26.929540634155273,27.974794504923473,25.827272915890624,27.84176219409843,181244400
2000-04-05,26.264381408691406,26.910538404274263,26.112344468554262,26.83451993420569,82887600
2000-04-06,26.150348663330078,26.758496306663336,25.927044450543647,26.72048707895501,66421400
2000-04-07,27.081579208374023,27.176602293315685,25.8462791041324,26.454426847759045,82613600
2000-04-10,26.169357299804688,26.94854658759844,26.150352683029233,26.94854658759844,60685400
2000-04-11,25.504199981689453,26.169361680168684,25.390172261950156,25.884292380820444,71961800
2000-04-12,24.1358642578125,25.010076664000987,23.945818082554137,24.972067428949313,153003800
2000-04-13,24.097856521606445,25.010078219585235,24.021838046774878,24.591976608011624,94316200
2000-04-14,22.539470672607422,24.173867365562092,22.27340609468457,24.05983968930944,151217800
2000-04-17,23.071605682373047,23.109614917434616,22.197393275956934,22.577485626572635,119772200
2000-04-18,24.49695587158203,24.915057523385606,23.071609331342582,23.261655536707842,91794600
2000-04-19,23.92682647705078,24.782034730797633,23.75578482630141,24.763030102936593,53715400
2000-04-20,24.00284194946289,24.28791133128549,23.56573556400157,23.907818822188688,52387400
2000-04-24,20.258914947509766,20.677016381698525,19.764795070741236,20.448961053959202,313645800
2000-04-25,21.095125198364258,21.133134432955906,20.562995914081196,20.90507902540602,159517400
2000-04-26,20.67702293395996,21.62725376732209,20.486976767287533,21.285170667311725,107091200
2000-04-27,21.2281551361084,21.266164366432676,20.486975144785006,20.505979759947145,77669800
2000-04-28,21.20915412902832,21.589246496932052,20.75304328754384,21.513228023351306,78082600
2000-05-01,22.330419540405273,22.501461051778588,21.79829039391051,22.159378029031956,107811000
2000-05-02,21.247163772583008,22.349431660606097,21.133136060028892,22.14038085425689,97716200
2000-05-03,21.456212997436523,21.532231466869423,20.924083711406208,21.399199145361845,55354800
2000-05-04,21.41820526123047,21.66526530417279,21.076122124848794,21.380196023854726,43317200
2000-05-05,21.62725257873535,21.836303350586043,21.247160266279543,21.361187960016288,36402200
2000-05-08,21.2281551361084,21.703270515161854,21.19014590578412,21.570238209026886,36187600
2000-05-09,20.620014190673828,21.418208288377333,20.524991083804363,21.34218980288176,60778400
2000-05-10,20.125890731811523,20.639015424690573,19.992858404028066,20.601006188181014,67740000
2000-05-11,20.639015197753906,20.71503366993716,19.992858184196233,20.258922836837627,58390800
2000-05-12,20.924081802368164,21.209151036732855,20.75304026174935,20.81005410862229,37886000
2000-05-15,21.095125198364258,21.114129815660082,20.677023617856136,20.981097494589314,33899600
2000-05-16,21.133132934570312,21.475216021640698,21.000100622931832,21.152137550518667,48410600
2000-05-17,20.581993103027344,21.01909914307317,20.44896082996992,20.943080701326068,53242000
2000-05-18,20.125890731811523,20.69602927945491,20.030867640537625,20.69602927945491,53640400
2000-05-19,19.783811569213867,20.0498762781178,19.61276997063277,19.878834679536702,66578000
2000-05-22,19.517745971679688,19.840824532067764,18.98561657809933,19.80281528966917,69955000
2000-05-23,19.213665008544922,19.935840350112386,19.17565578004137,19.42271576531445,57963200
2000-05-24,19.93584442138672,20.23991831151273,19.15665507793881,19.194664314204562,85482400
2000-05-25,18.700546264648438,19.68878651440628,18.58651854352253,19.631772653843328,94348800
2000-05-26,18.681533813476562,19.042621445680076,18.358455405715524,18.87157993568894,55822000
2000-05-30,19.27068328857422,19.498738712107638,18.85258167876294,18.985614009157437,68536400
2000-05-31,19.023618698120117,19.370452905153773,18.871581785447827,19.351448291069737,54968200
2000-06-01,19.631772994995117,20.068879266906915,19.403717548780264,19.574759133441404,94507200
2000-06-02,20.163902282714844,20.296934625767626,19.764805253556492,20.068879180534285,80463200
2000-06-05,20.334943771362305,20.791054659691927,20.06887908650336,20.073630241590127,64400000
2000-06-06,21.17113494873047,21.24715338660742,20.620001274122583,20.73402893093801,99019000
2000-06-07,21.437204360961914,21.51322281614263,20.41095521602225,21.057112085058336,76310600
2000-06-08,20.924081802368164,21.931326430456732,20.75304026174935,21.76028488983792,94765600
2000-06-09,20.924081802368164,21.19014642110854,20.772044877373666,21.17114180548423,35710200
2000-06-12,20.334943771362305,20.981100863162602,20.182906808585766,20.981100863162602,49260600
2000-06-13,20.639015197753906,20.67702443384553,20.106885892471116,20.296932072929255,44289200
2000-06-14,21.437204360961914,21.589241271323345,21.13313054023905,21.228153609214946,79992400
2000-06-15,22.007349014282227,22.102372110198818,21.475219677149326,21.532233534699277,65592600
2000-06-16,22.064369201660156,22.23541082337845,21.74129058285893,22.08337382629552,68710600
2000-06-19,22.406435012817383,22.44444423251682,21.893310546875,22.06435203552246,46604800
2000-06-20,22.78653335571289,22.881556430590756,22.425445671176988,22.463454901128134,62275000
2000-06-21,24.534969329833984,24.991080301108976,23.394691901646503,23.413696525449627,160399600
2000-06-22,24.28790283203125,24.934059871381066,24.116861262791595,24.744013683337002,87315200
2000-06-23,23.622730255126953,24.344905435895114,23.413679544904593,24.306896215854685,49811600
2000-06-26,24.173879623413086,24.36392584686759,23.56573170835867,23.56573170835867,48287000
2000-06-27,23.964820861816406,24.363917799245545,23.83178854934003,24.097853174292787,31071200
2000-06-28,24.00284194946289,24.344925207650007,23.907818822188688,24.021846574917728,37459200
2000-06-29,23.470693588256836,24.00282267365861,23.432684367870994,23.793771961536486,38449000
2000-06-30,24.325908660888672,24.325908660888672,23.318664005398748,23.432691702246665,52356400
2000-07-03,24.325908660888672,24.344913277029992,24.13586249947548,24.230885580182076,15734800
2000-07-05,23.869794845581055,24.287896347653337,23.793776390658824,24.287896347653337,34824400
2000-07-06,24.610979080200195,24.839034484804365,23.869799015236637,23.983826717538722,47873200
2000-07-07,24.934062957763672,25.20012765395932,24.496956671156536,24.710758659170896,54153200
2000-07-10,24.154884338378906,24.725023229135292,24.13587970868703,24.534976932216498,52689800
2000-07-11,24.059843063354492,24.47794460158024,23.869796909615516,23.964819986485004,37164800
2000-07-12,24.42093276977539,24.629983556131442,23.470701922702418,23.793780410707228,58370200
2000-07-13,24.306907653808594,24.325912272771696,23.527718276321373,23.964824512472738,80843200
2000-07-14,24.00284194946289,24.249902080375808,23.85080494582417,24.17388357855645,51180600
2000-07-17,23.77477264404297,24.19287416136427,23.56572188538232,23.793777258466665,53992800
2000-07-18,23.869794845581055,24.17386866526999,23.54671641216157,23.60373025335324,70617200
2000-07-19,22.235395431518555,23.565718235113682,22.140372374118904,23.128612171075282,139924600
2000-07-20,22.748525619506836,22.881557933071203,22.235400981472846,22.330424062590254,54690600
2000-07-21,21.988338470458984,22.80553687515193,21.8553061720206,22.729518418901424,56100600
2000-07-24,21.456212997436523,21.931328431392156,21.285171441212494,21.912323814033932,56165600
2000-07-25,20.981094360351562,21.58924202297045,20.79104821578316,21.532228179599926,64188600
2000-07-26,20.620014190673828,21.13313896776894,20.448972598308792,21.000106618151687,85404600
2000-07-27,21.095125198364258,21.323180605914143,20.524986679489547,20.639014383264488,74337600
2000-07-28,21.190141677856445,21.83629846444579,21.17113706648617,21.570233905261944,75645600
2000-07-31,21.2281551361084,21.6272520545133,21.057113599649153,21.342182827081228,70283800
2000-08-01,20.88607406616211,21.304175639825047,20.73403713028468,21.26616640585569,47163600
2000-08-02,21.095125198364258,21.41820369239326,20.829060556222725,20.84806517351855,48269200
2000-08-03,21.361190795898438,21.399200032190073,20.715033778940658,20.734038397086472,54543400
2000-08-04,21.01909828186035,21.24715359775757,20.734029136988827,21.11412133015086,38107400
2000-08-07,21.28516387939453,21.62724687031337,21.20914543696812,21.342177711214337,52741800
2000-08-08,22.539470672607422,22.7105121869864,21.285166233828257,21.304170846537033,138038800
2000-08-09,22.57748031616211,22.767526446769534,22.235397281068742,22.425443411676167,63945600
2000-08-10,22.083364486694336,22.52047066844474,21.817299854324524,22.444452202053366,48986000
2000-08-11,22.02635383605957,22.102372313492047,21.77929378440403,22.02635383605957,35629600
2000-08-14,21.950334548950195,22.31142230343509,21.7032745064079,21.988343786264394,53427000
2000-08-15,21.779281616210938,22.197383008494217,21.74127239873064,21.893309268651834,40714200
2000-08-16,21.589250564575195,21.969343004092362,21.456218210744186,21.855315272237213,44976200
2000-08-17,21.76028823852539,21.893320568367905,21.456214341742502,21.627255908682876,36112800
2000-08-18,21.589250564575195,21.722282918406204,21.285176612961457,21.62725980852691,54438800
2000-08-21,21.475221633911133,21.53223549665603,21.304180045676443,21.494226254826096,34119600
2000-08-22,21.665260314941406,22.026347986857097,21.351684178804096,21.53222801476194,54428200
2000-08-23,21.513225555419922,21.627253252710133,21.39919785812971,21.532230171634957,36726800
2000-08-24,21.62725257873535,21.646257194358142,21.266164881902334,21.47521565375303,42405400
2000-08-25,21.475221633911133,21.798300189465547,21.456217012996166,21.494226254826096,52729400
2000-08-28,21.68425941467285,21.931319337889985,21.323171834586276,21.342176444064517,56421600
2000-08-29,21.570232391357422,22.12136608241413,21.551227781320982,21.646250831503174,59400200
2000-08-30,21.28516387939453,21.570233038493566,21.19014082636152,21.494214596067156,53498800
2000-08-31,21.2281551361084,21.893316666783235,21.19014590578412,21.551233593864747,72575400
2000-09-01,21.342187881469727,21.475220219110234,21.190150924166293,21.285174022480938,37629800
2000-09-05,21.323190689086914,21.494232325630392,21.22816755767387,21.285181436521697,50755200
2000-09-06,21.114118576049805,21.49421071963306,21.07610936169148,21.304164647841432,62960800
2000-09-07,21.304182052612305,21.912329979181074,21.11413582555956,21.28517742990703,111711200
2000-09-08,21.076108932495117,21.551224102298885,21.038099718910818,21.39918724796168,56709600
2000-09-11,20.924081802368164,21.19014642110854,20.696026414876414,21.019104880489728,48495200
2000-09-12,20.715038299560547,21.07612612313087,20.563001321215147,20.905084522492295,46781200
2000-09-13,20.753040313720703,20.905077239095945,20.429961847298312,20.543989541329744,40744800
2000-09-14,20.01186180114746,20.905078804617478,19.973852566957245,20.88607418752237,78503000
2000-09-15,19.517745971679688,19.954852259263557,19.251681274889506,19.897838395665662,99915200
2000-09-18,19.156654357910156,19.65077441079276,18.909594331468853,19.536746706281388,69037800
2000-09-19,19.764793395996094,19.992848704411433,19.270673561096192,19.346691997234636,79311200
2000-09-20,19.5367488861084,19.764804320576587,19.213670353945126,19.726795081498555,67791400
2000-09-21,19.517745971679688,19.80281528966917,19.327699759686702,19.460732108081793,48952200
2000-09-22,19.232677459716797,19.308695947699867,18.548511067869164,18.5865203118607,84476600
2000-09-25,18.624526977539062,19.30869327467315,18.377466925796195,19.232674797213807,53484200
2000-09-26,19.061626434326172,20.030861676749538,18.377460380850856,18.52949728162315,155704800
2000-09-27,18.43448257446289,19.327699771369854,18.187422498722665,19.28969052894828,106155600
2000-09-28,18.643531799316406,18.814573375456924,18.434480984033552,18.491494842747056,52360400
2000-09-29,18.339448928833008,18.643522693456145,17.826324451031464,18.548499642011414,74053600
2000-10-02,17.97836685180664,18.491491487111904,17.712302226092802,18.39646840649982,58562400
2000-10-03,17.19917869567871,18.187418797529862,17.18017407833542,18.111400328156698,85374000
2000-10-04,16.85709571838379,17.19917883330026,16.5720264559534,17.14216498081418,136453400
2000-10-05,16.838092803955078,17.408231386481773,16.800083565119966,16.87610204279019,81099400
2000-10-06,16.89510154724121,17.25618920685604,16.64804156961001,16.971120001896963,61794000
2000-10-09,16.477001190185547,16.95211656475837,16.1159135055102,16.914107334792547,58323600
2000-10-10,16.591033935546875,16.895107867928033,16.362978486261007,16.40098772780865,62066200
2000-10-11,16.952119827270508,17.313207581438828,16.41999050533825,16.41999050533825,101205800
2000-10-12,16.53401756286621,17.294202278400288,16.362976001871044,17.12316071740512,90219600
2000-10-13,16.34397315979004,16.686056318948435,15.849853041005689,16.381982399696525,104521200
2000-10-16,15.317720413208008,16.36297428755843,15.070660406543361,16.267951208072027,119759000
2000-10-17,15.336729049682617,15.944876917823688,15.279715187044392,15.773835329909012,81276600
2000-10-18,15.735823631286621,16.191934461178985,14.728578881940978,15.089666622272436,110536400
2000-10-19,18.8145694732666,18.909592551414413,17.636283304233743,17.76931561364068,256993200
2000-10-20,19.821821212768555,20.10689054948143,18.58652075367943,18.643534621022006,160378600
2000-10-23,18.890596389770508,20.144901582652654,18.453490034675212,19.650781355153626,185170400
2000-10-24,18.700546264648438,19.137652528964406,18.30144924070777,19.042629428026153,94427400
2000-10-25,18.624526977539062,19.289688655308314,18.377466925796195,18.833577790552255,167603800
2000-10-26,19.593753814697266,19.783799923472213,18.49148638380256,18.548500216435045,114826600
2000-10-27,20.581993103027344,21.038103753509944,19.650767191625366,19.669771802062144,124292400
2000-10-30,21.000097274780273,21.32317569439228,20.48697272598474,20.524981951821445,110057600
2000-10-31,20.94308090209961,21.13312700828926,20.677016353434098,20.981090123337538,104474000
2000-11-01,21.17113494873047,21.30416721501513,20.810047368814956,20.829051978284195,81309400
2000-11-02,21.380186080932617,21.54172526465522,21.17113537258572,21.399190690782333,77985200
2000-11-03,20.753040313720703,21.171141858502622,20.696026466704986,21.05711416447119,68711000
2000-11-06,21.133132934570312,21.32317909405386,20.753040615603222,20.886072927241703,74851400
2000-11-07,21.437204360961914,21.855305864455854,21.13313054023905,21.209148995419767,104331200
2000-11-08,21.114118576049805,22.007335113470454,20.67701261092906,21.6272429698872,206149400
2000-11-09,21.551233291625977,21.684265595895273,20.81005331069704,20.829057925592654,91058600
2000-11-10,20.486970901489258,21.380187629105208,20.315929400456415,21.266159961749977,93744400
2000-11-13,20.20191192626953,20.715036688272612,19.584261749784336,20.277930409529247,83364800
2000-11-14,20.924081802368164,21.228155652357167,20.467971027384664,20.677021799252103,84218600
2000-11-15,21.304182052612305,21.551242147780865,20.886080353096272,21.000108089327917,60422200
2000-11-16,20.962087631225586,21.741276745350927,20.962087631225586,21.114124531542725,92128600
2000-11-17,21.000097274780273,21.285166468555573,20.61525386318362,21.114124952290393,106525600
2000-11-20,20.429962158203125,20.82905909338663,19.93584214321403,20.715031397619914,80157200
2000-11-21,20.60100746154785,21.057118327855182,20.486979744971016,20.486979744971016,59487600
2000-11-22,20.753040313720703,21.133132627158812,20.068874149532107,20.087878765204014,76343200
2000-11-24,21.266176223754883,21.418213229822836,20.82906983130952,20.981106837377475,34439200
2000-11-27,21.494226455688477,21.969341983002547,21.475221834595914,21.72228190879923,85307600
2000-11-28,20.372955322265625,21.20915871235862,20.315941454759287,21.09513097734594,127446200
2000-11-29,19.783811569213867,20.410964097344568,19.232677529341434,20.315940987021733,98280400
2000-11-30,17.44624137878418,18.871587896658703,17.332213657354217,18.85258327642038,197200800
2000-12-01,17.21818733215332,18.434483126036113,17.04714573613855,17.65529363307995,109809800
2000-12-04,17.16116714477539,17.94035635068435,16.781074849210047,17.408227136892865,80407200
2000-12-05,18.20641326904297,18.396459336569514,17.712293493473954,17.99736259476377,101734400
2000-12-06,17.23719024658203,18.263439721020212,17.047144047612,18.24443510112321,90560800
2000-12-07,16.15392303466797,16.419987649356617,15.88785841997932,16.248946111342487,145308400
2000-12-08,16.553014755249023,16.990120770600033,16.24894100543963,16.610028583338288,120939800
2000-12-11,17.655292510986328,17.86434333727357,16.724066102979513,16.876103067552055,95576200
2000-12-12,17.750308990478516,18.244428940962926,17.2561890399941,17.57926746915699,63106000
2000-12-13,17.40822982788086,18.39646994911427,17.275197503868668,18.39646994911427,98360400
2000-12-14,16.876096725463867,17.859585470444447,16.838087498604715,17.61727664921735,71201400
2000-12-15,14.956636428833008,15.81184435678407,14.51953015454691,15.522023892311765,116899800
2000-12-18,14.538535118103027,15.203696855532577,14.291475044200624,14.899622918421926,107187400
2000-12-19,13.626313209533691,14.595548877157427,13.531290104864699,14.424507288753238,120271800
2000-12-20,12.61906623840332,13.379250951560147,12.581057002745478,13.018163212810654,149037800
2000-12-21,13.208209037780762,13.721333705435553,12.257978171753368,12.391010492997204,163173000
2000-12-22,14.120427131652832,14.329477869806508,13.607302592548354,13.607302592548354,109551800
2000-12-26,14.253462791442871,14.766587451934814,13.949388918558757,14.253462791442871,66941600
2000-12-27,14.120427131652832,14.234454807009381,13.683321042786055,14.025404068855707,69003800
2000-12-28,13.550289154052734,14.063413708273526,13.34123840974056,13.721330672126332,77619200
2000-12-29,13.189204216003418,13.930384280015138,13.075176513847769,13.360245769236892,99977600
2001-01-02,13.189204216003418,13.683324258677898,13.037167279795886,13.417259620314717,82413200
2001-01-03,14.576546669006348,14.861616030199432,13.113190614881852,13.13219523896139,135962200
2001-01-04,14.7285795211792,15.355731939500378,14.253464052754065,14.538533333809147,112397000
2001-01-05,14.937636375427246,15.165691892609344,14.462520714631216,14.747590111108835,93414600
2001-01-08,14.880620002746582,15.12768010496332,14.196453565838693,14.880620002746582,79817600
2001-01-09,15.754831314086914,16.001891395007455,15.12767880098092,15.203697287418011,114965400
2001-01-10,16.077905654907227,16.36297490410771,15.4317486900528,15.507767156506262,90230200
2001-01-11,16.72406005859375,16.95211542302912,15.90686166936701,16.11591242009943,101854800
2001-01-12,16.26795196533203,16.72406276809835,15.963878096821151,16.68605353453449,73712000
2001-01-16,15.98288631439209,16.26795563034439,15.545780029931903,16.229946388217414,68462400
2001-01-17,16.096914291381836,16.68605755352214,15.98288656322565,16.305965126334847,72844200
2001-01-18,16.876096725463867,17.085147473189206,16.001884507703352,16.324962936006152,109788800
2001-01-19,18.548505783081055,18.681538099148234,17.902348819326182,18.244431917784645,209348800
2001-01-22,18.282440185546875,18.548504803631758,17.940357105152028,18.47248634132179,76673000
2001-01-23,18.41547966003418,18.529507397867206,17.92135946275772,18.16841956139595,70295200
2001-01-24,19.137653350830078,19.289690318860504,18.472491615696956,18.54851009971217,110455000
2001-01-25,18.79556655883789,19.460728166076844,18.71954808943915,19.080635819083156,85657400
2001-01-26,19.460725784301758,19.55574885942042,18.548504263162613,18.548504263162613,93080000
2001-01-29,19.612764358520508,19.650773591773454,19.308690492496936,19.327695109123407,84983800
2001-01-30,19.27068328857422,19.688784898385492,19.118646339551937,19.61276642387435,57276800
2001-01-31,18.567514419555664,19.38471310946446,18.54850979886011,19.15665766111782,81898800
2001-02-01,18.966609954833984,19.042628431606868,18.358462140650932,18.491494475003474,71792800
2001-02-02,18.49148941040039,19.27067858391161,18.472484796412314,19.00461398807851,71100000
2001-02-05,18.833576202392578,18.871585437917084,18.32045152281175,18.472488464909773,51399200
2001-02-06,19.023618698120117,19.403710979800838,18.75755410094361,18.871581785447827,96442000
2001-02-07,19.66977882385254,19.78380652717922,18.795566431681312,18.852580283344654,126061800
2001-02-08,18.92860221862793,19.61276856387954,18.852583735822193,19.384713115462336,88041200
2001-02-09,17.97836685180664,18.71954688058091,17.78832069058247,18.643528416091243,100575200
2001-02-12,17.864337921142578,18.073388684049565,17.389222550899426,17.883342535952305,71289400
2001-02-13,17.693300247192383,18.5675127191267,17.67429562823729,18.130406483159543,76070600
2001-02-14,17.750308990478516,17.940355125280213,17.142161359113086,17.522253628716477,61728400
2001-02-15,17.883344650268555,18.30144622551394,17.598275394419428,17.94035850143838,65627800
2001-02-16,17.42723846435547,17.712307795833475,17.066150644483326,17.3322153538628,66958400
2001-02-20,16.99012565612793,17.712301019587507,16.83808873750486,17.446236411997138,60730800
2001-02-21,17.104154586791992,17.655288456810847,16.7810761112637,16.800080727471247,63947200
2001-02-22,16.781084060668945,17.275204316135984,16.381986931253262,17.123167314453816,100816400
2001-02-23,17.256195068359375,17.484250509791437,16.515014883705174,16.55302412394385,92620600
2001-02-26,18.111398696899414,18.225426390688916,17.446237149793976,17.522255612320315,87936800
2001-02-27,18.054386138916016,18.60552003157766,17.840584197797273,18.054386138916016,99148600
2001-02-28,17.940359115600586,18.268188771049857,17.693299085406935,18.111400674965424,84608400
2001-03-01,18.04963493347168,18.09239532157414,17.104155240983957,17.807326067557742,81781600
2001-03-02,17.23719024658203,17.67429650421311,17.16117176699402,17.484250305243076,79800800
2001-03-05,17.465240478515625,17.82632814890931,17.199175879278172,17.408226635821887,49383600
2001-03-06,18.073387145996094,18.244428664727916,17.750308721724867,17.82632717449457,66781800
2001-03-07,18.453479766845703,18.58651206176632,18.03537826852376,18.206419790564556,59743600
2001-03-08,18.016372680664062,18.4249718501095,17.769312717743563,18.339451093713944,54626000
2001-03-09,17.23719024658203,17.693301124110114,16.686056269568937,17.6172826445221,103794400
2001-03-12,15.792839050292969,16.724065420286177,15.69781595131407,16.629042321307278,114376000
2001-03-13,16.477001190185547,16.648042725031765,15.811839665783593,15.868853510732333,91035600
2001-03-14,16.41999053955078,16.800082913151492,15.868856597829748,15.963879691229925,90686200
2001-03-15,16.324966430664062,17.05189304995731,16.267952578170476,16.819086485608494,71638400
2001-03-16,16.591033935546875,16.762075522511275,15.959130294817284,15.963881450010739,112848800
2001-03-19,16.515005111694336,16.876092680304453,16.153917543084216,16.572018938316987,61036400
2001-03-20,16.020889282226562,17.066143031363527,16.001884668605893,16.591027690846726,91822800
2001-03-21,15.222694396972656,16.19192962074994,15.12767133581802,15.887855825055105,124988600
2001-03-22,16.41999053955078,16.438995158230817,15.355731893468786,15.374736512148822,126363200
2001-03-23,17.19917869567871,17.33221101708175,16.53401708866351,16.705058644753134,99519600
2001-03-26,17.04713249206543,17.48423845340044,16.895095635948902,17.370210811313047,63118600
2001-03-27,17.712305068969727,17.807328164833297,16.99012954040658,17.047143397924724,95135600
2001-03-28,16.89510154724121,17.617276866470867,16.838087706249397,17.446235343495424,78681600
2001-03-29,16.838092803955078,17.389226767064216,16.591032751526843,16.838092803955078,86985000
2001-03-30,16.62903594970703,17.085146650041853,16.38197598702567,16.952114362444195,91201600
2001-04-02,16.971126556396484,17.313209734464944,16.61003875732422,16.667052620335628,75924000
2001-04-03,16.229944229125977,16.819087403719543,16.039898043773213,16.819087403719543,94187600
2001-04-04,15.792839050292969,16.724065420286177,15.526774373152051,16.2299453055959,104046600
2001-04-05,17.256195068359375,17.44624126955276,16.267954822153772,16.343973302631124,113364000
2001-04-06,17.08515167236328,17.389225561971525,16.743068546554007,17.142165526664826,92622000
2001-04-09,17.37782859802246,17.459927552702712,16.924757852828574,17.201465131049613,56295600
2001-04-10,18.147130966186523,18.271801222370467,17.56939007560733,17.62108324326648,109199400
2001-04-11,18.256595611572266,18.700543187722115,18.153210448364103,18.442080859676594,109879600
2001-04-12,18.907318115234375,18.946848053126164,18.04678828854036,18.110644698965572,87520000
2001-04-16,18.48465347290039,18.724872142860423,18.28092334776026,18.670138745655606,65857400
2001-04-17,18.6944637298584,18.886030616737784,18.25659771979828,18.402553056484987,85149200
2001-04-18,19.895553588867188,20.163137761750775,19.15665398521299,19.27524261000568,156696400
2001-04-19,20.689186096191406,20.98109672881304,19.99285666549938,20.011100355069644,159375600
2001-04-20,20.981094360351562,21.619648942121547,20.82905744469684,21.376391269013528,192919600
2001-04-23,20.753040313720703,20.81993693206971,20.34254107918742,20.710470160207585,92171200
2001-04-24,20.540185928344727,21.263880730500368,20.415514557944103,20.737832040600985,89176600
2001-04-25,21.19090461730957,21.221311534410173,20.44896377657972,20.546267303241088,76744000
2001-04-26,21.020627975463867,21.589247006430963,20.753043777308637,21.306458185240874,118737600
2001-04-27,20.409435272216797,21.18786349526708,20.1327269873643,21.142251959094803,121572400
2001-04-30,20.60100746154785,20.99934354242164,20.579722380582837,20.83818474084369,74368200
2001-05-01,21.33686637878418,21.37639747306298,20.555396498309698,20.573642511015258,83702800
2001-05-02,21.21219825744629,21.634860839557057,21.087526831118648,21.58924928553719,92864400
2001-05-03,20.838176727294922,21.339898951270186,20.71958813325154,21.05711023011314,66273400
2001-05-04,21.513225555419922,21.604448641211867,20.664859209192812,20.677022441958368,119538400
2001-05-07,21.70479393005371,21.938932129859054,21.498023587322898,21.53755467866391,109356200
2001-05-08,21.911569595336914,21.92373283255798,21.51323343592325,21.81730740674902,75084000
2001-05-09,21.406801223754883,21.680468174720556,21.24260105317548,21.66222216472314,76676600
2001-05-10,21.28516387939453,21.662214704257867,21.273000650218453,21.62876640399835,64334600
2001-05-11,21.102725982666016,21.2851698315278,20.87467059161393,21.273006598950428,51128800
2001-05-14,20.895954132080078,21.04190827247711,20.768243679257864,21.02062319700674,44968000
2001-05-15,20.75912094116211,21.072318958733252,20.677022021538207,20.902036023377235,61385600
2001-05-16,21.029748916625977,21.248680143419637,20.473293205431006,20.585799046998705,91893800
2001-05-17,20.72871971130371,21.32774573788037,20.54019535525626,21.011508565274926,106984800
2001-05-18,20.70438575744629,21.04190789085446,20.44896485643426,20.58275808262105,90605400
2001-05-21,20.917247772216797,21.282135592513658,20.601010578672764,20.692233693697073,103491600
2001-05-22,21.379432678222656,21.391595911194916,21.0358300463794,21.117928969067794,83455600
2001-05-23,21.193954467773438,21.77169546621394,21.136181991859562,21.403766246340314,93637400
2001-05-24,21.808183670043945,21.82642736434535,21.063201114102124,21.266932420034838,80781600
2001-05-25,21.5618839263916,21.86291647361428,21.394642333545654,21.789939378508787,52747600
2001-05-29,21.38855743408203,21.81730275508579,21.300378042855524,21.528433472351196,71210800
2001-05-30,21.038869857788086,21.461532312323826,20.874669704818196,21.151375694525367,86501800
2001-05-31,21.035837173461914,21.4007250066582,20.798659849894303,21.13009936105923,70682600
2001-06-01,21.38855743408203,21.498024225831937,20.88987641384348,21.163543393218244,57587600
2001-06-04,21.522350311279297,21.595327397844567,21.224359187862916,21.452414613291673,43736600
2001-06-05,22.075756072998047,22.221712508874052,21.437201595825563,21.51626142858752,89454200
2001-06-06,22.002782821655273,22.343346351020095,21.756483758395458,22.163941582548695,80022800
2001-06-07,22.404159545898438,22.419364165126503,21.91764188928973,21.929805120692347,66960000
2001-06-08,22.255168914794922,22.425449552076685,21.90852486324293,22.410244929505232,51867000
2001-06-11,21.9298152923584,22.151787988690568,21.744329987258773,22.151787988690568,47345600
2001-06-12,21.917644500732422,22.017989431835506,21.531469397359746,21.59532462990731,66714600
2001-06-13,21.494972229003906,21.98453110880266,21.479767614889052,21.908512678025193,55302400
2001-06-14,20.95068359375,21.452405787252562,20.79864670601582,21.35206088457229,71972400
2001-06-15,20.683101654052734,20.768244278289263,20.1905035161304,20.52802566539534,108354400
2001-06-18,20.336462020874023,20.664862396497476,20.07191920709385,20.66182100786213,56846800
2001-06-19,20.470247268676758,20.935479792071863,20.32733221745889,20.74087275378762,63457400
2001-06-20,21.105770111083984,21.160501184939147,20.403357837913237,20.415521072069843,64108400
2001-06-21,21.236522674560547,21.452417211627562,20.956775208927287,21.02671323528562,69603800
2001-06-22,20.92940902709961,21.470660247912942,20.853390545077513,21.28517496618703,51092000
2001-06-25,20.935483932495117,21.227394547652814,20.60708362048045,21.011502394355954,49215600
2001-06-26,21.32773780822754,21.349022883090072,20.585796936049146,20.622286630055996,63077000
2001-06-27,21.631816864013672,21.75040549834503,21.09056569811163,21.242602646731292,69199800
2001-06-28,22.118331909179688,23.155224884504072,21.44632895750382,21.75648559360003,128975600
2001-06-29,22.1973934173584,22.322064822706338,21.710875669451017,22.07576340040665,94283800
2001-07-02,21.467613220214844,22.243002461130626,21.33078091647646,21.908521692070636,72810200
2001-07-03,21.428083419799805,21.528428341639383,21.26388327130756,21.37639142487611,28037400
2001-07-05,20.832101821899414,21.504104807134937,20.810816743449404,21.35206786966356,49242600
2001-07-06,20.08711814880371,20.798652176909524,19.96852953076931,20.768245255344187,67467800
2001-07-09,19.97461700439453,20.345587566470172,19.7769684878903,20.12969303681635,66476600
2001-07-10,19.606687545776367,20.144897367906353,19.56715645111094,20.038471958999285,66562600
2001-07-11,20.22091293334961,20.296931403023855,19.521542084386706,19.524583472745558,73822600
2001-07-12,21.771696090698242,21.908530771040738,21.385523164185646,21.498029049913562,128078000
2001-07-13,21.692628860473633,21.893318729041624,21.571001167898583,21.710874870279515,58934600
2001-07-16,21.643980026245117,21.941973465303608,21.3307842843151,21.726078957470573,55990800
2001-07-17,21.838586807250977,21.896361589036992,21.327742576442198,21.48586229925665,63241000
2001-07-18,21.45848274230957,21.741271400170664,21.24563206215538,21.467604582902116,57590800
2001-07-19,22.0666446685791,22.197396549268046,21.656145333360296,21.656145333360296,76549400
2001-07-20,21.035837173461914,21.10273381752463,20.658786103172385,20.686151646706985,124203600
2001-07-23,20.400312423706055,21.05407163124089,20.175298435961242,21.05407163124089,79999400
2001-07-24,20.166173934936523,20.673976614383836,19.977647347402666,20.37294420775145,67530200
2001-07-25,20.51890754699707,20.53106846133964,19.950288525643618,20.147937022256297,74065400
2001-07-26,20.24828338623047,20.470258392342313,19.916843891511583,20.409444529793937,77974000
2001-07-27,19.9077091217041,20.144886279547446,19.779998701311325,20.084072456474306,65396000
2001-07-30,20.008060455322266,20.336458453438112,19.929000603970586,19.962448913392475,42196400
2001-07-31,20.12664794921875,20.491535624495505,20.023261638620802,20.07191456593731,59031600
2001-08-01,20.211790084838867,20.315174084911956,19.995897920069066,20.312135016603552,55679000
2001-08-02,20.509780883789062,20.53714873747639,20.147934568719034,20.43680380712192,54198400
2001-08-03,20.33949851989746,20.4824135927046,20.068872993904925,20.4641699050779,43260400
2001-08-06,20.1084041595459,20.409438960748535,19.971571846198895,20.230034171354077,27831600
2001-08-07,20.175304412841797,20.388157551786662,20.065837614504424,20.081042238679036,31347800
2001-08-08,19.72223472595215,20.44592982365986,19.609726539879556,20.223957160200314,54996400
2001-08-09,19.76784324645996,19.932043417207844,19.55195107378206,19.75872140140167,45536200
2001-08-10,19.922922134399414,20.02630847311538,19.126249952064114,19.694866695352307,51756400
2001-08-13,20.017187118530273,20.06583774037432,19.68878672145815,19.837782295724224,32675400
2001-08-14,19.6705379486084,20.096239479437052,19.597558554838326,19.992855484778477,36481200
2001-08-15,19.21746063232422,19.779997748240277,19.21746063232422,19.676611470119088,39503000
2001-08-16,19.649253845214844,19.67661937930941,19.065431425586354,19.108001580777547,43905600
2001-08-17,18.81608772277832,19.50025263660841,18.700539349976335,19.39382726688917,52234200
2001-08-20,19.0654239654541,19.080627420652018,18.57890527947588,18.74918699356065,48371200
2001-08-21,18.481605529785156,19.217464742375572,18.460320456193035,19.065427839603533,47111800
2001-08-22,18.44512176513672,18.594118478740025,17.964685631379783,18.58803686186338,78107200
2001-08-23,17.97684097290039,18.70965871282555,17.94035244525519,18.448155084811287,51813200
2001-08-24,18.867786407470703,18.93772326951887,18.010298050254143,18.1228050752925,63399000
2001-08-27,18.946847915649414,19.266125325658617,18.721832686148144,18.822177644695344,44562800
2001-08-28,18.469451904296875,19.141455043435382,18.420800119561736,18.955969751648272,47422800
2001-08-29,18.320446014404297,18.63972326482311,18.10455389992533,18.563704816630562,48170000
2001-08-30,17.313961029052734,18.14104210158615,17.186250595178898,17.95251667827025,97632000
2001-08-31,17.347414016723633,17.654529274379648,17.119358614680948,17.28659901085563,57900800
2001-09-04,17.058542251586914,17.964683331030482,17.04942040741489,17.389982789249924,67189200
2001-09-05,17.557231903076172,17.75487929171386,16.84265736275483,17.082876082435416,89470600
2001-09-06,17.03421974182129,17.754874548385324,16.997731199197123,17.198419923554823,112356800
2001-09-07,16.845691680908203,17.441676145935073,16.818324988128925,17.061583835083802,89863800
2001-09-10,17.508569717407227,17.621076697057525,16.632836860794026,16.699732307098525,84471800
2001-09-17,16.088544845581055,16.754466055544764,16.05509654171059,16.426066951983724,127502000
2001-09-18,16.517295837402344,16.72406620325679,16.167610352808794,16.240588606619184,83182600
2001-09-19,16.380462646484375,16.63284457074051,15.38614073420602,16.559866315548973,126950200
2001-09-20,15.43478775024414,15.99732505539736,15.407421057993986,15.91826520669707,117983200
2001-09-21,15.115511894226074,15.386137454633438,14.443508915694345,14.571219385120386,184976600
2001-09-24,15.8148832321167,15.948676492206175,15.164165263335704,15.401343697153463,85580200
2001-09-25,15.598979949951172,16.115905451128114,15.25233613149989,15.893931798259294,84940600
2001-09-26,15.285795211791992,15.751027911248071,15.066861630895069,15.662846201170158,58524400
2001-09-27,15.191534996032715,15.410468621772056,14.595550303686863,15.234105165493114,81191200
2001-09-28,15.559459686279297,15.687171317439956,14.893538315073044,15.088145410222827,116641200
2001-10-01,15.747992515563965,15.963884774121166,15.328370076715284,15.489528923250907,69999600
2001-10-02,16.131122589111328,16.283159561977502,15.678053059542147,15.69933814294741,80860800
2001-10-03,17.09807586669922,17.310927836269236,15.933473391399568,15.957798701091901,97199200
2001-10-04,17.161928176879883,17.75791382182128,17.091991328534405,17.30788348994215,101778000
2001-10-05,17.551149368286133,17.63628970602775,16.70582296947252,17.076793572404036,80844400
2001-10-08,17.648447036743164,17.83393227613589,17.253151252436385,17.271394941589953,60605800
2001-10-09,16.59026527404785,17.505526809453904,16.47775714421985,17.484241738394417,99477600
2001-10-10,16.87914276123047,16.95212101228915,16.115917733656055,16.298361621377843,86349200
2001-10-11,17.125442504882812,17.283561077151962,16.59939478019214,16.95516069783529,83742600
2001-10-12,17.143686294555664,17.222744995815553,16.587230517405875,16.936915955937693,63307000
2001-10-15,17.654531478881836,17.788323580538105,16.982527262055136,16.99773188538304,68437000
2001-10-16,17.77311897277832,17.912992682769534,17.39606684155219,17.596755561089534,66169000
2001-10-17,17.03726577758789,18.03158789262494,17.022062309641505,17.976854480057746,73710600
2001-10-18,17.256195068359375,17.50857698032017,16.876102665972603,17.13152480677451,78348000
2001-10-19,17.605876922607422,17.639324072782458,16.915629122600254,17.453839992912886,91219600
2001-10-22,18.293075561523438,18.299157175321042,17.475117644907876,17.605869441683307,72323600
2001-10-23,18.37518882751465,18.682303005570606,18.061993031285787,18.387352063860444,80325000
2001-10-24,18.645816802978516,18.737038767151756,18.128890792729887,18.396476226261566,79141400
2001-10-25,19.022855758666992,19.0350178280908,18.11367466213445,18.42991166614137,75318200
2001-10-26,18.913394927978516,19.348220654460405,18.876906388399195,18.949883467557832,64509400
2001-10-29,18.134971618652344,18.913401409454814,18.104564685240984,18.882993316093298,55129400
2001-10-30,17.903865814208984,18.104554477441088,17.694054148137127,17.916027884746157,57395600
2001-10-31,17.681896209716797,18.466406200248866,17.666691588080504,18.031580468305787,64700000
2001-11-01,18.803936004638672,18.928606296902995,18.122809741568794,18.268766280758957,109671200
2001-11-02,18.67013931274414,19.16273874259981,18.399512547255878,18.831298120547856,83360000
2001-11-05,19.238750457763672,19.46984604730863,18.776558118724207,18.8100064240418,66401600
2001-11-06,19.69790267944336,19.74655560664274,18.901229555747573,19.065429705196593,68612000
2001-11-07,19.5367488861084,19.78000894416774,19.469852254147085,19.527627039913643,58899000
2001-11-08,19.58843994140625,20.0871209482548,19.357344289433705,19.600603175707402,74227800
2001-11-09,19.828657150268555,19.962450397905684,19.433361343962954,19.5641120433223,48013600
2001-11-12,20.005022048950195,20.202670546839027,19.354304092134466,19.67358029343205,57752800
2001-11-13,20.646608352661133,20.66181064841612,20.251311544653287,20.312127687369145,60159600
2001-11-14,20.053667068481445,20.780403297013766,20.005016464678395,20.746957311842408,88625600
2001-11-15,20.105361938476562,20.38815068562947,19.90163071468745,20.09927916289525,77922000
2001-11-16,19.99285888671875,20.254362625810018,19.74959883922463,20.178344150955574,59249000
2001-11-19,20.233070373535156,20.363822196732574,19.977647182217417,20.144888695574206,56005000
2001-11-20,19.88643455505371,20.616212416871253,19.773926371056465,20.205710774667725,65921800
2001-11-21,19.475929260253906,19.64316847069945,19.302606114264886,19.570191402866833,50785200
2001-11-23,19.67662811279297,19.70703504858289,19.345187408901722,19.57628313677578,15754600
2001-11-26,19.8073673248291,19.980689299594395,19.582353360373936,19.761755790438443,41983600
2001-11-27,19.381671905517578,19.786089610400335,19.080638218465804,19.70094928515132,90819000
2001-11-28,19.095834732055664,19.497213222020363,19.074549658490426,19.208341715178985,54536600
2001-11-29,19.716150283813477,19.73439629508745,19.141451966477145,19.193143971970677,54034400
2001-11-30,19.524580001831055,19.789125064432703,19.439439702115354,19.661414614859154,48234200
2001-12-03,19.694866180419922,19.834742220890256,19.399915275729935,19.409038281819257,47211800
2001-12-04,20.068872451782227,20.09319891456019,19.491131720251083,19.764798626755223,51005800
2001-12-05,20.70743751525879,20.728722601002374,19.82562251178103,20.217878223255976,74243000
2001-12-06,20.87467384338379,20.98109924514005,20.540193015049912,20.6709448857504,56026200
2001-12-07,20.625337600708008,20.932450634999782,20.23612329673013,20.753048109219453,42334800
2001-12-10,20.39119529724121,20.813857838983804,20.330381444289674,20.531069014949573,38367400
2001-12-11,20.470247268676758,20.71654629402737,20.394228821850138,20.573633562708388,54334000
2001-12-12,20.661821365356445,20.67094553142035,20.144896643593967,20.421605016703182,47884200
2001-12-13,20.15097427368164,20.750000166670933,20.0901604278541,20.412477986559196,53227800
2001-12-14,20.506738662719727,20.66181463680786,20.04758655615315,20.07495208573373,43000600
2001-12-17,20.97502326965332,21.014552050209097,20.421608742371152,20.424647811713722,57079800
2001-12-18,21.06319808959961,21.102729181443095,20.85946913282079,20.95677268828976,47255200
2001-12-19,21.130094528198242,21.25172455141129,20.813857395804217,20.86555172160208,56996200
2001-12-20,20.299978256225586,21.057121768435543,20.2574080873399,21.02671483636008,78585000
2001-12-21,20.53714942932129,20.683103587572404,20.37294926136414,20.680064519204333,84307600
2001-12-24,20.455045700073242,20.68614246244167,20.43376062458531,20.591880316695004,11701600
2001-12-26,20.579710006713867,21.002372303101097,20.49152834719372,20.500650187851246,29328000
2001-12-27,20.63140869140625,20.89291236813499,20.45200624708494,20.67093977363916,32406600
2001-12-28,20.637493133544922,20.935484208829052,20.58579881567372,20.746959905661363,28787200
2001-12-31,20.1448917388916,20.822977417424312,20.1448917388916,20.62836802707335,43006200
2002-01-02,20.385107040405273,20.406392112784456,19.919874515618233,20.266518448592848,48124000
2002-01-03,21.05103302001953,21.057113476080037,20.400312866379164,20.406395642338968,67590800
2002-01-04,20.95068359375,21.257798756544712,20.880745604636807,21.05710895118417,52731400
2002-01-07,20.84730339050293,21.291250953917668,20.783448157398702,21.20915203132637,58508800
2002-01-08,21.09664535522461,21.242601841120067,20.67702422811209,20.886835951618167,47736400
2002-01-09,20.892915725708008,21.47369794197881,20.844265111932724,21.20003098980669,76304000
2002-01-10,21.06623649597168,21.224356201162138,20.716551095542183,20.82297880168552,50296600
2002-01-11,20.862518310546875,21.3824845967073,20.707439913653218,21.139224457262372,72993200
2002-01-14,20.819931030273438,20.993252983273912,20.59795616139276,20.768239047074758,50997800
2002-01-15,21.148345947265625,21.169631032778046,20.82906734467903,20.877720294364742,60717400
2002-01-16,20.637493133544922,21.236516672199574,20.631410357372133,20.935484208829052,61955400
2002-01-17,21.242599487304688,21.285169640994727,20.798651941751867,20.838180707349938,78958000
2002-01-18,20.099275588989258,20.63140468267603,19.892505334075018,20.40334935681027,107140400
2002-01-22,19.600603103637695,20.260442902725796,19.53674786371624,20.254362445547443,76837200
2002-01-23,19.381671905517578,19.676622815108782,19.229634947601514,19.475935237007512,80403000
2002-01-24,19.643169403076172,19.81953278528377,19.399910565505035,19.491132484600506,83886000
2002-01-25,19.399919509887695,19.71919695390035,19.311737778127483,19.51850933533255,48981200
2002-01-28,19.405994415283203,19.582357817792186,19.129287238203414,19.53066581633596,41622000
2002-01-29,18.94988250732422,19.61276360249924,18.8495387385783,19.43031975389773,58666000
2002-01-30,19.11104393005371,19.12624855283781,18.648852628153566,18.98941506742994,66100000
2002-01-31,19.372547149658203,19.402955234465093,18.889069620752075,19.17489981818767,69566200
2002-02-01,19.053266525268555,19.612762430138712,18.995492913986446,19.506337051474404,63462200
2002-02-04,18.584997177124023,19.0623931261801,18.472490154467156,18.974212573259813,70308400
2002-02-05,18.594120025634766,18.922519244645393,18.39647152052519,18.48769346136426,66772600
2002-02-06,18.366064071655273,18.819133534259436,18.32045252255692,18.733993213222387,66103000
2002-02-07,18.18362045288086,18.73399467380091,18.168416988646044,18.335657415128942,63314000
2002-02-08,18.442089080810547,18.445129310517633,17.888674478097396,18.280929067527943,61283000
2002-02-11,18.588041305541992,18.621489626384836,18.11976713364237,18.247477638733127,50899600
2002-02-12,18.2869930267334,18.50288508590381,18.25050450573468,18.39341952290765,44973800
2002-02-13,18.797842025756836,18.816086871147014,18.22922435051529,18.323486485157513,54168600
2002-02-14,18.75527000427246,19.15360705583663,18.645803262777005,18.85257351672412,57267000
2002-02-15,18.314363479614258,18.870819049214465,18.305241637473078,18.76135230372266,50179800
2002-02-19,17.919071197509766,18.28700025963948,17.81872627513823,18.21706341675157,52262600
2002-02-20,18.214027404785156,18.35390112293759,17.879545412740335,18.061990452023846,50492000
2002-02-21,17.6514892578125,18.326533671500524,17.63932602370374,18.159293262329577,59398400
2002-02-22,17.633243560791016,17.864339182820693,17.377821473310995,17.651487249929055,71347800
2002-02-25,17.96468162536621,18.210980674223247,17.602833041569543,17.618036500395974,51832200
2002-02-26,17.80352783203125,18.244435249210497,17.60588047946811,17.970768256492356,63276200
2002-02-27,17.75487518310547,18.290045907157758,17.63324631669351,17.961645531950687,65750000
2002-02-28,17.739662170410156,18.153202645488783,17.67884718996637,17.87345419942707,68068000
2002-03-01,18.661006927490234,18.67621038399007,17.894740888414677,17.955555874363412,62115600
2002-03-04,19.247879028320312,19.30869404470307,18.508979305152213,18.6214874914428,74464200
2002-03-05,19.180986404418945,19.424245346146645,18.95597115835199,19.156659930271108,55926400
2002-03-06,19.34821891784668,19.369503994019972,18.910351842396903,19.129285380121793,49835400
2002-03-07,19.07150650024414,19.424232013631087,18.810002882397914,19.360375642798182,58079200
2002-03-08,19.445520401000977,19.67357459878027,19.20834204019732,19.348216874499307,57701800
2002-03-11,19.564111709594727,19.76480157762702,19.156653836776954,19.311731000315827,43718200
2002-03-12,19.01677894592285,19.095837636913057,18.752233860027456,19.010697329700577,66407200
2002-03-13,18.88298797607422,19.162736556137823,18.83737758885558,18.876907519071597,44387400
2002-03-14,18.615402221679688,18.925557700427813,18.563709061913467,18.895149618227176,51819600
2002-03-15,19.001575469970703,19.00765592623837,18.53938307699884,18.54850492135003,69086800
2002-03-18,18.8951473236084,19.153610771152344,18.609318345331733,19.077592314806996,52296800
2002-03-19,18.92252540588379,19.156662531574852,18.700551518918306,18.907321937451965,36376400
2002-03-20,18.274843215942383,18.858665780271984,18.274843215942383,18.67014026343483,55235200
2002-03-21,18.657974243164062,18.7279110992967,18.192741558479607,18.308288802551008,46123400
2002-03-22,18.381263732910156,18.591074263477747,18.311326889387626,18.563707571668964,41341400
2002-03-25,18.010297775268555,18.481612109670888,17.9859724653384,18.390390167520422,47752400
2002-03-26,17.96468162536621,18.524176333856047,17.73054464760059,17.97076208093714,69357200
2002-03-27,18.07415199279785,18.207945249643675,17.815689644718194,17.879544884603774,47318400
2002-03-28,18.338693618774414,18.44207877026949,18.141045159756004,18.229226851314966,43901200
2002-04-01,18.3599853515625,18.36606696973192,18.001177999217038,18.192744911728614,47010000
2002-04-02,17.417346954345703,17.9677209518718,17.365654964938848,17.909947347249524,76509400
2002-04-03,17.128480911254883,17.517695076796223,16.876099053321244,17.46600191796355,76931400
2002-04-04,17.164968490600586,17.323087026508052,16.85177164680615,17.022053414694877,61763800
2002-04-05,16.988611221313477,17.423437061575427,16.97948937401919,17.298766788769907,50166000
2002-04-08,17.399105072021484,17.42647176335263,16.49904564599142,16.511208877682954,73389600
2002-04-09,16.68453598022461,17.46296564768499,16.663250898219246,17.432558719091602,63413000
2002-04-10,17.11935806274414,17.365658306591307,16.74230712642841,16.760550815635796,75636400
2002-04-11,16.660205841064453,17.164968365099813,16.572024149769508,16.99468659845609,58165800
2002-04-12,17.00685691833496,17.107200723393113,16.681497869287117,16.76967959733376,52297600
2002-04-15,16.933874130249023,17.256192863878734,16.845693585722337,17.028137451580776,47388800
2002-04-16,17.578508377075195,17.666688905446957,17.137601095418,17.149764326900172,51921600
2002-04-17,17.21969985961914,17.721420940666476,17.155843479164435,17.62107718843681,55158600
2002-04-18,17.140644073486328,17.426474259430133,16.0186118880946,17.268355704640957,74794800
2002-04-19,17.393022537231445,17.630199742937247,17.289637393214896,17.465999603625743,104268600
2002-04-22,16.90346336364746,17.240985482719275,16.72405976702143,17.18625210341306,51465200
2002-04-23,16.416946411132812,16.973400910725864,16.207134728377575,16.936912376313924,68281400
2002-04-24,16.121997833251953,16.550741972984135,16.115916216240525,16.374378559502183,61220400
2002-04-25,16.337892532348633,16.55682613866219,16.0794301493007,16.0855117672483,57290400
2002-04-26,15.659808158874512,16.55682652812044,15.647644922693198,16.44127810429807,62776600
2002-04-29,15.884820938110352,16.088549892945835,15.64156089180846,15.650683897512193,70246000
2002-04-30,15.890904426574707,16.207141619130944,15.787519235160172,15.842252640023755,77384000
2002-05-01,16.039899826049805,16.173691937822536,15.404385265216847,15.86049616074433,76413000
2002-05-02,15.571625709533691,16.44127733674756,15.553382016063464,16.006451523140626,79009200
2002-05-03,15.069902420043945,15.714538742659512,15.054697797569887,15.586827105566426,71628000
2002-05-06,14.784070014953613,15.367892400363143,14.708051553725006,15.033410474987472,66299400
2002-05-07,15.042534828186035,15.291875310581922,14.701971256174772,14.954353126864381,88385400
2002-05-08,16.714942932128906,16.714942932128906,15.57466578816777,15.589869251430608,101242000
2002-05-09,15.8483247756958,16.724057569579617,15.78142933418307,16.541613769163963,83288200
2002-05-10,15.218907356262207,16.015581115016932,15.20066365396932,15.97301092973279,64408800
2002-05-13,16.021648406982422,16.088545015429585,15.127671835681749,15.340523731691295,64819000
2002-05-14,16.68757438659668,16.75446984953635,16.413907438366962,16.541619067524085,64832400
2002-05-15,16.64804458618164,17.16192901518688,16.377419024162617,16.568985889392287,70412000
2002-05-16,16.949079513549805,17.037260062036705,16.61763891972703,16.635882611162316,53406400
2002-05-17,17.03726577758789,17.149773992281713,16.806170048932152,17.091999190155086,54646200
2002-05-20,16.42302703857422,16.891301014895582,16.267949895740315,16.876097555394157,52115800
2002-05-21,15.869611740112305,16.602429576451303,15.851368053864148,16.40478229574922,63120000
2002-05-22,16.325725555419922,16.3348485602258,15.766229591899128,15.772311208453129,54169400
2002-05-23,16.669328689575195,16.675410305887866,16.118954592750473,16.328766295713617,51412800
2002-05-24,16.19497299194336,16.578106698460832,16.12807753267103,16.462558308881786,35982000
2002-05-28,15.909140586853027,16.325721354022818,15.735818619492257,16.295314439027738,49602000
2002-05-29,15.827047348022461,16.030777478162978,15.675010387599672,15.705418475654202,45393200
2002-05-30,16.006452560424805,16.22538617585526,15.638523358898683,15.70237861008254,63213000
2002-05-31,15.4804048538208,16.24362996315499,15.471283006442526,16.08551252883123,66468000
2002-06-03,15.027331352233887,15.702375771131353,14.951312878392274,15.504728435113076,88439000
2002-06-04,15.197612762451172,15.577705121936093,14.972598735208,15.051657435602941,88008400
2002-06-05,15.708451271057129,15.735817957380986,15.304033750881706,15.334440664597365,66969400
2002-06-06,15.78143310546875,15.85441017909457,15.203692332840927,15.659803102826155,78703400
2002-06-07,15.805756568908691,15.994282007089803,15.161120413871984,15.170242257025244,97834400
2002-06-10,16.06118392944336,16.207139267922123,15.647643223778568,15.70541800939198,71825400
2002-06-11,15.985159873962402,16.4747188867653,15.93954833912443,16.18888992696929,74368200
2002-06-12,16.888261795043945,16.961238868986662,15.963877018805206,15.98820348341923,136198600
2002-06-13,16.486892700195312,16.870025430956154,16.4808110809832,16.675418255969678,79771600
2002-06-14,16.800079345703125,16.89130126400661,16.115913218502545,16.1615247576291,109433600
2002-06-17,16.930830001831055,17.16192558934957,16.836566702212565,16.92474838637668,94486600
2002-06-18,17.02509117126465,17.116313071767465,16.830482980922735,16.885216353214304,77518400
2002-06-19,16.52945899963379,17.00989520525645,16.517295764061068,16.86698124710192,81247000
2002-06-20,16.450395584106445,16.75446944821155,16.389581739245212,16.532495666608792,86401200
2002-06-21,15.896979331970215,16.587227059652303,15.896979331970215,16.237542853965078,116820000
2002-06-24,16.468650817871094,16.614606225480014,15.766239331299605,15.8392176150793,104523200
2002-06-25,16.100717544555664,16.724068974336348,16.055105983372854,16.632847011920912,84025200
2002-06-26,16.459514617919922,16.538573293136377,15.522966785643483,15.522966785643483,112131400
2002-06-27,16.699735641479492,16.705817257803194,16.073344239484488,16.602432100199692,95812400
2002-06-28,16.632835388183594,16.964275842630034,16.419983517997455,16.587223858876072,89555600
2002-07-01,16.012527465820312,16.538575040187656,15.98820216316467,16.4564749688194,66473800
2002-07-02,15.641549110412598,16.091578001184338,15.608101981191227,15.927379101541902,82814200
2002-07-03,15.76319408416748,15.969964469125589,15.34053146666344,15.580750172710374,80936600
2002-07-05,16.678449630737305,16.693654250670328,16.131116951688202,16.143280183654763,35673600
2002-07-08,16.091590881347656,16.702780094612514,15.98820686472267,16.54466152103031,63199400
2002-07-09,16.179773330688477,16.641965837591478,16.10679623799062,16.210181419270896,85277200
2002-07-10,15.884820938110352,16.480805499660274,15.851372623746347,16.325727162145327,90673400
2002-07-11,16.088544845581055,16.137196607588226,15.583782379775572,15.824000962163895,129550600
2002-07-12,15.769270896911621,16.337888702287046,15.653722502895043,16.228421924792364,95733800
2002-07-15,15.751023292541504,15.769268138916233,14.595543034314822,15.62635307552138,136965600
2002-07-16,15.583788871765137,16.05510323004316,15.398303589357983,15.602033725099442,97154600
2002-07-17,15.811841011047363,16.207136804333597,15.559459145825922,15.969959560351805,98034800
2002-07-18,15.541220664978027,16.036861556803768,15.404387147608942,15.830091166101623,91053600
2002-07-19,15.069902420043945,15.4743200909474,14.841847002331141,15.164164583664006,112543400
2002-07-22,14.446541786193848,15.200645625208379,13.956984076116719,14.884408681098954,180069800
2002-07-23,13.078216552734375,14.230656790880406,13.066054479575785,14.136394634165134,168061600
2002-07-24,14.057332992553711,14.096862915157624,12.59169722778914,12.695082376172723,202307800
2002-07-25,13.023483276367188,13.899215110650621,12.904893503021833,13.820156421703377,163411400
2002-07-26,13.789752006530762,13.80799685957539,13.281949109596649,13.300193962641275,123538000
2002-07-29,14.671562194824219,14.6867656542279,14.154636455451891,14.245858371823573,112148600
2002-07-30,14.625951766967773,14.847926698920833,14.391815922487954,14.458711380932323,122690600
2002-07-31,14.589465141296387,14.59554675830633,14.096865762989504,14.476958126487064,93875600
2002-08-01,13.911380767822266,14.622913732181006,13.835362293681161,14.467836555311091,92002800
2002-08-02,13.503923416137695,13.941789465253539,13.318438130069522,13.838404280885214,85947600
2002-08-05,13.376203536987305,13.73500946168218,13.321470174248434,13.467425421569025,78941600
2002-08-06,13.887056350708008,14.36749373502562,13.634675582451944,13.652920436522878,88715800
2002-08-07,14.31883430480957,14.382689520035353,13.731971818326329,14.29146761829146,86349400
2002-08-08,14.872251510620117,14.899618202696525,14.112066908441722,14.324918829041602,88748000
2002-08-09,14.632027626037598,14.94522435805636,14.492153988021032,14.64115062674249,69049400
2002-08-12,14.738463401794434,14.823603728951088,14.473918253929181,14.47695964272761,56866600
2002-08-13,14.30971908569336,15.112474048503707,14.26714776255649,14.59250792394927,100122800
2002-08-14,15.115511894226074,15.121593510858235,14.355327214452688,14.367490447717007,96706000
2002-08-15,15.133756637573242,15.428708662432632,14.823601151215382,15.191530255247349,98745600
2002-08-16,15.203693389892578,15.273630240292114,14.875293055895018,15.030371378043784,69334000
2002-08-19,15.811841011047363,15.827044472337267,15.158081736033777,15.215856512865054,79848200
2002-08-20,15.519933700561523,15.720622448415769,15.431751982274813,15.623318883392498,70317600
2002-08-21,15.896979331970215,15.927387410692754,15.553376742027496,15.678046964915916,81203400
2002-08-22,16.185850143432617,16.252746758504866,15.994283302057303,16.07030176102136,72517600
2002-08-23,15.87873363494873,16.070299286881486,15.763185270326984,16.012525684545338,57929200
2002-08-26,15.842245101928711,16.009486626073556,15.562497752358311,15.963875090406864,55652400
2002-08-27,15.4591064453125,15.948665271782644,15.401332861796728,15.912176753770002,65470200
2002-08-28,15.015168190002441,15.404382376685609,14.990841723359857,15.349648986689568,68875000
2002-08-29,15.380064964294434,15.507775499870128,14.75367204612931,14.866179112224618,94275600
2002-08-30,14.923948287963867,15.34965107250864,14.899621818015628,15.246265895128493,58138400
2002-09-03,14.297547340393066,14.753657948683129,14.291465726421954,14.753657948683129,74452600
2002-09-04,14.659400939941406,14.777989563209609,14.337083381304707,14.428305309976418,80232000
2002-09-05,13.96003246307373,14.449591619265783,13.950910617414204,14.443510002176147,90438800
2002-09-06,14.540812492370605,14.677645967006418,14.43438710095929,14.519527414088342,69918400
2002-09-09,14.808402061462402,14.884420551346757,14.17896905801595,14.36749458814312,81653200
2002-09-10,15.139838218688965,15.148960063576723,14.7019711048804,14.759745882368893,83950000
2002-09-11,14.771913528442383,15.538178886619992,14.756708902487583,15.273634866297957,77443200
2002-09-12,14.337090492248535,14.68677491891903,14.29756054490306,14.641164511936095,63726800
2002-09-13,14.56818962097168,14.674615088604451,14.245870667647198,14.261075300123824,59549200
2002-09-16,14.528646469116211,14.63507300004,14.306672723977401,14.473913089772445,50166200
2002-09-17,14.379655838012695,14.869215030815422,14.355329367834946,14.79927700902937,73343400
2002-09-18,14.519526481628418,14.668523179985298,14.188085935440379,14.206330784203372,83951800
2002-09-19,14.352293014526367,14.5408185695109,14.166807689160022,14.194174395524733,77777600
2002-09-20,14.431349754333496,14.5955499698827,14.382697967498558,14.507368243759968,130619200
2002-09-23,13.753255844116211,14.203284863783644,13.625545423377178,14.169836565033139,89783800
2002-09-24,13.87793254852295,14.133354669781955,13.57081842127039,13.631633432989176,104142200
2002-09-25,14.142474174499512,14.279307638228747,13.698526634355487,14.109027025543192,107116600
2002-09-26,14.048212051391602,14.443507822977901,13.972193589165402,14.32491920749698,100852200
2002-09-27,13.759342193603516,14.321878371793051,13.741097344383688,13.999560821890826,81011600
2002-09-30,13.300186157226562,13.69548179494186,13.108619372506725,13.643788654960634,115577000
2002-10-01,14.057332992553711,14.063414608335052,13.13294827288281,13.47655202485613,110636600
2002-10-02,13.868809700012207,14.233698583993048,13.731976223525667,14.01780525000327,103488600
2002-10-03,13.622505187988281,14.166797535611877,13.561690199659207,13.774542078836252,105221400
2002-10-04,13.309317588806152,13.856650493880368,13.284991114827237,13.801917087377936,107120400
2002-10-07,13.394454002380371,13.701569266633612,13.284987221456435,13.321476921730934,89790000
2002-10-08,13.680286407470703,13.981318943898314,13.418782646161887,13.607308155032207,115667600
2002-10-09,13.376203536987305,13.820150892581088,13.321470174248434,13.449180580673003,123142600
2002-10-10,14.102943420410156,14.175920484140493,13.151192084643178,13.379247438712135,118515000
2002-10-11,14.86009407043457,14.869217077982237,14.294516320383575,14.400942902138928,108828800
2002-10-14,14.987801551818848,14.999964785186249,14.546894201823724,14.671564443965124,76216200
2002-10-15,15.900022506713867,15.924347812476057,15.40134155911679,15.586825640396402,133374200
2002-10-16,15.328365325927734,15.58682767818418,15.28883539395267,15.322283708704656,95437400
2002-10-17,15.43783950805664,15.963887470263657,15.218905822994598,15.896990808727935,182602400
2002-10-18,16.161531448364258,16.176734914384006,15.550342138799493,15.994289842296716,152817200
2002-10-21,15.966920852661133,16.11287735340677,15.617236544489122,15.802721819234682,112378600
2002-10-22,15.711498260498047,15.790558126104273,15.516891145082573,15.638521172192196,87159000
2002-10-23,16.176733016967773,16.194976710071575,15.638522031356285,15.638522031356285,110866600
2002-10-24,15.577698707580566,16.22841637348384,15.477354969168525,16.225376146237743,95833400
2002-10-25,16.018611907958984,16.05510044835565,15.556419476452032,15.583786171736977,75425800
2002-10-28,15.796636581420898,16.267950812214757,15.662843346391904,16.2375438914989,79906600
2002-10-29,15.833125114440918,15.960836733305923,15.462154650058848,15.85745157896746,90517200
2002-10-30,16.149356842041016,16.234497119770925,15.699327836976884,15.872649779469514,94451200
2002-10-31,16.25882911682129,16.44127296268586,16.070302494818257,16.173687650128098,105973800
2002-11-01,16.115915298461914,16.188893538493225,15.78143450153035,15.94259328333104,105097800
2002-11-04,17.058542251586914,17.40822763754364,16.882180024546326,17.256190714945006,139964200
2002-11-05,17.234907150268555,17.27139569010677,16.900426355193773,16.961240201607538,76658200
2002-11-06,17.34133529663086,17.3626203782474,16.88522441636219,17.329173221385656,115407000
2002-11-07,17.031179428100586,17.216664701399626,16.87610224219889,17.088954214180575,73699600
2002-11-08,16.754470825195312,17.195378196374104,16.727104128778706,17.028137789361413,64522200
2002-11-11,16.377412796020508,16.7544636064736,16.365249567309288,16.745341764914855,58341200
2002-11-12,16.575069427490234,16.85481804649323,16.389585304396387,16.45039916248618,81398600
2002-11-13,16.833538055419922,17.006860155286503,16.45344552765105,16.492975475325107,107370200
2002-11-14,17.32917022705078,17.332210455349266,16.988606660132728,17.025096359413073,78337000
2002-11-15,17.237951278686523,17.307888145845347,16.927795720014768,17.210584577628723,77533600
2002-11-18,16.982521057128906,17.341328229511404,16.94907391389789,17.31700292898435,58086400
2002-11-19,16.68149185180664,16.96732085759773,16.51425146373792,16.8913023939347,76403400
2002-11-20,17.216663360595703,17.301804838727662,16.702778903075295,16.727104211148827,76435400
2002-11-21,17.58763313293457,17.6362849069696,17.265314404983894,17.326129412515126,82922200
2002-11-22,17.70317840576172,17.72750370850972,17.347411428481855,17.469041422070603,70002000
2002-11-25,17.70621681213379,17.830887020759754,17.505528155322487,17.654524824143504,61583000
2002-11-26,17.301809310913086,17.712308705340053,17.265319599446137,17.526823398541893,68650400
2002-11-27,17.660614013671875,17.821772821760526,17.45384365312985,17.514657509801065,55191800
2002-11-29,17.538982391357422,17.827852824173213,17.538982391357422,17.767037813062018,28393000
2002-12-02,17.542020797729492,17.928194744228808,17.335250477399942,17.83393258875045,63735000
2002-12-03,17.2440242767334,17.438631315886287,17.152802372124164,17.41734624347578,58457400
2002-12-04,17.192340850830078,17.46600670093714,16.973407242784408,17.067670581792967,83892000
2002-12-05,16.82744789123535,17.359577159910184,16.815284658134843,17.317007004008158,68435800
2002-12-06,16.866979598999023,16.94907969116777,16.486887224115865,16.684534563085183,71670200
2002-12-09,16.27707862854004,16.79096436081159,16.27099701017557,16.724067718752547,63862800
2002-12-10,16.42302703857422,16.565942109776746,16.261868279949823,16.28619474311179,63730200
2002-12-11,16.62067413330078,16.72709950106072,16.292275027106164,16.374373933692684,69186200
2002-12-12,16.471683502197266,16.742310262275836,16.325728161452048,16.72406540970146,55242000
2002-12-13,15.96387767791748,16.343970003582182,15.960837449690043,16.322684926140937,65245400
2002-12-16,16.565948486328125,16.58723356981308,16.015574224909926,16.115919184153324,60140400
2002-12-17,16.52945899963379,16.721025900079212,16.35309556367928,16.547702693042886,49549800
2002-12-18,16.27707862854004,16.541623807618922,16.05206454880524,16.371341973264133,62709400
2002-12-19,16.149356842041016,16.648037600086422,16.07942001962726,16.191926980905972,82686600
2002-12-20,16.128080368041992,16.334850718397654,16.10071366990816,16.264913858711164,98294600
2002-12-23,16.41999053955078,16.50513086005338,16.085509714762104,16.131120103624266,48798400
2002-12-24,16.365257263183594,16.489927516227286,16.27403532485038,16.280116942065913,18386000
2002-12-26,16.23451042175293,16.62980638361095,16.167613771609947,16.429117593132247,37228000
2002-12-27,16.106792449951172,16.419988149017037,16.085507372924347,16.201054602512905,40891600
2002-12-30,16.039899826049805,16.188896562300112,15.89394447867501,16.11895853756324,48019600
