Price,Close,High,Low,Open,Volume
Ticker,ORCL,ORCL,ORCL,ORCL,ORCL
Date,,,,,
1995-01-03,1.6811121702194214,1.739926552087413,1.6811121702194214,1.7301238711548077,36302175
1995-01-04,1.695814847946167,1.7056175260358684,1.6615070837078505,1.6860129270685307,46052550
1995-01-05,1.6615073680877686,1.7056178179656332,1.6566061228555398,1.7007163834303558,37764225
1995-01-06,1.6811121702194214,1.7105192665018816,1.6370009578865174,1.6615075655664953,41864850
1995-01-09,1.7301231622695923,1.7301231622695923,1.6909141583319582,1.6958146449265592,34639650
1995-01-10,1.7350244522094727,1.759530293287958,1.7350244522094729,1.7399258854493678,42089625
1995-01-11,1.6835618019104004,1.7595304261063005,1.6664075414878707,1.7497286947046171,46763325
1995-01-12,1.6713091135025024,1.6909144709595603,1.6566059472733377,1.6860130369437816,41295825
1995-01-13,1.6517045497894287,1.7031673364570001,1.6468033049682742,1.6909145083586634,55039500
1995-01-16,1.6419018507003784,1.6517045295254555,1.5683844097547264,1.607593515979276,54575775
1995-01-17,1.7007161378860474,1.7007161378860474,1.64190177149989,1.64190177149989,39588750
1995-01-18,1.695814847946167,1.7154202041255697,1.6909143607648895,1.695814847946167,28842075
1995-01-19,1.7546299695968628,1.7595304567771002,1.6811116823183618,1.6909143604059826,55819125
1995-01-20,1.7227717638015747,1.7595304337012017,1.690914338229971,1.7546299465852333,48519000
1995-01-23,1.6860133409500122,1.7105191903263726,1.6664079799578981,1.7105191903263726,37551600
1995-01-24,1.6811121702194214,1.6958153397545093,1.6566063197517282,1.6860134160341884,28961550
1995-01-25,1.7154196500778198,1.7448267283339185,1.6566053042626674,1.6713084647848067,67278600
1995-01-26,1.6811121702194214,1.7154207016197198,1.6811121702194214,1.7105192665018816,27544050
1995-01-27,1.6762104034423828,1.6958150042162934,1.656605991971506,1.6860130824354054,35708850
1995-01-30,1.6370006799697876,1.681111884813848,1.6321001921992702,1.6762104505281354,44440650
1995-01-31,1.6713091135025024,1.6909144709595603,1.6370005898162796,1.6468032685448086,37910025
1995-02-01,1.6615073680877686,1.7007163834303558,1.6517046883202622,1.6909146501780927,24385050
1995-02-02,1.6811121702194214,1.6860134160341884,1.65170488463389,1.6615075655664953,24166350
1995-02-03,1.7252227067947388,1.7448271144656853,1.6860127556348639,1.6958146755158416,53943975
1995-02-06,1.7423762083053589,1.749728737506061,1.715420215821755,1.7252228939782936,24820425
1995-02-07,1.7399262189865112,1.7497288980424386,1.71542037321035,1.7448274638629575,18530775
1995-02-08,1.7203212976455688,1.7497285721235698,1.710518620415569,1.7448271388570702,26294625
1995-02-09,1.7056177854537964,1.7595307247684506,1.7056177854537964,1.735024877680525,48529125
1995-02-10,1.7350244522094727,1.7497285626261594,1.705617367194091,1.7154200443708827,36316350
1995-02-13,1.7448267936706543,1.7791353053247583,1.7252223896040744,1.7399255506767877,33374025
1995-02-14,1.7301231622695923,1.7693329234192003,1.7154199987588472,1.7595302465030564,28030050
1995-02-15,1.7938385009765625,1.7938385009765625,1.7350241518253096,1.7350241518253096,44547975
1995-02-16,1.8085426092147827,1.8134440421201306,1.7742342826042208,1.7938386891047113,45473400
1995-02-17,1.7889373302459717,1.8085424926952975,1.784036654868304,1.8036412494087095,20790675
1995-02-21,1.8085426092147827,1.8232457721129116,1.7938386891047113,1.8036413656124208,27060075
1995-02-22,1.8477511405944824,1.8526525722506342,1.7889369895676608,1.7987394742740892,40435200
1995-02-23,1.8453013896942139,1.8894125803637225,1.8232456997079705,1.867356890377479,42391350
1995-02-24,1.7938385009765625,1.8453012694497455,1.7864869202984925,1.8453012694497455,34298100
1995-02-27,1.786487340927124,1.852653286335226,1.786487340927124,1.8011912629571676,31062150
1995-02-28,1.8453013896942139,1.8526529708513313,1.78648703671047,1.8085425373937354,23047200
1995-03-01,1.8379496335983276,1.8673567126397013,1.8305980531409445,1.8600051321823179,24347250
1995-03-02,1.8600057363510132,1.8600057363510132,1.808542952706503,1.8526533962935958,14650200
1995-03-03,1.9335236549377441,1.9408752392522568,1.8379505979093058,1.8600061080650818,44343450
1995-03-06,1.9114679098129272,1.9261718338466964,1.874709046243685,1.9188202504358842,27614250
1995-03-07,1.8967641592025757,1.9261712410070166,1.8820600503914215,1.904115740350708,30264300
1995-03-08,1.9114679098129272,1.9114679098129272,1.8894131595804906,1.8967647429913028,17986050
1995-03-09,1.9261714220046997,1.940874585682585,1.896764337436946,1.918819840165757,45534150
1995-03-10,1.9408750534057617,1.9408750534057615,1.9114679617513186,1.9188203025740536,26088750
1995-03-13,1.9482274055480957,1.9776344945160067,1.9408748760940218,1.9482274055480957,30138750
1995-03-14,1.9555795192718506,1.9923382011557833,1.9555795192718506,1.977635031287131,24873750
1995-03-15,1.9261714220046997,1.9702818595533345,1.918819840165757,1.9702818595533345,24436350
1995-03-16,1.9555795192718506,1.9555795192718506,1.9261722330191686,1.9261722330191686,19735650
1995-03-17,1.9629299640655518,1.9849854632702015,1.9408742755579367,1.9629299640655518,29170800
1995-03-20,1.9776355028152466,2.036449900040666,1.948228398854097,1.9702831589155974,20464650
1995-03-21,2.0143933296203613,2.0364490267392004,1.9610925979417781,2.0070417460858136,46642500
1995-03-22,1.9408750534057617,1.9629307507526765,1.9188203025740536,1.9482275835315377,87223500
1995-03-23,1.8747090101242065,1.948227493058376,1.8526535031045623,1.948227493058376,53838000
1995-03-24,1.8894132375717163,1.9114679887145292,1.8600059561994122,1.8747091236279543,59328450
1995-03-27,1.9041163921356201,1.9114679758002222,1.8747091109619984,1.8894132248064162,55688850
1995-03-28,1.9261714220046997,1.9261714220046997,1.8894127555980034,1.9041159192758887,43761600
1995-03-29,1.8820602893829346,1.9482271783599514,1.852653203844265,1.9261714855999452,42786900
1995-03-30,1.8453013896942139,1.9041157426779576,1.8158941185508528,1.8967641615208402,42184800
1995-03-31,1.8379496335983276,1.8747082930970844,1.8011907847966109,1.808542365253994,21331350
1995-04-03,1.8894132375717163,1.9041164050002581,1.8158947501863902,1.8305988641301523,34187400
1995-04-04,1.852652907371521,1.9555784474981044,1.8232456372357788,1.852652907371521,62237700
1995-04-05,1.8379496335983276,1.8526527945130942,1.808542365253994,1.8526527945130942,42781500
1995-04-06,1.7276729345321655,1.8379500753514144,1.7203213523078222,1.8232459643876997,51304050
1995-04-07,1.8011908531188965,1.8305981225786987,1.749728273541468,1.7644314350139507,74368800
1995-04-10,1.8011908531188965,1.8085424338551377,1.7717830157501921,1.7938385151707856,33039900
1995-04-11,1.8305984735488892,1.8305984735488892,1.8085427805967162,1.8232459448881528,27496800
1995-04-12,1.8820602893829346,1.88941281797961,1.8379500396809338,1.852653203844265,20217600
1995-04-13,1.8820602893829346,1.9188199035182796,1.8379500396809338,1.8967644000612753,23033700
1995-04-17,1.8342739343643188,1.8967645644592381,1.8305986162624408,1.8894129817403902,35958600
1995-04-18,1.8158947229385376,1.8600059282896624,1.8011915557306195,1.8453020038695798,38098350
1995-04-19,1.7791353464126587,1.8158940071552065,1.742375739155278,1.8085424264490702,52084350
1995-04-20,1.757080078125,1.8085426642586238,1.7423759682644162,1.7938387437010317,34001100
1995-04-21,1.7644317150115967,1.7717832969144605,1.7497285512058691,1.7644317150115967,62858700
1995-04-24,1.790163516998291,1.801191174021808,1.7497285852757278,1.7717833314137585,55102950
1995-04-25,1.7497285604476929,1.8158943123469247,1.742376031991007,1.7938388093098496,56012850
1995-04-26,1.7056177854537964,1.764432159210299,1.6982662017001593,1.7497289917030245,53532900
1995-04-27,1.8379496335983276,1.8747082930970844,1.6468026733145993,1.7056170207003065,150140250
1995-04-28,1.7938385009765625,1.867356768695819,1.764431421052419,1.8453012694497455,66035250
1995-05-01,1.7681078910827637,1.8085428243315498,1.757080233643006,1.801191242008053,49532850
1995-05-02,1.7534046173095703,1.7717840531691607,1.7497292980468868,1.7717840531691607,43858800
1995-05-03,1.852652907371521,1.8820599882042914,1.7570798946650168,1.7644314755702377,91555650
1995-05-04,1.8085426092147827,1.9188197384044907,1.808542609214783,1.8747085459832333,68866200
1995-05-05,1.8011908531188965,1.8526528647874227,1.7938385151707856,1.8379497033149401,30327750
1995-05-08,1.8158947229385376,1.8416257388099972,1.8011915557306195,1.8158947229385376,24262200
1995-05-09,1.823245644569397,1.8526529148234236,1.7938385636183427,1.8379497529538413,35996400
1995-05-10,1.8305984735488892,1.852653219986044,1.801191198450998,1.8305984735488892,22288500
1995-05-11,1.8894132375717163,1.8894132375717163,1.8085431664721192,1.823246333900661,38153700
1995-05-12,1.9114679098129272,1.9555791140051262,1.874709046243685,1.8820606296544973,72420750
1995-05-15,1.996013879776001,2.007041537888444,1.9114677437018586,1.9335232492297645,56471850
1995-05-16,2.0180699825286865,2.0585049302102587,1.9923382047422342,1.9996905469020971,88011900
1995-05-17,2.0290961265563965,2.0658547775891862,2.0217436012775893,2.0364477053206214,48359700
1995-05-18,1.9629299640655518,2.036448231646729,1.9629299640655518,2.0290966509824666,37798650
1995-05-19,1.9996899366378784,1.9996899366378784,1.9408748140665788,1.948227343285677,31641300
1995-05-22,1.9776355028152466,2.0217457801507295,1.9629315722284306,2.0217457801507295,35698050
1995-05-23,2.0511515140533447,2.0511515140533447,1.9739577355377875,1.9849855804425616,34003800
1995-05-24,2.212890386581421,2.220241964910587,2.139372142351988,2.1540762455248474,121258350
1995-05-25,2.176132917404175,2.2643543661167294,2.146725830934326,2.2275956973324265,56305800
1995-05-26,2.1246697902679443,2.176132561786284,2.1026142897168016,2.176132561786284,33050700
1995-05-30,2.0143933296203613,2.132022073627829,2.0143933296203613,2.132022073627829,64639350
1995-05-31,2.043799638748169,2.051151218788123,1.94822663729042,2.021743952113559,49482900
1995-06-01,2.0952625274658203,2.1099656884208713,2.0585036785633903,2.0585036785633903,38859750
1995-06-02,2.1173181533813477,2.139372896139625,2.029096721409602,2.0879110724917562,41283000
1995-06-05,2.0952625274658203,2.176132373657088,2.073206839518441,2.176132373657088,43310700
1995-06-06,2.043799638748169,2.1026139827943484,1.9996892119936958,2.095262402754394,33983550
1995-06-07,2.0732064247131348,2.0952621082476326,2.036447772468304,2.058503266699879,30613950
1995-06-08,2.0952625274658203,2.1099656884208713,2.073206839518441,2.0879109469882953,19055250
1995-06-09,2.161428689956665,2.1687802712316717,2.0658554831398397,2.095262754754773,37539450
1995-06-12,2.190835952758789,2.2275955658890636,2.139373175867193,2.190835952758789,41046750
1995-06-13,2.198188304901123,2.227595579113328,2.161428880855621,2.2202430506740347,43447050
1995-06-14,2.198188304901123,2.205539886825427,2.1687804627799245,2.198188304901123,30049650
1995-06-15,2.198188304901123,2.227595579113328,2.17613280191622,2.198188304901123,19678950
1995-06-16,2.212890386581421,2.2275944897542805,2.176131737723968,2.220241964910587,26306100
1995-06-19,2.2717068195343018,2.3011141065836047,2.2202440198722515,2.2275965515211293,39505050
1995-06-20,2.293761730194092,2.315817235198572,2.2496505308821155,2.2864101475966185,41229000
1995-06-21,2.286410331726074,2.337872171264778,2.2496507120512415,2.330520588075266,47906100
1995-06-22,2.359927177429199,2.3819826777619815,2.2937612443397777,2.3084644064203657,71227350
1995-06-23,2.308464765548706,2.3672791267475963,2.2422988221658353,2.352575962379634,78651000
1995-06-26,2.2422995567321777,2.3231694481876093,2.205540687255224,2.3084655217906946,40347450
1995-06-27,2.220242738723755,2.293761197879216,2.2055395769409825,2.2275952661299976,36228600
1995-06-28,2.2165687084198,2.26435524242679,2.1614298320409526,2.2128924425823304,42115950
1995-06-29,2.2717068195343018,2.29376252145013,2.2055408496053017,2.2275965515211293,42813900
1995-06-30,2.2717068195343018,2.315818034062877,2.2496513069215545,2.279058404667777,27302400
1995-07-03,2.3011131286621094,2.3231686319017624,2.2643542721010212,2.2790574361194564,12094650
1995-07-05,2.2790582180023193,2.3378725979806734,2.271706633470973,2.308465502643029,38658600
1995-07-06,2.315816879272461,2.3231684607400434,2.2496501851253985,2.286409796190186,39179700
1995-07-07,2.3746321201324463,2.3819837043411005,2.30846540131482,2.30846540131482,52281450
1995-07-10,2.3966872692108154,2.4407977143383284,2.3746317626925166,2.3819833457945787,36128700
1995-07-11,2.293761730194092,2.396687104709975,2.293761730194092,2.396687104709975,36520200
1995-07-12,2.404038667678833,2.41874183275373,2.315817216290272,2.3231687988277203,36703800
1995-07-13,2.3966872692108154,2.4775563870607513,2.35992783927628,2.4040388523128775,32470200
1995-07-14,2.400362968444824,2.4113906279328736,2.3378723301034143,2.3746319522757524,29301750
1995-07-17,2.48490834236145,2.48490834236145,2.4113898780901555,2.418741459493107,41150700
1995-07-18,2.359927177429199,2.484908219779649,2.3525755963889052,2.484908219779649,53179200
1995-07-19,2.249650716781616,2.345224705900782,2.1467260909726353,2.2349475503716763,98180100
1995-07-20,2.25700306892395,2.2790578186534356,2.2202434489808547,2.249650728468661,55798200
1995-07-21,2.2606775760650635,2.3011124964765584,2.2349465728443905,2.2349465728443905,31044600
1995-07-24,2.304790496826172,2.3158183492851645,2.257003956483999,2.2790587148864523,27229500
1995-07-25,2.3672797679901123,2.3966876191159945,2.3084653908597383,2.3378724847733974,43366050
1995-07-26,2.48490834236145,2.48490834236145,2.381982795266413,2.3966867152842535,49709700
1995-07-27,2.5510737895965576,2.5878324467755007,2.4922594459225835,2.4996110259160136,40501350
1995-07-28,2.477555751800537,2.543722632995903,2.470204170583465,2.543722632995903,28096200
1995-07-31,2.4628539085388184,2.4849096105185753,2.4260952255525745,2.4849096105185753,17105850
1995-08-01,2.389333963394165,2.470203805777637,2.345223725394122,2.470203805777637,30454650
1995-08-02,2.3305208683013916,2.4849092450269032,2.3084653588687396,2.4187423381228403,48919950
1995-08-03,2.312141180038452,2.330520611454183,2.2220815874953055,2.2790578248840716,71761950
1995-08-04,2.3746321201324463,2.3819837043411005,2.293762232897511,2.30846540131482,22397850
1995-08-07,2.3709557056427,2.4260947607246375,2.3599280460687484,2.3746319707734402,15670800
1995-08-08,2.3488998413085938,2.389334776256474,2.3378719941024326,2.3819831936240607,12748050
1995-08-09,2.4113903045654297,2.418741887268572,2.367279293922432,2.389334799243931,23404950
1995-08-10,2.4260945320129395,2.4481492811725727,2.404038836338171,2.411390419391382,22918950
1995-08-11,2.404038667678833,2.4407975268811444,2.3525760754925833,2.4334459443436955,18045450
1995-08-14,2.4628539085388184,2.4702054936936024,2.374632425741358,2.3966879384180335,28755000
1995-08-15,2.4481496810913086,2.4849093060894942,2.396687644797089,2.470205191065939,24783300
1995-08-16,2.5143158435821533,2.5143158435821533,2.4407975563799673,2.448149139006265,31606200
1995-08-17,2.5400466918945312,2.543722956227661,2.499611759593185,2.5143156811076808,26642250
1995-08-18,2.54372239112854,2.5804810509306586,2.5069627848116127,2.5657771326827032,38807100
1995-08-21,2.488584280014038,2.6098890948026914,2.4849089616540554,2.5878335878851946,31201200
1995-08-22,2.5143158435821533,2.521667426208451,2.4334459737536696,2.492260338491196,32066550
1995-08-23,2.5216684341430664,2.551075722917708,2.4849097491067207,2.5143168485782703,25450200
1995-08-24,2.4996116161346436,2.5290187002638786,2.4555011792437833,2.5290187002638786,35104050
1995-08-25,2.5143158435821533,2.543723120602425,2.499611921117494,2.5143158435821533,21134250
1995-08-28,2.437121868133545,2.529019606890755,2.4260949648440246,2.514316438161192,28777950
1995-08-29,2.389333963394165,2.418741041131463,2.286409380616575,2.41138946100009,68793300
1995-08-30,2.345224142074585,2.4187414708738904,2.3084645311600056,2.3966867265612635,48201750
1995-08-31,2.359927177429199,2.3893342588022755,2.3378714877934414,2.3525755963889052,28209600
1995-09-01,2.308464765548706,2.359927544563615,2.2937616011807442,2.359927544563615,41072400
1995-09-05,2.602537155151367,2.617240319608023,2.3084647794739808,2.3084647794739808,98297550
1995-09-06,2.5584261417388916,2.609888731648217,2.4702045049506185,2.4849086158900113,67088250
1995-09-07,2.580482006072998,2.6172406794810112,2.536370802910649,2.5657780823825167,32711850
1995-09-08,2.580482006072998,2.6025375130026567,2.536370802910649,2.580482006072998,24305400
1995-09-11,2.661351442337036,2.698110298966525,2.573129997123262,2.573129997123262,59000400
1995-09-12,2.639296054840088,2.705461999675814,2.6098887789434233,2.690758834985003,28702350
1995-09-13,2.705461025238037,2.7569237868473837,2.631943524536027,2.6392951042335815,40741650
1995-09-14,2.639296054840088,2.7642763621661346,2.6098887789434233,2.7275175039240644,51487650
1995-09-15,2.212890386581421,2.3231674689712127,2.146724667195681,2.2790562952700664,384968700
1995-09-18,2.3378708362579346,2.3378708362579346,2.234946269438939,2.2643533426166296,111746250
1995-09-19,2.359927177429199,2.4040381780947637,2.3378714877934414,2.3452240153486112,71099100
1995-09-20,2.3415489196777344,2.418742546790926,2.337872654066205,2.3893354507478053,56150550
1995-09-21,2.286410331726074,2.345224700969442,2.2643546356423867,2.337872171264778,43667100
1995-09-22,2.315816879272461,2.3231684607400434,2.2496501851253985,2.2717056867400904,28745550
1995-09-25,2.3011131286621094,2.337871795920197,2.2496503508705863,2.3305202139109795,29099250
1995-09-26,2.25700306892395,2.3525763013275,2.25700306892395,2.330520605082855,39081150
1995-09-27,2.2717068195343018,2.286410936316655,2.139374122463979,2.2349481366546047,83974050
1995-09-28,2.308464765548706,2.315817104944706,2.2422988221658353,2.2937616011807442,49927050
1995-09-29,2.25700306892395,2.3452247180843377,2.2422991452254992,2.3084650981412422,44082900
1995-10-02,2.214729070663452,2.286409390878694,2.1981877786649315,2.2717052840351935,22100850
1995-10-03,2.2717068195343018,2.286410936316655,2.2055408496053017,2.2349481366546047,52654050
1995-10-04,2.234947681427002,2.286410470606801,2.205540400367551,2.242299265063062,38646450
1995-10-05,2.2643542289733887,2.2643542289733887,2.1834843674732687,2.2349471442846154,56722950
1995-10-06,2.220242738723755,2.3084643596619885,2.2128911578323684,2.279057089581587,49299300
1995-10-09,2.168780565261841,2.205539991044345,2.08791145654619,2.205539991044345,61938000
1995-10-10,2.176132917404175,2.176132917404175,2.0585041929187633,2.1320217197903775,78255450
1995-10-11,2.2643542289733887,2.308464666703552,2.190835949342466,2.279057392711782,68327550
1995-10-12,2.3415489196777344,2.352576769996974,2.279058272676895,2.2864108038999533,60049350
1995-10-13,2.3231701850891113,2.4040401021961992,2.293763080179717,2.3599290662258543,75654000
1995-10-16,2.3525748252868652,2.3672779825482078,2.323167564249614,2.3305191428802856,37396350
1995-10-17,2.400362968444824,2.404039044243884,2.2937620707573037,2.3599280276856,69709950
1995-10-18,2.5290184020996094,2.543722510339632,2.4003620455964474,2.4334453899473885,146954250
1995-10-19,2.602537155151367,2.609888737379695,2.5069633680320087,2.514315707472359,75375900
1995-10-20,2.5069637298583984,2.617240697350525,2.4849089799902857,2.609889114061154,66594150
1995-10-23,2.5143158435821533,2.521667426208451,2.4628530614709248,2.4775562267235203,40321800
1995-10-24,2.5584261417388916,2.5731300633752796,2.514315701950766,2.5363704485873155,45974250
1995-10-25,2.5290184020996094,2.580481171864439,2.506962902299972,2.580481171864439,29930850
1995-10-26,2.492260694503784,2.551075067642782,2.426094737688335,2.5143162027453103,32055750
1995-10-27,2.54372239112854,2.558425552164649,2.470203935706532,2.4775555162245864,32741550
1995-10-30,2.595186233520508,2.6319451005340433,2.558426798597811,2.580482308108986,41168250
1995-10-31,2.565777063369751,2.6466469078222,2.565777063369751,2.6319437471832887,31108050
1995-11-01,2.595186233520508,2.6319451005340433,2.558426798597811,2.573130724009333,37859400
1995-11-02,2.6981096267700195,2.7054612069613726,2.6025364340410797,2.6098880142324328,56992950
1995-11-03,2.720165491104126,2.7348686534681157,2.6677842210501774,2.705461571528221,37719000
1995-11-06,2.6539995670318604,2.7936837746970085,2.646647228609437,2.698110000809789,39363300
1995-11-07,2.595186233520508,2.6466482687333492,2.5363710997835818,2.6392966846336963,52207200
1995-11-08,2.6319451332092285,2.712815020249101,2.5951862657393376,2.6172410183121033,38385900
1995-11-09,2.7716290950775146,2.7716290950775146,2.6907592168617636,2.6907592168617636,56284200
1995-11-10,2.7716290950775146,2.8377950493036166,2.72016630762892,2.749573587699112,42309000
1995-11-13,2.705461025238037,2.8304420447611562,2.690757865842928,2.7642753665449384,37777050
1995-11-14,2.6834070682525635,2.778980093114762,2.668702958057084,2.6760545398973345,43622550
1995-11-15,2.756924867630005,2.7642764502095614,2.676054809012678,2.720166008217149,50059350
1995-11-16,2.7936832904815674,2.845145296550344,2.7275166101166333,2.7495722964402423,56000700
1995-11-17,2.8304429054260254,2.867201572302925,2.7863317101011535,2.8083872131120904,50357700
1995-11-20,2.6760547161102295,2.8598501426119194,2.6760547161102295,2.852498560287582,30149550
1995-11-21,2.6981096267700195,2.720165124555893,2.653999199107133,2.676053939681193,48174750
1995-11-22,2.6356210708618164,2.7128156571883064,2.6172416328115817,2.7128156571883064,34026750
1995-11-24,2.6539995670318604,2.6687027294528707,2.595185213621003,2.6613511482423653,19989450
1995-11-27,2.6723790168762207,2.734868688185813,2.653999590430469,2.6981100245972915,54460350
1995-11-28,2.7642769813537598,2.7716293225580966,2.6613521552211905,2.676055323205455,49608450
1995-11-29,2.7495737075805664,2.8157394753884613,2.727518009937499,2.793684724260613,34668000
1995-11-30,2.6687042713165283,2.7569259470550307,2.654001100400652,2.7495743615970922,34888050
1995-12-01,2.6245932579040527,2.6907592120108705,2.5804820539237348,2.676055098744694,45725850
1995-12-04,2.6723790168762207,2.720165525635174,2.5510742344253177,2.617239980327042,59077350
1995-12-05,2.6466476917266846,2.7495732541375695,2.602537250230197,2.6540000314356393,57187350
1995-12-06,2.5731306076049805,2.6540004899824408,2.514316233740939,2.639296565236101,50564250
1995-12-07,2.602537155151367,2.6760546811616965,2.5437229829006993,2.668703098933369,44254350
1995-12-08,2.7422213554382324,2.749572937087434,2.6245926415971725,2.6613513070551438,67216500
1995-12-11,2.7275173664093018,2.8010356470958557,2.7275173664093018,2.786331725934346,44805150
1995-12-12,2.6172406673431396,2.742221935799262,2.6098890841380564,2.742221935799262,34990650
1995-12-13,2.54372239112854,2.639295398801749,2.5290182835776225,2.609888130214723,51725250
1995-12-14,2.4628539085388184,2.595186605992712,2.3599284982194657,2.558427165794144,109447200
1995-12-15,2.5510737895965576,2.6025363639741537,2.5216665231080966,2.5363696830949567,122081850
1995-12-18,2.4260945320129395,2.5510748513720136,2.3452246574882665,2.5510748513720136,83242350
1995-12-19,2.6319451332092285,2.6319451332092285,2.4481496600414365,2.470205169826427,80933850
1995-12-20,2.5290184020996094,2.6907582922566826,2.5216668212370243,2.6907582922566826,51555150
1995-12-21,2.5143158435821533,2.57313020831968,2.484908755864898,2.543723120602425,56763450
1995-12-22,2.602537155151367,2.631944430579707,2.514315707472359,2.514315707472359,41440950
1995-12-26,2.6098897457122803,2.631945447433527,2.5878342332941124,2.6245938623649097,16459200
1995-12-27,2.5584261417388916,2.62459284258761,2.543722977314525,2.6172403138604,30029400
1995-12-28,2.492260694503784,2.543723483966331,2.484909110827333,2.543723483966331,51989850
1995-12-29,2.492260694503784,2.5143162027453103,2.4555018296063125,2.4996122781802357,45870300
1996-01-02,2.54372239112854,2.5510739716465944,2.492259623775504,2.5143151225415137,45603000
1996-01-03,2.4260945320129395,2.5510748513720136,2.4260945320129395,2.499612066272293,55518750
1996-01-04,2.3966872692108154,2.4481492974403904,2.3305205603528907,2.4481492974403904,129803850
1996-01-05,2.5216684341430664,2.529020019707862,2.3378729266273304,2.3599286298371758,83783700
1996-01-08,2.48490834236145,2.565777441520774,2.4775558144435768,2.5584258601178225,12594150
1996-01-09,2.3672797679901123,2.492260863638442,2.3231693164226797,2.492260863638442,96068700
1996-01-10,2.4113903045654297,2.499611947245389,2.3231688511884885,2.330520433891631,124564500
1996-01-11,2.4628539085388184,2.4849096105185753,2.3966879384180335,2.4481499810169263,61105050
1996-01-12,2.5069637298583984,2.5069637298583984,2.4481493598161332,2.4702048668963785,61249500
1996-01-15,2.3525748252868652,2.529017634298719,2.323167564249614,2.5216660556680477,69793650
1996-01-16,2.4555013179779053,2.4628529001225803,2.3378718389970228,2.374631453447431,78514650
1996-01-17,2.5143158435821533,2.6025372960369353,2.411390279359696,2.418741861985994,79512300
1996-01-18,2.6172406673431396,2.6172406673431396,2.543723320868062,2.543723320868062,56856600
1996-01-19,2.6760547161102295,2.70546199192262,2.6172403537884565,2.6392960472765097,63830700
1996-01-22,2.705461025238037,2.727516521542463,2.6613506005380074,2.6613506005380074,51493050
1996-01-23,2.720165491104126,2.7789798442868947,2.676054300285347,2.6907584091642307,67290750
1996-01-24,2.8892571926116943,2.8892571926116943,2.7201657011862173,2.76427613819979,88524900
1996-01-25,2.808387279510498,2.911312836459663,2.7789801938713112,2.9039604971408584,57435750
1996-01-26,2.7863316535949707,2.83779442980917,2.7348688773807712,2.7863316535949707,54751950
1996-01-29,2.7716290950775146,2.830443465914863,2.7716290950775146,2.793684602455918,22009050
1996-01-30,2.7863316535949707,2.808387156158627,2.7569245692474214,2.7863316535949707,25807950
1996-01-31,2.808387279510498,2.8304429723458937,2.7495731082321244,2.808387279510498,49115700
1996-02-01,2.8010356426239014,2.823091335027954,2.764276218384813,2.8010356426239014,33097950
1996-02-02,2.896608591079712,2.9186640921454354,2.801035384138182,2.808386965422781,62912700
1996-02-05,2.984830617904663,2.9995345405945755,2.8819059986205597,2.896609164098397,61314300
1996-02-06,2.9480724334716797,2.999535035560317,2.9039612260320253,2.9921834516082835,71672850
1996-02-07,2.8745534420013428,2.9480719189329094,2.8488226187055528,2.940720336263977,50296950
1996-02-08,2.955423593521118,2.955423593521118,2.8304432768078294,2.8672019485078257,61416900
1996-02-09,2.8892571926116943,3.0289414105231343,2.881905610861927,2.9480715503367763,91428750
1996-02-12,2.9370434284210205,2.9627744353844006,2.881905340010377,2.889256921069217,41428800
1996-02-13,2.955423593521118,2.9848306823235338,2.8672019485078257,2.8745535314054065,56459700
1996-02-14,3.0105631351470947,3.021590985250003,2.926016978469372,2.96277584780218,55507950
1996-02-15,3.109812021255493,3.124515188303604,2.9995348609399577,2.9995348609399577,79474500
1996-02-16,3.0877559185028076,3.1318661683598545,3.0657002256652763,3.10245908271782,60269400
1996-02-20,3.0509979724884033,3.102460009122694,3.0068867629445895,3.014238347247303,41756850
1996-02-21,3.1171629428863525,3.1171629428863525,3.0362930803540067,3.073051747381166,33825600
1996-02-22,3.1833298206329346,3.2127369125981833,3.1465709556763737,3.1465709556763737,62515800
1996-02-23,3.153921604156494,3.2053841891389174,3.084079402842714,3.198032796933544,53785350
1996-02-26,3.1906826496124268,3.2347929183188255,3.1465716236936943,3.175978721902071,50557500
1996-02-27,3.1134865283966064,3.2053842326961965,3.1024588720297324,3.2053842326961965,54657450
1996-02-28,3.102459669113159,3.1906818892291424,3.0877565021191042,3.1245151768163955,40702500
1996-02-29,3.058349370956421,3.11716374553192,3.0068865802369307,3.058349370956421,44960400
1996-03-01,2.8892571926116943,3.065700076483946,2.8745530825971923,3.065700076483946,79751250
1996-03-04,2.8451459407806396,2.9407199090464196,2.823091195977878,2.933367380930551,47478150
1996-03-05,3.0436453819274902,3.0583493065420067,2.8083878885804463,2.8304435861991775,65632950
1996-03-06,2.918666124343872,2.999536035721036,2.845147799370044,2.9701289328952405,117100350
1996-03-07,2.926016330718994,2.955423608978235,2.9186647477829637,2.955423608978235,59216400
1996-03-08,2.7642769813537598,2.9260167510600015,2.7642769813537598,2.8524992074112174,71003250
1996-03-11,2.9333670139312744,2.9407195411272538,2.7936835735360397,2.8230908427754686,56099250
1996-03-12,2.8377935886383057,2.926015004833601,2.7936831644950653,2.9113118456240845,68634000
1996-03-13,2.918666124343872,2.9480734164727807,2.8672033157925036,2.881907435114741,60023700
1996-03-14,2.8304429054260254,2.9407200418747133,2.8157387950450716,2.933367513426741,74818350
1996-03-15,2.8745534420013428,2.926016224411026,2.830443188775678,2.8524986939945447,106088400
1996-03-18,2.955423593521118,2.970127516528372,2.9186647325180988,2.9186647325180988,45759600
1996-03-19,2.9333670139312744,3.0142368623624805,2.9039599339948112,2.9921821203190304,40910400
1996-03-20,2.9333670139312744,2.9443948582104142,2.8672010840742317,2.9333670139312744,33072300
1996-03-21,2.8598506450653076,2.9554238823152787,2.8451467206212353,2.9407207150833727,41195250
1996-03-22,2.8745534420013428,2.8966091365232267,2.7495733184781956,2.8966091365232267,87752700
1996-03-25,2.8010356426239014,2.9113127795231724,2.8010356426239014,2.8966088583851377,68667750
1996-03-26,2.8230903148651123,2.8745521272218038,2.764275219475622,2.7863307146066165,48683700
1996-03-27,2.8377935886383057,2.8745522438738496,2.8157379033093397,2.8304420090335474,24835950
1996-03-28,2.8304429054260254,2.867201572302925,2.7936840492461275,2.8083872131120904,38156400
1996-03-29,2.7716290950775146,2.8524989732932657,2.7569251710878655,2.84514663269237,29841750
1996-04-01,2.756924867630005,2.801035877531462,2.7054620858459772,2.7936842949519054,50288850
1996-04-02,2.7642769813537598,2.8010364157388308,2.742222229377363,2.7936848317466985,28575450
1996-04-03,2.6834070682525635,2.7422214267015272,2.661351376216834,2.7422214267015272,88381800
1996-04-04,2.6760547161102295,2.720165913783328,2.6687031337858924,2.6907588272739456,70027200
1996-04-08,2.54372239112854,2.5951849691786144,2.5290182835776225,2.587832631448713,193920750
1996-04-09,2.4407970905303955,2.5878328796595107,2.3369528585909674,2.580481298436333,388102050
1996-04-10,2.54372239112854,2.5804810509306586,2.4849080432574495,2.4849080432574495,146442600
1996-04-11,2.580482006072998,2.6172406794810112,2.4885842813862906,2.5584264991433394,92761200
1996-04-12,2.5878336429595947,2.6025375669548976,2.529019272099632,2.5951859835633178,51096150
1996-04-15,2.55475115776062,2.6172408498306297,2.5437234982295442,2.58783375774776,36983250
1996-04-16,2.6944336891174316,2.720164688923753,2.6392948588317102,2.65399877407141,82638900
1996-04-17,2.745897054672241,2.7789804071615203,2.6907589541698504,2.701786612130932,56881800
1996-04-18,2.8010356426239014,2.823091335027954,2.767952293320821,2.790007985724874,39339000
1996-04-19,2.8230903148651123,2.900283885263337,2.8010346304311873,2.8892562323493047,50414400
1996-04-22,2.9223413467407227,2.944396098071246,2.8644456604790016,2.878230140352266,54228600
1996-04-23,2.999535322189331,3.0215910226682774,2.933368599358628,2.944396449598101,41809500
1996-04-24,3.0546727180480957,3.0932695198422304,3.009183961499565,3.043644871089617,58420800
1996-04-25,3.0326175689697266,3.065700926485891,2.9554239515128895,3.065700926485891,33487200
1996-04-26,3.0105631351470947,3.098784610848901,2.9995352850441863,2.9995352850441863,27234000
1996-04-29,3.021589756011963,3.065700002660345,2.988506408465215,3.010561910395384,19857600
1996-04-30,2.977479934692383,3.0546737537567723,2.9443965719028102,3.043645903059223,23940000
1996-05-01,3.0105631351470947,3.0326178888375823,2.944396413135776,2.9774797741414356,21137400
1996-05-02,2.9002857208251953,3.010562887667625,2.8892580609318674,3.010562887667625,29428200
1996-05-03,2.93888258934021,2.9885072459611117,2.889257932719308,2.9499102487441786,29212200
1996-05-06,3.0105631351470947,3.021590985250003,2.944396413135776,2.944396413135776,26137800
1996-05-07,2.955423593521118,3.0215903005386453,2.9333678983132607,3.0215903005386453,29140200
1996-05-08,2.9002857208251953,2.9554240202918347,2.8230921015719,2.9554240202918347,45999900
1996-05-09,2.9664504528045654,2.9664504528045654,2.911312365454578,2.9333671082068458,18920700
1996-05-10,2.9885060787200928,3.0105615782167066,2.9554227348236877,2.998155418907039,28980900
1996-05-13,3.076728105545044,3.087755952083743,2.977478811817784,2.999534315592178,31299300
1996-05-14,3.0987844467163086,3.1428948982762246,3.0877567865005653,3.0987844467163086,39534300
1996-05-15,3.0436453819274902,3.120839944986962,3.0326175331181244,3.098784247368231,29283300
1996-05-16,3.0877559185028076,3.1098114220373363,2.9885066258549355,3.010562129389464,36248400
1996-05-17,3.0987844467163086,3.1649504080107667,3.0767289369817665,3.120840145753906,27947700
1996-05-20,3.131866455078125,3.1759776554885075,3.120839554164874,3.120839554164874,30397500
1996-05-21,3.131866455078125,3.1759776554885075,3.120839554164874,3.1635714927717555,28045800
1996-05-22,2.999535322189331,3.1539229539051377,2.944396449598101,3.120840349702059,57283200
1996-05-23,2.9885060787200928,3.065699664397854,2.9554227348236877,3.065699664397854,60604200
1996-05-24,2.9333670139312744,3.03261628732277,2.9333670139312744,3.03261628732277,31229100
1996-05-28,2.9223413467407227,2.9664516066139512,2.911313497817847,2.9664516066139512,30819600
1996-05-29,2.8892571926116943,2.9443952862044087,2.8672015008474245,2.9443952862044087,29542500
1996-05-30,2.9333670139312744,2.977478201744867,2.8672010840742317,2.900284427608685,28426500
1996-05-31,2.9223413467407227,2.9885073044597026,2.8892579892751415,2.977479455536827,44240400
1996-06-03,2.8672027587890625,2.9223418230881704,2.845147246651265,2.9223418230881704,47610000
1996-06-04,2.9113125801086426,2.922340425555301,2.856173731481323,2.900284734661984,40733100
1996-06-05,2.999535322189331,2.999535322189331,2.8892583342191442,2.9223416956344956,33570900
1996-06-06,2.9002857208251953,3.043645488741508,2.8892580609318674,3.010562887667625,35834400
1996-06-07,2.9885060787200928,2.9885060787200928,2.823090873661811,2.8561734603463442,33907500
1996-06-10,2.9278547763824463,3.0326175419993087,2.911313476377565,2.999534941989546,24889500
1996-06-11,2.9885060787200928,3.032616320501449,2.9333670460241055,2.9554227348236877,31121100
1996-06-12,3.0436453819274902,3.0767287390525433,3.0105627820146115,3.0326175331181244,40072500
1996-06-13,3.0326175689697266,3.0546732668492003,2.9774794600893175,3.043645417909463,25838100
1996-06-14,2.9885060787200928,3.032616320501449,2.9443948904238963,3.032616320501449,27813600
1996-06-17,2.9885060787200928,3.032616320501449,2.9554227348236877,3.032616320501449,24302700
1996-06-18,2.955423593521118,3.010562452934716,2.9223409972244467,2.9995346053307874,28930500
1996-06-19,3.0326175689697266,3.043645417909463,2.944396102573153,2.9664516111495804,45620100
1996-06-20,3.076728105545044,3.1428940489592105,2.955423308043391,3.0657002590063445,62536500
1996-06-21,3.3524208068847656,3.3744765033387574,3.2090612408732553,3.363448844414795,140348700
1996-06-24,3.341393232345581,3.363448929356576,3.297282974141823,3.341393232345581,41876100
1996-06-25,3.36344838142395,3.418587047059792,3.319337751800089,3.341392688006004,41244300
1996-06-26,3.2972826957702637,3.3634486453989876,3.286254658892765,3.3634486453989876,34527600
1996-06-27,3.484753131866455,3.484753131866455,3.2641992176508885,3.297282569807445,50741100
1996-06-28,3.479238748550415,3.5619467416569544,3.4296141041288877,3.4957808014989116,53573400
1996-07-01,3.451669931411743,3.5288639183616977,3.4406422730768993,3.484753285022322,27046800
1996-07-02,3.3744757175445557,3.4626973469986724,3.3634480611885387,3.429613999324642,32082300
1996-07-03,3.3744757175445557,3.3744757175445557,3.330364713514508,3.3634480611885387,23870700
1996-07-05,3.275226593017578,3.3303648775128583,3.253170900613468,3.3193375992198,14093100
1996-07-08,3.3303654193878174,3.374476432767226,3.2311161125417227,3.275227125921131,49334400
1996-07-09,3.308309555053711,3.4075588341332033,3.2862538652314153,3.3855031443109076,29492100
1996-07-10,3.3855042457580566,3.3855042457580566,3.2752272751926492,3.330365571172315,35837100
1996-07-11,3.31933856010437,3.363449200469775,3.242144182252697,3.3413935016809653,62100900
1996-07-12,3.286255121231079,3.3744767784205285,3.2311164435103863,3.3524210801685923,29214900
1996-07-15,3.1649487018585205,3.3083091538960825,3.1318653604396607,3.287631970857818,50607900
1996-07-16,3.1980338096618652,3.242144069892471,2.9333682729142407,3.1318669048915795,104453100
1996-07-17,3.308309555053711,3.3413921432722704,3.175976930543752,3.2862538652314153,66102300
1996-07-18,3.3524208068847656,3.363448844414795,3.2862548533409917,3.319338208718946,38337300
1996-07-19,3.275226593017578,3.3303648775128583,3.253170900613468,3.3193375992198,31993200
1996-07-22,3.264200210571289,3.275227871775912,3.220089565752796,3.264200210571289,24929100
1996-07-23,3.175977945327759,3.330365551777817,3.1649500968930084,3.2862549152509644,42314400
1996-07-24,3.220088005065918,3.2531705940394335,3.043644375490817,3.043644375490817,49374900
1996-07-25,3.36344838142395,3.3744760388299158,3.2200884565403856,3.2200884565403856,52945200
1996-07-26,3.36344838142395,3.3965317322478614,3.319337751800089,3.3524203454119696,29223900
1996-07-29,3.3303654193878174,3.418587446146635,3.3303654193878174,3.3303654193878174,22145400
1996-07-30,3.3744757175445557,3.3744757175445557,3.275226431734422,3.3524200262265422,16803000
1996-07-31,3.451669931411743,3.451669931411743,3.374476323067836,3.38550398140268,31266900
1996-08-01,3.4626991748809814,3.5178378643735413,3.4296158097429736,3.451671134097526,33699600
1996-08-02,3.495781660079956,3.528864259678235,3.4737259626709642,3.495781660079956,37225800
1996-08-05,3.407559871673584,3.51783683993859,3.3855041751357273,3.5068091809726964,20058300
1996-08-06,3.517836570739746,3.52886385025572,3.363448599819477,3.3965319527915576,28454400
1996-08-07,3.6887645721435547,3.7053066232499057,3.517835723133825,3.5398906554577803,60687900
1996-08-08,3.595031499862671,3.7163361496522174,3.595031499862671,3.650169426339899,36591300
1996-08-09,3.6501688957214355,3.6942802905880137,3.539891922979327,3.584002939239821,42211800
1996-08-12,3.6391425132751465,3.7053092501866955,3.584004196859217,3.661198218447735,27784800
1996-08-13,3.58400297164917,3.6391412692157856,3.5288642954764664,3.6060586692819037,32004000
1996-08-14,3.58400297164917,3.6391412692157856,3.5509196145031128,3.5950310097685807,22608000
1996-08-15,3.517836570739746,3.5840025194718272,3.5068089126177324,3.5840025194718272,27615600
1996-08-16,3.506809949874878,3.550920216803989,3.4847542485010945,3.550920216803989,28794600
1996-08-19,3.495781660079956,3.528864259678235,3.4626983032695104,3.528864259678235,23042700
1996-08-20,3.4406418800354004,3.495780922622909,3.374475937584799,3.4847528869418047,37595700
1996-08-21,3.341393232345581,3.3524208915480402,3.264199617928369,3.341393232345581,66442500
1996-08-22,3.36344838142395,3.36344838142395,3.3083100943941233,3.341392688006004,31723200
1996-08-23,3.4296138286590576,3.462697174686784,3.341392203595055,3.363447893815526,35185500
1996-08-26,3.36344838142395,3.418587047059792,3.36344838142395,3.418587047059792,17714700
1996-08-27,3.3744757175445557,3.418586721574604,3.3524200262265422,3.385503373900573,21181500
1996-08-28,3.2972826957702637,3.3855039619418954,3.2641993423498565,3.3855039619418954,37978200
1996-08-29,3.2090609073638916,3.3083102059708978,3.2090609073638916,3.286254511809097,36720000
1996-08-30,3.109812021255493,3.198033673786706,3.098784172711812,3.175977976699344,59006700
1996-09-03,3.286255121231079,3.297283159660096,3.043645469308568,3.065700978257455,42780600
1996-09-04,3.31933856010437,3.330365841589614,3.220089240676102,3.2752275411328577,36766800
1996-09-05,3.264200210571289,3.3744772012236672,3.25317217076052,3.3083112339959277,45176400
1996-09-06,3.308309555053711,3.330364487664099,3.2641985540150733,3.2862538652314153,28923300
1996-09-09,3.308309555053711,3.330364487664099,3.242142864192778,3.3193372106618817,21618900
1996-09-10,3.308309555053711,3.3413921432722704,3.2641985540150733,3.330364487664099,21915000
1996-09-11,3.23111629486084,3.286254970044843,3.1759779982829173,3.286254970044843,36380700
1996-09-12,3.308309555053711,3.3413921432722704,3.187004586151923,3.253170519800949,72135900
1996-09-13,3.7163355350494385,3.716335535049438,3.528864192951342,3.584002867522085,137418300
1996-09-16,3.672224283218384,3.7273625756327147,3.6281132706808665,3.7053076372730347,65257200
1996-09-17,3.672224283218384,3.7273625756327147,3.6611966247355174,3.7273625756327147,47449800
1996-09-18,3.8266122341156006,3.881750910230107,3.639141265374801,3.6611969629842562,70453800
1996-09-19,3.8376376628875732,3.8707210007681354,3.7549304540037696,3.8266100097960085,41037300
1996-09-20,3.9258599281311035,3.9258599281311035,3.771472380213383,3.848665964869278,51914700
1996-09-23,3.782501697540283,3.90380671252389,3.7825016975402828,3.892779052726489,26159400
1996-09-24,3.815584659576416,3.8376395982763705,3.760445987705327,3.7935293422704035,32219100
1996-09-25,3.8210983276367188,3.85969532250847,3.782501332764967,3.848667285168489,25498800
1996-09-26,3.7383906841278076,3.8817510188743056,3.7163357431132438,3.8376400010268843,42945300
1996-09-27,3.788015127182007,3.8045571838660304,3.7053078726105,3.7383904715542418,31671000
1996-09-30,3.754931688308716,3.804556332836091,3.749417292041464,3.782500640797042,19625400
1996-10-01,3.760446310043335,3.799042929334253,3.727362952642418,3.743905009948967,28845000
1996-10-02,3.903806447982788,3.903806447982788,3.760446123119179,3.7714737821692914,69027300
1996-10-03,3.903806447982788,3.9699724022834646,3.881750751276491,3.936889046527055,47147400
1996-10-04,3.992027759552002,4.014083075776888,3.9258610536652645,3.9368887117777076,44637300
1996-10-07,4.058191299438477,4.0912746327448355,3.9809973598647255,4.014080693171084,40375800
1996-10-08,3.947916030883789,4.069221016916319,3.9368883737182876,4.069221016916319,27200700
1996-10-09,3.8927786350250244,4.003055599772236,3.8817505978048525,3.9920279411581205,27216000
1996-10-10,3.958946466445923,3.9810017941461817,3.870724777038651,3.8817524408887802,24118200
1996-10-11,3.9809999465942383,4.014083301397129,3.947916591791348,3.9809999465942383,20200500
1996-10-14,4.014082908630371,4.03613784533085,3.958944241758092,3.992027593323869,20278800
1996-10-15,3.947916030883789,4.058193359750817,3.9368883737182876,4.047165323979309,29951100
1996-10-16,3.9258599281311035,3.958943271589561,3.9038049968353503,3.936887583081946,17309700
1996-10-17,3.859694480895996,3.9809990791245204,3.848666445960695,3.9589437664658758,25299000
1996-10-18,3.9258599281311035,3.9479152380327878,3.848665964869278,3.870721653376893,32248800
1996-10-21,3.804556131362915,3.9809990080896993,3.782500440491842,3.9258603488209736,25776900
1996-10-22,3.7053067684173584,3.782500359696332,3.66119576622341,3.771472703799336,41041800
1996-10-23,3.7383906841278076,3.7825017019752294,3.6611970654554913,3.7053080833029126,39315600
1996-10-24,3.7935283184051514,3.8707219081418085,3.6832510044265865,3.771472628445865,24696000
1996-10-25,3.732874870300293,3.815582838635547,3.7273608543022583,3.782499499859094,14219100
1996-10-28,3.749418020248413,3.8266120108626196,3.7273627025318015,3.77147371657109,22207500
1996-10-29,3.661195993423462,3.79352862961141,3.650167958236144,3.7604452812614295,21115800
1996-10-30,3.628114938735962,3.7053093408188786,3.6170876537892647,3.6832536351068055,25898400
1996-10-31,3.732874870300293,3.760444193078711,3.6060566670101495,3.650166901965039,34004700
1996-11-01,3.8927786350250244,3.9148339522532556,3.7714736330576413,3.782501291671757,44876700
1996-11-04,3.947916030883789,3.9589440666552975,3.8817500878907802,3.925860716552786,27158400
1996-11-05,3.8927786350250244,3.9920279411581205,3.8045569875060443,3.9809999039379482,71874000
1996-11-06,3.969972848892212,4.014083868661078,3.892779226857397,3.936889489414034,61611300
1996-11-07,3.9809999465942383,4.014083301397129,3.9038063354683032,3.9809999465942383,52985700
1996-11-08,4.0568156242370605,4.069221788225553,3.9699724763176123,3.981000135573375,45939600
1996-11-11,4.025110244750977,4.124359543643549,3.9920276499281577,4.080248912405085,29286000
1996-11-12,3.958946466445923,4.058195819703324,3.9368907601394274,4.047167777246958,22623300
1996-11-13,4.014082908630371,4.047165502984101,3.9148336111450877,3.980999557064594,23460300
1996-11-14,4.179497241973877,4.223607862982049,3.9920267240832024,4.025109311233391,41656500
1996-11-15,4.1464128494262695,4.256690131281221,4.080246934640313,4.2236067952823975,39432600
1996-11-18,4.102303981781006,4.168469918560525,4.014082354135676,4.146414227694715,23641200
1996-11-19,4.069223403930664,4.124361722102416,4.058195740296314,4.1023067734399445,26652600
1996-11-20,4.22360897064209,4.22360897064209,4.069221378018719,4.1133323892011395,31980600
1996-11-21,4.16847038269043,4.366968972342355,4.146414689368871,4.234636326837062,53435700
1996-11-22,4.389023303985596,4.422105887189149,4.179496743374729,4.179496743374729,39298500
1996-11-25,4.389023303985596,4.422105887189149,4.311829347824318,4.400050957922079,44185500
1996-11-26,4.366970062255859,4.422108362806202,4.267720742659135,4.389025761082104,35476200
1996-11-27,4.344912052154541,4.3890234263419945,4.322856743666721,4.3890234263419945,21384000
1996-11-29,4.32285737991333,4.377996037854202,4.32285737991333,4.361454743356711,9449100
1996-12-02,4.377996444702148,4.38902448019993,4.256691840286527,4.311830503351445,25705800
1996-12-03,4.389023303985596,4.4993002219563225,4.368346121574531,4.400050957922079,37220400
1996-12-04,4.124357223510742,4.389022376479822,4.102302298904408,4.37799434626793,77348700
1996-12-05,4.135387897491455,4.146415557157166,4.047166241559673,4.124360237825744,45355500
1996-12-06,4.025110244750977,4.124359543643549,3.958944297893281,4.01408296554739,44388000
1996-12-09,4.3008036613464355,4.3008036613464355,4.0361383313726575,4.058194027941186,39070800
1996-12-10,4.355941295623779,4.4331348967850825,4.311830666388748,4.400052303464822,42397200
1996-12-11,4.234635829925537,4.355940803838577,4.146414202809676,4.289774867456158,51597000
1996-12-12,4.16847038269043,4.355941314984583,4.146414689368871,4.300803028195722,39253500
1996-12-13,3.88175106048584,3.936889360128565,3.7880153831840535,3.8707234005572944,226649700
1996-12-16,3.754931688308716,3.9479158701509647,3.7383896353249355,3.936888213434436,67174200
1996-12-17,3.815584659576416,3.826611939623364,3.6611966812222128,3.7273626331402503,69094800
1996-12-18,3.727363109588623,3.8376400888208444,3.705308168069507,3.8266124287582333,67949100
1996-12-19,3.7163355350494385,3.793529528006048,3.683252178864562,3.782501490207038,70351200
1996-12-20,3.815584659576416,3.8817506114944536,3.6391409853101426,3.7383902917932565,67197600
1996-12-23,3.7383906841278076,3.848667660837215,3.7053080833029126,3.826612341216553,25519500
1996-12-24,3.815584659576416,3.826611939623364,3.705307694440296,3.749417950446263,9664200
1996-12-26,3.8872640132904053,3.8927784101880505,3.8155844257417137,3.8266117051128647,26187300
1996-12-27,3.782501697540283,3.892779052726489,3.7494183395419824,3.892779052726489,26540100
1996-12-30,3.677737236022949,3.8266111656357067,3.6722235971146886,3.804556231396683,27697500
1996-12-31,3.683251142501831,3.7383894229521446,3.6722234864117684,3.6942791771978643,31612500
1997-01-02,3.7053067684173584,3.74941701339938,3.5950298308414324,3.7163344243143546,54342000
1997-01-03,3.93688702583313,3.93688702583313,3.760444192988422,3.7714718463783488,47344500
1997-01-06,3.958946466445923,3.9810017941461817,3.935512254832382,3.9699741302960523,35468100
1997-01-07,3.947916030883789,3.9589440666552975,3.8707224307252788,3.947916030883789,32473800
1997-01-08,3.8266122341156006,3.9810002243513485,3.8100709341661183,3.953431264900183,41618700
1997-01-09,3.683251142501831,3.8817497093349,3.6722234864117684,3.870722053244837,81560700
1997-01-10,3.6060588359832764,3.6942804947742713,3.5729754773078373,3.672224796121944,120012300
1997-01-13,3.6170852184295654,3.6501678082078195,3.584001871439369,3.6391401520797446,53683200
1997-01-14,3.815584659576416,3.859695294188441,3.6501686439631484,3.6611966812222128,65166300
1997-01-15,3.6391425132751465,3.8486688728681115,3.6391425132751465,3.8486688728681115,52612200
1997-01-16,3.6391425132751465,3.7714752298858105,3.622601207653476,3.6942815869035095,61376400
1997-01-17,3.661195993423462,3.73838958949278,3.617085367098137,3.6391403016548125,54756900
1997-01-20,3.760446310043335,3.7825016292398854,3.6722246546510413,3.6942803524536827,38762100
1997-01-21,3.683251142501831,3.837638706368679,3.661195830321706,3.7825004259183657,64057500
1997-01-22,3.7383906841278076,3.7714740421648987,3.672224725265822,3.683252385076153,57422700
1997-01-23,3.572974681854248,3.7825009328586123,3.5619470242862312,3.7825009328586123,85063500
1997-01-24,3.495781660079956,3.584002935291589,3.4516702652619724,3.584002935291589,106879500
1997-01-27,3.36344838142395,3.5288636211194455,3.3083100943941233,3.5068086849135303,105248700
1997-01-28,3.31933856010437,3.495781878778205,3.286255201224209,3.495781878778205,136550700
1997-01-29,3.3248510360717773,3.3965313694633785,3.3083097410326174,3.3634480221731087,85716900
1997-01-30,3.308309555053711,3.374475488702737,3.2641985540150733,3.3634478330945656,96756300
1997-01-31,3.4296138286590576,3.5068081765217656,3.3083096147792492,3.341392203595055,85518000
1997-02-03,3.473723888397217,3.550917458112599,3.451668204158393,3.473723888397217,59693400
1997-02-04,3.517836570739746,3.550919166499747,3.4626979015236388,3.5068089126177324,50998500
1997-02-05,3.407559871673584,3.5729751347680594,3.319338221340365,3.5729751347680594,71854200
1997-02-06,3.484753131866455,3.539891421117331,3.4185871847654035,3.429614464009548,70651800
1997-02-07,3.5288634300231934,3.5619467790555635,3.4626974891704427,3.539891086831985,34070400
1997-02-10,3.539891004562378,3.6060577010893566,3.5178360700633613,3.550918661114879,48582900
1997-02-11,3.451669931411743,3.5619472719722767,3.418587335013259,3.5398915766965415,68290200
1997-02-12,3.6556832790374756,3.6611969194196674,3.5178369689975306,3.528864249761914,79970400
1997-02-13,3.644655227661133,3.7273624747408927,3.6060582347128136,3.6942798787938225,49575600
1997-02-14,3.6060588359832764,3.6942804947742713,3.5950311759601647,3.6501690974696164,36990900
1997-02-18,3.595031499862671,3.628114104306552,3.517837494139818,3.628114104306552,36747900
1997-02-19,3.6501688957214355,3.6942802905880137,3.55091958239293,3.595030977259508,36259200
1997-02-20,3.683251142501831,3.7604451137382404,3.6667098476697224,3.6722234864117684,59025600
1997-02-21,3.6060588359832764,3.705308154797383,3.561947817284726,3.6942804947742713,53787600
1997-02-24,3.556433916091919,3.6060585718643074,3.517836919534941,3.5729752156119967,35872200
1997-02-25,3.6060588359832764,3.6281137774233936,3.5343784779238954,3.5840031373309484,33201000
1997-02-26,3.595031499862671,3.6611974659627116,3.5398924375670258,3.6060591608793446,27000000
1997-02-27,3.5288634300231934,3.5950301280879335,3.517836151820396,3.5950301280879335,32757300
1997-02-28,3.4626991748809814,3.5398928101219145,3.4296158097429736,3.506810202196265,45770400
1997-03-03,3.473723888397217,3.4847515412137002,3.3634469816265273,3.462696235580734,55296900
1997-03-04,3.484753131866455,3.528863763267156,3.4185871847654035,3.4957811683226607,68404500
1997-03-05,3.506809949874878,3.5729759181777725,3.429615562975864,3.506809949874878,38627100
1997-03-06,3.225602388381958,3.5068090028500594,3.14289438242967,3.5068090028500594,170810100
1997-03-07,3.1594362258911133,3.3193378299513965,3.109811577092887,3.2752268206829593,119399400
1997-03-10,3.175977945327759,3.2421439001180374,3.065700786101516,3.187005604459472,86598900
1997-03-11,3.153921604156494,3.2311153869786358,3.098783323071384,3.220088109367588,56134800
1997-03-12,3.0105631351470947,3.1539229148481134,2.966451924038527,3.142895064745205,77609700
1997-03-13,3.187005043029785,3.264199021959193,3.010562149398862,3.021589995890923,120248100
1997-03-14,3.6170852184295654,3.6281124959516693,3.484752587680722,3.4957806224147685,155835000
1997-03-17,3.7053067684173584,3.7163344243143546,3.517835860956495,3.572974140441476,84921300
1997-03-18,3.572974681854248,3.7494175815485407,3.5178363940141635,3.7163349874505105,65855700
1997-03-19,3.473723888397217,3.5288621524796326,3.3744746344430108,3.506807225452524,72075600
1997-03-20,3.517836570739746,3.5729748613498136,3.4296145485515583,3.4626979015236388,53210700
1997-03-21,3.517836570739746,3.5729748613498136,3.5068089126177324,3.550919166499747,46665000
1997-03-24,3.517836570739746,3.52886385025572,3.4296145485515583,3.4847532177676657,43705800
1997-03-25,3.4406418800354004,3.5729745221486104,3.4075592874161034,3.539891172317306,52730100
1997-03-26,3.572974681854248,3.595030375596303,3.440642033826003,3.4626977275680577,44325000
1997-03-27,3.473723888397217,3.595028826590247,3.407557971498318,3.5840007951679063,48681000
1997-03-31,3.4020450115203857,3.4737253529575227,3.3524203636209924,3.4516696594197787,40222800
1997-04-01,3.264200210571289,3.4075605634436825,3.1980342433435496,3.220089565752796,71018100
1997-04-02,3.242143154144287,3.3193375075170404,3.198032906372687,3.2752265025334655,42739200
1997-04-03,3.407559871673584,3.4185875306394777,3.187005556537502,3.2531715103328644,71208900
1997-04-04,3.4296138286590576,3.5068081765217656,3.341392203595055,3.35241985940231,54000000
1997-04-07,3.506809949874878,3.5178376112586935,3.429615562975864,3.4847542485010945,37730700
1997-04-08,3.484753131866455,3.506808826172836,3.4185871847654035,3.484753131866455,27486000
1997-04-09,3.3855042457580566,3.528864193911263,3.3744765865621233,3.4957815949295408,39940200
1997-04-10,3.308309555053711,3.396531178525032,3.2862538652314153,3.3855031443109076,34047900
1997-04-11,3.220088005065918,3.2862539402248734,3.220088005065918,3.2531705940394335,42588000
1997-04-14,3.4296138286590576,3.440641484466313,3.1759769878802646,3.2311152669165413,41932800
1997-04-15,3.291767120361328,3.495780050473239,3.1870042149817968,3.462696708895779,67640400
1997-04-16,3.308309555053711,3.3193372106618817,3.2200879315823894,3.2641985540150733,31331700
1997-04-17,3.2697134017944336,3.44064229644863,3.2531713462707295,3.3303653337450503,37100700
1997-04-18,3.275226593017578,3.3303648775128583,3.1870049592191316,3.297282285421688,53865000
1997-04-21,3.187005043029785,3.2752266791482505,3.1649495393486666,3.242143328975071,30331800
1997-04-22,3.109812021255493,3.2090613330273476,3.0767286649274896,3.2090613330273476,48249000
1997-04-23,3.3303654193878174,3.352420736774492,3.0987840189186455,3.131866616392598,69930900
1997-04-24,3.484753131866455,3.5178364840230114,3.3634485169084964,3.3744761747586716,66723300
1997-04-25,3.341393232345581,3.4737258999872416,3.341393232345581,3.451670202976247,32589900
1997-04-28,3.3524208068847656,3.429614797958569,3.242143839039075,3.3524208068847656,30512700
1997-04-29,3.396531581878662,3.517836186579972,3.352420196995643,3.440641830943686,55114200
1997-04-30,3.506809949874878,3.5288648940363574,3.352421554683002,3.3634495946729692,80145900
1997-05-01,3.5674612522125244,3.6281131831011746,3.495781284501164,3.517836600934499,81002700
1997-05-02,3.749418020248413,3.7604460577127843,3.550919403586777,3.561947441051148,65894400
1997-05-05,3.947916030883789,3.9809993809863,3.771473137629759,3.7825007947952605,123752700
1997-05-06,3.8762366771698,3.9699723456681113,3.815584742562166,3.9368889903834994,62184600
1997-05-07,3.7935283184051514,3.9258601865251355,3.78250028412253,3.815583629758482,45734400
1997-05-08,3.870722770690918,3.9258610613612217,3.7273624577360467,3.7604458107442693,60463800
1997-05-09,3.870722770690918,3.9479163776293436,3.7714734688783302,3.8927784655650797,42534000
1997-05-12,3.859694480895996,3.9368880752012525,3.7935285429200616,3.848666445960695,37386900
1997-05-13,3.95343017578125,4.03613740995606,3.89277787592787,3.9038055323915772,93183300
1997-05-14,3.9093210697174072,4.069222733999634,3.870724064048433,4.058195072180808,74369700
1997-05-15,4.052680969238281,4.069222270780461,3.903806983721923,3.9148346442854174,64282500
1997-05-16,3.91483211517334,4.047163956444489,3.9038044617340772,3.9589427289303893,69361200
1997-05-19,3.903806447982788,3.925861387476942,3.8376397364699684,3.903806447982788,35838000
1997-05-20,3.992027759552002,3.992027759552002,3.8596951049906063,3.914833774158861,44722800
1997-05-21,4.140901565551758,4.157442862832482,4.047165528395513,4.047165528395513,80141400
1997-05-22,4.124357223510742,4.201551541964904,4.102302298904408,4.179495860146937,43659900
1997-05-23,4.1464128494262695,4.179496185425093,4.080246934640313,4.1243575444976175,22555800
1997-05-27,4.179497241973877,4.223607862982049,4.0581926555954615,4.102303655209575,39391200
1997-05-28,4.157441139221191,4.212579783580041,4.102302873468211,4.168468792371788,40014000
1997-05-29,4.157441139221191,4.245662364425959,4.1243578011635345,4.179496445522384,48439800
1997-05-30,4.1133317947387695,4.157442420940243,3.8817498713630787,3.8817498713630787,69277500
1997-06-02,4.32285737991333,4.32285737991333,4.058192881893837,4.124358817095729,55036800
1997-06-03,4.102303981781006,4.311830205461427,4.096789585807089,4.300802549331507,59567400
1997-06-04,4.1188459396362305,4.1850118870657225,4.05819363185618,4.113332299986789,51327000
1997-06-05,4.190525054931641,4.267718637626744,4.146413679036882,4.157441712313532,49992300
1997-06-06,4.32285737991333,4.32285737991333,4.179497475036602,4.190525509509546,60370200
1997-06-09,4.32285737991333,4.377996037854202,4.300802446785328,4.31734374128282,44697600
1997-06-10,4.2015533447265625,4.350427273194685,4.185011292311022,4.317343925575561,41639400
1997-06-11,4.295289993286133,4.317345693599714,4.1629580630414456,4.201555065332546,31883400
1997-06-12,4.375240325927734,4.405566291273943,4.2732336358899925,4.289775691070538,52849800
1997-06-13,4.587523460388184,4.587523460388184,4.333885815397212,4.366969167555441,95150700
1997-06-16,4.615092754364014,4.675745066296678,4.510329807791613,4.587523797017208,85806000
1997-06-17,4.697800636291504,4.7198555744141,4.576495637071865,4.5930369353153235,67364100
1997-06-18,4.4386491775512695,4.576495079617568,4.411079845695609,4.466218130800928,99493200
1997-06-19,4.3724822998046875,4.477245605139192,4.355941004251019,4.433134600248774,63288000
1997-06-20,4.256692886352539,4.40005321838798,4.256692886352539,4.377997520578311,79125300
1997-06-23,4.256692886352539,4.377997520578311,4.256692886352539,4.300803903365787,64331100
1997-06-24,4.422107219696045,4.444162534214906,4.245663946333138,4.322857925755161,51371100
1997-06-25,4.4937872886657715,4.5875233241278925,4.377996695369318,4.455190676637633,73665900
1997-06-26,4.4717326164245605,4.5709819270061915,4.444163279350536,4.477246635281795,45954000
1997-06-27,4.444161891937256,4.532383515868774,4.438648632013341,4.488273271811948,34057800
1997-06-30,4.444161891937256,4.488273271811948,4.333884956674347,4.444161891937256,30345300
1997-07-01,4.284261703491211,4.444163330305417,4.245664706866254,4.405566712286538,46398600
1997-07-02,4.245665073394775,4.300804131541258,4.179499112273661,4.295289733538666,52347600
1997-07-03,4.389023303985596,4.400050957922079,4.256690699536007,4.26771835347249,22314600
1997-07-07,4.35042667388916,4.466217238787097,4.3228569689338485,4.400051309875684,28595700
1997-07-08,4.4937872886657715,4.499301685336393,4.344913344193744,4.350427740864365,30799800
1997-07-09,4.54892635345459,4.615092298884039,4.499301705079493,4.521356641616621,57402900
1997-07-10,4.593036651611328,4.64817569723919,4.422107389613271,4.543412002734084,48904200
1997-07-11,4.615092754364014,4.664717407636745,4.576495759751216,4.587523797017208,29150100
1997-07-14,4.7419114112854,4.747425808981511,4.615093136881912,4.615093136881912,35348400
1997-07-15,4.98176383972168,5.006576165490614,4.819104839007502,4.8521881924367785,72235800
1997-07-16,5.067228317260742,5.205074998206109,5.056201037112387,5.08377037330146,75413700
1997-07-17,4.929380416870117,5.083768725199136,4.918352761690746,5.078254329700542,54171900
1997-07-18,4.929380416870117,4.99003270965963,4.763965210573604,4.912839123404029,73792800
1997-07-21,4.868730068206787,4.929382385215297,4.7970504702215555,4.929382385215297,27926100
1997-07-22,5.017602443695068,5.028630099768468,4.808076599694516,4.88527057081428,36589500
1997-07-23,4.995547294616699,5.094796573601058,4.852187014635985,5.067226866698126,51560100
1997-07-24,4.830132961273193,5.001062627461479,4.808078021211781,4.951437971156576,45485100
1997-07-25,4.830132961273193,4.951437971156576,4.797050361878033,4.84116062060694,39303900
1997-07-28,4.808077335357666,4.907326633809934,4.752938667948171,4.8466743268231065,29468700
1997-07-29,4.808077335357666,4.830132272273025,4.725369334243424,4.802563317174306,30496500
1997-07-30,4.8852715492248535,4.9624651571988,4.77499420919284,4.819104842320809,32689800
1997-07-31,4.802562713623047,4.951436642592053,4.78602141836381,4.8962983607179655,28381500
1997-08-01,4.841157913208008,4.9183518639798995,4.797047679147579,4.819102606874858,39107700
1997-08-04,4.951437950134277,4.973493268708132,4.841160600052846,4.86321629723278,28911600
1997-08-05,5.012088775634766,5.028630070345093,4.929380787659256,4.995547480924437,37244700
1997-08-06,5.116852283477783,5.127879940750566,4.984520396204389,5.02863064668951,44258400
1997-08-07,5.017602443695068,5.1499350737877965,5.0065751662276385,5.138907039108428,49798800
1997-08-08,5.061713695526123,5.105824700595037,4.896298467684163,4.962464407378552,59588100
1997-08-11,5.02863073348999,5.105825092943963,4.90181248336094,5.094797435480829,38808900
1997-08-12,4.962465763092041,5.072742737982298,4.962465763092041,5.067228718865044,25629300
1997-08-13,5.0065765380859375,5.03965913676517,4.896299568528847,5.028631477670068,33688800
1997-08-14,5.105823516845703,5.11685079229885,5.012087889434951,5.0286291812205715,37004400
1997-08-15,4.918354511260986,5.171991806428888,4.9073272307649,5.105825851815927,46280700
1997-08-18,5.0947980880737305,5.1113393870841985,4.780508106389916,4.929382069120523,30523800
1997-08-19,5.442168235778809,5.450438502982155,5.160961734993805,5.218857391476193,60157200
1997-08-20,5.425628185272217,5.574502136306016,5.367733264678232,5.541419540884331,54691200
1997-08-21,5.2932963371276855,5.475252885232009,5.276754282054871,5.46698261490768,36745200
1997-08-22,5.409087657928467,5.409087657928467,5.094798413388671,5.210589028279715,41149200
1997-08-25,5.243671417236328,5.433898983114875,5.2354003901243775,5.425627956002924,27442200
1997-08-26,5.111339092254639,5.260213046397977,5.086526766564082,5.243671748341636,50061000
1997-08-27,5.078256607055664,5.1940479848808065,5.003819617259023,5.144423325016379,33187200
1997-08-28,4.805318832397461,5.111337684005642,4.780506513543065,5.078254339795821,48157200
1997-08-29,5.045172691345215,5.09479733828562,4.813590753219317,4.87975669673585,50159400
1997-09-02,5.144421100616455,5.185774713551821,5.045171823802066,5.111337755941029,37926000
1997-09-03,5.0947980880737305,5.21058869557127,5.078256031851131,5.194047396560802,30378000
1997-09-04,5.169234752655029,5.202317348648579,5.094797775851415,5.127880371844965,23112600
1997-09-05,5.227128982543945,5.285024653689452,5.169234068610423,5.210587686736079,21586800
1997-09-08,5.2850260734558105,5.29329710218766,5.185776757522368,5.251942715740601,25389000
1997-09-09,5.268484115600586,5.301566711974291,5.177505082542661,5.285025413787438,27785400
1997-09-10,5.020361423492432,5.243672381679229,4.979007037538609,5.243672381679229,50615400
1997-09-11,5.15269136428833,5.185774708934298,4.92111022340222,5.028629768380811,34527000
1997-09-12,5.11961030960083,5.210588588100127,5.012089975220122,5.194047289430832,23408400
1997-09-15,5.02863073348999,5.2188590551986085,5.020360463650161,5.144422083367941,31686600
1997-09-16,5.235401153564453,5.243672181882507,5.028631503310306,5.078256158794329,41925000
1997-09-17,4.772237300872803,4.979006165582484,4.730882922161229,4.945923571267681,164461200
1997-09-18,4.854945182800293,4.970736549776808,4.78877922825096,4.871487239346735,84763800
1997-09-19,4.962465763092041,4.987278091907501,4.81359179019928,4.879757747969779,61997400
1997-09-22,4.916975498199463,5.045173015849147,4.9128403630924655,5.012089663356959,32969400
1997-09-23,4.945925235748291,5.020362233825377,4.888029540395346,4.921112903055929,30796200
1997-09-24,5.020361423492432,5.177505667037985,5.012090394859231,5.094798409554698,64599600
1997-09-25,5.061713695526123,5.111338339599909,4.904568736888477,5.003818025036048,35757000
1997-09-26,4.979005336761475,5.094796669224432,4.945922747953705,5.086525643416529,37310400
1997-09-29,4.945925235748291,5.012091203857157,4.879758510427124,4.995549901133016,30647400
1997-09-30,4.8218607902526855,4.962463675316018,4.8218607902526855,4.945922382135586,26589000
1997-10-01,4.763967037200928,4.89629970730501,4.714342380563418,4.89629970730501,37809600
1997-10-02,4.763967037200928,4.863216350475947,4.697801080754971,4.7970503940299904,32830800
1997-10-03,4.879756450653076,4.995547792482757,4.805319483996273,4.846673859169152,32593200
1997-10-06,4.904569625854492,4.995548661287937,4.863216000701544,4.929381952388684,21720000
1997-10-07,4.9665985107421875,4.995546718582559,4.869417567285813,4.912838743228642,25854600
1997-10-08,4.929380416870117,4.9955471051582245,4.863214485793887,4.9955471051582245,22747200
1997-10-09,4.921111106872559,4.962464727195177,4.863215432651273,4.896298783236583,17358000
1997-10-10,4.780506610870361,4.896297939356216,4.763965317034622,4.846673300637105,38638200
1997-10-13,4.8135905265808105,4.854944144680087,4.780507177774199,4.830131822378124,21827400
1997-10-14,4.763967037200928,4.8466750506675,4.714342380563418,4.80532066532813,23269800
1997-10-15,4.6233649253845215,4.755696862021197,4.582010532624794,4.7143432264737735,53673000
1997-10-16,4.557194232940674,4.697797834392461,4.499299345012662,4.66471450042528,36670800
1997-10-17,4.52411413192749,4.573738781428662,4.416593805604266,4.4662184551054365,45437400
1997-10-20,4.565467357635498,4.623363029429801,4.52411373904642,4.565467357635498,29237400
1997-10-21,4.722613334655762,4.73088360582358,4.615092994564718,4.631634294112511,38733600
1997-10-22,4.639903545379639,4.813589774351069,4.6150912269551485,4.739152819077599,27979800
1997-10-23,4.515841960906982,4.598549941532678,4.400051393800503,4.433133980281287,30819600
1997-10-24,4.491030693054199,4.648175665841325,4.4414060445121635,4.5985510172992905,34748400
1997-10-27,4.135387897491455,4.499302559490384,4.102305297100415,4.4165945440884125,43253400
1997-10-28,4.598551273345947,4.6150925713769615,3.8045568524638895,3.8376394485259175,80150400
1997-10-29,4.639903545379639,4.747423844289718,4.499300660044817,4.6150912269551485,62920200
1997-10-30,4.466217041015625,4.747423551557586,4.433133699418977,4.433133699418977,49981200
1997-10-31,4.735018253326416,4.747424414027523,4.565467138007304,4.6399041022139444,55548000
1997-11-03,4.7474236488342285,4.863214210977364,4.631632329479259,4.780506233896933,49341000
1997-11-04,4.854945182800293,4.879757510407811,4.730883544762703,4.763966900643442,42405000
1997-11-05,4.8135905265808105,4.929381111585976,4.797049230783497,4.879756466982051,24966600
1997-11-06,4.6812591552734375,4.813591829095945,4.656446826257478,4.80532080035323,29761200
1997-11-07,4.6233649253845215,4.648177258155436,4.466219898764628,4.515844564306457,32662200
1997-11-10,4.5820088386535645,4.76396613077466,4.5654675419923825,4.681258133044703,24766800
1997-11-11,4.6233649253845215,4.648177258155436,4.532385867082965,4.631635198166624,23399400
1997-11-12,4.3008036613464355,4.63163418799545,4.201554351909303,4.532384878558318,50317800
1997-11-13,4.416595458984375,4.449678823440807,4.226367817087664,4.400054155362331,44474400
1997-11-14,4.557194232940674,4.6150898780803296,4.433132677078299,4.449674722667712,30315600
1997-11-17,4.664715766906738,4.780506331411821,4.631632423957351,4.656444741866429,44148000
1997-11-18,4.598551273345947,4.689529548334654,4.582009218102846,4.681258520713103,20984400
1997-11-19,4.606823444366455,4.631635780255704,4.499303826987974,4.598553170544971,18663600
1997-11-20,4.656447410583496,4.739155436752912,4.582010414194707,4.6481771380151535,24085200
1997-11-21,4.631633281707764,4.747424624868551,4.54892604483519,4.730882571724444,31270800
1997-11-24,4.3008036613464355,4.532384878558318,4.234636950246922,4.515843579389509,63726000
1997-11-25,4.42486572265625,4.499302711875446,4.317345374713342,4.449678052395982,46028400
1997-11-26,4.35042667388916,4.524112899841992,4.317343330827527,4.474488263855468,29482800
1997-11-28,4.408323764801025,4.433136095104244,4.300804171628566,4.350428832235002,13800600
1997-12-01,4.218095779418945,4.284261735319502,4.135387766634127,4.267720435647403,73719000
1997-12-02,4.019595623016357,4.193281853640521,3.9699709856951677,4.185010828349698,60875400
1997-12-03,4.003055095672607,4.052679742489986,3.920347098572969,3.994784068799038,73313400
1997-12-04,4.003055095672607,4.151929036124745,3.994784068799038,4.069221039025107,41658000
1997-12-05,4.127116680145264,4.168470299762715,3.994784037272602,4.003055064080897,46664400
1997-12-08,4.284261703491211,4.300803760252578,4.143658764292523,4.2180957480822086,49045800
1997-12-09,3.035374879837036,3.1759778118100024,2.9609378998727394,3.0436451505805464,1030963200
1997-12-10,3.101541042327881,3.1594367275220576,3.010562757490319,3.126353370666504,397717800
1997-12-11,2.9030418395996094,3.1015404269226594,2.878229516184228,3.076728103507278,197842200
1997-12-12,3.0105631351470947,3.039510602769382,2.9030427797878997,2.9609384722447376,110835000
1997-12-15,3.06845760345459,3.1015409594258485,3.0188329481037766,3.0849996600462934,90271200
1997-12-16,3.0849993228912354,3.118081918034797,3.060186997927531,3.1015406204630165,84283200
1997-12-17,2.9940199851989746,3.1428939196654206,2.960937393458867,3.126352623795367,79088400
1997-12-18,2.9113125801086426,3.04364445383271,2.9113125801086426,3.04364445383271,72075000
1997-12-19,2.8616881370544434,2.9361251051522874,2.778980142319507,2.8616881370544434,105211800
1997-12-22,2.878230333328247,3.010563014850865,2.8616890320925075,2.903042663787973,58378200
1997-12-23,2.795522451400757,2.894771778163059,2.770710119710181,2.894771778163059,62624400
1997-12-24,2.7872514724731445,2.8286050957377995,2.778980444935382,2.795521742798828,28986000
1997-12-26,2.8368759155273438,2.8368759155273438,2.7872512683590056,2.8120635919431747,22574400
1997-12-29,2.878230333328247,2.91131369301196,2.836876701632781,2.903042663787973,45751200
1997-12-30,2.9609365463256836,2.9609365463256836,2.878228576214448,2.886499600389103,43931400
1997-12-31,2.952667474746704,2.9774798064672647,2.9113138409498602,2.9609385043909815,51522000
1998-01-02,3.0436453819274902,3.1015410675932897,2.9278547678080655,2.9609381249331186,29169000
1998-01-05,3.093269109725952,3.1098111619249864,3.027103172565658,3.060186519751779,66106800
1998-01-06,3.002291440963745,3.093269717073766,2.9692080872818756,3.0849994465623705,41610000
1998-01-07,2.795522451400757,2.977479802869068,2.7789811493444634,2.977479802869068,98762400
1998-01-08,2.6880011558532715,2.8451453192470635,2.6631888398214314,2.8203330032152234,97678800
1998-01-09,2.4812328815460205,2.679731512069702,2.4646915814064414,2.679731512069702,149899800
1998-01-12,2.3902535438537598,2.481231790432328,2.3488991758719875,2.431607154623682,150830400
1998-01-13,2.522585868835449,2.5473981913394437,2.431607605391466,2.4977735463314548,129453000
1998-01-14,2.588752508163452,2.630106125659772,2.5308568378990257,2.563940186223266,99942600
1998-01-15,2.547398805618286,2.6135655197256833,2.497774148643825,2.6052944911592153,59463600
1998-01-16,2.5722103118896484,2.6218349530014224,2.5556690172563674,2.5804813378122544,71509800
1998-01-20,2.6797313690185547,2.6797313690185547,2.613565414780169,2.6631900697619937,60654600
1998-01-21,2.6631908416748047,2.712815511040097,2.646648780411466,2.696273449776758,45778800
1998-01-22,2.6383771896362305,2.671459781219868,2.61356486734251,2.6631895119299505,40696200
1998-01-23,2.5722103118896484,2.6797306200358024,2.5391277226230864,2.6797306200358024,54330000
1998-01-26,2.506044387817383,2.5804813498317603,2.497773361856251,2.5804813498317603,45301200
1998-01-27,2.5143158435821533,2.5391281684950955,2.481232491294209,2.4977737888321494,53340000
1998-01-28,2.803792953491211,2.845146579457245,2.7128146734810845,2.721084944347014,153802200
1998-01-29,2.9568023681640625,3.027104221336885,2.845146884590161,2.8534179135552606,125407200
1998-01-30,3.076728105545044,3.159436102721766,3.010562162130877,3.027103458681414,128443800
1998-02-02,3.25868558883667,3.291768183890888,3.2338732639399748,3.275226886363779,100587600
1998-02-03,3.2669548988342285,3.2917672164385694,3.1925179460212068,3.283496948711683,67231200
1998-02-04,3.2338740825653076,3.275227715457402,3.2007907219242795,3.225603053101987,50851800
1998-02-05,3.1594362258911133,3.341392766676579,3.1263528742882793,3.266955793479239,70332000
1998-02-06,3.572974681854248,3.572974681854248,3.1428941436714823,3.159436197932539,133721400
1998-02-09,3.6639528274536133,3.802488930444699,3.5729745609446755,3.754931851174567,161128800
1998-02-10,3.6060588359832764,3.6970371258254704,3.5481631476043107,3.6970371258254704,99507000
1998-02-11,3.564704656600952,3.6226003483624276,3.515079994294618,3.564704656600952,58904400
1998-02-12,3.556433916091919,3.5729752156119967,3.415830219928714,3.490267203587297,65746800
1998-02-13,3.506809949874878,3.539892555420173,3.457185284344631,3.498538919882402,35910600
1998-02-17,3.391017198562622,3.5729744849209286,3.3662048757506713,3.556433188783628,43597200
1998-02-18,3.4323720932006836,3.465454690472575,3.3248517590367506,3.3744764121567017,37574400
1998-02-19,3.3496627807617188,3.4571830730419606,3.3248504638671874,3.4489120483398437,54198600
1998-02-20,3.3248510360717773,3.391016973440367,3.2173307252873635,3.391016973440367,59091000
1998-02-23,3.490267038345337,3.4985380663198726,3.3744764327624304,3.391017731499383,67914000
1998-02-24,3.465453863143921,3.5481618510025026,3.407558953133654,3.5398908250530643,50905200
1998-02-25,3.448913097381592,3.481996449041067,3.349663799615215,3.4654543946053047,55740000
1998-02-26,3.3827483654022217,3.424102001910072,3.324852668521374,3.4075606987493963,53124600
1998-02-27,3.25868558883667,3.366205158580974,3.2256022365703885,3.357934888423451,79120200
1998-03-02,3.192518949508667,3.2669559257190666,3.192518949508667,3.250414627854115,41014800
1998-03-03,3.448913097381592,3.4654543946053047,3.1925188257477686,3.266955799072551,105721800
1998-03-04,3.448913097381592,3.539891367930087,3.399288448498403,3.4406420701637104,57533400
1998-03-05,3.3496627807617188,3.4323707561474293,3.304173280717805,3.3248504638671874,50005800
1998-03-06,3.556433916091919,3.5729752156119967,3.3248519367500524,3.3827476208885576,73587600
1998-03-09,3.3827483654022217,3.5833146004231615,3.357936032055047,3.548163668645944,79209000
1998-03-10,3.572974681854248,3.5895159789032633,3.450980628436153,3.5398913305441764,83075400
1998-03-11,3.6970367431640625,3.7135780421835713,3.5895164065069247,3.597787434622745,110964600
1998-03-12,3.6639528274536133,3.738389797473294,3.539891210754145,3.67222385430425,94375200
1998-03-13,3.8624508380889893,4.102303766075289,3.8376385184498485,4.102303766075289,264699600
1998-03-16,3.9203453063964844,3.961698907435595,3.887261971238193,3.887261971238193,64366800
1998-03-17,3.804556131362915,3.9286177361115757,3.771472784359291,3.920346710057684,57643200
1998-03-18,3.8872640132904053,3.9120763383905826,3.738390062689342,3.754932117564173,61584000
1998-03-19,3.870722770690918,3.8955350961440645,3.821098119784624,3.8872640685889888,38823600
1998-03-20,3.829369068145752,3.870722690641749,3.763202363497679,3.870722690641749,56153400
1998-03-23,3.9782440662384033,3.986514338589966,3.7714743848408476,3.8045577458838906,83642400
1998-03-24,4.011325836181641,4.052680218191626,3.953430912907032,3.9617011835393434,86273400
1998-03-25,4.060949802398682,4.102304177418508,4.019596184590835,4.085762124525786,83322600
1998-03-26,4.16847038269043,4.170537950130632,4.019596440451486,4.019596440451486,65593800
1998-03-27,4.110574722290039,4.201553747664728,4.03613775091731,4.1767414238738185,45736200
1998-03-30,4.14365816116333,4.151929188340127,4.052679891066753,4.0692211882083,42528000
1998-03-31,4.176740646362305,4.193281940073028,4.1353862762676625,4.143657301728969,42608400
1998-04-01,4.151928424835205,4.218094358446076,4.052679145812944,4.201553064346335,51238800
1998-04-02,3.986511707305908,4.127115331024679,3.95342912531118,4.11057328281555,42534600
1998-04-03,3.7218472957611084,3.8789922117638342,3.67222266515096,3.85417989645876,135210600
1998-04-06,3.589515209197998,3.6970355099909566,3.5233492779779585,3.6722231911319567,75051000
1998-04-07,3.589515209197998,3.597786234554958,3.473724640259959,3.5316203033349183,60317400
1998-04-08,3.5812454223632812,3.639140336007292,3.5233497515072902,3.572974395894717,35712000
1998-04-09,3.564704656600952,3.606059046664401,3.5233510237497585,3.5977880172092602,27467400
1998-04-13,3.7632029056549072,3.7880152341695816,3.5150796205081623,3.556434006174069,49784400
1998-04-14,3.7714736461639404,3.8210982994029394,3.7053076942493135,3.738390291600569,32473800
1998-04-15,3.7383906841278076,3.7962863713896677,3.697037054490591,3.788015342577346,26488200
1998-04-16,3.6391425132751465,3.721850555808366,3.606059902031806,3.7053092501866955,25158600
1998-04-17,3.6060588359832764,3.6556834953903294,3.5729754773078373,3.6060588359832764,31989000
1998-04-20,3.6391425132751465,3.680496913147973,3.5812475649930833,3.5812475649930833,36512400
1998-04-21,3.647411823272705,3.647411823272705,3.589516145102446,3.630870525457807,24115200
1998-04-22,3.6391425132751465,3.6639548503138686,3.614330176236424,3.622601207653476,30639000
1998-04-23,3.448913097381592,3.622599368472751,3.448913097381592,3.6143283412548697,54849000
1998-04-24,3.5316216945648193,3.5729753232165065,3.4571847086644754,3.465454980067506,29288400
1998-04-27,3.481996774673462,3.4985380734440983,3.4158300651666753,3.4489134199200686,37527000
1998-04-28,3.473723888397217,3.5729731423514233,3.4571825984754208,3.52334851537432,41070600
1998-04-29,3.490267038345337,3.5068090942944083,3.4158300582108714,3.490267038345337,40535400
1998-04-30,3.424100875854492,3.5564335292577236,3.4241008758544917,3.548162501791249,46720200
1998-05-01,3.3827483654022217,3.465455638417922,3.3496650018685488,3.457185365443745,52196400
1998-05-04,3.481996774673462,3.523350400206113,3.3910177384046603,3.4158300651666753,40241400
1998-05-05,3.415829658508301,3.457184036329787,3.345528579193428,3.424100685515004,65786400
1998-05-06,3.481996774673462,3.504741533740662,3.4158300651666753,3.465454718690705,43002000
1998-05-07,3.448913097381592,3.49853774626478,3.432371800157879,3.473725421823186,34075200
1998-05-08,3.556433916091919,3.556433916091919,3.440642547814908,3.440642547814908,28894200
1998-05-11,3.4406418800354004,3.5729745221486104,3.4406418800354,3.5647034953877825,27403200
1998-05-12,3.448913097381592,3.4654543946053047,3.3744761240568093,3.448913097381592,34554000
1998-05-13,3.4406418800354004,3.4737252298667047,3.4158295569649235,3.4406418800354,26074200
1998-05-14,3.473723888397217,3.5150774918075642,3.407557971498318,3.407557971498318,31849200
1998-05-15,3.424100875854492,3.457184228508318,3.391017523200666,3.4323719033209668,33055800
1998-05-18,3.399289131164551,3.440642761134748,3.3744768017399918,3.3910181022856305,32785800
1998-05-19,3.448913097381592,3.4571841245994728,3.399288448498403,3.432371800157879,27483000
1998-05-20,3.3248510360717773,3.473724963060066,3.3083097410326174,3.4654539369345114,36439200
1998-05-21,3.25868558883667,3.37447618595056,3.209060939043279,3.3496638610538647,33985800
1998-05-22,3.225602388381958,3.258685742205293,3.1511654101885282,3.2504147144464346,31108200
1998-05-26,3.175977945327759,3.258685956724719,3.1594366459332264,3.250414928421378,27080400
1998-05-27,3.1594362258911133,3.2007898474856193,3.101540549889166,3.109811577092887,31188000
1998-05-28,3.25868558883667,3.25868558883667,3.1346239643531932,3.1511652618803025,28081200
1998-05-29,3.126352548599243,3.300038801299201,3.1180815222571603,3.2752264794849215,60899400
1998-06-01,3.0188329219818115,3.1842489431946106,2.9774792952846827,3.118082231824634,39799200
1998-06-02,3.225602388381958,3.2504147144464346,2.91958344784938,3.035374807625004,83485200
1998-06-03,3.1180813312530518,3.2586849843956673,3.109811062629549,3.242142932724817,48964200
1998-06-04,3.2834975719451904,3.3000388677504713,3.1263526115530778,3.1594359603756237,46338600
1998-06-05,3.4323720932006836,3.5068090728806105,3.300039432476775,3.300039432476775,61518600
1998-06-08,3.424100875854492,3.4654544987627203,3.391017523200666,3.3992885506671406,33981600
1998-06-09,3.448913097381592,3.490266719046899,3.415829745722116,3.4241007729399975,25986000
1998-06-10,3.291767120361328,3.448912046339489,3.2752258281785074,3.407558437276528,35389200
1998-06-11,3.225602388381958,3.316580664881006,3.1842487640118633,3.316580664881006,38994600
1998-06-12,3.316580295562744,3.3496636457020785,3.200789705893097,3.209060732730934,52746000
1998-06-15,3.250413656234741,3.3744752461673646,3.233872363314342,3.2752259742212657,29586600
1998-06-16,3.2090609073638916,3.291768151395026,3.159436258060388,3.27522685403121,38971800
1998-06-17,3.2173306941986084,3.3868818062564534,3.1925183732736526,3.2586850672148295,65968200
1998-06-18,3.25868558883667,3.366205158580974,3.2256022365703885,3.3248515361571696,112911000
1998-06-19,3.2090609073638916,3.27522685403121,3.167706528136268,3.2586855566673947,43827000
1998-06-22,3.2007906436920166,3.2504153048345286,3.1428949532883403,3.1925196144308523,39698400
1998-06-23,3.2338740825653076,3.3083110760984304,3.217332023638666,3.217332023638666,33183600
1998-06-24,3.308309555053711,3.3413921432722704,3.2007892503136253,3.2586849155139648,44262600
1998-06-25,3.2669548988342285,3.3579339015247047,3.242142581229888,3.3331215839203643,32257200
1998-06-26,3.25868558883667,3.283497913733365,3.217331209200802,3.275226886363779,15721800
1998-06-29,3.242143154144287,3.2917677981220668,3.2007895365667958,3.2752265025334655,22618200
1998-06-30,3.250413656234741,3.2834969992873915,3.167705677209041,3.2090600453278175,30382800
1998-07-01,3.1842479705810547,3.250413904528816,3.175976944883118,3.250413904528816,37561200
1998-07-02,3.0271031856536865,3.1759771128169825,3.0105618905950813,3.1594358177583777,61005600
1998-07-06,3.0519156455993652,3.068456941410001,3.027103323277419,3.0601866721106754,30358800
1998-07-07,3.0271031856536865,3.051915506847569,2.994019838324526,3.0436444807122913,25014000
1998-07-08,3.1180813312530518,3.126352357088477,3.01883205007564,3.0684566906643456,48232800
1998-07-09,3.2338740825653076,3.283498744920723,3.1346247578544775,3.142895030105543,61575000
1998-07-10,3.316580295562744,3.3248513224005816,3.1594360861279407,3.233873056032431,41154600
1998-07-13,3.391017198562622,3.4075592519119224,3.3165802301267693,3.3165802301267693,41445000
1998-07-14,3.4406418800354004,3.4489129067962283,3.391017233894447,3.391017233894447,56885400
1998-07-15,3.5812454223632812,3.6225990402821435,3.4406417584575855,3.4406417584575855,74725200
1998-07-16,3.6639528274536133,3.6887651507935066,3.581245587795312,3.6060579111352054,48816600
1998-07-17,3.583312749862671,3.6722234389044273,3.5481618362387373,3.6722234389044273,39223800
1998-07-20,3.647411823272705,3.721848799257862,3.548162521959162,3.572974847287548,50903400
1998-07-21,3.672224283218384,3.771473588170232,3.639140929163733,3.6556829847971106,51199200
1998-07-22,3.4323720932006836,3.581246052560538,3.3910177107926476,3.572975024636508,53298600
1998-07-23,3.3248510360717773,3.3992879995659218,3.3083097410326174,3.391016973440367,31864200
1998-07-24,3.25868558883667,3.366205158580974,3.1759775867769977,3.3496638610538647,38740800
1998-07-27,3.5316216945648193,3.53989196596785,3.2090614223299956,3.2173316937330267,45499800
1998-07-28,3.564704656600952,3.5812467155112335,3.465455331988283,3.515079994294618,45169200
1998-07-29,3.523350477218628,3.572975131827341,3.490267121742107,3.5647041036551768,41415000
1998-07-30,3.5316216945648193,3.564704294601298,3.515079637334402,3.556434023198267,43102200
1998-07-31,3.506809949874878,3.6060592809353715,3.506809949874878,3.5150802226550497,37299600
1998-08-03,3.523350477218628,3.5647041036551768,3.4489134953055585,3.4985381499142716,34653600
1998-08-04,3.3744757175445557,3.6060576368388544,3.341392369870525,3.5977866106173573,53547000
1998-08-05,3.3331222534179688,3.3910171679824246,3.2338729630651954,3.357934576006162,36434400
1998-08-06,3.391017198562622,3.3992882252372723,3.250414288365567,3.2669555845028677,27672600
1998-08-07,3.3248510360717773,3.3992879995659218,3.3165800099462226,3.3992879995659218,25819200
1998-08-10,3.25868558883667,3.3496638610538647,3.25868558883667,3.3083102386300602,19776600
1998-08-11,3.242143154144287,3.2586852069448637,3.1511648925890157,3.2090605629670836,31141800
1998-08-12,3.3496627807617188,3.391016389848664,3.242142488481477,3.242142488481477,32503800
1998-08-13,3.242143154144287,3.3662047640887365,3.242143154144287,3.3083098509226434,25808400
1998-08-14,3.1511647701263428,3.3083097223528983,3.0849988331313463,3.300038696274044,43505400
1998-08-17,3.1511647701263428,3.1842481172298136,3.093269101998255,3.1511647701263428,34530600
1998-08-18,3.0849993228912354,3.200789920317833,3.051915970535608,3.1677065679622056,50109000
1998-08-19,3.2338740825653076,3.2586864137430154,3.093270367750128,3.093270367750128,70491000
1998-08-20,3.250413656234741,3.2752259742212657,3.142893359222516,3.2090600453278175,34464600
1998-08-21,3.300039052963257,3.316580349696908,3.1428940837514734,3.192518731164455,47086800
1998-08-24,3.2090609073638916,3.3331225306226493,3.18424858271214,3.3083102059708978,22714800
1998-08-25,3.192518949508667,3.25868565539263,3.1346240283752977,3.25868565539263,25384800
1998-08-26,3.1511647701263428,3.2256017332001936,3.109811154155963,3.118081423022872,19456800
1998-08-27,2.9940199851989746,3.1015403013842926,2.977478689328921,3.084999005514239,36361800
1998-08-28,2.820333957672119,3.0188325531026976,2.7789803360280985,3.0022912558874992,42436800
1998-08-31,2.6383771896362305,2.9113127348671513,2.6218351366324275,2.8699583595696283,61621800
1998-09-01,2.7210841178894043,2.745896437375362,2.406794990137905,2.646647159431531,76397400
1998-09-02,2.6880011558532715,2.7789793955660875,2.654917815406887,2.7541670795342474,76332600
1998-09-03,2.522585868835449,2.7376265020113957,2.5060445729034497,2.646647481355422,57826200
1998-09-04,2.7376272678375244,2.754168568396801,2.5804822622816874,2.605294591726704,51078000
1998-09-08,2.8616881370544434,2.9030417558159134,2.762438846257318,2.8947707291788207,44079600
1998-09-09,2.886500120162964,2.994019667735733,2.8451457490547534,2.8451457490547534,35885400
1998-09-10,2.9278547763824463,2.9361258049909758,2.7624395046971015,2.861688819150744,47487000
1998-09-11,3.3744757175445557,3.391017012775592,3.242143084060391,3.2586851365033858,146108400
1998-09-14,3.5150794982910156,3.5150794982910156,3.407559916607265,3.407559916607265,60785400
1998-09-15,3.572974681854248,3.5895159789032633,3.3992884125974445,3.4571840880870597,64830600
1998-09-16,3.6060588359832764,3.6474124664184173,3.556434176576223,3.564704448335925,56800800
1998-09-17,3.548163414001465,3.581246775160812,3.457185117328593,3.473726419302133,53653800
1998-09-18,3.5977864265441895,3.6143277209289253,3.5233494659949995,3.5564328119763906,47238600
1998-09-21,3.680495023727417,3.7218486451584964,3.4985377264489865,3.5068087536200205,54644400
1998-09-22,3.788015127182007,3.8128274549958894,3.6970368442684887,3.6970368442684887,52411200
1998-09-23,3.788015127182007,3.8293695116799125,3.688765815926477,3.8128274549958894,75694200
1998-09-24,3.754931688308716,3.812826602115998,3.7053070437813407,3.721848339553138,48895200
1998-09-25,3.829369068145752,3.8376393383177123,3.6804951185056844,3.6804951185056844,46425000
1998-09-28,3.7218472957611084,3.887262478724345,3.721847295761108,3.829367581153686,44779200
1998-09-29,3.8459107875823975,3.9038064711973646,3.7218491492732877,3.7218491492732877,72210000
1998-09-30,3.854179859161377,3.9038044892913013,3.7549305989015282,3.7714718898742485,58888200
1998-10-01,3.572974681854248,3.821097923649682,3.556433384805233,3.763202248160067,66616800
1998-10-02,3.4406418800354004,3.506808579698009,3.3248512914438457,3.465454203105877,88020600
1998-10-05,3.142894744873047,3.3083107758536503,2.969208442391943,3.2752274182150924,104928000
1998-10-06,3.06845760345459,3.2421438971824377,3.051916304075035,3.2421438971824377,49108200
1998-10-07,3.225602388381958,3.258685742205293,3.0436450781717634,3.051916105930622,49443600
1998-10-08,3.1594362258911133,3.20906087468934,2.952666603494486,3.0932695226854454,63256800
1998-10-09,3.3744757175445557,3.391017012775592,3.0849988863356512,3.2173307626078573,61496400
1998-10-12,3.2834975719451904,3.4323715058286703,3.2752265454365577,3.3992881570061244,30629400
1998-10-13,3.275226593017578,3.3910171797606656,3.2090606516232416,3.242143243714412,26618400
1998-10-14,3.399289131164551,3.4819971483171472,3.242144125738278,3.242144125738278,49360800
1998-10-15,3.539891004562378,3.572974352825867,3.357934482143116,3.3744757776688745,29899800
1998-10-16,3.498538017272949,3.630870676949721,3.4406423366870915,3.589516294868919,40399800
1998-10-19,3.6887645721435547,3.7011707318673692,3.457183428773615,3.4737247226680688,45282600
1998-10-20,3.465453863143921,3.730119121406609,3.4323712737700354,3.7053068007702277,51039600
1998-10-21,3.589515209197998,3.6225985534139573,3.35793407132192,3.473724640259959,39889800
1998-10-22,3.5977864265441895,3.697035707276443,3.4902661200136085,3.5233494659949995,28379400
1998-10-23,3.585380792617798,3.6639528989908787,3.473725335408247,3.5729746307056254,31597200
1998-10-26,3.6556832790374756,3.7053079355076126,3.5812462943322703,3.5895165656025165,44818800
1998-10-27,3.5812454223632812,3.705307033331848,3.5812454223632817,3.6887649803947187,32759400
1998-10-28,3.725982666015625,3.7383888244565338,3.572973630981691,3.572973630981691,38326800
1998-10-29,3.7962865829467773,3.821098913554273,3.7053082897900405,3.7053082897900405,39097800
1998-10-30,3.912075996398926,3.9368883193300226,3.8045564351721755,3.8045564351721755,62119800
1998-11-02,3.9617021083831787,3.969973138158437,3.9120774441561985,3.9120774441561985,49954200
1998-11-03,3.945157527923584,3.969969839419959,3.9203452164272097,3.9534285508262608,44732400
1998-11-04,4.052680969238281,4.069222270780461,3.9368895868062825,3.969972947102889,79275000
1998-11-05,4.209825038909912,4.226367096925575,3.969972769804935,3.969972769804935,69805800
1998-11-06,4.160198211669922,4.234635162319354,4.118844602601954,4.160198211669922,52956000
1998-11-09,4.209825038909912,4.209825038909912,4.003056128624047,4.102305447869171,59396400
1998-11-10,4.16847038269043,4.201553733369759,4.069221087864467,4.16847038269043,31307400
1998-11-11,4.433136463165283,4.499303187608842,4.3256168610660115,4.3338871337122375,113314200
1998-11-12,4.358699798583984,4.400054193819049,4.350429525306851,4.366970829073467,43410600
1998-11-13,4.391781806945801,4.4083231056037055,4.333886125824963,4.358698452417877,28083600
1998-11-16,4.292533874511719,4.433136851137848,4.2098258403251005,4.391783212650718,42249600
1998-11-17,4.375240325927734,4.482759898540866,4.242907670543783,4.2925323216612545,47075400
1998-11-18,4.441405773162842,4.457947069262242,4.375239831553242,4.391781127652642,33895200
1998-11-19,4.466217041015625,4.466217041015625,4.317343139648437,4.433133699418977,44346600
1998-11-20,4.606823444366455,4.631635780255704,4.466220460064843,4.557198772587957,55476600
1998-11-23,4.879756450653076,4.89629850360702,4.623362959198743,4.631633228463733,60821400
1998-11-24,4.631633281707764,4.846673914885232,4.582008636699423,4.788778243304838,47662800
1998-11-25,4.5820088386535645,4.656445809446918,4.524113921733416,4.631633485849133,24115800
1998-11-27,4.7474236488342285,4.755693916493987,4.582007694673367,4.59027871954496,12776400
1998-11-30,4.532382011413574,4.714339216014512,4.524111745666936,4.697797927309575,33556800
1998-12-01,4.888027667999268,4.896298694799209,4.457947147006496,4.457947147006496,78979800
1998-12-02,4.805318832397461,4.87975578896065,4.772236245399519,4.838402176607283,45706200
1998-12-03,4.631633281707764,4.838402888313178,4.631633281707764,4.8053195392369545,41251200
1998-12-04,4.838402271270752,4.8466732967879995,4.6977993807489,4.714340674571502,46182600
1998-12-07,4.846673011779785,4.896297647541313,4.697799104495203,4.863214304629678,28266000
1998-12-08,4.672989368438721,4.8632169915546255,4.582010314468806,4.8466756895656715,39116400
1998-12-09,4.846673011779785,4.846673011779785,4.623362150852913,4.722611422375967,39831600
1998-12-10,4.6233649253845215,4.929383191417599,4.606822865395709,4.8466759203227525,64810200
1998-12-11,4.929380416870117,5.005885697528983,4.772236235912587,4.921110148743012,124789200
1998-12-14,4.912839412689209,5.069984360111862,4.9045683868631995,5.003817667927628,76788600
1998-12-15,5.235401153564453,5.243672181882507,4.921111921236356,5.03690253162836,69344400
1998-12-16,5.111339092254639,5.285025372088534,5.045173142817184,5.285025372088534,57210600
1998-12-17,5.185776710510254,5.210589039268676,5.094798424133432,5.127881024336541,38235600
1998-12-18,5.202315807342529,5.235399150746461,5.094796266400509,5.160962195996511,53547600
1998-12-21,5.169234752655029,5.285025353056623,5.11133907384819,5.251941999850988,48190200
1998-12-22,5.2850260734558105,5.31810943117102,5.094798470320775,5.169235457270857,50949600
1998-12-23,5.51660680770874,5.57450172402087,5.359461840835785,5.3677328676855245,74973600
1998-12-24,5.450440406799316,5.54141943550908,5.442170136707198,5.524877380900728,10801800
1998-12-28,5.806083679199219,5.872249622569562,5.450440124508081,5.5083357982146435,58003200
1998-12-29,5.888793468475342,5.938418130408526,5.781273115216025,5.855710108115803,37177200
1998-12-30,5.7895426750183105,5.938416623028393,5.756459323056496,5.847437594436416,33391800
1998-12-31,5.706833839416504,5.872249060618797,5.690292544459858,5.781270802539328,20972400
1999-01-04,5.6902923583984375,5.880519894421604,5.607584371895706,5.772999587689246,43098000
1999-01-05,5.863978862762451,5.872249131734958,5.500064311613476,5.591043328006697,67004400
1999-01-06,6.136916160583496,6.2196234173411415,5.863980547416486,5.905334175795309,75255600
1999-01-07,6.0376667976379395,6.236165423782615,5.98804214110177,5.98804214110177,48528000
1999-01-08,6.1203742027282715,6.14518653160043,5.954958929317946,6.070749544983955,50915400
1999-01-11,6.244436264038086,6.36022764464782,6.186541330945455,6.285790653061092,55628400
1999-01-12,6.0790205001831055,6.351956114477041,5.971500157299618,6.335414814499648,43664400
1999-01-13,6.054206371307373,6.186539003412064,5.7729998120393855,5.946686060396565,63853800
1999-01-14,5.905334949493408,6.103833603257892,5.789544320534882,6.103833603257892,59686200
1999-01-15,6.23616361618042,6.260975937256453,5.897061389999997,5.988040405420084,69376800
1999-01-19,6.839931011199951,6.88955566365657,6.523574609001109,6.666244727601785,95794800
1999-01-20,6.732411861419678,7.129409106177357,6.732411861419678,7.079784450582647,81503400
1999-01-21,6.442933082580566,6.889554905544838,6.368496112086522,6.715868641058733,92055000
1999-01-22,6.600078105926514,6.889554963431562,6.2527055740356445,6.269246870769296,61857600
1999-01-25,6.757223606109619,6.881285234390628,6.583537326516208,6.674515601518252,32653200
1999-01-26,6.997076034545898,7.00534706240448,6.790306395778213,6.8585410504903255,40450200
1999-01-27,6.748951435089111,7.104594961646078,6.748951435089111,7.030157997288478,54046200
1999-01-28,7.104596138000488,7.187303385062006,6.873014180361651,6.8812852079526365,55992000
1999-01-29,7.327906131744385,7.427155421306557,7.162490144332773,7.212114789113859,68132400
1999-02-01,7.824152946472168,7.98956818442901,7.609112304195049,7.7083615984115585,88941600
1999-02-02,7.782799243927002,8.171526184789853,7.559488312576377,8.055734826688877,105376800
1999-02-03,8.039191246032715,8.047462271323537,7.757984715475349,7.824151403378184,56942400
1999-02-04,7.716633319854736,8.121901560118234,7.708362292188268,8.105359504785296,49137000
1999-02-05,7.435426712036133,7.741445649294763,7.352719464180788,7.716633323495742,81045600
1999-02-08,7.592573165893555,7.799342840026761,7.526407203344313,7.576031864559304,56399400
1999-02-09,7.228660583496094,7.65874055605258,7.112869180935795,7.633928220819999,52063800
1999-02-10,7.104596138000488,7.4436976682617155,6.939180129453283,7.294823714896482,74451600
1999-02-11,7.882047176361084,7.898589228763526,7.145948560811144,7.203844229795775,77552400
1999-02-12,7.501591682434082,7.741443857230632,7.418883696512689,7.675277922820667,65795400
1999-02-16,7.07150936126709,7.757983117032971,6.9722601070738675,7.691817199974729,61094400
1999-02-17,6.7820353507995605,7.493321706276062,6.6497027062317375,6.997075235661754,84750600
1999-02-18,6.724137306213379,6.9722604540441315,6.550451102731853,6.8812822189101075,94698600
1999-02-19,7.170761585235596,7.17903261224772,6.7324107834095175,6.8068477548825514,51931200
1999-02-22,7.2203850746154785,7.294822034147597,7.104594501080598,7.270009714303558,59874600
1999-02-23,7.741445541381836,7.757986839279907,7.261740330216968,7.303094710780267,60813600
1999-02-24,7.369262218475342,7.8076131418054855,7.352720917078131,7.7993428697130005,45501600
1999-02-25,7.675276279449463,7.799337853162483,7.212112566113017,7.344445163810823,87832800
1999-02-26,7.394073486328125,7.633925729565597,7.236928495400329,7.633925729565597,55968000
1999-03-01,7.2700114250183105,7.555353170368859,7.108731308081045,7.431291541955577,46918400
1999-03-02,7.009478569030762,7.505724839404621,6.935041628474683,7.381663271811156,41852800
1999-03-03,6.947447776794434,7.13354012795857,6.426389193534852,7.096321657725743,67898400
1999-03-04,7.2203850746154785,7.381665153601735,6.972261876175084,7.009480355941143,53987600
1999-03-05,7.431291103363037,7.567758886563359,7.307229482271834,7.431291103363036,30049200
1999-03-08,7.604976654052734,7.6794136196715215,7.245197986895264,7.555352010306877,79701600
1999-03-09,7.691821575164795,7.865507868797549,7.443698298546575,7.50572911770113,60371200
1999-03-10,7.530543804168701,7.8655103325254645,7.3320451206980275,7.8655103325254645,101269600
1999-03-11,7.319634437561035,7.642194599216267,6.922637315523826,7.642194599216267,96672400
1999-03-12,5.669617652893066,6.054208784708569,5.557962163011146,5.979771791453956,403753600
1999-03-15,5.954959869384766,5.979772202173868,5.75646120707194,5.837101667242678,120536000
1999-03-16,5.917739391326904,6.054207176032556,5.843302417851095,6.02939485154062,80118000
1999-03-17,5.768865585327148,5.954958023563508,5.768865585327148,5.954958023563508,47204000
1999-03-18,5.892927646636963,5.9301461370367745,5.756459848504317,5.7936783389041295,52340400
1999-03-19,5.471117973327637,5.954958338315795,5.446305646917987,5.954958338315795,112506800
1999-03-22,5.396679878234863,5.669615412306512,5.384273717595243,5.582772287829169,48056800
1999-03-23,5.173371315002441,5.409088473239963,5.160965148779415,5.396682307016936,59231200
1999-03-24,5.148555278778076,5.222992222567639,5.123742964181555,5.2105860652693785,57314400
1999-03-25,5.297430038452148,5.3842731538366095,5.185774604386412,5.3098361977927855,61482800
1999-03-26,5.458709716796875,5.582771301269531,5.2105865478515625,5.347054290771484,48299600
1999-03-29,5.657210350036621,5.6696165130849465,5.458711741263406,5.607585697843317,46350400
1999-03-30,5.334648609161377,5.706833395847054,5.334648609161377,5.644802598066108,38966400
1999-03-31,5.235401153564453,5.57036757808161,5.210588825822442,5.508336758726581,62015200
1999-04-01,5.123746871948242,5.359464040391382,5.086528371667747,5.3346517068710515,73686400
1999-04-05,5.024495601654053,5.297431165200693,4.962464791757089,5.2850250032213,82389200
1999-04-06,4.701937198638916,5.061716034418675,4.664718698385837,5.036903700916622,99907600
1999-04-07,4.255311489105225,4.813588506626318,4.168468397490832,4.776370038791579,194831200
1999-04-08,4.627497673034668,4.664716152978646,4.255312873594882,4.317343673501513,137565600
1999-04-09,5.136149883270264,5.160962201546932,4.689528154290241,4.888026700503585,152150000
1999-04-12,4.962465763092041,5.260213708877563,4.962465763092041,5.036902749538421,90573200
1999-04-13,4.6895294189453125,5.086526618432746,4.652310931493365,5.074120455948764,86128000
1999-04-14,4.788780212402344,5.049309705823196,4.751561713342222,4.850811044169213,62267600
1999-04-15,4.937654495239258,5.086528500120844,4.863217492798465,4.937654495239258,62860800
1999-04-16,4.863216400146484,4.999684207293452,4.850810235860396,4.999684207293452,50318000
1999-04-19,4.639903545379639,4.962463684898009,4.639903545379639,4.950057525685764,70212800
1999-04-20,4.615092754364014,4.788779040818573,4.540655774454916,4.615092754364014,89227200
1999-04-21,4.788780212402344,4.813592545109092,4.615093883455109,4.705038210910919,60174000
1999-04-22,5.123746871948242,5.173371538988904,4.813592702944112,4.937654370545764,64498800
1999-04-23,5.427696228027344,5.495929740099767,5.111338719912198,5.136151043795267,71249600
1999-04-26,5.69442892074585,5.806084389780081,5.508336472355462,5.533148798807514,70492400
1999-04-27,5.570367813110352,5.7812726078160885,5.433900004771345,5.7812726078160885,52992800
1999-04-28,5.421491622924805,5.607584012727715,5.28502387040267,5.557959375446939,40228400
1999-04-29,5.409087657928467,5.495930808399795,5.309838343104091,5.43389998663456,38068800
1999-04-30,5.371868133544922,5.61999137296963,5.235400351861333,5.508335915228511,39295200
1999-05-03,5.173371315002441,5.322245309678771,5.061715818995195,5.322245309678771,77500000
1999-05-04,4.999683856964111,5.098933164298386,4.937653039880189,5.086527000881602,77888800
1999-05-05,4.962465763092041,4.987278091907501,4.788779461383819,4.987278091907501,84511600
1999-05-06,4.80118465423584,5.036901730283594,4.7763723304413395,4.950058597002842,56171600
1999-05-07,4.863216400146484,4.974871878721276,4.692631262606687,4.838404071574308,58082000
1999-05-10,4.838402271270752,4.900433069620377,4.739152993911351,4.888026909950452,62537600
1999-05-11,4.9252471923828125,5.148558148208734,4.8104905520228,4.912841028170261,83342000
1999-05-12,5.024495601654053,5.210588031344943,4.788778524045591,4.987277115715874,100062800
1999-05-13,4.565467357635498,5.0617138095523995,4.553061196337575,4.739153615806414,229328400
1999-05-14,4.739154815673828,4.888028788941069,4.639905500162334,4.689530157918081,159232400
1999-05-17,4.863216400146484,4.962465714435188,4.726748592999517,4.825997907288221,55369200
1999-05-18,4.9252471923828125,4.962465685020466,4.863216371320057,4.937653356595364,42034400
1999-05-19,5.235401153564453,5.260213481306465,4.962465548402325,4.987277876144337,68676000
1999-05-20,5.024495601654053,5.3594619750976555,5.024495601654053,5.297431165200693,82693200
1999-05-21,5.111339092254639,5.3222438606243685,4.987277463801856,5.012089789492412,47640000
1999-05-24,4.912839412689209,5.247805736281656,4.875620932290048,5.198181095749441,51160400
1999-05-25,4.763967037200928,5.0369026487072315,4.763967037200928,4.999684156229099,49319600
1999-05-26,4.652311325073242,4.763966796875,4.478625035603841,4.689529815673828,91702000
1999-05-27,4.677123546600342,4.8011851791361595,4.553061914064523,4.66471738334676,51938000
1999-05-28,4.9252471923828125,4.937653356595364,4.701936236556891,4.726748564981994,37284800
1999-06-01,5.061713695526123,5.160962983673694,4.937652085341659,4.950058246360106,59201600
1999-06-02,5.19818115234375,5.210587312611874,4.9996825880537745,5.036901068858144,52914800
1999-06-03,5.458709716796875,5.4711158752441404,5.260211181640624,5.272617340087891,97686000
1999-06-04,5.69442892074585,5.719241247197901,5.458711819451359,5.508336472355462,95625600
1999-06-07,5.657210350036621,5.756459654423228,5.582773371746665,5.731647328326576,54590800
1999-06-08,5.384275913238525,5.607586895815238,5.309838919046287,5.595180730116532,47042400
1999-06-09,5.297430038452148,5.421491631858522,5.210586923067687,5.4090854725178845,43354000
1999-06-10,5.173371315002441,5.247808312340607,5.061715818995195,5.235402146117579,50374000
1999-06-11,5.024495601654053,5.210588031344943,4.962464791757089,5.160963383427372,55334800
1999-06-14,5.247805118560791,5.285023594578953,5.061712738469983,5.086525055815424,68968000
1999-06-15,4.987277030944824,5.471117339917083,4.9500585456392665,5.309837236926331,114050800
1999-06-16,6.538046360015869,6.62488948054739,6.20308003796572,6.488421719712144,405908000
1999-06-17,6.9226393699646,6.947451697455512,6.302331182691786,6.302331182691786,202552400
1999-06-18,6.9598588943481445,7.133545212567172,6.5876739267359445,6.600080092323018,124886400
1999-06-21,6.773764133453369,7.021887361784994,6.761357972036787,6.897825747619182,62167600
1999-06-22,6.773764133453369,6.897825747619182,6.550453227954906,6.624890196454394,62997600
1999-06-23,6.972263336181641,6.984669498701536,6.6497031106643405,6.662109273184236,75558800
1999-06-24,7.083917617797852,7.195573061861215,6.935043692380034,6.935043692380034,85113600
1999-06-25,7.09632682800293,7.192474612822899,7.009483667520376,7.121139159569373,34084800
1999-06-28,7.2824177742004395,7.294823937359213,7.096325326818826,7.096325326818826,43406000
1999-06-29,7.369262218475342,7.369262218475342,7.170763572859845,7.232794399614687,45924000
1999-06-30,7.369262218475342,7.406480714528248,7.158357407508876,7.294825226369531,47386800
1999-07-01,7.493320941925049,7.542945583924553,7.220385410927779,7.319634694926786,48526800
1999-07-02,7.62978982925415,7.667008316226123,7.456103556718284,7.480915881366265,41040800
1999-07-06,7.679413795471191,7.741444601573543,7.530539860825546,7.592570666927898,47408000
1999-07-07,7.679413795471191,7.704226117912132,7.567758344486958,7.604976828148368,43384000
1999-07-08,7.729039669036865,7.766258158614892,7.567759547532083,7.580165710724759,41420800
1999-07-09,7.803473949432373,7.803473949432373,7.617381565900599,7.7414431549217815,40340000
1999-07-12,7.716633319854736,7.753851808535708,7.6421963424927934,7.716633319854736,42054000
1999-07-13,7.679413795471191,7.741444601573543,7.592570666927898,7.592570666927898,57056800
1999-07-14,7.555351257324219,7.716631333424735,7.48091429912398,7.704225173724695,63491200
1999-07-15,7.741445541381836,7.778664029561556,7.493322286850367,7.50572844957694,66302000
1999-07-16,7.890315055847168,7.902721211595356,7.766253498365295,7.79106580986167,60138000
1999-07-19,7.840690612792969,7.89031523692457,7.778659832628468,7.865502924858769,41648000
1999-07-20,7.443694591522217,7.766254690488179,7.332039172649383,7.766254690488179,57625200
1999-07-21,7.567759037017822,7.604977524085123,7.381666601681318,7.431291251104386,31700400
1999-07-22,7.195572853088379,7.530539175559735,6.997074291623872,7.530539175559735,44054800
1999-07-23,7.183169364929199,7.307231011991879,7.021889223747714,7.207981694341735,27679600
1999-07-26,6.947447776794434,7.220383225168501,6.9102293065616065,7.034290874004364,29542000
1999-07-27,7.356856822967529,7.45610615616102,7.003281830678037,7.059108823387056,46239200
1999-07-28,7.480915546417236,7.580164840565392,7.195573825741289,7.344447766963523,33699200
1999-07-29,7.555351257324219,7.617382055824417,7.307228063323423,7.332040382723503,46836800
1999-07-30,7.555351257324219,7.6297882155244565,7.4561019797239005,7.530538937924139,29497200
1999-08-02,7.567759037017822,7.741445309998559,7.45610357581592,7.505728225238987,32924400
1999-08-03,7.369262218475342,7.629791690845683,7.133545076806939,7.580167029441808,44406800
1999-08-04,7.29482364654541,7.456103761179918,7.2451989958886385,7.3196359718737956,34460400
1999-08-05,7.369262218475342,7.456105375932122,7.059108084701127,7.220388234263719,42011600
1999-08-06,7.2452006340026855,7.381668454163695,7.22038830306432,7.232794468533503,18963200
1999-08-09,7.2203850746154785,7.394071313523755,7.1707604349273995,7.2327912345374985,17804800
1999-08-10,7.145949363708496,7.24519866042667,6.959856932361921,7.24519866042667,24823200
1999-08-11,7.29482364654541,7.29482364654541,7.046700393261553,7.270011321217025,24944400
1999-08-12,7.046700954437256,7.332042718437356,7.021888627132899,7.220387245567752,29526000
1999-08-13,7.667006969451904,7.7042254498861364,7.195572883951625,7.232791364385858,48884000
1999-08-16,7.803473949432373,7.840692426138728,7.456101500173062,7.592569248096363,47812800
1999-08-17,7.406477451324463,7.890317686838121,7.270009692589841,7.828286887413293,46906000
1999-08-18,7.034295082092285,7.145950559585813,6.885421112100914,7.046701246258233,104588800
1999-08-19,7.145949363708496,7.2700109846062135,6.959856932361921,6.984669256541465,37891200
1999-08-20,7.344448566436768,7.344448566436768,7.1335437934140895,7.207980772127976,22706000
1999-08-23,7.456101417541504,7.480913735070761,7.332039829895223,7.431289100012248,26333200
1999-08-24,7.332043170928955,7.629791116956527,7.294824677675509,7.369261664182402,35510400
1999-08-25,7.332043170928955,7.4064801574358485,7.282418513257693,7.369261664182402,28866400
1999-08-26,7.369262218475342,7.542948533388903,7.332043722422436,7.332043722422436,28053600
1999-08-27,7.344448566436768,7.418885545150654,7.158356119652052,7.3568547295557485,23192400
1999-08-30,7.2452006340026855,7.35685612322533,7.195575972125955,7.332043792286965,17385200
1999-08-31,7.2452006340026855,7.257606799471868,7.03429582102658,7.2452006340026855,24392400
1999-09-01,7.480915546417236,7.580164840565392,7.2576046345838865,7.270010796352406,39725600
1999-09-02,7.62978982925415,7.716632965522084,7.369260420450351,7.394072745098332,48401600
1999-09-03,8.237691879272461,8.262504204210028,7.716633055583539,7.716633055583539,102798800
1999-09-07,8.696718215942383,8.895216777219241,8.181863329842448,8.237690292989646,97488400
1999-09-08,8.795968055725098,8.89521734267263,8.547844838356266,8.609875642698473,71019200
1999-09-09,8.746341705322266,8.833184814453125,8.560249328613281,8.783560180664063,51350000
1999-09-10,9.205373764038086,9.31702924096038,8.78356418455386,8.83318884096377,64388000
1999-09-13,9.081314086914062,9.267406588695088,8.833190751206027,9.217781921553481,59682800
1999-09-14,9.019280433654785,9.217779040172635,8.67190787224855,9.130935899821075,80645200
1999-09-15,8.473410606384277,8.622284584827339,7.915133187222795,7.964757846703815,256649600
1999-09-16,8.374160766601562,8.529238575047088,8.27491145381221,8.473410079390915,61758400
1999-09-17,8.647095680236816,8.684314169534822,8.405176257011878,8.411378581349442,64400000
1999-09-20,8.957249641418457,9.031686619047973,8.609877079147381,8.684314056776897,42020800
1999-09-21,8.83319091796875,9.130938926439606,8.70912924777256,8.895221753066846,53644800
1999-09-22,9.068902969360352,9.081309129373157,8.709124328989011,8.83318592911706,38004800
1999-09-23,8.634689331054688,9.155748169997644,8.535440028398886,9.081311193005792,40246000
1999-09-24,8.374160766601562,8.64709637677228,8.150849812825522,8.535440899884259,50765600
1999-09-27,8.398967742919922,8.659497022980952,8.374155430533156,8.572653929627275,41769600
1999-09-28,8.51062297821045,8.535435290100276,8.175656767697793,8.336936794981664,37798400
1999-09-29,8.597469329833984,8.944841828009094,8.485813883991986,8.485813883991986,45801600
1999-09-30,9.031683921813965,9.10612087721353,8.43618827861744,8.609874507883092,58577200
1999-10-01,8.982061386108398,9.106123007463486,8.820781278346782,8.870405926888818,34570800
1999-10-04,9.230185508728027,9.254997835364392,8.944843752409822,9.019280732318919,40801600
1999-10-05,9.180559158325195,9.304620768572832,9.03168522602803,9.267402285498541,46292000
1999-10-06,9.106122970581055,9.279809239774698,9.068904484325273,9.217778429348398,31310000
1999-10-07,8.870405197143555,9.019279130522188,8.808374391569124,8.969654486062643,38359600
1999-10-08,8.982061386108398,9.05649835892145,8.609876522043132,8.857999764753309,28551200
1999-10-11,9.143339157104492,9.279806905717992,8.920028295736946,8.944840613666674,25299600
1999-10-12,9.329431533813477,9.490711600222486,9.106120672631771,9.11852683158631,45535600
1999-10-13,9.416280746459961,9.552748583365178,9.155751239640912,9.168157406632295,57057200
1999-10-14,9.28600788116455,9.428677908088483,9.155742494959606,9.403865597804039,47554400
1999-10-15,8.93243408203125,9.230181884765624,8.882809448242186,9.192963409423827,56845600
1999-10-18,8.709125518798828,8.94484259124495,8.473408446352705,8.907624106121878,47037600
1999-10-19,8.696718215942383,8.895216777219241,8.547844294984738,8.85799829697983,39418800
1999-10-20,8.882811546325684,8.895217707703234,8.721531448417537,8.820780739437934,45197200
1999-10-21,8.96965503692627,9.081310493817467,8.336940781209478,8.374159266839879,55295200
1999-10-22,8.75875186920166,9.118530628701444,8.64709639211552,9.006875151615304,40710400
1999-10-25,8.597469329833984,8.795967900219763,8.560250847886651,8.65950013307954,41902800
1999-10-26,8.622284889221191,8.709128046378815,8.48581707083064,8.634691054529423,42569200
1999-10-27,8.895222663879395,8.944847337039112,8.58506845663116,8.628490802858332,39112800
1999-10-28,9.106122970581055,9.118529132666314,8.684313459682205,8.994467511813712,39646400
1999-10-29,9.44109058380127,9.676807694303536,9.130936491035131,9.143342654745776,53908400
1999-11-01,10.160651206970215,10.408774557567778,9.503124327886672,9.552748998006184,90335200
1999-11-02,10.520428657531738,10.69411497970797,10.197868344918737,10.197868344918737,83764800
1999-11-03,11.376448631286621,11.46329175060942,10.917420714866115,10.991857674285656,87264000
1999-11-04,11.550131797790527,11.71141183363508,11.438476388359685,11.550131797790527,83700800
1999-11-05,11.649386405944824,12.182851385130796,11.612167919024873,11.860291165157884,84155600
1999-11-08,11.798259735107422,12.04638296823271,11.674198118544778,11.835478220076215,54326400
1999-11-09,11.599759101867676,11.885100769614153,11.463291347728056,11.885100769614153,55569200
1999-11-10,11.686604499816895,11.909915413826134,11.401262776360642,11.55013671903347,50972000
1999-11-11,12.319315910339355,12.480595977644906,11.810663390375696,11.835475708422704,47960400
1999-11-12,12.927223205566406,13.249783477490329,12.257290333109031,12.55503827642342,69733600
1999-11-15,12.716313362121582,13.150528940340369,12.703907202743903,12.989248868430533,42568400
1999-11-16,12.803162574768066,12.989255054052485,12.703913252483042,12.765944078911183,58097600
1999-11-17,14.093401908874512,14.366337509222435,13.621967690091738,13.845278635830947,100242400
1999-11-18,14.726114273071289,14.825363568930237,13.708808990517081,14.242273955758922,64814800
1999-11-19,15.110702514648438,15.520105784749749,14.564831487846687,14.713705404247165,60086000
1999-11-22,15.371240615844727,15.458083783165884,14.862587778677952,15.0238679465601,40570400
1999-11-23,14.58964729309082,15.458078679584322,14.527616479769856,15.458078679584322,64967600
1999-11-24,14.254679679870605,14.477990588693643,13.64677776140789,14.477990588693643,73022400
1999-11-26,14.614463806152344,14.664088471028924,14.056186326290838,14.093404824948271,18470000
1999-11-29,14.403553009033203,14.88739329099039,14.105805143213395,14.453177653336505,35636400
1999-11-30,13.460687637329102,14.440774571291312,13.345930622909476,14.428368407570272,63926800
1999-12-01,14.031375885009766,14.056188220792276,13.398661322555744,13.584753840924574,40256400
1999-12-02,15.073484420776367,15.085890580793468,14.068585459391276,14.080991619408376,49338400
1999-12-03,15.619359016418457,16.239667158452548,15.284392619720046,15.408454248126866,74702800
1999-12-06,15.56973648071289,15.855078264821573,15.396050177342389,15.631767303345212,38683200
1999-12-07,15.731017112731934,15.904703421547586,15.147927361707957,15.544924639000877,51888800
1999-12-08,15.110702514648438,15.681385860850266,15.061077875848278,15.582136583249948,42925600
1999-12-09,15.5945463180542,15.768232593672941,15.284392254449303,15.296798416993498,66600400
1999-12-10,16.797935485839844,16.822747798226608,15.37122752360086,15.780630677982481,49635600
1999-12-13,15.842667579650879,16.68628652672704,15.793042935705223,16.67388036574063,60372000
1999-12-14,15.271987915039062,16.500198153535298,15.160332438812132,16.003951592526718,75655200
1999-12-15,17.93931007385254,18.150214825758134,16.45057064863656,16.922004799954955,148169600
1999-12-16,17.778030395507812,17.98893515246778,17.34381471941376,17.79043655768193,59600000
1999-12-17,18.00133514404297,18.820141566859537,17.917593578073095,18.261864460393696,81975200
1999-12-20,19.11789894104004,19.50249002940619,18.708495524392198,18.733307852673885,70350400
1999-12-21,19.39082908630371,19.725795423687075,18.88217649990675,19.31639212244074,60357200
1999-12-22,20.854759216308594,20.916790028968645,19.651361450703636,19.812641563619767,54652800
1999-12-23,21.177322387695312,21.934098407407916,20.89198060977089,20.991229923831558,56016000
1999-12-27,20.718294143676758,21.574319470571186,20.27167223399271,21.5619133064133,38805600
1999-12-28,21.0656681060791,21.549508539610954,20.246861218563662,20.65626466232138,34231600
1999-12-29,21.8348388671875,21.872057342529295,20.966407775878906,20.97881393432617,22750000
1999-12-30,22.107778549194336,22.417932569244762,21.59912595631164,22.219433996412487,27397600
1999-12-31,22.244247436523438,22.504776826465985,21.996124208006723,22.107779660839242,10714800
2000-01-03,23.44764518737793,24.849541434030684,22.1574043939984,24.737885980757454,98114800
2000-01-04,21.375818252563477,23.546896716985188,20.842353258448426,22.92658858429327,116824800
2000-01-05,20.246854782104492,21.11528605339574,19.05586332433364,20.172417815993814,166054000
2000-01-06,19.05586814880371,20.84235578775406,18.795338701456785,19.88087806540231,109880000
2000-01-07,20.51978874206543,20.544601062188846,18.572021612377235,18.857363293796524,91755600
2000-01-10,22.976211547851562,23.025836194823164,20.941601022015895,21.43784749173191,91518000
2000-01-11,22.306276321411133,22.777710414967096,21.735592945001283,22.355900962838078,86585200
2000-01-12,20.966411590576172,22.281464625251363,20.5818206087372,22.281464625251363,83443600
2000-01-13,20.854759216308594,21.810033731273354,20.544605153008348,21.537098155569137,55779200
2000-01-14,21.20213508605957,22.107785092661295,20.792731658417694,21.63635084264944,57078000
2000-01-18,22.082969665527344,22.728090127666345,20.966415019517534,21.413036877921456,66780000
2000-01-19,22.678470611572266,23.125092571099945,21.437854057328707,22.281473314214324,49198400
2000-01-20,23.522079467773438,23.919076589592397,23.075457705727107,23.422830187318695,54526800
2000-01-21,23.69576644897461,24.41532375475499,23.422830919195846,24.41532375475499,50891000
2000-01-24,21.512287139892578,23.968707470745365,21.437850160169766,23.919082817596824,50022400
2000-01-25,22.405529022216797,22.82733853869264,21.785220909752322,21.85965788324806,53059200
2000-01-26,21.859655380249023,23.39801932301343,21.834843058591535,22.529588065001263,47569200
2000-01-27,20.569425582885742,22.50478770045521,19.84986787250735,22.157415012686332,61054000
2000-01-28,18.807748794555664,20.619049140205483,18.510000792531034,20.445362805691115,86394000
2000-01-31,19.831253051757812,19.899486953406026,18.683682887674237,19.03105547788332,68148000
2000-02-01,21.437850952148438,21.561912589603,19.849861992730034,20.346108542548283,57105600
2000-02-02,21.561906814575195,22.23183947739859,21.43784521034864,21.810030023028304,63933000
2000-02-03,22.504777908325195,22.628839528547495,21.537097270591257,21.983719103391536,55533200
2000-02-04,22.951398849487305,23.125085111050993,22.554401680198875,22.876961880245723,40916000
2000-02-07,23.795015335083008,23.819827655557546,23.373205887015843,23.546892130337618,44691200
2000-02-08,23.646142959594727,24.390512622541046,23.42283206071083,24.117577079460727,55718000
2000-02-09,23.795015335083008,24.340886385522868,23.348393566541304,23.844639976032088,52471600
2000-02-10,24.737876892089844,24.861938461257797,23.02582723757209,23.81982128024699,45288600
2000-02-11,23.69576644897461,25.70556444098188,23.323581635639933,24.81232088897865,55774000
2000-02-14,24.688262939453125,24.71307526401539,23.27396043940405,24.167204123645572,37599800
2000-02-15,24.365703582763672,25.085261020543864,23.47245986689861,24.464952884526458,47971400
2000-02-16,24.316082000732422,24.837140900748118,23.869460086433254,24.216832686443716,33489200
2000-02-17,24.46494483947754,24.911566550543053,23.81982459016069,24.514569474040375,40392600
2000-02-18,23.2491512298584,24.6138292636281,23.17471424619823,24.489767624194492,63888400
2000-02-22,23.54689598083496,24.390515014921775,22.35590440330063,23.472459007239063,75546200
2000-02-23,25.035634994506836,25.116275047759707,23.670957170227474,23.894268086927735,69664400
2000-02-24,24.58901023864746,25.829626295087795,23.91907756816968,25.085256661223596,70963200
2000-02-25,28.037914276123047,28.186788157235206,24.564190383506034,24.564190383506034,103186600
2000-02-28,27.243932723999023,30.370285659539896,27.095058774687555,28.286050369179314,122316600
2000-02-29,29.477048873901367,29.55148586600718,28.23643233880451,29.129676244074247,55586400
2000-03-01,28.38530731201172,29.57629922720102,28.08755933321439,29.278551248403694,44934400
2000-03-02,27.194313049316406,29.204111732705666,26.94618975507082,29.179299403281107,52311000
2000-03-03,29.774778366088867,29.824402996699014,27.858027008771895,28.236414817174275,47974400
2000-03-06,30.07252311706543,30.543957060319755,28.732658225711027,29.70033842502254,45520600
2000-03-07,29.749980926513672,31.759779471173893,29.52666997710698,30.419913774733747,53982200
2000-03-08,33.00038528442383,33.1740715227629,29.774783715269617,30.717651866253156,62781200
2000-03-09,33.34776306152344,33.74476024082728,31.809398991721014,33.47182468005589,56476400
2000-03-10,32.4048957824707,33.37257643753683,31.859024643715454,33.34776411304795,44699800
2000-03-13,31.26352882385254,33.19889013199579,30.48814368437207,31.16427952599904,65803200
2000-03-14,30.56878662109375,33.24851791580002,30.37028800667106,32.50414811171495,72364000
2000-03-15,31.213895797729492,33.744752213761615,30.568775534819345,33.34775512889383,144810400
2000-03-16,32.52894973754883,32.77707292395271,30.444714971756223,32.03270336474107,95532400
2000-03-17,31.685335159301758,32.55376642835075,31.56127354943762,32.45451714045944,66055200
2000-03-20,31.015396118164062,32.00788879394531,30.79208526611328,31.958264160156247,47183600
2000-03-21,32.032711029052734,32.10714800278407,30.17178668576927,30.916156423082654,52621400
2000-03-22,33.37258529663086,33.49664695200867,31.313161817359216,32.15678107392832,53197600
2000-03-23,34.489139556884766,34.93576150798111,32.77708874434876,33.00039971989693,50803800
2000-03-24,34.53875732421875,35.605687327768614,34.3154463932432,34.4643203472269,52821600
2000-03-27,35.10943603515625,35.45680854716486,34.51394030028435,35.35755925801955,32597200
2000-03-28,34.36507034301758,35.72974822667532,33.94326081534155,34.78687987069361,36039200
2000-03-29,32.75227355957031,34.191388609915066,32.578587260390776,34.16657628146085,51966200
2000-03-30,31.13947296142578,33.54626887955988,30.96578665805528,31.16428529047871,70986000
2000-03-31,30.990581512451172,32.380071155923766,30.171775115404827,31.83420022455953,79842000
2000-04-03,30.5191593170166,32.007898795895464,29.774789577577174,31.213904407160072,71598000
2000-04-04,30.146968841552734,31.015400042749725,25.83582823561052,31.015400042749725,123633800
2000-04-05,31.065032958984375,32.156775331344846,28.80090815266862,29.080046827419878,73736800
2000-04-06,32.62820816040039,33.12445467234564,31.809401415690726,32.007900020468824,62408200
2000-04-07,34.588382720947266,34.63800737334461,32.950769191834986,33.22370478002036,46764600
2000-04-10,32.75227355957031,34.78688449281635,32.653024245753436,34.737259835907906,56241200
2000-04-11,30.717655181884766,32.404893107868745,30.494344279916298,31.834209691727104,70983800
2000-04-12,29.030418395996094,31.759773971688034,28.955981425749947,30.94096729898045,67133000
2000-04-13,28.55898094177246,30.767277469850438,28.484543980151855,29.725160007161954,63206800
2000-04-14,24.812328338623047,28.298460470199586,23.91908451843262,27.758792328834534,109951400
2000-04-17,29.700347900390625,29.725160221109412,23.888061772014265,24.018326455787907,115304800
2000-04-18,31.337968826293945,31.38759348001729,29.278545696775023,29.998103175763564,78738800
2000-04-19,29.60110092163086,31.586086733642986,29.4770393083801,31.213901893890714,46184200
2000-04-20,28.11235809326172,29.97328206236554,27.740173299440954,29.303349433488165,50397800
2000-04-24,28.757482528686523,28.85673182127906,26.598810414798926,26.747684353687724,59725600
2000-04-25,29.99810791015625,30.320668210265456,28.831928363607577,29.725172271602307,61764200
2000-04-26,28.658246994018555,30.891357149396622,28.21162496294294,30.2214241027832,47788800
2000-04-27,30.692848205566406,30.792097512617552,27.764993647557645,27.814618301083218,52101000
2000-04-28,31.734956741333008,31.759769060911847,31.015399473546726,31.164273391019748,41696600
2000-05-01,31.635717391967773,32.504148849786496,31.263532481474034,31.710154374066523,37093400
2000-05-02,30.891347885131836,31.561280730833488,30.717661591801775,31.33796978226627,35341000
2000-05-03,30.09735870361328,30.618417675398835,28.633431116215768,30.51916834743968,49603200
2000-05-04,29.477048873901367,30.543979094084666,28.980802259862624,29.8988584958343,39899800
2000-05-05,30.494338989257812,30.56877594366609,29.278535400589274,29.377784673133647,35289600
2000-05-08,28.707860946655273,30.171788168654118,28.60861164346891,29.89885258489162,36528400
2000-05-09,28.583797454833984,29.47704112529755,28.286049564679466,29.25373020768166,43535200
2000-05-10,26.8469295501709,29.0304136540665,26.797304911446,28.16198247638075,71169800
2000-05-11,28.732677459716797,28.732677459716797,26.99581440083927,27.36799934202731,46590200
2000-05-12,29.452228546142578,30.345472208873105,29.00560671477732,29.104856010636265,39038200
2000-05-15,30.56878662109375,30.56878662109375,28.037929287204495,29.55148122217748,41971800
2000-05-16,31.437223434448242,31.66053441385632,30.593604178906613,30.816915158314693,38261400
2000-05-17,31.040224075317383,31.710156969029267,30.27104186401855,30.866537769540226,33993600
2000-05-18,29.005611419677734,31.263533266718515,28.757488139783142,31.0898469707923,46444600
2000-05-19,27.814613342285156,29.377789649657114,27.59130244123202,28.583795334801515,52228800
2000-05-22,26.921375274658203,27.889056044899373,24.91157675184962,27.81461906257313,91156000
2000-05-23,24.861948013305664,27.19430640976348,24.762698719839374,26.598810648965742,58574000
2000-05-24,25.507062911987305,25.606312184018382,23.075455747225867,24.520773271178456,85195200
2000-05-25,26.375503540039062,28.1123664260247,25.804820020358065,26.003318635899284,80958000
2000-05-26,26.59880828857422,27.59130113516281,25.829626332468063,26.524371325080075,28903800
2000-05-30,29.452228546142578,29.452228546142578,27.21911938931627,27.34318100913995,38933000
2000-05-31,28.5341796875,30.345479789402173,28.484555027173915,29.080050951086957,50939800
2000-06-01,30.91615867614746,30.916158676147464,29.179295829172887,29.352982113870343,53401000
2000-06-02,31.83420753479004,32.35526627074529,31.16427487427614,31.958269138588907,57964800
2000-06-05,32.1319580078125,32.553767495173744,31.362776001447873,31.462025292591697,38507200
2000-06-06,30.593589782714844,32.35526445795633,30.271029630910064,31.958267348042757,40020000
2000-06-07,31.759782791137695,31.85903211236,29.998107339441777,30.469541615247728,34080800
2000-06-08,32.702640533447266,32.85151446607298,31.859021581901587,32.50414195661299,46768600
2000-06-09,32.82670211791992,33.248511593358046,32.50414193082018,32.90113908417371,32975200
2000-06-12,31.983081817626953,32.876325374985036,31.90864485451378,32.77707609083414,24206000
2000-06-13,32.429718017578125,32.45453034964972,30.99060275742546,31.75358196862709,37229400
2000-06-14,31.362762451171875,32.5537534303303,31.263513202908673,32.5041288061987,33191800
2000-06-15,32.75227355957031,32.801898216478754,31.412407823042436,31.462032479950878,36786800
2000-06-16,32.5041389465332,33.24850854072862,32.18157878904852,32.5041389465332,41904400
2000-06-19,34.141761779785156,34.16657410666,32.25602493729702,32.57858518666999,51077200
2000-06-20,34.16036605834961,34.78687722085066,33.54626105748224,34.51394166490961,57192600
2000-06-21,34.21619415283203,34.6876282999704,31.883835740673792,32.08233432894258,108053800
2000-06-22,32.35527038574219,33.84400982066897,32.30564573791129,33.59588658151451,42105600
2000-06-23,31.561260223388672,32.34905111339857,31.189075550943052,32.08231876481254,40643000
2000-06-26,32.82670211791992,33.12444998293507,31.46202440326717,31.859021556620696,38942400
2000-06-27,32.65300369262695,33.3229361392082,32.42969287709987,32.70262831829964,28581600
2000-06-28,32.92595672607422,33.74476348715971,32.42971020420422,32.57858416076522,32104800
2000-06-29,32.107147216796875,33.00039087970622,31.586088413433092,32.57858137222125,35751800
2000-06-30,33.37258529663086,33.54627161415979,31.75978377671933,31.9086577631727,38093000
2000-07-03,31.83420753479004,32.45451555378439,31.31314879883478,32.20639234618665,42136200
2000-07-05,28.707860946655273,30.816908639365472,28.658236295062093,30.494348404009795,94634200
2000-07-06,30.022886276245117,30.12213548707568,28.4845235083714,28.4845235083714,50533000
2000-07-07,30.122175216674805,30.568797254483822,29.9733012040718,30.14698755210864,31480200
2000-07-10,29.427427291870117,29.973298624434317,28.931180625902662,29.6259259582571,43957600
2000-07-11,28.707860946655273,29.874040259095032,28.236426756520054,29.228919788383678,42121400
2000-07-12,29.65072250366211,29.824408744269338,28.980789861319955,29.15447610192718,34368400
2000-07-13,30.07252311706543,30.419895496305458,29.675526112219682,30.07252311706543,41625400
2000-07-14,30.221405029296875,30.37027894569735,29.824407918895602,30.246217348696952,31712000
2000-07-17,30.221405029296875,30.96577461129926,29.40259848909425,29.89884487709584,32388800
2000-07-18,29.452228546142578,30.419909180767313,29.402603898213105,30.04772432129626,29967000
2000-07-19,29.27853775024414,30.146968954700533,28.980789908716233,29.774784152790648,31558600
2000-07-20,31.015396118164062,31.3627685546875,29.675531005859373,29.700343322753906,35382000
2000-07-21,29.94847297668457,30.841716578308965,29.799599043080505,30.74246728923959,30925000
2000-07-24,29.774778366088867,31.21389265378316,29.74996605078379,30.618397086461382,38060200
2000-07-25,30.171789169311523,30.370287782267518,29.501856350585033,30.122164516072523,27118200
2000-07-26,30.46953773498535,30.965784277900422,29.402607667717948,29.70035559346699,31826400
2000-07-27,29.799617767333984,30.965797646655133,29.77480542947609,30.14699049734454,32539000
2000-07-28,28.732677459716797,30.345478871531643,28.21161854205354,29.824419953868382,33203400
2000-07-31,29.849241256713867,29.97330294107261,28.335688707537187,28.48456272876768,34406400
2000-08-01,29.030418395996094,30.12216062627287,28.931169102334568,29.849225068703674,30190800
2000-08-02,29.030418395996094,29.874037392119057,28.732670515011517,28.98079374916533,30315000
2000-08-03,30.742481231689453,30.767293565209787,28.43493421429872,28.906368551185,44941200
2000-08-04,32.38007736206055,32.67782519987259,31.015399772088646,31.08983673154166,73211600
2000-08-07,32.5041389465332,32.70263750498532,32.05751719001596,32.10714182962898,40751400
2000-08-08,32.950767517089844,33.05001681684011,32.082336144274976,32.156773119087674,34931800
2000-08-09,32.305641174316406,33.45941407339914,32.23120421308526,33.14926006826937,30846000
2000-08-10,31.784576416015625,32.70263209704028,31.759764100312257,32.330447361489746,24436000
2000-08-11,32.2064094543457,32.52896979556797,31.462039436140486,31.7349751094824,22106800
2000-08-14,32.702640533447266,32.77707749976012,31.71014764927588,31.8342092597973,21862200
2000-08-15,32.25603485107422,33.17409122760479,32.20641018207257,32.52897053058331,31208800
2000-08-16,32.2312126159668,32.653022172911705,32.181587962208575,32.305649596604134,22698200
2000-08-17,33.322940826416016,33.37256545906891,32.082325010093754,32.1071373264202,30085000
2000-08-18,32.28083038330078,33.64550807052718,32.20639341854298,33.14926163880849,31121200
2000-08-21,33.025203704833984,33.09964067787268,32.06372613641752,32.60339419094805,20295600
2000-08-22,33.17408752441406,33.422210841724564,32.628216226330956,32.90115187537251,23251600
2000-08-23,32.90114212036133,33.00039141785865,32.15677238913143,32.92595444473566,25104800
2000-08-24,33.62070083618164,33.76957478822377,32.82670642529027,32.90114340131133,40413200
2000-08-25,33.59587097167969,34.46430190521646,33.54624634690616,33.62068328406645,26866600
2000-08-28,34.43949508666992,34.91092909722232,33.71993791266889,33.74475022901375,25833600
2000-08-29,34.83650207519531,35.4382009180183,34.36506793030306,34.46431722396459,37678600
2000-08-30,35.03500747680664,35.25831843097892,34.58838556846208,34.81169652263436,27073400
2000-08-31,36.101932525634766,36.12674485039465,35.109439535239304,35.109439535239304,39840000
2000-09-01,36.7718505859375,36.89591216011407,36.07710577054866,36.60436746079912,30417800
2000-09-05,36.151554107666016,36.84629914199316,35.95305552642969,36.67261288341137,25535800
2000-09-06,35.4319953918457,36.42448825996463,35.35755842673678,36.275614329746794,38473000
2000-09-07,36.201168060302734,36.424478898234696,35.53123554650686,35.77935869976459,28559000
2000-09-08,34.36507034301758,36.077120778879106,34.340258017860165,36.05230845372169,34569400
2000-09-11,33.12446212768555,34.439515680320255,32.70265249759517,34.1665800373206,41459600
2000-09-12,31.51165199279785,33.86882281115675,31.38759037077896,32.95076680821696,49606000
2000-09-13,32.479331970214844,32.85151682854428,30.543970706901813,30.866530917453986,68132400
2000-09-14,33.71995162963867,34.38988444347255,32.65302159279212,34.290635137719384,64170600
2000-09-15,31.089847564697266,32.90114754252879,30.96578592238004,32.20640234555231,122939600
2000-09-18,30.357866287231445,31.759762033229464,29.67552764979878,31.288328065548715,72997800
2000-09-19,31.48685646057129,31.660542824025978,30.221427241115705,30.742486331479768,53198600
2000-09-20,31.734956741333008,32.007892256700224,30.767276277758352,31.362771947650447,37352200
2000-09-21,31.337968826293945,31.7597783829424,29.97329084890189,31.536467441187334,27160000
2000-09-22,32.05131530761719,32.057518387800584,29.973283446178876,30.146969691314016,58729400
2000-09-25,31.26352882385254,32.77708061611841,31.263528823852536,32.20639715346079,34748600
2000-09-26,31.536474227905273,32.15678253293881,31.213913909287832,31.48684956350259,39993400
2000-09-27,31.710147857666016,32.13195733621087,30.965778189645686,31.834209469002737,48205600
2000-09-28,32.349063873291016,32.628202487729766,31.11465088943964,31.561272672541644,42188600
2000-09-29,31.26352882385254,32.42970807363116,31.065030228145538,32.299443370198446,34843000
2000-10-02,31.26352882385254,32.603394344874786,30.85412547020685,31.660526015266537,46136800
2000-10-03,27.591304779052734,32.39869263961161,27.293556885753603,31.685338311915775,96827800
2000-10-04,27.04543685913086,28.087554609666174,24.0183329170997,26.201817727745123,204852000
2000-10-05,27.119869232177734,27.640928018889294,26.400311860052252,27.119869232177734,54316000
2000-10-06,26.8469295501709,28.4349179893677,26.5491817178215,27.4920498535946,53378400
2000-10-09,26.49955940246582,27.29355369167828,25.8544390424807,26.84693190399627,40304000
2000-10-10,25.655941009521484,26.698058536020426,25.60631636540249,26.22662441688995,50948400
2000-10-11,24.71307373046875,26.19561003106665,24.613824438378515,25.01082160673946,71687200
2000-10-12,25.010820388793945,25.75519004322234,24.51457395250835,25.333380572379582,50889400
2000-10-13,28.28603744506836,28.38528669926158,24.613815039919132,24.613815039919132,38514000
2000-10-16,27.44242286682129,29.377783611497655,26.499554811722547,29.030411170145484,36480500
2000-10-17,26.747678756713867,28.48454101364334,26.10255848985435,28.385291741818797,29353900
2000-10-18,26.648433685302734,28.08754835359655,24.216826142323526,25.06044508580611,52547900
2000-10-19,28.881540298461914,28.98078957783807,27.492050387195704,28.58379246033344,39321000
2000-10-20,27.988304138183594,28.980797192729113,27.740180874547214,28.683049276365455,34073400
2000-10-23,27.04543685913086,27.988305300091383,26.4995656564695,27.938680645303986,28316300
2000-10-24,28.434926986694336,29.030422839818826,27.392809243726482,27.789806479142808,36713000
2000-10-25,27.293548583984375,29.080035400390624,26.995800781249997,28.980786132812497,33361600
2000-10-26,27.04543685913086,28.484551847965342,24.564204119761055,27.591308061792216,49986600
2000-10-27,27.144672393798828,27.938666467474846,26.20180443130856,27.392795541822583,34962500
2000-10-30,25.11007308959961,27.09505910458772,24.911574488100797,26.797311202339504,35420300
2000-10-31,26.201812744140625,27.591302813905656,25.804815581350613,25.904064872048117,41881000
2000-11-01,24.911575317382812,26.350690226155923,24.11758088495627,26.052942313995967,62692100
2000-11-02,23.47245216369629,25.80480998968725,21.636340683660848,25.755185355091697,149767500
2000-11-03,24.067960739135742,25.209327949445274,23.42284014200427,25.010829304174052,65017500
2000-11-06,22.182218551635742,24.61382640181505,21.834846001610128,24.365703151796755,75551500
2000-11-07,21.090473175048828,22.579212457993453,21.04084853228401,22.52958781522863,58951000
2000-11-08,19.70098876953125,21.83484901409005,19.452865485280228,21.735599700389642,63040000
2000-11-09,21.586719512939453,21.7355934406149,19.105487385015376,19.601733810600194,67280700
2000-11-10,20.19723129272461,21.38822281858552,19.75060947052677,20.99122564329855,54609400
2000-11-13,19.651357650756836,20.544601180336695,18.658864840112553,19.94910549395012,61652800
2000-11-14,22.529590606689453,22.62883990451628,21.040851139287067,21.735596224074847,77494300
2000-11-15,22.926593780517578,23.373215737280905,21.996131370593975,22.876969118654984,50649700
2000-11-16,21.735599517822266,23.670961118724247,21.636350204955495,22.827341959356716,37986600
2000-11-17,22.8769588470459,23.22433132411601,20.048354390903565,21.388219659602566,59636000
2000-11-20,19.651357650756836,20.544601180336695,19.055861964370266,19.30398516703134,89778400
2000-11-21,18.956619262695312,20.346109679856227,18.65887131616083,19.700989129031516,58647400
2000-11-22,17.71599769592285,19.10548771128935,17.517499122299068,18.758115207447727,53315300
2000-11-24,19.155120849609375,19.254370180436368,18.361126202993443,18.51000019923393,22443900
2000-11-27,18.36111831665039,20.49497801290976,18.16261974025417,20.197230148315427,45665200
2000-11-28,17.988937377929688,18.906993492389546,17.666377121497845,18.658870218211206,43075300
2000-11-29,18.162628173828125,18.758124179527407,17.319008832420806,18.41075150953616,75409600
2000-11-30,21.040857315063477,21.934101257684098,17.070884236749613,17.26938289066531,84386200
2000-12-01,20.991220474243164,22.132587072133454,20.24685095387993,20.94159583955228,48663500
2000-12-04,22.380720138549805,22.92659136144126,20.792731126501923,20.842355783128422,40710400
2000-12-05,25.010820388793945,25.010820388793945,22.92658535639445,23.373207149051485,59754700
2000-12-06,23.968704223632812,25.11007109142485,23.27395917367244,24.762698566444666,42125600
2000-12-07,22.479970932006836,23.77021208925226,22.33109695232467,23.522088789781986,41088300
2000-12-08,23.86945915222168,24.316081049040793,23.224338634594066,23.86945915222168,40052600
2000-12-11,25.35819435119629,25.60631758359547,23.819830310321365,24.216827482160056,50279700
2000-12-12,24.415325164794922,25.8048152148239,24.142389619253514,25.30856876838498,26481200
2000-12-13,22.529590606689453,25.407820243667402,22.43034130886263,25.35819559475399,37933600
2000-12-14,21.8348388671875,23.770199584960935,21.63634033203125,23.224328613281248,45894400
2000-12-15,22.678470611572266,23.881868669188517,22.38072263855381,23.373215881948656,120004000
2000-12-18,25.40782356262207,25.755196150392294,23.770209934562445,23.81983458995819,61640100
2000-12-19,24.316082000732422,26.301068286506496,23.919084743577606,25.258950486475108,58653700
2000-12-20,22.628841400146484,23.67095909620586,21.834846965053625,22.28146883479336,54440500
2000-12-21,23.42283821105957,24.018334097781427,21.685975208120833,22.082972465935402,46719700
2000-12-22,25.30856704711914,25.395410169339648,23.81982780905331,24.117575656666478,35568200
2000-12-26,24.564205169677734,25.55669830784653,23.819835316051137,25.010827081853694,20589500
2000-12-27,24.365703582763672,24.66345148805203,23.323585914254434,24.117580328356713,26437500
2000-12-28,24.663455963134766,25.110077902105015,24.117584704393355,24.266458684050104,25053600
2000-12-29,23.075462341308594,24.861949748377643,22.777714440130417,24.514577197003106,31702200
2001-01-02,20.941604614257812,23.62133601039507,20.346108748449534,23.472462043943,46281000
2001-01-03,25.40782356262207,25.507072873413563,20.048360779881477,20.048360779881477,76389600
2001-01-04,25.854446411132812,26.40031764054253,24.61382998065619,25.060451895627775,57584400
2001-01-05,23.91908073425293,25.854442038476716,23.522083543642925,25.804817389650466,38415200
2001-01-08,23.770204544067383,24.018327764777897,21.884468066667466,23.86945383235159,40644600
2001-01-09,25.010820388793945,25.40781753782242,24.018327516222758,24.316075377994114,44818600
2001-01-10,26.00330924987793,26.49955560960842,24.01832381095595,24.216822354848148,64627400
2001-01-11,26.449939727783203,27.070247882749978,25.606320637028393,25.655945289425734,50906600
2001-01-12,25.655941009521484,26.995806400734406,25.4078177889265,26.25143673894945,40234100
2001-01-16,25.258943557739258,26.499559646036865,24.663447835356408,26.251436428377342,31198700
2001-01-17,26.400312423706055,27.04543284007481,26.003315244402202,26.449937071119034,52535000
2001-01-18,26.8469295501709,26.9958034663456,26.0529353305725,26.685649474314975,33749200
2001-01-19,27.44242286682129,27.789795308173456,26.69805334963807,27.09505042546912,50227100
2001-01-22,25.258943557739258,26.69805822016448,24.874352570366998,26.69805822016448,57564400
2001-01-23,24.998416900634766,25.75519279688227,24.861949116065546,25.35819560540817,42545700
2001-01-24,23.86945915222168,25.420229627288055,23.819834497019553,25.407823463487524,65596100
2001-01-25,23.770204544067383,24.415324917914724,23.422832035072663,24.266450985488415,60995500
2001-01-26,24.11757469177246,24.216823970339426,22.827334070401918,23.522079020370672,46538900
2001-01-29,24.167205810546875,24.713076989019186,23.670959284662953,23.968707200193307,33397000
2001-01-30,24.067960739135742,25.010829304174052,23.919086755182327,24.415333368360383,42788300
2001-01-31,23.12508773803711,24.464953336592906,23.075463086238745,24.266454729399456,46144400
2001-02-01,23.86945915222168,24.36570570424292,23.125089324189815,23.224338634594066,38389200
2001-02-02,22.033344268798828,23.86945629119873,21.983719619544775,23.770206992690625,38655400
2001-02-05,21.8348388671875,22.6288330078125,21.040844726562497,21.8348388671875,35933100
2001-02-06,21.93409538269043,22.62884048530958,21.58672283138085,21.7355967819421,28746300
2001-02-07,21.983726501464844,22.5295978141423,21.040857870476508,21.537104518365105,42854400
2001-02-08,21.5371036529541,22.926594211209203,21.189731013390325,22.579221571645427,41775000
2001-02-09,18.708494186401367,20.395732388888494,18.46037092132973,20.048359817788203,91625000
2001-02-12,18.261869430541992,19.055863753609035,17.86487226900847,18.758115882458892,51901400
2001-02-13,17.914499282836914,19.353614183674228,17.864874631083904,18.807743014391107,44509700
2001-02-14,19.849863052368164,19.899487709999082,18.01375072002411,18.460372638702392,41247400
2001-02-15,20.246854782104492,21.140098375432633,19.998731561735564,20.29647942617828,46084700
2001-02-16,19.05586814880371,19.502490058541298,18.410747612516086,19.05586814880371,40632200
2001-02-20,18.36111831665039,19.552109775027713,18.261869028452278,19.35361119863149,39873200
2001-02-21,18.261869430541992,19.254362334375795,17.517499752666637,18.11299549496692,57591900
2001-02-22,18.559614181518555,19.204734460555297,17.815244628783855,18.67126961442876,54073600
2001-02-23,17.467880249023438,18.410748785192315,16.32651307366111,18.162625486200504,72859000
2001-02-26,18.410747528076172,18.46037218448608,17.120506461418543,17.765626994747358,44847400
2001-02-27,17.21974754333496,18.013741666370578,17.12049827795551,17.815243135611674,41584600
2001-02-28,15.085894584655762,17.467877940127725,14.937020624938764,17.368628633649724,62362300
2001-03-01,16.971633911132812,17.070883232250548,14.887398167660361,15.085896809895832,76869400
2001-03-02,13.398651123046875,14.242269897460936,12.505407714843749,12.90240478515625,224088800
2001-03-05,13.497902870178223,13.795650727608626,13.249779655652889,13.746026084703558,51544000
2001-03-06,13.994152069091797,14.291899985455453,13.795653458182693,14.09340137454635,57448400
2001-03-07,14.78814697265625,14.887396281197567,14.143026467137688,14.540023701302957,52486500
2001-03-08,13.894895553588867,14.688889585222517,13.746021672657559,14.602046488012586,40342100
2001-03-09,13.001654624938965,13.646774892588608,12.803156081046767,13.597150256615558,58409900
2001-03-12,12.05878734588623,13.001655492272397,11.959538067319265,12.703907656571502,66843000
2001-03-13,13.448274612426758,13.49789924199291,12.207658873273,12.654280539368353,57981600
2001-03-14,12.753531455993652,13.299402452164585,12.356534367869335,12.90240536404027,52862100
2001-03-15,11.661795616149902,13.200160144237762,11.512921629560754,13.100910819844996,77834800
2001-03-16,11.165545463562012,11.612167282104492,10.718923645019531,11.264794756571451,89327600
2001-03-19,12.257287979125977,12.455786569881052,11.264795025350594,11.4136689684169,50443200
2001-03-20,11.413667678833008,12.753533015043839,11.364043036751125,12.604659088798192,65545100
2001-03-21,11.711419105529785,12.703912250066209,11.314421847715217,11.711419105529785,50574600
2001-03-22,12.306912422180176,12.406161715907434,11.41366877863484,12.108413834725656,63980900
2001-03-23,12.604659080505371,13.150530143046943,12.443378993845363,12.952031574850007,72068300
2001-03-26,12.259272575378418,12.997688329105102,12.227512831292414,12.95798770248256,34392600
2001-03-27,13.037389755249023,13.100909254694812,12.275155004687385,12.735672511487603,43943800
2001-03-28,11.95755386352539,12.815066844725902,11.576436225779899,12.799188110521566,46438000
2001-03-29,11.377941131591797,12.163995505356139,11.139742629999287,11.600259379712465,54250500
2001-03-30,11.616138458251953,12.140174654423726,11.369999854819591,11.528799344627352,36956100
2001-04-02,12.068714141845703,12.71979003309832,11.917855546352895,11.989315160032868,39034400
2001-04-03,10.448963165283203,12.036951506687018,10.401323939079724,11.616134808234325,71558000
2001-04-04,10.655403137207031,11.155619616915754,10.321925484067883,10.54424366709,49247500
2001-04-05,11.48909854888916,11.616137524756603,11.115920989369531,11.497037916971857,44283900
2001-04-06,10.758628845214844,11.473223806122887,10.56807028993435,11.37794452848264,43585800
2001-04-09,11.155621528625488,11.274720386351156,10.822143818339136,11.1953214002714,28898900
2001-04-10,11.886094093322754,12.283091216946783,11.314418023284816,11.489096969698727,48270800
2001-04-11,12.330732345581055,12.489531068029187,11.91785566721591,12.38631246634693,66768000
2001-04-12,12.560991287231445,12.703910522922184,12.179874335005575,12.267213447254319,46220500
2001-04-16,12.672151565551758,13.267646651162158,12.38631383359331,12.70391131354714,43783600
2001-04-17,12.87858772277832,13.220005533225963,12.235452727763011,12.283092721606966,40606700
2001-04-18,14.228379249572754,15.244692593979408,13.497904364560739,13.775802698480629,95540700
2001-04-19,16.133968353271484,16.30864811635285,15.339973835772499,15.609932092876102,103097600
2001-04-20,15.681381225585938,16.54683479159493,15.339963569252788,16.348336295068524,60473500
2001-04-23,13.617002487182617,14.6888951379736,13.434384154334435,14.553916040993638,61003400
2001-04-24,13.474082946777344,14.355417118846558,13.275584368522042,13.418503587173694,53129800
2001-04-25,13.696403503417969,13.958421596819433,13.220006556935992,13.58524477119436,42959000
2001-04-26,13.418501853942871,14.490394340952909,13.3391021300118,14.418934740857322,45575700
2001-04-27,13.617002487182617,13.87108043104513,13.235885571388845,13.82344119517691,47171900
2001-04-30,12.830949783325195,14.196619648757745,12.600691430426863,14.109281291840153,92948800
2001-05-01,12.735672950744629,12.989750957291012,12.32279543289457,12.957990449260526,64021600
2001-05-02,13.632882118225098,13.680521351930071,12.703908731646491,13.378804185899998,65788100
2001-05-03,13.061208724975586,13.632884158252692,12.87064873279239,13.354985810278372,50568500
2001-05-04,13.56936264038086,13.656702497560296,12.672148994996615,12.815067453378658,48155400
2001-05-07,13.394683837890625,13.656701883218208,13.108845419560947,13.609061137214017,46012500
2001-05-08,13.5296630859375,13.71228140455166,13.132665950989905,13.696401155692024,34351300
2001-05-09,13.545543670654297,13.934600734316115,13.069146740758,13.227946222198131,41358100
2001-05-10,13.013566970825195,13.879020937398922,13.005626845558348,13.712282850067272,40520200
2001-05-11,12.624509811401367,13.11678697277042,12.592750067817429,13.005626734408615,34225400
2001-05-14,12.735672950744629,13.09296957954134,12.703912442714143,12.767431944350738,27117300
2001-05-15,12.648332595825195,13.100909217390805,12.449833971319274,12.870650086040262,38532000
2001-05-16,13.021510124206543,13.037390378433143,12.267215464323565,12.481594353109486,61700300
2001-05-17,12.799188613891602,13.33116484846702,12.664208766879193,13.037386294987016,44326500
2001-05-18,12.926230430603027,12.981809800824552,12.608632190393433,12.711851561670642,29843000
2001-05-21,14.371298789978027,14.45863714324036,12.854769623267424,12.918289114014629,68843600
2001-05-22,13.958426475524902,14.704781902063,13.863146447156872,14.569802745289353,61060300
2001-05-23,13.362926483154297,13.7043443376906,13.299406987967837,13.664643706683924,41615300
2001-05-24,13.736101150512695,13.815500885514732,12.957987079225513,13.386744739582113,30695500
2001-05-25,13.108847618103027,13.61700354531518,13.037388001535803,13.474084312180732,27635500
2001-05-29,12.394253730773926,13.04532972823832,12.259274606739366,12.997690482821508,44873200
2001-05-30,11.520857810974121,12.703909170771322,11.47321781841045,12.195752531344151,60895300
2001-05-31,12.148114204406738,12.616571011263211,11.592318288066465,11.63201740142416,77868700
2001-06-01,12.59274673461914,12.695966063248619,12.116350706958258,12.306909118022611,38975400
2001-06-04,12.751548767089844,13.132667203963795,12.648330168502001,13.124727078776417,34347900
2001-06-05,13.307343482971191,13.46614142039376,12.77536728803678,12.79918766014088,37528800
2001-06-06,13.497902870178223,13.68846131720281,13.339103407112441,13.450263637028055,43538700
2001-06-07,13.759917259216309,13.81549660215872,13.188242070406977,13.3867405891576,33703600
2001-06-08,13.50584602355957,13.894903129453354,13.434386400597013,13.720224892447243,21379300
2001-06-11,12.854767799377441,13.50584286576497,12.719788711388034,13.497902741245134,26158600
2001-06-12,12.815067291259766,12.989747003408828,12.179872468237491,12.711848700427614,35267300
2001-06-13,12.306912422180176,13.061207660276962,12.179873447363207,12.981807922410347,34243200
2001-06-14,11.790816307067871,12.20369297204996,11.671716701183259,12.195752846881918,45062500
2001-06-15,11.909919738769531,12.306917063395181,11.639961436870118,11.711421076456705,59629800
2001-06-18,11.782873153686523,12.14811048821792,11.608194230942336,12.092530383537786,51419000
2001-06-19,13.307343482971191,13.561421394386349,13.053265571556036,13.53760102228225,123132300
2001-06-20,13.910784721374512,14.109283356618699,13.053270677696597,13.116790180397762,64848800
2001-06-21,14.212495803833008,14.323656021067997,13.736098983404647,13.863137933595711,42898000
2001-06-22,13.879019737243652,14.268076755132098,13.775801146548314,14.133097666115786,29738200
2001-06-25,14.10928726196289,14.339544955079049,13.9028484424373,14.014007224326148,30607400
2001-06-26,14.641250610351562,15.0858868514071,13.505838883964223,13.775796980353805,58071400
2001-06-27,14.323657989501953,14.958852827749155,14.053699804640903,14.736533877150658,56799800
2001-06-28,15.228816986083984,15.586113654837975,14.52216226204704,14.601560512153783,72499100
2001-06-29,15.085894584655762,15.895769288978045,14.133100636697284,15.236753954541104,60090400
2001-07-02,15.546411514282227,15.87988924909009,15.14147415669952,15.276453275893756,29413600
2001-07-03,15.697271347045898,15.879889715310133,14.911216987868963,15.3955525943774,22039400
2001-07-05,15.030315399169922,15.808429608012633,15.006495020131133,15.387611998206227,29051400
2001-07-06,14.458640098571777,15.04619740110968,14.323662478265781,14.792117871763148,28647000
2001-07-09,15.014439582824707,15.347917415779857,14.371304302991453,14.434823818105544,32770400
2001-07-10,13.966365814208984,15.451134940321827,13.942545429857994,15.157357772115892,37848700
2001-07-11,14.291898727416992,14.371298467676349,13.863141038670923,13.950480904398622,35511200
2001-07-12,15.6099271774292,15.824305993109519,14.450696273837336,15.030311725633267,45614700
2001-07-13,15.514646530151367,15.800483396410934,15.1652886775856,15.292327621350667,31009700
2001-07-16,14.847697257995605,15.713151355134908,14.696837884014407,15.33203285694955,27119500
2001-07-17,15.482891082763672,15.54641057534676,14.657136164759345,14.704776920014783,30114100
2001-07-18,14.911214828491211,15.411430615737698,14.752415348565044,14.958854066699429,27427000
2001-07-19,15.220867156982422,15.6337444578531,14.744470387856534,15.117648588976545,32984700
2001-07-20,15.141465187072754,15.212924767515782,14.847688258072184,15.101766093237009,25359300
2001-07-23,14.395116806030273,15.324090250097633,14.371297944915744,15.189111150893861,25795800
2001-07-24,14.458640098571777,14.847698762648731,14.196621956380302,14.458640098571777,33028800
2001-07-25,15.292332649230957,15.355852141997708,14.538037347504641,14.601556840271392,36470800
2001-07-26,15.411432266235352,15.52259100543384,14.831816676951462,15.149414156393028,36148800
2001-07-27,15.133537292480469,15.879892672108449,14.887399380101671,15.19705680259192,28020000
2001-07-30,14.823874473571777,15.22881177102989,14.649196262960524,15.14147190851225,25210800
2001-07-31,14.355419158935547,15.05413358734394,14.323660169401803,14.768296623843508,43749700
2001-08-01,14.545976638793945,14.9588540753001,14.371298422313995,14.577737140567072,37145400
2001-08-02,14.538034439086914,14.966792065305171,14.276016394539269,14.823872856565751,33431000
2001-08-03,14.291898727416992,14.561856935644352,14.212498987157637,14.545976684707664,28608900
2001-08-06,13.863139152526855,14.299836907326524,13.74404031555381,14.037818860216275,24829900
2001-08-07,13.688460350036621,13.847259801882334,13.505842040510718,13.815499305743668,33877700
2001-08-08,12.942108154296875,13.974301786146848,12.823009296812991,13.529665344809088,47257900
2001-08-09,12.69597053527832,13.037388376605195,12.584811801608794,12.957988632088036,46391600
2001-08-10,12.036955833435059,12.640391801807633,11.909916841611805,12.529232305356226,61738800
2001-08-13,12.457775115966797,12.63245414244199,11.727300770332551,11.941678921596056,47255700
2001-08-14,12.346611022949219,12.957986215762372,12.27515141765154,12.648328935755012,37069400
2001-08-15,11.917856216430664,12.560991261286429,11.878156344686118,12.394252405728995,33463100
2001-08-16,12.156054496765137,12.187814242214321,11.647897812366132,11.766996668497557,38077500
2001-08-17,11.68759822845459,11.981376076860947,11.616138608558863,11.830516711033948,25901300
2001-08-20,11.75905704498291,11.84639615377071,11.449398965661,11.671717178983066,25332300
2001-08-21,11.219145774841309,12.108419793392164,11.179445886371315,11.80670170111756,28873200
2001-08-22,11.624077796936035,11.735236523618664,11.131801380623159,11.41763907993682,28870500
2001-08-23,11.123861312866211,11.93373517705728,11.115921187430015,11.528798623567765,31620300
2001-08-24,12.060774803161621,12.140174547365314,11.203260897494893,11.44145937289389,33658100
2001-08-27,11.854336738586426,12.132234326703758,11.711417503021353,12.013135468540911,23745200
2001-08-28,11.123861312866211,11.90991555796073,11.10004093655762,11.86227556255559,36618900
2001-08-29,10.599823951721191,11.282658760622963,10.512484096216252,11.274718636083978,43939900
2001-08-30,9.527934074401855,10.639526080197205,9.385014820977934,10.38544808052105,76405600
2001-08-31,9.694671630859375,10.186948066804243,9.559692522608612,9.607332519666791,38723800
2001-09-04,9.591452598571777,10.345747151284268,9.53587323109981,9.948749938571158,45400800
2001-09-05,9.583515167236328,9.956692864134464,9.226217726773658,9.726434446306317,58220600
2001-09-06,8.670421600341797,9.567635641750702,8.61484221739483,9.385016479305625,74982200
2001-09-07,8.789520263671875,8.980079549309954,8.37664345208265,8.622781361996234,48172100
2001-09-10,9.099178314208984,9.146818324261549,8.614841871867226,8.646601626164845,53889500
2001-09-17,8.74188232421875,8.972140769981248,8.130506007104158,8.170205895796808,63861900
2001-09-18,9.035654067993164,9.234152617578571,8.495737770813056,8.694236320398463,77758800
2001-09-19,8.89273452758789,9.154752542375228,8.146380343056776,8.91655414060169,67253400
2001-09-20,8.980076789855957,9.16269513417817,8.527499477400118,8.567199347926005,57281700
2001-09-21,8.543379783630371,8.853037109864173,8.06698284866937,8.090802468253804,80169100
2001-09-24,9.94080924987793,10.115487455085582,8.932436100014534,8.972135967456996,76525500
2001-09-25,9.726432800292969,10.369568690057125,9.647033045977135,10.05197043000597,57355300
2001-09-26,9.68673324584961,9.956691510862521,9.464414986455767,9.916991632381999,39057600
2001-09-27,9.55969524383545,9.782013526563079,9.345317089079733,9.504115862456612,41609600
2001-09-28,9.988447189331055,10.115486142897764,9.583509956928255,9.662909681513394,44276500
2001-10-01,9.988447189331055,10.083726404506086,9.670849805414285,9.901108098056916,30206800
2001-10-02,10.004326820373535,10.194885238975811,9.79788815494848,9.940807347506109,42296100
2001-10-03,10.845963478088379,11.242960681574553,9.710551233810055,9.821710723382528,71058700
2001-10-04,10.949180603027344,11.584376150166076,10.806261396687852,11.195319152032923,57506300
2001-10-05,11.274718284606934,11.449397232959432,10.615703112654245,10.726862581098912,39470600
2001-10-08,11.036523818969727,11.433521089540037,10.822145686612103,10.96506494632532,30967900
2001-10-09,10.877725601196289,11.155624007250788,10.655407330680035,11.131804381855677,28599600
2001-10-10,11.346179962158203,11.47321894518842,10.623645178264793,10.718924415537456,38833200
2001-10-11,11.886094093322754,11.909913708720858,11.51291658509683,11.536736200494934,49702400
2001-10-12,11.862275123596191,11.870215248738566,11.274719492876644,11.560557940306053,41655100
2001-10-15,11.465277671813965,11.703476119758868,11.282659341290467,11.48909804665685,49779400
2001-10-16,11.862275123596191,11.89403486695368,11.425578841733724,11.552617815163678,32793500
2001-10-17,10.845963478088379,12.187814449910412,10.822143857898588,12.12429495792959,54189200
2001-10-18,11.32236385345459,11.481162631489319,10.790387379129019,10.885666645949856,40798900
2001-10-19,11.544675827026367,11.600255179629983,10.996820153215607,11.179438458748564,35524500
2001-10-22,11.87021541595459,11.901975159759479,11.282659776958132,11.369998883118571,24091900
2001-10-23,11.917856216430664,12.291033042078006,11.75111736087323,11.941675836592562,38775600
2001-10-24,11.639957427978516,11.965495000899915,11.457339085007796,11.647897553467342,59223700
2001-10-25,11.076220512390137,11.195320113640257,10.52836476971793,11.115920379473511,82909100
2001-10-26,10.78244400024414,11.179441204250809,10.639524764493878,10.885663364151323,46623900
2001-10-29,10.639525413513184,11.004762893767571,10.48866679996147,10.655405666103954,39469900
2001-10-30,10.718925476074219,10.973003467273276,10.401327987075394,10.583946353946683,39623500
2001-10-31,10.766565322875977,11.258841802336157,10.695105699577992,11.012703184000001,36448300
2001-11-01,11.250901222229004,11.290601095483886,10.655405395042058,10.790384509781399,37005300
2001-11-02,11.47321891784668,11.552618660657384,11.036521846811949,11.203260700944771,30795000
2001-11-05,11.878153800964355,12.029012372632586,11.592316148597854,11.766994335326983,35243400
2001-11-06,12.08459186553955,12.1401712169076,11.465275847958976,11.655835030328621,34708200
2001-11-07,12.370430946350098,12.656268617431182,11.909914319891259,11.957554310344086,44046600
2001-11-08,12.267210960388184,12.926226881801103,12.084592647104207,12.410130167105674,46697600
2001-11-09,12.211634635925293,12.457772489452738,12.052835898615312,12.203694509756767,29770800
2001-11-12,12.227514266967773,12.330733636669647,11.62407905848223,12.021076284776147,27878300
2001-11-13,11.528796195983887,12.124291848490198,11.338237011700839,12.013132387426078,89914000
2001-11-14,11.846397399902344,11.96549626597854,11.274721176869928,11.774937777371777,52842700
2001-11-15,11.743176460266113,12.108413893235804,11.5129181279947,11.655837353960411,41385800
2001-11-16,11.552619934082031,11.846397803324933,11.40970068415386,11.798757800944827,40618100
2001-11-19,11.806696891784668,11.949616129175052,11.512919048313835,11.766997019485997,30458900
2001-11-20,11.560558319091797,12.052834735868487,11.544678068286725,11.751116785480445,40052100
2001-11-21,11.179438591003418,11.687595165944265,11.09209949913423,11.51291622499399,33836400
2001-11-23,11.441459655761719,11.473219402785977,11.179441553508557,11.227081552650994,10846300
2001-11-26,11.703476905822754,11.743176776015344,11.47321856736018,11.544678182264434,32643100
2001-11-27,11.4493989944458,11.846396183553598,11.298539638546092,11.56849784829332,36021500
2001-11-28,11.211197853088379,11.814633618204843,11.171497992212743,11.369996539379063,30083900
2001-11-29,11.266779899597168,11.512918490146003,11.115921300830625,11.369999259684612,36810100
2001-11-30,11.139745712280273,11.735241752424592,10.861848014540346,11.44146379681888,74143100
2001-12-03,10.877725601196289,11.330303026976823,10.838025720729613,10.97300485998897,42093800
2001-12-04,10.957125663757324,11.036524669664134,10.576007860882953,11.012705043613318,47757100
2001-12-05,12.203693389892578,12.211633515332483,11.473218508086118,11.512918378073607,113746800
2001-12-06,12.624509811401367,12.727729924564184,12.306912375561993,12.394251481114816,67014700
2001-12-07,12.632453918457031,12.664213672051913,12.3466161361031,12.497474776375721,42468600
2001-12-10,12.243391990661621,12.71978886670145,12.108412901024067,12.418070946171152,35877600
2001-12-11,11.997258186340332,12.513355132944914,11.989318815786616,12.473655251327292,41071500
2001-12-12,11.989312171936035,12.267209674838597,11.711413911821634,12.132230606464383,44940700
2001-12-13,11.647896766662598,12.108413412938376,11.425578568477185,11.703476126905953,52531500
2001-12-14,11.568502426147461,11.671721827026614,11.362064381601499,11.632021940963503,54346500
2001-12-17,11.743176460266113,11.909915304822103,11.43351838974441,11.473218258869554,32530700
2001-12-18,11.949618339538574,12.148116980536848,11.83845882798314,11.909918459896474,40321500
2001-12-19,11.846397399902344,12.227514377115872,11.735237902942337,11.759058281927274,59069000
2001-12-20,11.504975318908691,11.838452930228813,11.433515722595544,11.790813704161279,44289800
2001-12-21,11.417638778686523,11.862275188109534,11.393819160341865,11.74317633917423,59252900
2001-12-24,11.38587760925293,11.624076034504917,11.298537757573781,11.441456964167356,12753700
2001-12-26,11.18738079071045,11.67171708365205,11.179440665282218,11.322359894142247,26817000
2001-12-27,11.10798168182373,11.314420411411971,11.01270244290887,11.195321552071414,31281100
2001-12-28,11.163561820983887,11.401759539989696,11.123861948745558,11.163561820983887,24629700
2001-12-31,10.965063095092773,11.298540049435665,10.957122969290971,11.195321442860529,29857600
2002-01-02,11.100038528442383,11.163558760939418,10.957120087656705,11.100038528442383,42477900
2002-01-03,12.140176773071289,12.179876652451469,11.195323581326539,11.235022703494502,77498300
2002-01-04,12.267210960388184,12.616568852983846,12.108412262486482,12.354550812143058,42962600
2002-01-07,12.298971176147461,12.513349994523796,12.124292980298538,12.449830512903834,33672400
2002-01-08,12.505410194396973,12.711848893622653,12.219572519692779,12.227511887192252,39963400
2002-01-09,13.283526420593262,13.69640388672743,12.886529206485221,12.934169962563601,104852700
2002-01-10,13.251765251159668,13.521723433501187,12.989747193525126,13.220004752331754,42615900
2002-01-11,12.91828727722168,13.386744022783605,12.862707920023468,13.251764934834847,41520900
2002-01-14,13.013566970825195,13.24382606029162,12.727730033338931,12.759489019982274,36595900
2002-01-15,13.489964485168457,13.49790461078805,13.021507674581295,13.085027165113923,42148200
2002-01-16,13.164422035217285,13.529660106436793,13.108842690872121,13.220001379562447,38500400
2002-01-17,13.672584533691406,13.894903535451377,13.331168176079585,13.442326919747419,49705700
2002-01-18,13.085029602050781,13.394688501188856,13.053270608081776,13.299408490433049,44563400
2002-01-22,12.656270027160645,13.474084022866741,12.640390533382257,13.243826441201843,42317200
2002-01-23,13.29940414428711,13.458203605510844,12.568929348620951,12.74360754442794,45388000
2002-01-24,13.696403503417969,13.839322738804976,13.521725279291706,13.59318489698521,46794400
2002-01-25,13.251765251159668,13.831380724953663,13.23588500174571,13.474082685259315,41197100
2002-01-28,13.418501853942871,13.60906028272318,13.29940302525815,13.43438210161384,27499800
2002-01-29,13.100906372070312,13.577303270303123,12.934168290622024,13.3470441889614,42884700
2002-01-30,13.196192741394043,13.259712257592252,12.56099606498724,13.07709232340077,46967300
2002-01-31,13.704345703125,13.759925077647784,13.220008557556108,13.497906944594396,52355800
2002-02-01,13.013566970825195,13.521724386935082,12.965927733648158,13.323225798536043,50686200
2002-02-04,12.799188613891602,13.21206449349539,12.632449025585673,13.053266544239756,40447500
2002-02-05,12.553051948547363,12.910349281413508,12.529231571067431,12.680090932925363,40088800
2002-02-06,12.735672950744629,12.838891572994957,12.426014055144897,12.77537207135836,39840500
2002-02-07,12.640389442443848,13.07708570602268,12.497470224712895,12.624509192823973,34368100
2002-02-08,12.846829414367676,12.902408779108285,12.195753502610014,12.695970056911658,35752800
2002-02-11,12.98180866241455,13.021507776398815,12.648330955904713,12.751549560918274,27446200
2002-02-12,12.846829414367676,13.180307117235438,12.703910182506618,12.846829414367676,27703500
2002-02-13,12.799188613891602,13.029446170360645,12.735669131304563,13.005625796481535,24804300
2002-02-14,12.957992553710938,13.38675039520891,12.767434017853379,12.854773914697327,31951400
2002-02-15,12.298971176147461,13.053266345505426,12.235451694527498,12.997686988390948,35977500
2002-02-19,11.743176460266113,12.386312219899796,11.520858253262134,12.171933380951227,46342700
2002-02-20,12.314852714538574,12.505411179350165,11.87021553943283,11.997254515973893,42658600
2002-02-21,12.116357803344727,12.545114857962622,12.100477547849273,12.322796581512076,35673800
2002-02-22,12.306912422180176,12.457771015472321,11.68759704134144,12.140173578429899,31700700
2002-02-25,12.973869323730469,13.061209197102853,12.32279412257979,12.370433365135538,41281500
2002-02-26,13.124731063842773,13.354988706493794,12.918292289561986,12.965931540726942,41557900
2002-02-27,12.997688293457031,13.410564208230698,12.695969589649447,13.275585106932368,40283300
2002-02-28,13.196192741394043,13.458210935014742,13.005632678374695,13.013572807202562,48930600
2002-03-01,12.69597053527832,13.275586095732514,12.346613325269393,13.227946854791883,78055500
2002-03-04,10.853901863098145,11.155619780222397,10.282225769746299,11.07622004937477,208718700
2002-03-05,10.996825218200684,11.227083615741911,10.853905951722599,11.092104476781994,72999800
2002-03-06,11.227079391479492,11.2826587487701,10.82214212696005,10.957121215133197,47536200
2002-03-07,11.115924835205078,11.536741777661259,10.893606550520417,11.489102523834974,38756800
2002-03-08,11.274718284606934,11.552616577112639,11.19531931332811,11.449397232959432,42591600
2002-03-11,11.512921333312988,11.711419976990799,11.147683798657328,11.235022929279161,31683800
2002-03-12,11.465277671813965,11.616137016970933,11.30647895892136,11.425578561499808,30116900
2002-03-13,11.028582572937012,11.441459270344197,11.004762195562158,11.3779397784354,33362500
2002-03-14,10.671284675598145,11.179441377183613,10.623645434419183,11.084162137613603,46463700
2002-03-15,10.004326820373535,10.345743797732986,9.996386696962144,10.242524465020459,121186000
2002-03-18,10.004326820373535,10.329864308122053,9.901107487661006,10.186945115564422,49182600
2002-03-19,10.171066284179688,10.448963806656007,10.083726435425847,10.115486173914908,37202500
2002-03-20,9.956686019897461,10.361623194099966,9.940806531589876,10.051965221378325,35961200
2002-03-21,10.441028594970703,10.520428357154886,9.87729240365731,10.044031298474293,49338700
2002-03-22,10.202825546264648,10.718921461916631,10.139306072252461,10.528363039880071,40552600
2002-03-25,9.94080924987793,10.321926160016794,9.92492900001615,10.258406674993651,30843100
2002-03-26,10.091670989990234,10.321929384431368,9.893172347981938,9.932872227826042,37668400
2002-03-27,10.02815055847168,10.17900917928449,9.964631059475533,10.107549553610784,28081700
2002-03-28,10.163130760192871,10.234590393439605,9.996391868354571,10.123430879809993,24038700
2002-04-01,10.194889068603516,10.234588943361556,9.924930828903403,10.004330578419482,28660500
2002-04-02,9.948746681213379,10.09166587330424,9.901107455324322,9.980506417543365,28503600
2002-04-03,9.90904426574707,10.099603391789628,9.78200535319313,9.964624357898154,29135700
2002-04-04,9.70261287689209,9.996390747237998,9.55969362642732,9.813771620842775,31358700
2002-04-05,9.631153106689453,9.948750594928223,9.55175335602369,9.797891977317843,25132200
2002-04-08,9.797889709472656,9.821709326274178,9.345313204183913,9.496171786876173,29156800
2002-04-09,9.512049674987793,9.82964779336997,9.392950853851875,9.789947933920718,36219100
2002-04-10,9.170633316040039,9.591450037114802,8.622776884765678,9.464411084127091,60553900
2002-04-11,8.686300277709961,9.083297563399327,8.662480652588023,8.99595843314407,41736500
2002-04-12,9.13887882232666,9.210338463693803,8.670421846441892,8.80540100075487,45762600
2002-04-15,8.972137451171875,9.353254424335736,8.964197324927932,9.218275307037173,34398400
2002-04-16,9.575570106506348,9.750248280230338,9.162692771060145,9.281791594709398,29575900
2002-04-17,9.353257179260254,9.647035121906953,9.27385816507085,9.535876350599322,32665700
2002-04-18,9.250036239624023,9.567634515153374,9.202396990482558,9.408835755994804,32099900
2002-04-19,9.472352027893066,9.607331116428908,9.329432814805246,9.432652162345121,26765600
2002-04-22,9.07535457611084,9.377072483848112,8.995954847733477,9.32943249537931,41638100
2002-04-23,8.829214096069336,9.099172204953238,8.638655698226028,9.083291959860414,52599600
2002-04-24,8.33694076538086,8.837157302169153,8.33694076538086,8.765697688740536,57097300
2002-04-25,8.33694076538086,8.662478331256091,8.297240896008068,8.33694076538086,44673800
2002-04-26,8.04316234588623,8.598958204168866,8.019342728917366,8.487798729627551,39596300
2002-04-29,8.281364440917969,8.297243940165863,8.043165894501106,8.114625534147395,42502700
2002-04-30,7.971705436706543,8.31312334343755,7.939945684257999,8.201963831261535,69154400
2002-05-01,7.503244400024414,7.939941324303467,7.0506679868468956,7.884361977341122,108231800
2002-05-02,6.7886528968811035,7.550887621394282,6.471054653293533,7.415908500381689,127028400
2002-05-03,6.693374156951904,6.780713283004487,6.2249172612261905,6.717193780927664,110031900
2002-05-06,6.52663516998291,6.756893550620142,6.471055038648281,6.550454793576504,64023900
2002-05-07,6.550453186035156,6.701311774722082,5.954957441850142,6.550453186035156,100174400
2002-05-08,7.265047550201416,7.288867924420548,6.764831806991197,6.907750266246128,64747900
2002-05-09,6.733073711395264,7.201530637285745,6.677494332802238,7.177711011776197,44338200
2002-05-10,6.359896659851074,6.852173200250836,6.3519565324545715,6.748953815732982,51678300
2002-05-13,6.725133419036865,6.79659304298084,6.415475301017024,6.510754547204943,47133400
2002-05-14,6.995091438293457,7.185649924579443,6.804532194795357,7.0744904289732276,69514000
2002-05-15,7.296805381774902,7.7176227962734165,6.788649646851072,6.868048601827033,84175000
2002-05-16,7.606468677520752,7.669988188869427,7.296810491786732,7.360330760347711,44102600
2002-05-17,7.590584754943848,7.9399418637768076,7.447665559088069,7.757323564371635,46574200
2002-05-20,7.2332892417907715,7.50324747873962,6.82835264357962,7.447668108972077,36387600
2002-05-21,7.026851177215576,7.463547518438191,6.939511303201362,7.280929158612314,42013800
2002-05-22,6.987151622772217,7.082430870152165,6.701313123420223,6.923632124518917,59710300
2002-05-23,7.439727783203125,7.471487530391988,6.9871511964588,7.161830184603598,43943400
2002-05-24,7.026851177215576,7.336508527739822,6.979211177097631,7.304748780065229,28872400
2002-05-28,7.098310470581055,7.193590476575465,6.804532597532741,7.185650349873904,30326100
2002-05-29,6.669552326202393,7.098309250640946,6.669552326202393,7.018910268907602,37093300
2002-05-30,6.685432434082031,6.9712701251985125,6.550453335085135,6.629853072334608,45703700
2002-05-31,6.288437366485596,6.76483443496964,6.224917858316026,6.733073923672588,52579400
2002-06-03,5.812038898468018,6.502813527779038,5.772339028704778,6.1931562094922485,86670000
2002-06-04,6.209036350250244,6.407534571834494,5.756459405518225,5.93113800709902,80771800
2002-06-05,6.875990867614746,6.883930992750673,6.026417165582811,6.248735368904699,60986500
2002-06-06,6.4710540771484375,6.741012295138112,6.3995952169853485,6.709252549328272,59408000
2002-06-07,6.63779354095459,6.931571405952034,6.248736429785985,6.296376052871564,54034000
2002-06-10,6.463115215301514,6.693373579777708,6.41547521424583,6.68543345339974,38192900
2002-06-11,6.375774383544922,6.733071687644727,6.328134768238682,6.5822130951446365,39634900
2002-06-12,6.5583930015563965,6.590152742792497,6.137575862269096,6.280494697831548,61515800
2002-06-13,6.5583930015563965,6.685431966500798,6.415473787387965,6.510753011096266,45476900
2002-06-14,6.804529666900635,6.828350036746159,6.304313636928026,6.455172571829768,45042200
2002-06-17,7.30474853515625,7.447667773506266,6.883931703273755,6.907751323928062,73449200
2002-06-18,7.130068778991699,7.257108508901962,6.90775057676975,7.177708772359549,87006200
2002-06-19,6.987151622772217,7.558827864264055,6.772772748258221,7.495307608798608,111863800
2002-06-20,6.717190265655518,6.987148386812336,6.645730673912619,6.868048814836906,56839400
2002-06-21,6.447232723236084,6.891869802209409,6.4154729859674084,6.582211795930922,62786500
2002-06-24,6.836292266845703,6.963332020942322,6.2963761514806365,6.375775524533429,59579000
2002-06-25,6.907751560211182,7.034790550995701,6.606033578491892,6.915691686438242,57016100
2002-06-26,7.2809271812438965,7.542945217702941,6.471052699670918,6.51075256278542,76641800
2002-06-27,7.685865879058838,7.701745372987809,7.233288565296372,7.423847792928382,80203600
2002-06-28,7.5191264152526855,7.876423707469739,7.423847187808938,7.542946032810625,51290300
2002-07-01,7.145949363708496,7.439727191128846,7.090369999854173,7.384147827274521,42506500
2002-07-02,6.891875743865967,7.145953861062402,6.8362955878198575,7.050674567113739,48316200
2002-07-03,7.582648754119873,7.646168262989403,6.780714008126708,6.812473762561473,50001600
2002-07-05,7.924060821533203,7.979640923907122,7.749382663248849,7.781142397228894,24017600
2002-07-08,7.392091274261475,8.003466823007038,7.336511128221055,7.749388751550429,47165100
2002-07-09,7.463544845581055,7.860541927946257,7.415905619735862,7.495304581881798,47022800
2002-07-10,7.130068778991699,7.654105677190016,7.106249160913778,7.566765815550961,53667200
2002-07-11,7.479428291320801,7.566767414200198,6.915692162961389,7.042731162499482,73131400
2002-07-12,7.685865879058838,7.8049647337682995,7.479427157497858,7.590586643848859,50084300
2002-07-15,8.059041976928711,8.074922226656106,7.463546241967122,7.527065726452733,62672400
2002-07-16,7.932005882263184,8.321063055022444,7.844666748749551,7.908186256252604,79162800
2002-07-17,8.313122749328613,8.37664224968619,7.939945116818725,8.281362999149826,72719600
2002-07-18,7.979641437530518,8.186080100294484,7.900241718863812,8.16225973036737,68437400
2002-07-19,7.717626094818115,7.987584322983529,7.535006981618883,7.781145588832084,59706300
2002-07-22,7.328567028045654,7.662044694736709,7.2809277940680595,7.550885977314338,62146800
2002-07-23,6.987151622772217,7.5667672336366065,6.955391873645567,7.43178811054531,66680100
2002-07-24,7.463544845581055,7.519124952016236,6.637790944549909,6.748950400208429,70072800
2002-07-25,7.15388822555542,7.360326907995976,6.955389667180709,7.257107566775698,62316200
2002-07-26,7.407968997955322,7.423849252217891,7.00303160080623,7.153890987451829,44375500
2002-07-29,7.582648754119873,7.741447526293699,7.392090227511281,7.622348636466398,49638500
2002-07-30,7.8367228507995605,7.939942190136766,7.495305094315873,7.566764695181008,51168000
2002-07-31,7.947883605957031,7.947883605957031,7.606465793977134,7.717625275303895,43451400
2002-08-01,7.677929878234863,7.971707867259069,7.5270704401984725,7.860548321190805,47106200
2002-08-02,7.471482753753662,7.66998123608383,7.1856452117944025,7.566761934406748,50938500
2002-08-05,7.15388822555542,7.5350050941731475,7.145948101489573,7.384146522981607,40423800
2002-08-06,7.407968997955322,7.638227384277163,7.225350617208987,7.320629871147797,51110000
2002-08-07,7.55882453918457,7.804962297338611,7.304745900726825,7.669983233623757,51504200
2002-08-08,7.947883605957031,7.979643349591532,7.4714866942275,7.535006181496502,45828500
2002-08-09,7.789083480834961,8.201960073505182,7.7652631095027695,7.804962971177876,48363200
2002-08-12,7.725564479827881,7.9558235628206715,7.6541056260713605,7.677925243990201,33188100
2002-08-13,7.2174072265625,7.701743404384191,7.193587613151429,7.638223930480096,54342800
2002-08-14,7.979641437530518,8.011401173554834,7.296805977189987,7.328565713214302,54279100
2002-08-15,8.035225868225098,8.154325521550865,7.820847703778421,8.035225868225098,56122100
2002-08-16,8.24959945678711,8.29723868155036,7.8526023834381755,7.8764219958198005,45686200
2002-08-19,8.678359031677246,8.845097885915187,8.194021963208337,8.273421706069097,56303000
2002-08-20,8.543379783630371,8.73393825472995,8.368700806516397,8.495739787249448,38054800
2002-08-21,8.543379783630371,8.78157825111087,8.376640932115226,8.694238383947857,45105100
2002-08-22,8.884794235229492,8.892734358487054,8.416338321210791,8.630716348682151,42098900
2002-08-23,8.567198753356934,8.908616556088084,8.400459914489627,8.749817842217315,29674700
2002-08-26,8.392520904541016,8.614839890709856,8.146383054641934,8.551320396722215,35549500
2002-08-27,8.059041976928711,8.591018227404689,8.019342867034192,8.511619250403667,36429100
2002-08-28,7.868480682373047,8.273417817665788,7.820841464816083,8.04315958024257,33652200
2002-08-29,7.908185005187988,8.043164126581518,7.662046384643277,7.77320588379446,39768600
2002-08-30,7.614408493041992,7.8764266558980705,7.558829112197452,7.773207264892301,34935200
2002-09-03,7.193589687347412,7.5985262609422595,7.145949689576919,7.5508870203838425,43694600
2002-09-04,7.622345924377441,7.6938047785208505,7.26504786760037,7.288868242860178,43514400
2002-09-05,7.2412261962890625,7.519124437825541,7.233286073453897,7.5032441921552095,44877700
2002-09-06,7.6461663246154785,7.78908556194671,7.471487340900871,7.519127339081976,39052400
2002-09-09,7.765267372131348,7.844667139066888,7.46354931787351,7.6382283508043205,39399100
2002-09-10,7.773205757141113,7.916125002690805,7.511187645108097,7.757326261642329,40390100
2002-09-11,7.781145095825195,8.098742545772327,7.757325476382173,7.82878433471124,34483500
2002-09-12,7.5270676612854,7.749386671344122,7.487368541186224,7.693806540223353,33143900
2002-09-13,7.725564479827881,7.828783833758855,7.487366786215478,7.5350060220531585,36261100
2002-09-16,7.368267059326172,7.741444600821002,7.185648729640354,7.709684858388165,52494500
2002-09-17,7.169768333435059,7.479426383742024,6.97126975797951,7.463546134243833,81486100
2002-09-18,6.606033802032471,6.780712798878177,6.201096815901186,6.542514304490784,122601600
2002-09-19,6.43929386138916,6.518693598725082,6.312254887421298,6.391654624757218,47977300
2002-09-20,6.344015598297119,6.574273963028425,6.32019597634895,6.494874970797153,69838300
2002-09-23,6.0661163330078125,6.320194644762196,5.9470171125415074,6.2328551659394416,54908300
2002-09-24,6.351955890655518,6.494875140503154,5.79615990166559,5.8676191479833335,77572000
2002-09-25,6.820412635803223,6.828352762254332,6.320196027565351,6.447235021934563,63782200
2002-09-26,6.582211017608643,6.923628720784415,6.51075142790099,6.883928864589967,58182400
2002-09-27,6.669552326202393,6.8601115482288835,6.423414498453387,6.447234117252187,47307400
2002-09-30,6.240795135498047,6.574272414464589,5.796158384936681,6.47899319190272,49137600
2002-10-01,6.780713081359863,6.812472831453804,6.177277450968898,6.216976949283282,54834900
2002-10-02,6.5980963706970215,6.788654919291646,6.502816339187348,6.566336612597918,45000700
2002-10-03,6.6139726638793945,6.812471245045552,6.463114075366393,6.534572928528134,49005300
2002-10-04,6.5107550621032715,6.812473077498902,6.5107550621032715,6.717193823775892,45026100
2002-10-07,6.113757133483887,6.542514107592832,6.074057638018131,6.447234864147746,50625700
2002-10-08,6.407533645629883,6.534572610234338,6.185215457572086,6.2169751987232,48688300
2002-10-09,6.407533645629883,6.550452859415874,6.193155582162855,6.280494681025428,55491400
2002-10-10,6.756893157958984,6.812472528851567,6.367836047286636,6.4154752917053814,39404700
2002-10-11,7.185649394989014,7.2015288890697855,6.756892453839356,6.836291438667332,49019800
2002-10-14,7.344448566436768,7.384148439859928,6.939511220502322,7.018910967348642,32391600
2002-10-15,7.693805694580078,7.812905313423642,7.423848224401278,7.638226326780339,52984900
2002-10-16,7.400026321411133,7.614405136826095,7.3206273490889515,7.3206273490889515,41261700
2002-10-17,7.8367228507995605,8.00346166708091,7.7255633875413645,7.924061942294784,52962900
2002-10-18,7.535006046295166,7.677925268692015,7.3285673377690514,7.582646039498117,54988200
2002-10-21,7.654102802276611,7.7732016051442105,7.36032509895304,7.4397240484608655,47599300
2002-10-22,7.852605819702148,7.900245065312112,7.407968569806936,7.447668445956677,46216500
2002-10-23,7.908185005187988,7.939944753915164,7.654107015370587,7.757326388036941,50575400
2002-10-24,7.828783988952637,8.090802062889992,7.7970242453605945,7.924063219728764,55952100
2002-10-25,8.146384239196777,8.186084118014783,7.868485844682942,7.892305469088863,45287900
2002-10-28,7.995522499084473,8.27342081184884,7.9002432722769145,8.241661069579655,40931700
2002-10-29,7.908185005187988,8.170203121490218,7.677926637612934,7.947884880399992,43315700
2002-10-30,7.947883605957031,8.035222711648904,7.804964380995768,7.924063230322143,50795900
2002-10-31,8.090802192687988,8.138442187446334,7.781144877000851,7.91612397873546,53490400
2002-11-01,8.04316234588623,8.154321820427546,7.693804430020364,7.971702737767668,44318000
2002-11-04,8.130502700805664,8.321061180384214,7.868484602082137,8.265481813143492,61141500
2002-11-05,8.07492446899414,8.146384098187182,7.932005210608058,8.011404966869703,40878800
2002-11-06,8.225785255432129,8.265485143978992,7.995526810515192,8.186086124097658,53095100
2002-11-07,8.09874153137207,8.130501272388747,7.9399428262886875,8.043162173895874,41749500
2002-11-08,7.582648754119873,8.003465689683582,7.574708626208113,8.003465689683582,56464000
2002-11-11,7.185649394989014,7.542946719745052,7.12212990424181,7.312688376483422,48740600
2002-11-12,7.542947292327881,7.749386031533025,7.249169436018459,7.352388805621032,52874400
2002-11-13,7.6382246017456055,7.733503820975114,7.43178591480904,7.439726039047813,43148800
2002-11-14,8.217842102050781,8.257541215117696,7.7732049179081155,7.789085168904517,47581000
2002-11-15,8.503679275512695,8.559258636114818,8.027282376256792,8.074922369067181,57425300
2002-11-18,8.138446807861328,8.733942915753621,8.138446807861328,8.63866362935635,42280500
2002-11-19,8.233726501464844,8.416345710667219,7.9796483918397945,8.130507080126543,39188600
2002-11-20,8.527502059936523,8.5592618145332,8.138444876824169,8.225784012661958,48408600
2002-11-21,9.099178314208984,9.130938068506603,8.591021488234809,8.606901743989752,59605500
2002-11-22,9.19445514678955,9.250034512816374,8.749818704150828,8.789517818620233,47514400
2002-11-25,9.456474304199219,9.527933929826865,9.154756305555908,9.210336435050833,45853800
2002-11-26,9.23415470123291,9.591452019667145,9.170635211609582,9.377073931491422,58763800
2002-11-27,9.527934074401855,9.694672950992375,9.115056567715936,9.448534320896973,47671800
2002-11-29,9.64703369140625,9.726433451034277,9.48823492936242,9.551754434179951,16345800
2002-12-02,9.44853401184082,10.10754936985396,9.385014513999467,9.813771503034667,46174700
2002-12-03,9.027713775634766,9.480290217927244,8.93243456447908,9.385011006771556,46235500
2002-12-04,8.773636817932129,9.0118352499127,8.527498261536087,8.765696693516658,45352900
2002-12-05,8.487801551818848,8.995958345125727,8.456041799562932,8.972138720236845,39194600
2002-12-06,8.956258773803711,9.202397430169048,8.297243323899025,8.368702958237742,47974500
2002-12-09,8.360759735107422,8.964195582537853,8.344880242918183,8.829216491475467,41361800
2002-12-10,8.49573802947998,8.757756062333344,8.44015867621166,8.551318139960198,35175200
2002-12-11,8.972137451171875,9.091236315982552,8.42428085573368,8.495740477504935,42332500
2002-12-12,9.051534652709961,9.170634251189703,8.773637104014496,9.107114768218628,31506500
2002-12-13,8.456042289733887,8.988018738766698,8.440162791291554,8.956258984669766,49233800
2002-12-16,8.972137451171875,9.027716820455243,8.583080351764073,8.694239090330807,36217200
2002-12-17,8.749818801879883,9.11505550523508,8.622779059637807,8.900677407299982,38315200
2002-12-18,8.440160751342773,8.646599481683655,8.265481767422637,8.575139862933959,59093700
2002-12-19,8.733940124511719,9.18651677956487,8.575141364599403,8.781580131091522,97046000
2002-12-20,8.527502059936523,9.027718762743385,8.37664341490538,8.956259125597793,70354000
2002-12-23,8.781579971313477,8.853038844064685,8.432221948650625,8.559260954269043,32994600
2002-12-24,8.725996017456055,8.853034967445913,8.614837314820864,8.654536418783792,9088400
2002-12-26,8.598959922790527,8.916557403224884,8.559260048433202,8.733939041278159,19094500
2002-12-27,8.567198753356934,8.78951695277601,8.53543901058278,8.58307900335001,24793900
2002-12-30,8.686300277709961,8.749820540055511,8.519561387431938,8.630720900021364,29686300
