Price,Close,High,Low,Open,Volume
Ticker,QCOM,QCOM,QCOM,QCOM,QCOM
Date,,,,,
1995-01-03,0.9090589880943298,0.9184307302396322,0.8715720195131204,0.8715720195131204,3409600
1995-01-04,0.9184309244155884,0.9371744126689677,0.899687436162209,0.9184309244155884,3902400
1995-01-05,0.9090589880943298,0.937174214530237,0.8996872459490275,0.9278024723849346,3929600
1995-01-06,0.899687647819519,0.927802886813879,0.899687647819519,0.9090593941509724,5089600
1995-01-09,0.8715718984603882,0.9184306026786886,0.8622001576167281,0.9184306026786886,4812800
1995-01-10,0.8715718984603882,0.8903153801477084,0.8340849350857478,0.8715718984603882,11852800
1995-01-11,0.8575150370597839,0.8715723699265794,0.8434571321870122,0.8715723699265794,6947200
1995-01-12,0.8434566259384155,0.8715718468030293,0.8434566259384155,0.8715718468030293,5555200
1995-01-13,0.7872262597084045,0.8622001892044431,0.7872262597084045,0.8622001892044431,25792000
1995-01-16,0.8293996453285217,0.8434569755853425,0.7684830221999788,0.7684830221999788,21323200
1995-01-17,0.9090589880943298,0.9184307302396322,0.8434567930772132,0.8528285352225157,25411200
1995-01-18,0.9184309244155884,0.9559179009223471,0.9184309244155884,0.9278026685422781,9080000
1995-01-19,0.899687647819519,0.927802886813879,0.8903159014880657,0.927802886813879,3177600
1995-01-20,0.8715718984603882,0.9090588618350285,0.8715718984603882,0.9090588618350285,8027200
1995-01-23,0.9465458393096924,0.9465458393096924,0.8528284294770495,0.8715719114435782,6177600
1995-01-24,1.0308917760849,1.059007006341761,0.9465460853143172,0.9652895721522244,29518400
1995-01-25,1.0121486186981201,1.030892111636974,0.9559181398815578,1.0121486186981201,12528000
1995-01-26,1.054321527481079,1.0683788580311802,1.0027766474503181,1.0027766474503181,20572800
1995-01-27,1.0683791637420654,1.0871226578428035,1.0402639225909585,1.0683791637420654,14942400
1995-01-30,1.0121486186981201,1.0871225904535364,0.993405125759266,1.0777508439841093,7696000
1995-01-31,0.9934051632881165,1.0121486569350622,0.9652899228176981,0.9934051632881165,13947200
1995-02-01,1.0215202569961548,1.0402637479502126,0.9840332750880391,1.0215202569961548,9456000
1995-02-02,1.0308917760849,1.0496352629228072,1.0121482892469926,1.0308917760849,5310400
1995-02-03,1.049635410308838,1.1152376234531403,1.0121484313692366,1.0402636655739375,27675200
1995-02-06,1.049635410308838,1.059007155043738,1.0355780792094396,1.0402636655739375,4425600
1995-02-07,1.054321527481079,1.0683788580311802,1.0402636249250965,1.0590071136624855,3443200
1995-02-08,1.049635410308838,1.0683788997786385,1.0308919208390372,1.0683788997786385,3152000
1995-02-09,1.049635410308838,1.0683788997786385,1.0308919208390372,1.049635410308838,6134400
1995-02-10,1.0590068101882935,1.0777502935544578,1.040263326822129,1.0683785518713758,8123200
1995-02-13,1.0308917760849,1.059007006341761,1.0215200326659464,1.0496352629228072,5817600
1995-02-14,1.0027762651443481,1.049634969123056,0.9746610427571234,1.030891487531573,4832000
1995-02-15,0.9746612906455994,1.0027765201834533,0.9559178042870302,1.0027765201834533,5516800
1995-02-16,0.9840332269668579,0.9840332269668579,0.955917991910662,0.965289736929394,5233600
1995-02-17,0.9559181332588196,0.9746616260678161,0.9559181332588197,0.9746616260678161,1771200
1995-02-21,0.9606043696403503,0.9840334515309175,0.9465464629011683,0.9746617043734802,9019200
1995-02-22,0.9746612906455994,0.9746612906455994,0.9465460611077456,0.9652895474663148,2606400
1995-02-23,1.0590068101882935,1.0777502935544578,0.9371741683082243,0.9746611350405533,31785600
1995-02-24,1.0590068101882935,1.0777502935544578,1.0308915851390468,1.0683785518713758,17798400
1995-02-27,1.0402641296386719,1.0964946231326542,1.0402641296386719,1.0496358785543356,7857600
1995-02-28,1.0964938402175903,1.0964938402175903,1.0496351290971806,1.0590068713212626,8392000
1995-03-01,1.0590068101882935,1.0964937769206224,1.0590068101882935,1.0871220352375401,7008000
1995-03-02,1.0402641296386719,1.068379376385663,1.0308923807230082,1.0496358785543356,4264000
1995-03-03,1.0964938402175903,1.1058655824416723,1.0215199024249346,1.0402633868730986,6777600
1995-03-06,1.0683791637420654,1.0777509107924343,1.0402639225909585,1.0683791637420654,4049600
1995-03-07,1.049635410308838,1.1058658787182398,1.049635410308838,1.077750644513539,7532800
1995-03-08,1.0402641296386719,1.068379376385663,1.0308923807230082,1.068379376385663,5118400
1995-03-09,1.1058658361434937,1.1152375805175911,1.0496353698989092,1.0496353698989092,28252800
1995-03-10,1.1058658361434937,1.1152375805175911,1.087122347395299,1.1058658361434937,18523200
1995-03-13,1.082436442375183,1.1058655104063593,1.04494947592073,1.096493768792746,25846400
1995-03-14,1.1620961427688599,1.1620961427688599,1.0683787119004033,1.0964939411609402,26476800
1995-03-15,1.176154375076294,1.2089551991271488,1.1152377418304706,1.1152377418304706,27523200
1995-03-16,1.1995834112167358,1.2089551566168666,1.152724684216082,1.1667825883192506,13324800
1995-03-17,1.227698564529419,1.2370703092968192,1.1995833302272185,1.1995833302272185,11428800
1995-03-20,1.2089550495147705,1.2276985386545343,1.1995833049448885,1.2276985386545343,6819200
1995-03-21,1.1620961427688599,1.237070087463625,1.1620961427688599,1.2183266012899336,8918400
1995-03-22,1.2323840856552124,1.2323840856552124,1.143352270399952,1.1620957502425742,12816000
1995-03-23,1.2839292287826538,1.2933009749781474,1.2276987516096909,1.2464422440006784,26356800
1995-03-24,1.2183268070220947,1.2933007643773007,1.1995833176832933,1.274557275038499,13697600
1995-03-27,1.2370699644088745,1.2464417065634872,1.1620960271719731,1.1995829957904238,7739200
1995-03-28,1.27455735206604,1.2839290973018196,1.2276986258871414,1.2276986258871414,10356800
1995-03-29,1.2886152267456055,1.3214160483251844,1.2651855781836874,1.2651855781836874,20960000
1995-03-30,1.2417562007904053,1.3120439854358634,1.2183265579047302,1.3026722426827502,9950400
1995-03-31,1.227698564529419,1.2464420540642192,1.2089550749946187,1.227698564529419,6379200
1995-04-03,1.1925544738769531,1.2370704080782258,1.1527246984365285,1.2370704080782258,8878400
1995-04-04,1.1527241468429565,1.1902111109679308,1.1246089237492258,1.1714676289054435,19406400
1995-04-05,1.1152375936508179,1.1527245715886605,1.0964941046818966,1.1527245715886605,21931200
1995-04-06,1.0730645656585693,1.1503812812349747,1.0496349285715618,1.1152371116072843,30089600
1995-04-07,1.1246095895767212,1.1339813361565274,1.0590073635180792,1.0777508566776912,16878400
1995-04-10,1.049635410308838,1.1199237818235426,1.0449498239443398,1.0730650581490409,27353600
1995-04-11,0.9840332269668579,1.0636933456290405,0.9699758954417207,1.0496354420979819,25363200
1995-04-12,1.0121486186981201,1.0449500173441197,0.9652898863509849,0.9840333792898389,17836800
1995-04-13,1.007462739944458,1.0262062274596493,0.99574763124308,1.0262062274596493,6811200
1995-04-17,1.0027762651443481,1.049634969123056,0.9934045243486066,1.0027762651443481,13267200
1995-04-18,0.9652891755104065,1.0215196129187796,0.9559174359423442,1.0121478733507174,13137600
1995-04-19,0.9231170415878296,0.9652896022867573,0.9043735541647858,0.9652896022867573,21593600
1995-04-20,1.0215202569961548,1.026206415737644,0.9324889609673546,0.9371745477028943,20209600
1995-04-21,0.9840332269668579,1.0402636970792498,0.9699758954417207,1.0308919520605178,13518400
1995-04-24,0.937174379825592,0.9793475129206671,0.9184308922290801,0.9793475129206671,13396800
1995-04-25,0.9559181332588196,0.9746616260678161,0.9371746404498232,0.9418607996550754,9185600
1995-04-26,0.9980908036231995,1.0121481305445623,0.951232093875766,0.9606038358252527,10348800
1995-04-27,1.0027762651443481,1.0168341623407924,0.9887189399535677,0.9980906807493093,6963200
1995-04-28,0.9840332269668579,1.0027767170043218,0.965289736929394,1.0027767170043218,8088000
1995-05-01,0.9512325525283813,0.9840333791641824,0.9512325525283813,0.969976045464842,4782400
1995-05-02,0.9652891755104065,0.9746609150784686,0.9512318521611076,0.9512318521611076,4827200
1995-05-03,0.9746612906455994,0.9793474482381463,0.9559178042870302,0.9559178042870302,4624000
1995-05-04,0.9512325525283813,0.9746616326959521,0.9512325525283813,0.9746616326959521,3875200
1995-05-05,0.9512325525283813,0.9746616326959521,0.9324890595919207,0.969976045464842,8865600
1995-05-08,0.9512325525283813,0.9606042989966117,0.9371746468230309,0.9465463932912612,2968000
1995-05-09,0.9184309244155884,0.9559179009223471,0.9137453383551771,0.9559179009223471,7395200
1995-05-10,0.9324882626533508,0.9512317395709506,0.9231165241945509,0.9278021074211903,5528000
1995-05-11,1.049635410308838,1.049635410308838,0.9324888871255358,0.9418606318604361,40312000
1995-05-12,1.1105518341064453,1.162096134724385,1.0590069614827058,1.063693118996591,46304000
1995-05-15,1.1058658361434937,1.1246093248916884,1.0918085055852886,1.1246093248916884,9132800
1995-05-16,1.1058658361434937,1.1152375805175911,1.0777506030212014,1.1105519943334834,9377600
1995-05-17,1.0660362243652344,1.1152377466574537,1.0449499393837072,1.1152377466574537,13406400
1995-05-18,1.0262058973312378,1.0871219261561214,1.0262058973312378,1.0636928603021385,10099200
1995-05-19,1.0144914388656616,1.035578297978274,1.0027768984737826,1.0262065512635656,16408000
1995-05-22,1.0027762651443481,1.0402632283273145,0.9980906807493093,1.0215197467358312,21928000
1995-05-23,0.9652891755104065,1.0027761337826553,0.9559174359423442,1.0027761337826553,20659200
1995-05-24,0.9559181332588196,0.9746616260678161,0.9465463868543215,0.9606042924640719,12131200
1995-05-25,0.9793473482131958,0.9793473482131958,0.9465459644329413,0.9606038637689791,12724800
1995-05-26,0.9652891755104065,0.9746609150784686,0.9559174359423442,0.9746609150784686,8454400
1995-05-30,0.9231170415878296,0.9652896022867573,0.9231170415878296,0.9652896022867573,14612800
1995-05-31,0.9606043696403503,0.9699761167977876,0.923117381010601,0.9278029685862936,14193600
1995-06-01,0.9488890171051025,0.9652897134911376,0.9418606375161511,0.9652897134911376,5062400
1995-06-02,1.049635410308838,1.0871223892484392,0.9371744734900338,0.9512323765953364,34883200
1995-06-05,1.1058658361434937,1.166782460578068,1.1011802499593861,1.1246093248916884,44436800
1995-06-06,1.3026723861694336,1.3354737754212271,1.1058657666762097,1.1152375104616012,138241600
1995-06-07,1.3026723861694336,1.316730287850444,1.2464419234570838,1.3073585440650524,73060800
1995-06-08,1.2886152267456055,1.3026725582780188,1.2651855781836874,1.293300813254436,14596800
1995-06-09,1.2675280570983887,1.2886149071764732,1.2511279363786962,1.2651852644249726,16459200
1995-06-12,1.2089550495147705,1.26987167522195,1.1902115603750065,1.2558137723641802,19137600
1995-06-13,1.227698564529419,1.2370703092968192,1.1808398406924183,1.2089550749946187,18704000
1995-06-14,1.227698564529419,1.2417564676834723,1.2183268197620187,1.227698564529419,6609600
1995-06-15,1.2933006286621094,1.3026723723480667,1.227698422860408,1.227698422860408,21904000
1995-06-16,1.27455735206604,1.3026725877733791,1.27455735206604,1.2979870011584567,9022400
1995-06-19,1.3026723861694336,1.3261020316358356,1.269871568923486,1.2839288985986503,14251200
1995-06-20,1.3167304992675781,1.3307878311998182,1.274557359458981,1.3073587539774385,16862400
1995-06-21,1.2511283159255981,1.316730534723039,1.2511283159255981,1.3120443759488163,9777600
1995-06-22,1.3167304992675781,1.3167304992675781,1.2558138688787017,1.2558138688787017,10003200
1995-06-23,1.2651854753494263,1.3073586105306783,1.26049988922144,1.2979868662688305,6848000
1995-06-26,1.2651854753494263,1.2839289638731215,1.241756400697745,1.26049988922144,9633600
1995-06-27,1.2136412858963013,1.2558138531714824,1.1995833821339534,1.246442107998561,8387200
1995-06-28,1.2417562007904053,1.2464417861640702,1.1902113296453904,1.208954815151617,11136000
1995-06-29,1.2792435884475708,1.2839291753473134,1.2323848594202966,1.246442192125494,10913600
1995-06-30,1.2956434488296509,1.3120441436264445,1.2745571680942605,1.2745571680942605,12475200
1995-07-03,1.2839292287826538,1.2933009749781474,1.2792436416879034,1.2839292287826538,891200
1995-07-05,1.3354735374450684,1.349530864615272,1.293300411922969,1.293300411922969,23793600
1995-07-06,1.3354735374450684,1.354217021675836,1.3167300532143007,1.354217021675836,14889600
1995-07-07,1.40576171875,1.4057617187499998,1.3354739188154536,1.3448456636071204,21467200
1995-07-10,1.499479055404663,1.5041652134557353,1.4057616144418716,1.4057616144418716,44016000
1995-07-11,1.4291911125183105,1.4994788999505915,1.4151332118283706,1.494793314391149,24648000
1995-07-12,1.4573063850402832,1.4807354575427956,1.424504997129778,1.438562898235944,19924800
1995-07-13,1.466678500175476,1.5275945617259823,1.447935008620556,1.466678500175476,17950400
1995-07-14,1.4573063850402832,1.4713637141406262,1.4151332537276085,1.4573063850402832,10804800
1995-07-17,1.4901072978973389,1.5182225299331378,1.4760499678823695,1.480735553885406,13940800
1995-07-18,1.4104472398757935,1.4947929048914526,1.3729602776466114,1.4854211643341573,19305600
1995-07-19,1.3167304992675781,1.3963900482307954,1.2792435181070199,1.3776465576505161,25875200
1995-07-20,1.3354735374450684,1.4151330594229588,1.3120438961537366,1.3167300532143007,26894400
1995-07-21,1.5650813579559326,1.58382484727277,1.4901074006885826,1.5182226346638388,82433600
1995-07-24,1.6634849309921265,1.6775422617074005,1.5041652748523173,1.565081327961653,65427200
1995-07-25,1.6259976625442505,1.6915998621741613,1.6259976625442505,1.6822281193698883,29163200
1995-07-26,1.6259976625442505,1.6775419619648586,1.6213115051392208,1.6306832479434938,20572800
1995-07-27,1.6166260242462158,1.635369511066428,1.611939866538251,1.625997767656322,14233600
1995-07-28,1.597882628440857,1.6213117022977226,1.597882628440857,1.6213117022977226,12344000
1995-07-31,1.6025681495666504,1.6072543073519254,1.5557094317430642,1.5931964060019332,10484800
1995-08-01,1.5697671175003052,1.6072540866106915,1.5603953752227087,1.6072540866106915,16790400
1995-08-02,1.5510241985321045,1.6119402595468832,1.546338039681603,1.5791394356172246,14612800
1995-08-03,1.6259976625442505,1.6353694053485235,1.5182223342922183,1.5369658199007643,28715200
1995-08-04,1.6587985754013062,1.6681703187651553,1.6213116019459093,1.6306833453097584,13227200
1995-08-07,1.6166260242462158,1.6728564847068523,1.611939866538251,1.6634847412967464,8172800
1995-08-08,1.6400550603866577,1.6634847043950869,1.588510758777411,1.6119398307800294,7982400
1995-08-09,1.7197155952453613,1.7431446731285203,1.644741630809726,1.6634851219186348,100795200
1995-08-10,1.7478307485580444,1.7665742387731123,1.7197155132354427,1.7290872583429766,42289600
1995-08-11,1.7150295972824097,1.7618883294485959,1.677542611549461,1.747830995801744,20361600
1995-08-14,1.799375295639038,1.8087470419704914,1.7150295786559582,1.7197157378246857,40696000
1995-08-15,1.8790346384048462,1.8790346384048462,1.8274897691689935,1.8368615115749884,39030400
1995-08-16,2.0336689949035645,2.0524124879441503,1.8790354633217379,1.8790354633217379,49006400
1995-08-17,1.9258933067321777,1.9961810871792778,1.8368614698926689,1.8930919230526484,100464000
1995-08-18,1.9493225812911987,1.9961812971876218,1.9352652525251766,1.9352652525251766,22590400
1995-08-21,1.775945782661438,1.9540089195295731,1.7572022945700552,1.9493227615037965,28945600
1995-08-22,1.7923460006713867,1.822804599437567,1.771259718453179,1.7806314629952593,30897600
1995-08-23,1.8696635961532593,1.8837209290235817,1.7993752157837197,1.804061374744478,33022400
1995-08-24,1.850919246673584,1.8977779545386657,1.794688797235486,1.8649765730302528,27064000
1995-08-25,1.8790346384048462,1.897778123216836,1.8509194111868617,1.855604996386978,14534400
1995-08-28,1.8274905681610107,1.9024645401881293,1.7946897414021525,1.8790354599326609,18971200
1995-08-29,1.7712595462799072,1.827490008066571,1.7103434986806068,1.827490008066571,44275200
1995-08-30,1.8602923154830933,1.8884075602611292,1.766574832889641,1.7712604210162537,24168000
1995-08-31,1.8274905681610107,1.8743493006779597,1.822804980912322,1.860291966925881,13276800
1995-09-01,1.8696635961532593,1.8790353420687997,1.8368621994458805,1.8415483584066388,16702400
1995-09-05,1.9727524518966675,1.9774380380217438,1.8743488512054443,1.8837205954614715,19745600
1995-09-06,2.0055525302886963,2.033667752675921,1.9774373079014715,1.9821234643021743,26161600
1995-09-07,1.9258933067321777,2.014924571565938,1.9165215645388478,2.014924571565938,22710400
1995-09-08,1.8930916786193848,1.9305786425524418,1.8649764556695918,1.9212069015691775,23393600
1995-09-11,1.9024641513824463,1.935265543443712,1.8790350759151668,1.8977785650913486,9660800
1995-09-12,1.874348759651184,1.9212074786424636,1.8602914299567237,1.9071501489480032,11228800
1995-09-13,1.8602923154830933,1.893093148387742,1.8321770707050575,1.8837214001283968,17592000
1995-09-14,1.8556050062179565,1.888406390815601,1.850919420993016,1.8649767486736029,14155200
1995-09-15,1.7853176593780518,1.8602916173150637,1.761888011519783,1.8556054589410482,26800000
1995-09-18,1.850919246673584,1.8602909882466003,1.7478300893704042,1.7759453140894532,17355200
1995-09-19,1.8790346384048462,1.9024637084169522,1.8134324415628824,1.855604996386978,19382400
1995-09-20,1.8274905681610107,1.8930927936847393,1.7993753286508414,1.8930927936847393,17110400
1995-09-21,1.775945782661438,1.8462335770011917,1.7478305505243639,1.8321762469355858,16726400
1995-09-22,1.7618882656097412,1.7946896629405757,1.7618882656097412,1.77126001170341,13100800
1995-09-25,1.7244017124176025,1.7665748663874024,1.696286467106446,1.7572031179503502,14131200
1995-09-26,1.611940860748291,1.729088011631342,1.5697682753945923,1.729088011631342,48521600
1995-09-27,1.5697671175003052,1.6447410557210778,1.5275939912482435,1.6072540866106915,63056000
1995-09-28,1.6775423288345337,1.6916002321182257,1.5603958041646868,1.5838248802962915,43620800
1995-09-29,1.7197155952453613,1.7665743230176334,1.6728568674730893,1.6775424542473394,35507200
1995-10-02,1.597882628440857,1.7197152997117842,1.5885108844969396,1.7197152997117842,19304000
1995-10-03,1.6447420120239258,1.6494275998841896,1.5838253657978867,1.607255021117467,21435200
1995-10-04,1.574452519416809,1.6400547077258427,1.5369655546687897,1.6400547077258427,33692800
1995-10-05,1.499479055404663,1.5791391662259684,1.485421725263177,1.5744530081748962,30856000
1995-10-06,1.5182222127914429,1.5557091810085155,1.5088504707371746,1.5182222127914429,30956800
1995-10-09,1.4010759592056274,1.4994789813540699,1.3495310832186629,1.4947933955402568,51656000
1995-10-10,1.5182222127914429,1.527593954845711,1.3073583025732793,1.3776460819774203,61145600
1995-10-11,1.499479055404663,1.56039567803341,1.4619920790195464,1.5463377758860588,26056000
1995-10-12,1.5182222127914429,1.5369656968999792,1.4901069866286383,1.4994787286829063,14536000
1995-10-13,1.5182222127914429,1.5603953380385198,1.5182222127914429,1.5463374389542472,12059200
1995-10-16,1.4479340314865112,1.5322796865632329,1.4479340314865112,1.5229079471102638,12859200
1995-10-17,1.5275938510894775,1.5416517492189188,1.4151329540767552,1.4619916611653896,24793600
1995-10-18,1.5088508129119873,1.5744530221690303,1.5088508129119873,1.541652203543444,21275200
1995-10-19,1.4385625123977661,1.5135364395062967,1.410447289732067,1.4994785421706125,30608000
1995-10-20,1.3963894844055176,1.471363416454136,1.3823321581492551,1.438562607185719,21744000
1995-10-23,1.4947938919067383,1.5088512260219415,1.3635894374700477,1.3823329309610035,27080000
1995-10-24,1.4619921445846558,1.5229087699452952,1.4432486555515192,1.4947935363955904,22851200
1995-10-25,1.452620267868042,1.4713637551953715,1.4338767805407122,1.4666781693664586,10094400
1995-10-26,1.4385625123977661,1.4713633195049136,1.4057611332849491,1.461991578616347,10360000
1995-10-27,1.5182222127914429,1.5229083698214472,1.4385626913330336,1.4479344333873019,27260800
1995-10-30,1.5088508129119873,1.560395691902599,1.4854217384659785,1.5275943012711424,20156800
1995-10-31,1.443247675895691,1.5182215811370257,1.443247675895691,1.5182215811370257,15644800
1995-11-01,1.5229085683822632,1.5369658972936264,1.44324846453182,1.447934622172818,19868800
1995-11-02,1.5322805643081665,1.5510240539510438,1.5135370746652894,1.5369661507159311,15499200
1995-11-03,1.611940860748291,1.6306843591290852,1.4807363720827325,1.5322812786330042,30896000
1995-11-06,1.7290871143341064,1.766574091642099,1.60725443808313,1.6119400242436894,54184000
1995-11-07,1.686913251876831,1.733771953317854,1.6494262907240125,1.7009711483119543,34768000
1995-11-08,1.733772873878479,1.771259854935311,1.7009720514567193,1.705657638085855,27102400
1995-11-09,1.7572017908096313,1.7665735321686007,1.7337721514093583,1.7478300494506618,12817600
1995-11-10,1.775945782661438,1.7806313686813524,1.733772648452896,1.7384588064786726,18513600
1995-11-13,1.7290871143341064,1.7806314221296569,1.7244009561676676,1.766574091642099,15073600
1995-11-14,1.628340244293213,1.7431439357713494,1.6259974518970988,1.7150287110008438,13660800
1995-11-15,1.733772873878479,1.733772873878479,1.602568440179567,1.6447415798714713,22609600
1995-11-16,1.7150295972824097,1.7618883294485959,1.6962861044159354,1.7290875029352695,22630400
1995-11-17,1.7056573629379272,1.743144337947552,1.696285619185521,1.7197152645694584,9140800
1995-11-20,1.6025681495666504,1.7244008159079747,1.588510820222491,1.7150290723432575,14100800
1995-11-21,1.6259976625442505,1.6400549907477666,1.583824533922129,1.5978824341314317,17971200
1995-11-22,1.560396432876587,1.6541139191752967,1.5322811869869741,1.6306842615975483,15790400
1995-11-24,1.5791393518447876,1.6025684288365072,1.5416523710532906,1.5697676066469135,7707200
1995-11-27,1.6259976625442505,1.6541128909570693,1.5791389485228857,1.5885106913271587,17624000
1995-11-28,1.7244017124176025,1.7384596210762457,1.6213124796100284,1.6353703882686716,18568000
1995-11-29,1.6353689432144165,1.7478298250857016,1.6213110469776937,1.7244001886930382,30548800
1995-11-30,1.5510241985321045,1.6728568925676248,1.5510241985321047,1.6306837509369634,22163200
1995-12-01,1.5369659662246704,1.5603956114688204,1.4994789914387028,1.5510238677723285,26828800
1995-12-04,1.6353689432144165,1.649426267445515,1.5510232818109528,1.5557088658861107,25547200
1995-12-05,1.5557092428207397,1.6447410818766155,1.5463375003941087,1.6447410818766155,22539200
1995-12-06,1.4760499000549316,1.5603955922864754,1.4713637422613735,1.5557094344929172,24632000
1995-12-07,1.5182222127914429,1.5229083698214472,1.415133050194493,1.4760496595501063,27707200
1995-12-08,1.560396432876587,1.597883427396071,1.4901080321494837,1.5744537698183225,27414400
1995-12-11,1.5369659662246704,1.5791390988618041,1.504165149289869,1.5744529410106378,15116800
1995-12-12,1.4947938919067383,1.5275947195128974,1.490107732530986,1.5275947195128974,7171200
1995-12-13,1.466678500175476,1.5135372290627762,1.443248849728842,1.5088510701710622,13446400
1995-12-14,1.4198192358016968,1.4807352743776478,1.4104474935588,1.4713635321347514,22873600
1995-12-15,1.4010759592056274,1.4385629337394792,1.3776463141190516,1.4338767759198294,15708800
1995-12-18,1.34015953540802,1.405761750427993,1.31204430039946,1.4010761639295266,21336000
1995-12-19,1.5205655097961426,1.5229088750914956,1.340159558397907,1.3495313035615286,30112000
1995-12-20,1.40576171875,1.5322805594404536,1.4057617187499998,1.5322805594404536,14339200
1995-12-21,1.574452519416809,1.5791386760131552,1.4198190758340734,1.4291908170210783,37600000
1995-12-22,1.6681708097457886,1.6681708097457886,1.579139507588193,1.5931968407684496,31916800
1995-12-26,1.6259976625442505,1.6728563765656153,1.5931962767264018,1.6681702191605856,16886400
1995-12-27,1.6259976625442505,1.6681702191605856,1.6213115051392208,1.6306832479434938,8371200
1995-12-28,1.5697671175003052,1.6259975711658847,1.5463374758034365,1.6259975711658847,13913600
1995-12-29,1.611940860748291,1.6166270213465777,1.5369668672251147,1.5744538639867027,13036800
1996-01-02,1.6400550603866577,1.6400550603866577,1.583824601173401,1.6025680875778199,8492800
1996-01-03,1.560396432876587,1.64942775885729,1.5510246842467161,1.6400560102274193,12528000
1996-01-04,1.4947938919067383,1.574453453240287,1.4666786516703045,1.565081706494809,21673600
1996-01-05,1.5557092428207397,1.5697671424635677,1.4666779757706272,1.4830780960129089,22104000
1996-01-08,1.529937505722046,1.574453445547055,1.5275947120486306,1.5510243648008548,2376000
1996-01-09,1.4245046377182007,1.5416516866912868,1.4198190532022301,1.5416516866912868,21417600
1996-01-10,1.4338775873184204,1.5135377392836353,1.3846760484021718,1.4057623405082553,31032000
1996-01-11,1.5088508129119873,1.5229087151842888,1.4432486036549443,1.4432486036549443,15171200
1996-01-12,1.4245046377182007,1.5229082046160474,1.415132896680581,1.5088503070567785,24736000
1996-01-15,1.3448458909988403,1.4338771955704754,1.3307879854314215,1.4338771955704754,29424000
1996-01-16,1.4245046377182007,1.4338763787558204,1.3401589683796231,1.3589024504548626,26371200
1996-01-17,1.5088508129119873,1.5229087151842888,1.3963898827570564,1.410447785029358,31552000
1996-01-18,1.5229085683822632,1.5322803116584438,1.4385628788966374,1.5135368251060826,23241600
1996-01-19,1.611940860748291,1.6306843591290852,1.5322812786330042,1.5463386164155117,37392000
1996-01-22,1.6353689432144165,1.6541124235262974,1.565080606042051,1.6119393068217531,22272000
1996-01-23,1.6634849309921265,1.696285750665025,1.6072544641192525,1.6119400503557144,35382400
1996-01-24,1.7197155952453613,1.757202577463179,1.668170708692885,1.6775424542473394,26753600
1996-01-25,1.6775423288345337,1.7337727979574789,1.654113252702929,1.7290872115335225,20363200
1996-01-26,1.6494271755218506,1.6822285701289479,1.6400554302063854,1.6775424114682456,11142400
1996-01-29,1.7150295972824097,1.7290875029352695,1.6447417850361346,1.6447417850361346,15560000
1996-01-30,1.738458514213562,1.7618875843860249,1.672856316922593,1.7103432868031465,24436800
1996-01-31,1.6775423288345337,1.7525162876651275,1.6634849975567532,1.7337727979574789,29036800
1996-02-01,1.7290871143341064,1.757202347315101,1.6400552572246838,1.6775422345326767,22739200
1996-02-02,1.7900035381317139,1.8649775083152411,1.7759462047253014,1.7900035381317136,41913600
1996-02-05,1.8134328126907349,1.8321763013386707,1.775945835394863,1.8274901431737471,21379200
1996-02-06,1.8321764469146729,1.8509199370518772,1.8040612117088666,1.8181185433088074,31539200
1996-02-07,1.7900035381317139,1.8368622694964183,1.7806317918587728,1.8181187769505365,15115200
1996-02-08,1.799375295639038,1.8181187883019447,1.7712600566446781,1.7900035493075848,16755200
1996-02-09,1.82280433177948,1.8415478181113727,1.7900029446957633,1.7993746878617096,12729600
1996-02-12,1.7712595462799072,1.8321761658850448,1.7712595462799072,1.8134326786228234,9035200
1996-02-13,1.733772873878479,1.7759460135703833,1.724401128614271,1.733772873878479,15977600
1996-02-14,1.7431437969207764,1.76657343503276,1.7009712491271394,1.7384582125017796,13000000
1996-02-15,1.7618882656097412,1.780631757797079,1.729087440284894,1.7478309324722316,9307200
1996-02-16,1.775945782661438,1.7853175267071293,1.7384588064786726,1.7618878805899698,8427200
1996-02-20,1.6822288036346436,1.7618883638704579,1.6634853104019791,1.7572027765653013,19419200
1996-02-21,1.7290871143341064,1.757202347315101,1.6822283926991155,1.696285723186673,15246400
1996-02-22,1.6306829452514648,1.7337720969627644,1.6213112041868014,1.724400355898101,35987200
1996-02-23,1.5931963920593262,1.6775420834036434,1.588510806320889,1.6447412672171007,23536000
1996-02-26,1.6353689432144165,1.649426267445515,1.5885102424347144,1.597881982590655,17457600
1996-02-27,1.621312141418457,1.64942738086502,1.6166265541803686,1.6400556343828323,8784000
1996-02-28,1.513537049293518,1.6119400822661158,1.4994791462940613,1.6119400822661158,37529600
1996-02-29,1.4783926010131836,1.5041650372604796,1.4713636507628667,1.5041650372604796,26376000
1996-03-01,1.499479055404663,1.5088507995009421,1.4713638231158257,1.485421725263177,21459200
1996-03-04,1.499479055404663,1.5182225435972214,1.494793469359456,1.5135369575520143,7963200
1996-03-05,1.4901072978973389,1.5463377619689367,1.480735553885406,1.4994790419092718,19587200
1996-03-06,1.4619921445846558,1.5088508671674974,1.4479348138127488,1.5041652809121586,11872000
1996-03-07,1.4268481731414795,1.4713641092574508,1.4104480467879967,1.4666785223010204,14608000
1996-03-08,1.3729605674743652,1.4198192801525729,1.344845339867441,1.4057613803462257,38542400
1996-03-11,1.452620267868042,1.452620267868042,1.3729607327298106,1.3776463185587235,26214400
1996-03-12,1.4807353019714355,1.4901070443889763,1.3776461353784877,1.4385627470953837,28897600
1996-03-13,1.4573063850402832,1.518222431151474,1.4338767405319477,1.518222431151474,22216000
1996-03-14,1.4151334762573242,1.4947935937052292,1.4104478898223425,1.4619922006367057,13638400
1996-03-15,1.40576171875,1.4291913667321203,1.3963899739583332,1.4198196219404537,12115200
1996-03-18,1.466678500175476,1.4807358328386822,1.410448025510716,1.4151336123964622,15302400
1996-03-19,1.4291911125183105,1.4760498281417664,1.424504954953062,1.4760498281417664,8465600
1996-03-20,1.3917045593261719,1.433877130090552,1.3917045593261719,1.433877130090552,12539200
1996-03-21,1.363588571548462,1.410447275519102,1.3542168307543339,1.401075534724974,16806400
1996-03-22,1.4713634252548218,1.4760495820387434,1.3682742680713629,1.3729604248552845,26312000
1996-03-25,1.499479055404663,1.5322804457445727,1.4385630047817812,1.499479055404663,35315200
1996-03-26,1.513537049293518,1.5229087939578558,1.4807356569653856,1.4994791462940613,23388800
1996-03-27,1.5510241985321045,1.5697676899221846,1.508851056901443,1.5275945482915232,27089600
1996-03-28,1.5557092428207397,1.5791388848901988,1.522908430330413,1.5463375003941087,19977600
1996-03-29,1.5557092428207397,1.5650809852473706,1.541651915183675,1.5650809852473706,11832000
1996-04-01,1.4947938919067383,1.5557099597493311,1.4666786516703045,1.5510243723796056,12520000
1996-04-02,1.5463374853134155,1.5603953848191436,1.4666779614668155,1.5088505159724843,16257600
1996-04-03,1.5322805643081665,1.569767543593921,1.5135370746652894,1.5369661507159311,9969600
1996-04-04,1.5229085683822632,1.551023798210805,1.5182224107412652,1.5275941540174458,7134400
1996-04-08,1.4854216575622559,1.5088507307321963,1.452620268717332,1.4760499138931118,17875200
1996-04-09,1.4713634252548218,1.490106908379087,1.4479343573523455,1.490106908379087,12236800
1996-04-10,1.504164457321167,1.555708737936765,1.4619913440851526,1.471363083470314,15780800
1996-04-11,1.4807353019714355,1.5088505292240577,1.4619918171363542,1.5088505292240577,7171200
1996-04-12,1.4924497604370117,1.5041648668623357,1.471363484080602,1.4901069679542402,5267200
1996-04-15,1.4713634252548218,1.5182221330654848,1.4713634252548218,1.4994786499412196,11254400
1996-04-16,1.2370699644088745,1.279243090107505,1.1714677693265858,1.2136408950252162,143841600
1996-04-17,1.1855255365371704,1.26987120653566,1.1855255365371704,1.2558133088664036,45304000
1996-04-18,1.148038387298584,1.2276978879163125,1.1386666476961693,1.2089544087114834,45561600
1996-04-19,1.2370699644088745,1.251127863643667,1.1574104420975402,1.1808395114811985,39054400
1996-04-22,1.2323840856552124,1.2651848893769961,1.1995827099278185,1.255813149455685,19446400
1996-04-23,1.363588571548462,1.363588571548462,1.2839284887955416,1.2979863859895655,43006400
1996-04-24,1.4245046377182007,1.4338763787558204,1.3682741914924823,1.4057611556429612,32998400
1996-04-25,1.4479340314865112,1.4573057709394803,1.3917035947686969,1.4198188131276042,27398400
1996-04-26,1.513537049293518,1.5229087939578558,1.4713639123010476,1.4854218153005043,35430400
1996-04-29,1.4760499000549316,1.508850716586504,1.4619919986800909,1.5041651307987796,17545600
1996-04-30,1.452620267868042,1.4619920115317067,1.4338767805407122,1.4619920115317067,19870400
1996-05-01,1.4713634252548218,1.485421323600876,1.443248200568424,1.4526199421305566,10657600
1996-05-02,1.443247675895691,1.485420783596693,1.4198186165105253,1.4666773072863595,19124800
1996-05-03,1.4479340314865112,1.471363094116143,1.4338761363042667,1.4526196152102049,9352000
1996-05-06,1.4291911125183105,1.4526201843271356,1.4198193693936192,1.4385628556430017,16435200
1996-05-07,1.513537049293518,1.5275943802870748,1.433876933643696,1.433876933643696,25961600
1996-05-08,1.499479055404663,1.5135369575520143,1.4573064929743396,1.499479055404663,14857600
1996-05-09,1.504164457321167,1.5229079360914894,1.4854209785508445,1.4994783016257975,9179200
1996-05-10,1.597882628440857,1.6025682144098876,1.508850774970713,1.5229086768895173,30840000
1996-05-13,1.6775423288345337,1.696285818542182,1.6259980181414562,1.6259980181414562,44307200
1996-05-14,1.825731873512268,1.836860957262385,1.7290862381196828,1.7525153010615613,65492800
1996-05-15,1.7618882656097412,1.8274904882654233,1.7572026785659005,1.8228049012215823,33441600
1996-05-16,1.8368618488311768,1.8368618488311768,1.7665740538839378,1.7759457980106275,37523200
1996-05-17,1.8837205171585083,1.9446371382934255,1.8368617978262072,1.8368617978262072,55120000
1996-05-20,1.8649765253067017,1.9071496473089478,1.8321757166433517,1.8977779059757482,31113600
1996-05-21,1.8696635961532593,1.8790353420687997,1.8462339453614207,1.8743491831080414,18409600
1996-05-22,1.8415474891662598,1.8790344551339628,1.8368613324174439,1.869662713642037,18188800
1996-05-23,1.8181179761886597,1.827489718333962,1.794688906828277,1.827489718333962,16372800
1996-05-24,1.850919246673584,1.8556048314572364,1.7759453140894532,1.818117865165171,17004800
1996-05-28,1.8134328126907349,1.897778511606446,1.7946893240427988,1.8649771204696188,16513600
1996-05-29,1.8415474891662598,1.8462330739093695,1.7853170402147054,1.8087461079416667,22398400
1996-05-30,1.9352648258209229,1.9352648258209229,1.7993742936807342,1.836861258132416,35358400
1996-05-31,2.0406980514526367,2.043040845200209,1.8790355587674334,1.9399516282405653,42230400
1996-06-03,1.9399505853652954,2.0008671940970246,1.9399505853652954,1.9961810371150142,27022400
1996-06-04,1.9774376153945923,1.9961810999007024,1.9399506463823726,1.9399506463823726,18960000
1996-06-05,1.9540092945098877,1.9727527861982033,1.939951389740665,1.9680666272731384,15360000
1996-06-06,1.9165217876434326,2.0008674772021844,1.9165217876434324,1.9680660897042062,21937600
1996-06-07,1.9540092945098877,1.9540092945098877,1.8509200902241518,1.8743491688315603,21294400
1996-06-10,1.9399505853652954,1.9680658112401548,1.930578843407009,1.9493223273235818,16548800
1996-06-11,1.9024641513824463,1.9493228743229007,1.8743489176181738,1.9493228743229007,16644800
1996-06-12,1.9165217876434326,1.9493226031355948,1.902463886714066,1.902463886714066,6488000
1996-06-13,1.8837205171585083,1.9165219066940449,1.8696631873617435,1.911835748757889,8696000
1996-06-14,1.8087466955184937,1.8837206518094156,1.8087466955184937,1.8837206518094156,13588800
1996-06-17,1.7806323766708374,1.827491123425333,1.7384597905948842,1.818119374074434,22427200
1996-06-18,1.7244017124176025,1.79937569991402,1.6634856335798283,1.7665748663874024,57785600
1996-06-19,1.7806323766708374,1.818119374074434,1.7244018805654424,1.7478315399457833,27998400
1996-06-20,1.9821234941482544,1.9868090786138468,1.74782997072681,1.8415473800953877,52977600
1996-06-21,1.9914958477020264,2.0383545668008285,1.9774379459694613,2.0055531774287427,52729600
1996-06-24,1.9352648258209229,1.9821235313855252,1.9258930847080022,1.9821235313855252,17057600
1996-06-25,1.8790346384048462,1.9446368352468102,1.864976738792973,1.9352650928408153,20724800
1996-06-26,1.9258933067321777,1.9305788918259683,1.8228041426055483,1.8696628535721982,31371200
1996-06-27,1.9258933067321777,1.9399506340192982,1.8696628535721982,1.9258933067321777,14491200
1996-06-28,1.9914958477020264,1.9961814336089823,1.9258936409637029,1.930579226870659,21310400
1996-07-01,1.9633806943893433,1.9821241827748937,1.9305793037116943,1.9727524385821185,13097600
1996-07-02,1.944637417793274,1.9680664948239255,1.9399512591835837,1.9633809082201685,8155200
1996-07-03,1.9165217876434326,1.9540087607806556,1.8930921434297603,1.9446370174963497,8190400
1996-07-05,1.8649765253067017,1.9024634906394997,1.8368613013071031,1.8837200079731007,9510400
1996-07-08,1.8415474891662598,1.8930917813689982,1.8274895909255182,1.864976556893221,11395200
1996-07-09,1.8837205171585083,1.8977784189611242,1.8228044680294424,1.8556052855591276,21286400
1996-07-10,1.8134328126907349,1.8509197899866066,1.785317579718831,1.836861887497715,22508800
1996-07-11,1.7103437185287476,1.8040611668863251,1.6681705807648823,1.7993750084654911,33707200
1996-07-12,1.6400550603866577,1.7150290060043336,1.6353694747884584,1.7150290060043336,26716800
1996-07-15,1.504164457321167,1.6447405480985855,1.480734822855475,1.6447405480985855,42353600
1996-07-16,1.597882628440857,1.6025682144098876,1.4947934450577647,1.5041651890016823,47344000
1996-07-17,1.5275938510894775,1.6587982309376534,1.5088503682540237,1.6494264895199267,34089600
1996-07-18,1.5838247537612915,1.6072544000269655,1.5275942891307133,1.5369660332358095,33297600
1996-07-19,1.452620267868042,1.5744529354956842,1.443248524204377,1.5744529354956842,25272000
1996-07-22,1.5463374853134155,1.5603953848191436,1.3635887957792543,1.4479344767963498,47971200
1996-07-23,1.5463374853134155,1.6634845505067046,1.532280157813445,1.5697671271543765,57006400
1996-07-24,1.6166260242462158,1.644741254476534,1.4713637153866594,1.4901072022068715,42883200
1996-07-25,1.5931963920593262,1.6634847541825044,1.5697673193554853,1.6306833659901339,23102400
1996-07-26,1.6259976625442505,1.6447411481527965,1.5791389485228857,1.6072541769357045,12388800
1996-07-29,1.621312141418457,1.6869143667937703,1.588511314733806,1.621312141418457,14081600
1996-07-30,1.5697671175003052,1.6447410557210778,1.5650809603586298,1.6259975711658847,16720000
1996-07-31,1.6259976625442505,1.6494267335520396,1.546337562705037,1.574452791117856,19780800
1996-08-01,1.6634849309921265,1.6869140061862127,1.616626208598065,1.6353696975556895,15782400
1996-08-02,1.738458514213562,1.7478302566837003,1.672856316922593,1.677541902154779,16334400
1996-08-05,1.7244017124176025,1.7900039514769677,1.7197161242021415,1.752516957728759,13508800
1996-08-06,1.7900035381317139,1.7946896972711832,1.6962860754023046,1.729087473360597,20044800
1996-08-07,1.8040605783462524,1.8602910290166959,1.7946888365678453,1.799374421454187,22260800
1996-08-08,1.7712595462799072,1.8134326786228234,1.7618878026487967,1.804060934991713,7894400
1996-08-09,1.7244017124176025,1.7900039514769677,1.7150299639805502,1.7712604546028634,14443200
1996-08-12,1.752515435218811,1.7853168122551348,1.7197146301881205,1.7244002143329478,17051200
1996-08-13,1.6728553771972656,1.7525148574419025,1.6447401655805505,1.733771383030759,25083200
1996-08-14,1.738458514213562,1.7384585142135618,1.6634845744524545,1.6822280593927312,16630400
1996-08-15,1.733772873878479,1.7384590325135514,1.705657638085855,1.724401128614271,7563200
1996-08-16,1.7431437969207764,1.7853169167200802,1.7384582125017796,1.7384582125017796,11692800
1996-08-19,1.686913251876831,1.7431436936060587,1.682227667735545,1.729086369176568,10457600
1996-08-20,1.6916000843048096,1.7244009024240758,1.6728565962349826,1.6962856703193354,7776000
1996-08-21,1.6775423288345337,1.6916002321182257,1.6587988391268853,1.6822284872644016,5171200
1996-08-22,1.7618882656097412,1.7618882656097412,1.6822287098165498,1.6869142968603907,13097600
1996-08-23,1.7197155952453613,1.757202577463179,1.710343849690907,1.7525164186829747,8025600
1996-08-26,1.6916000843048096,1.7337726464589893,1.682228340269896,1.7337726464589893,6489600
1996-08-27,1.7150295972824097,1.747830995801744,1.700972263635558,1.700972263635558,8584000
1996-08-28,1.6681708097457886,1.7150295403566254,1.6681708097457886,1.7150295403566254,7022400
1996-08-29,1.6447420120239258,1.6775428430640338,1.6447420120239258,1.67285725520377,9768000
1996-08-30,1.6259976625442505,1.6587984763563126,1.6166259197399775,1.6494267335520396,8644800
1996-09-03,1.5931963920593262,1.602568135542028,1.5510238323900813,1.5697673193554853,17376000
1996-09-04,1.5463374853134155,1.6025679393248125,1.5275940006429498,1.588510611824842,13969600
1996-09-05,1.4947938919067383,1.565081706494809,1.490107732530986,1.53228087888865,28092800
1996-09-06,1.513537049293518,1.5463378696157506,1.4666783259718286,1.4947935599648423,36683200
1996-09-09,1.5697671175003052,1.5697671175003052,1.5182222489706467,1.5182222489706467,16582400
1996-09-10,1.5275938510894775,1.5978821977252797,1.5275938510894775,1.5791387148898262,11500800
1996-09-11,1.466678500175476,1.5229089748402362,1.452620595506302,1.5088510701710622,21310400
1996-09-12,1.513537049293518,1.5744531036087643,1.4807356569653856,1.4807356569653856,21048000
1996-09-13,1.5557092428207397,1.5650809852473706,1.5182222731142159,1.5369657579674778,13369600
1996-09-16,1.4619921445846558,1.5650813342669072,1.4573065583293172,1.555709589750339,15323200
1996-09-17,1.4245046377182007,1.4947929815031882,1.377645932530102,1.4666777583903288,57742400
1996-09-18,1.4947938919067383,1.5135373853976941,1.4245055053126405,1.4291916646883929,27222400
1996-09-19,1.499479055404663,1.5135369575520143,1.485421725263177,1.494793469359456,13990400
1996-09-20,1.4947938919067383,1.5088512260219415,1.4854221451612604,1.4947938919067383,16896000
1996-09-23,1.4573063850402832,1.4947933586489615,1.4432484839341173,1.4854216152467918,7364800
1996-09-24,1.452620267868042,1.4713637551953715,1.4151332932133827,1.452620267868042,17020800
1996-09-25,1.466678500175476,1.466678500175476,1.429191517065636,1.457306754398016,9340800
1996-09-26,1.560396432876587,1.5885116787662,1.4666789465778773,1.4713645348897417,36803200
1996-09-27,1.633025884628296,1.6634844748365925,1.5650808987900415,1.5697670557473684,37556800
1996-09-30,1.5931963920593262,1.6447412672171007,1.5791390628381872,1.6353695237343986,21129600
1996-10-01,1.5557092428207397,1.5885106273168297,1.522908430330413,1.5838244701006325,15995200
1996-10-02,1.4877638816833496,1.6025675547377165,1.4666776094908374,1.5650805943929746,23164800
1996-10-03,1.443247675895691,1.5322794743725272,1.443247675895691,1.5275933192921924,32803200
1996-10-04,1.4479340314865112,1.4854209892983876,1.4385622920335421,1.471363094116143,27793600
1996-10-07,1.4573063850402832,1.4760498718446222,1.4291911548337743,1.4479346416381136,12899200
1996-10-08,1.4291911125183105,1.480735413701209,1.424504954953062,1.4573063418923842,15424000
1996-10-09,1.40576171875,1.4573066011071203,1.3963899739583332,1.4432486979166665,20025600
1996-10-10,1.4198192358016968,1.4338765631631654,1.3963895941915794,1.4057613364344759,10830400
1996-10-11,1.5510241985321045,1.5697676899221846,1.424505345646083,1.433877091341123,21408000
1996-10-14,1.4573063850402832,1.5744528915644915,1.4432484839341173,1.5510238190619792,22000000
1996-10-15,1.4291911125183105,1.4760498281417664,1.4151332118283706,1.4713636705765178,19444800
1996-10-16,1.4151334762573242,1.4385631244499715,1.3917044000705898,1.4385631244499715,17190400
1996-10-17,1.40576171875,1.4291913667321203,1.3963899739583332,1.4245052083333332,12664000
1996-10-18,1.3870171308517456,1.4151323429636053,1.382331548169163,1.4104467602810227,11342400
1996-10-21,1.3589026927947998,1.3917040782789438,1.3261018793164363,1.3870179209215887,25182400
1996-10-22,1.4104472398757935,1.4291907209903842,1.3448450559747251,1.363588537089316,19603200
1996-10-23,1.4198192358016968,1.4432483054060619,1.3682743674628899,1.4198192358016966,20401600
1996-10-24,1.3870171308517456,1.4291902350222625,1.382331548169163,1.4245040803342253,11688000
1996-10-25,1.3963894844055176,1.4526199334419814,1.3917038996553326,1.3963894844055176,13833600
1996-10-28,1.4010759592056274,1.4245050322863664,1.3917042155721646,1.4057615450194405,9022400
1996-10-29,1.4151334762573242,1.4291913795740951,1.3917044000705898,1.4104478898223425,13200000
1996-10-30,1.4338775873184204,1.4432493362551422,1.4104485009796965,1.4245058383816989,10728000
1996-10-31,1.4901072978973389,1.4994790419092718,1.4338768338257413,1.4338768338257413,18766400
1996-11-01,1.504164457321167,1.5135361967063283,1.4901065622406364,1.4947927179360059,17422400
1996-11-04,1.466678500175476,1.5041654832853162,1.461992341283762,1.5041654832853162,11406400
1996-11-05,1.4760499000549316,1.5041651307987796,1.4432485115175255,1.4619919986800909,11515200
1996-11-06,1.499479055404663,1.5275942876935005,1.4666782370706186,1.485421725263177,15374400
1996-11-07,1.560396432876587,1.560396432876587,1.4901080321494837,1.4947941924674901,15059200
1996-11-08,1.5931963920593262,1.597882549803591,1.5510238323900813,1.5603955758727832,26556800
1996-11-11,1.6775423288345337,1.7056575633960063,1.5931966251501157,1.5978827835799836,57864000
1996-11-12,1.6353689432144165,1.7197146046178804,1.630682787133634,1.6869132280692767,29088000
1996-11-13,1.6400550603866577,1.6587985467910769,1.60725424518183,1.644741217990668,22776000
1996-11-14,1.7244017124176025,1.7337734608546547,1.6353703882686716,1.6400559764841327,45713600
1996-11-15,1.6400550603866577,1.7525159788131714,1.6306833171844484,1.7337724924087525,35758400
1996-11-18,1.5697671175003052,1.7103432516642538,1.5603953752227087,1.6447410557210778,41027200
1996-11-19,1.5931963920593262,1.6166260367689949,1.5369659311631145,1.5603955758727832,35056000
1996-11-20,1.5369659662246704,1.6025681721001135,1.5275942225281784,1.5931964284036217,22491200
1996-11-21,1.5416522026062012,1.5603956909539614,1.5041652259106812,1.5463377886902063,18113600
1996-11-22,1.5650813579559326,1.5791392609465105,1.5463378686390952,1.5510240269712543,12046400
1996-11-25,1.574452519416809,1.6306829665388378,1.5557090370427993,1.5697669348261505,18534400
1996-11-26,1.5416522026062012,1.6166261559972417,1.5322804584323213,1.5744530212118464,19574400
1996-11-27,1.607255458831787,1.6119410479681082,1.494794455485175,1.5369670457370332,22436800
1996-11-29,1.574452519416809,1.6213112253518331,1.5603951936391456,1.6166256407611745,4672000
1996-12-02,1.5791393518447876,1.6119401740343815,1.536966212451387,1.56508144804501,18884800
1996-12-03,1.4807353019714355,1.6119396958170058,1.4807353019714355,1.5931962109819244,37678400
1996-12-04,1.4854216575622559,1.5416521195771202,1.452620268717332,1.4854216575622559,71742400
1996-12-05,1.466678500175476,1.5603959579500761,1.447935008620556,1.4901075786161422,41308800
1996-12-06,1.5182222127914429,1.5322801118757152,1.424504792248761,1.424504792248761,45072000
1996-12-09,1.5088508129119873,1.555709533809875,1.492450117596259,1.5463377896302974,19052800
1996-12-10,1.4807353019714355,1.532280171270791,1.4760497167655466,1.5088505292240577,21022400
1996-12-11,1.4854216575622559,1.504165144900544,1.452620268717332,1.4666781702239677,20329600
1996-12-12,1.466678500175476,1.5229089748402362,1.461992341283762,1.5041654832853162,15465600
1996-12-13,1.4807353019714355,1.494793201600628,1.4432483323012726,1.4666779743480058,17728000
1996-12-16,1.4573063850402832,1.5135368454533007,1.4432484839341173,1.504165102051131,11011200
1996-12-17,1.4760499000549316,1.494793387217497,1.4479346693110837,1.452620255098808,11899200
1996-12-18,1.4947938919067383,1.5088512260219415,1.4854221451612604,1.490107732530986,11708800
1996-12-19,1.5275938510894775,1.5369655925072043,1.4947930421302844,1.5088503682540237,20688000
1996-12-20,1.499479055404663,1.5322804457445727,1.485421725263177,1.5322804457445727,13584000
1996-12-23,1.504164457321167,1.51822178039612,1.4901065622406364,1.504164457321167,8267200
1996-12-24,1.5229085683822632,1.5229085683822632,1.499478924188904,1.5088506674650846,7004800
1996-12-26,1.5182222127914429,1.527593954845711,1.5041648857129108,1.5182222127914429,7563200
1996-12-27,1.5182222127914429,1.5322801118757152,1.5088504707371746,1.513536627767179,3379200
1996-12-30,1.5182222127914429,1.5369656968999792,1.5182222127914429,1.527593954845711,9651200
1996-12-31,1.4947938919067383,1.5041656386522162,1.4666786516703045,1.490107732530986,10406400
1997-01-02,1.4760499000549316,1.5135368743800621,1.4713637422613735,1.508850716586504,9158400
1997-01-03,1.4947938919067383,1.5088512260219415,1.4854221451612604,1.4854221451612604,8451200
1997-01-06,1.4901072978973389,1.4994790419092718,1.4666782238704366,1.4994790419092718,9488000
1997-01-07,1.5275938510894775,1.5322800078011918,1.4713634025831164,1.4760495592948306,16086400
1997-01-08,1.5416522026062012,1.5744530212118464,1.5275943003424464,1.5275943003424464,16952000
1997-01-09,1.5791393518447876,1.5978828422405364,1.536966212451387,1.5463379576492613,21212800
1997-01-10,1.6681708097457886,1.682228714932034,1.5697677614660257,1.574453348524115,51009600
1997-01-13,1.6353689432144165,1.6775414879133361,1.6353689432144165,1.6728559038381783,13628800
1997-01-14,1.7290871143341064,1.7290871143341064,1.6400552572246838,1.6400552572246838,29827200
1997-01-15,1.733772873878479,1.7572025230419672,1.696285892821647,1.724401128614271,24625600
1997-01-16,1.8556050062179565,1.8790346483599547,1.7337723542945553,1.7337723542945553,45131200
1997-01-17,1.8368618488311768,1.8743488253379355,1.8087466164511077,1.8556053370845562,43844800
1997-01-20,1.9680664539337158,1.9774381989524479,1.8462337686902002,1.8462337686902002,54544000
1997-01-21,2.1273856163024902,2.132071773706931,1.9352651748419427,1.9586942458467862,52169600
1997-01-22,2.2117316722869873,2.2164178304769773,2.1273859729201106,2.1320721311101005,64054400
1997-01-23,2.1601874828338623,2.2539049317202355,2.136757834609312,2.207046207277049,59804800
1997-01-24,2.0945851802825928,2.1789308807233843,2.0898990220329376,2.141443902749699,41155200
1997-01-27,2.0149247646331787,2.0898987093637156,1.9961812784505444,2.085213123820959,28304000
1997-01-28,2.0430405139923096,2.1039571455959725,2.03835492725677,2.0430405139923096,18979200
1997-01-29,2.0289838314056396,2.0524129165965985,1.9961824257309384,2.0512415910384303,14476800
1997-01-30,2.089899778366089,2.0992715262511386,2.014925795285691,2.028983703116314,22635200
1997-01-31,2.099270820617676,2.155501289027078,2.0852134895182775,2.1227004684578787,16606400
1997-02-03,2.099270820617676,2.1133287237229785,2.0664700000484766,2.099270820617676,12220800
1997-02-04,2.0945851802825928,2.1180142555132013,2.0758416912957505,2.0992707665263586,11995200
1997-02-05,2.0336689949035645,2.089899474025322,2.0196116611261314,2.085213886768182,19740800
1997-02-06,2.0617835521698,2.0805270390077073,2.028982736206374,2.033668321912939,21740800
1997-02-07,2.1742451190948486,2.1883030244023383,2.0805276570648985,2.0898994032678933,43507200
1997-02-10,2.16955828666687,2.1929873527230446,2.1180134261342225,2.1929873527230446,23324800
1997-02-11,2.1742451190948486,2.1742451190948486,2.132072547184368,2.1742451190948486,19740800
1997-02-12,2.366365432739258,2.366365432739258,2.174244412050828,2.174244412050828,51985600
1997-02-13,2.300762891769409,2.389794152629204,2.2867049931040224,2.3804224108541874,37344000
1997-02-14,2.244532823562622,2.3148206128486377,2.2117314357582125,2.3148206128486377,26534400
1997-02-18,2.202359914779663,2.258590380688931,2.1883025843052852,2.253904794532765,33000000
1997-02-19,2.1812729835510254,2.2164171572809637,2.174244034403896,2.202359258986705,24257600
1997-02-20,2.103957176208496,2.1461297454657613,2.0664701937549457,2.108642763012211,46198400
1997-02-21,2.0430405139923096,2.141444127504088,2.0430405139923096,2.1180144778085412,34073600
1997-02-24,2.047725200653076,2.0805260002396713,2.0196099844336213,2.0289817231734397,23523200
1997-02-25,2.150815725326538,2.169559214993846,2.052412118570216,2.080527353071178,47080000
1997-02-26,2.1414434909820557,2.183616047090353,2.075841292142431,2.1789304617475556,34897600
1997-02-27,2.1133289337158203,2.1742449945427,2.108642774879774,2.1414441707142173,25608000
1997-02-28,2.0875558853149414,2.1133283214313714,2.061783449198511,2.103956578480469,14212800
1997-03-03,2.1273856163024902,2.15081525931312,2.099270387893206,2.099270387893206,19128000
1997-03-04,2.1929876804351807,2.2070455797741793,2.1367572270906887,2.1461289693147707,27152000
1997-03-05,2.347623109817505,2.3569948576171633,2.1976751450229686,2.2164186406222854,53811200
1997-03-06,2.225789785385132,2.3429363151391196,2.174244900449103,2.333564569878563,65582400
1997-03-07,2.202359914779663,2.2726482831691874,2.174244681825029,2.235161305896342,23433600
1997-03-10,2.2304751873016357,2.253904834515732,2.1883026231245073,2.2164178565778894,14097600
1997-03-11,2.2351601123809814,2.2492174353491268,2.2257883730670267,2.2351601123809814,11518400
1997-03-12,2.19767427444458,2.2585903250082606,2.160187298095895,2.245118442882952,20787200
1997-03-13,2.2164182662963867,2.239847345835603,2.174245122317405,2.1883030276457305,22342400
1997-03-14,2.2164182662963867,2.2304755996187176,2.192988614751176,2.221103853401832,11364800
1997-03-17,2.164872407913208,2.235160759108065,2.1320715968264836,2.2117311180412,21299200
1997-03-18,2.1133289337158203,2.1742449945427,2.0852136967174233,2.1742449945427,21801600
1997-03-19,2.026639699935913,2.1133287696209098,2.0242969067027827,2.108642611148732,33318400
1997-03-20,2.1133289337158203,2.118014520545906,1.9914962400561,2.033668809550715,36152000
1997-03-21,2.136758327484131,2.192988809786345,2.113329245861231,2.127386580433762,25667200
1997-03-24,2.183616876602173,2.20704652823395,2.061784175332524,2.150816050724881,20723200
1997-03-25,2.2304751873016357,2.253904834515732,2.192988209363793,2.192988209363793,25484800
1997-03-26,2.2960762977600098,2.3241915177325816,2.2445320138131026,2.249217597805724,30076800
1997-03-27,2.244532823562622,2.296077126104924,2.2023596923863558,2.2913915404219063,21033600
1997-03-31,2.1133289337158203,2.2585907055378907,2.108642774879774,2.2445333730416728,28252800
1997-04-01,2.2187600135803223,2.2304745478258754,2.052411453671709,2.0758410941685406,31588800
1997-04-02,2.120357036590576,2.2211034323240453,2.0992707546016294,2.20704610166671,24473600
1997-04-03,2.150815725326538,2.211731780742334,2.118014332405794,2.122700490825576,31366400
1997-04-04,2.207045555114746,2.211731140171559,2.094584649682294,2.136757203216591,29027200
1997-04-07,2.2539050579071045,2.27264854873375,2.211731917544179,2.24921889919747,16676800
1997-04-08,2.1461286544799805,2.235160478550761,2.1273851727814654,2.1648721361784955,33113600
1997-04-09,2.136758327484131,2.1976749693145523,2.127386580433762,2.160187981113076,19585600
1997-04-10,2.108642339706421,2.146129314634535,2.0711553647783068,2.1320719850394134,25217600
1997-04-11,2.019610643386841,2.0992701626636245,2.00555274468757,2.0711549372708085,38212800
1997-04-14,2.0430405139923096,2.0898992413774544,2.000867945348654,2.0242970230382515,21889600
1997-04-15,2.047725200653076,2.0758404168725315,2.0289817231734397,2.066468678132713,18622400
1997-04-16,1.8977785110473633,2.0477264201866756,1.855605375598992,2.0477264201866756,58356800
1997-04-17,1.944637417793274,1.98680998525082,1.911836023543242,1.921207768756689,39065600
1997-04-18,1.8087466955184937,1.9727525109078317,1.8087466955184937,1.9727525109078317,55206400
1997-04-21,1.7056573629379272,1.879034908360364,1.6353695707978029,1.8181182879668014,79248000
1997-04-22,1.5885120630264282,1.6681716596468747,1.5463388979872716,1.6681716596468747,66555200
1997-04-23,1.6775423288345337,1.6869140736883579,1.5838248802962915,1.5931966251501157,48352000
1997-04-24,1.611940860748291,1.7337736002234525,1.6072552721561806,1.7244018510330554,33089600
1997-04-25,1.6916000843048096,1.785317524653944,1.6775421822495085,1.785317524653944,48457600
1997-04-28,1.684571623802185,1.7384593106957862,1.6775426707277963,1.7056579110193235,22569600
1997-04-29,1.696285367012024,1.7244005940895715,1.6775418822936592,1.7150288517303889,19382400
1997-04-30,1.752515435218811,1.7712589158093865,1.7056567337423723,1.7103428898928328,31956800
1997-05-01,1.8368618488311768,1.8368618488311768,1.7618878958176594,1.771259639944349,33721600
1997-05-02,1.8556050062179565,1.8649767486736029,1.7900028090284328,1.8368615213066641,37902400
1997-05-05,2.0008676052093506,2.0008676052093506,1.8602914469512881,1.8696631908351589,39363200
1997-05-06,1.9493225812911987,1.9961812971876218,1.9165217661666074,1.972752225242315,24468800
1997-05-07,1.9586939811706543,2.0149244303908644,1.9212070150238474,1.9352649133317545,22147200
1997-05-08,1.9399505853652954,2.0055527790733008,1.9258932584307331,1.9586940692818684,17244800
1997-05-09,1.9258933067321777,1.9727520176988276,1.888406337958858,1.9493223762126282,14755200
1997-05-12,1.8930916786193848,1.9305786425524418,1.8743481966528561,1.9212069015691775,25344000
1997-05-13,1.9024641513824463,1.9118358959705373,1.8743489176181738,1.8884068205032578,17512000
1997-05-14,1.8884068727493286,1.925893852138835,1.860291638207199,1.9165221072914584,13598400
1997-05-15,1.8790346384048462,1.9071498656228307,1.841547668780867,1.8837202236049626,13275200
1997-05-16,1.8602923154830933,1.8977793085204744,1.850920567223748,1.8696640637424387,12160000
1997-05-19,1.8907493352890015,1.9258935153218213,1.8509195696549048,1.8696630560716339,12809600
1997-05-20,1.9680664539337158,1.9774381989524479,1.864977258727664,1.89309249378386,19417600
1997-05-21,1.9774376153945923,2.0242963266598673,1.9680658731415375,1.9868093576476473,22801600
1997-05-22,1.979780912399292,2.0055533531633802,1.9493228853176778,2.000867766845854,18032000
1997-05-23,2.108642339706421,2.1180140834384495,1.982124085326957,1.9868096711900498,37350400
1997-05-27,2.099270820617676,2.1227004684578787,2.0711555864129747,2.103956978988078,14172800
1997-05-28,2.0617835521698,2.108642269264568,2.047726223044281,2.0992705258456144,14292800
1997-05-29,2.0008676052093506,2.061783654451585,1.9868097033806182,2.061783654451585,22345600
1997-05-30,1.8087466955184937,1.902464140882146,1.7712597173730327,1.7853176201805265,102067200
1997-06-02,1.7782890796661377,1.8228050195011458,1.7712601266382892,1.799375366743659,36332800
1997-06-03,1.745487093925476,1.7759456894802532,1.6915999974945222,1.771259531700352,33859200
1997-06-04,1.7478307485580444,1.7900033155389836,1.73377284489378,1.7665742387731123,23008000
1997-06-05,1.797032356262207,1.808746895224608,1.75720258058647,1.7712599129401603,14592000
1997-06-06,1.7501729726791382,1.7993744754919354,1.724400539013105,1.7525157651926664,35587200
1997-06-09,1.82280433177948,1.827489917359549,1.7478303864519087,1.761887715197924,18425600
1997-06-10,1.7478307485580444,1.850919944740918,1.7478307485580444,1.8368620410766534,30494400
1997-06-11,1.775945782661438,1.7900031127270437,1.7244009044072044,1.7478305505243639,14185600
1997-06-12,1.7689164876937866,1.8040606640334829,1.7337723113540902,1.775945437362876,14505600
1997-06-13,1.8064044713974,1.8228051725036796,1.7665746875730683,1.77126027531425,14926400
1997-06-16,1.7806323766708374,1.818119374074434,1.771260627319938,1.818119374074434,12033600
1997-06-17,1.8134328126907349,1.8274901431737471,1.775945835394863,1.7806314215539074,18944000
1997-06-18,1.799375295639038,1.855605773627758,1.799375295639038,1.8110898355518543,13700800
1997-06-19,1.8462331295013428,1.8462331295013428,1.7946888357465527,1.7993744206307503,17558400
1997-06-20,1.8649765253067017,1.8720054743080254,1.8228039753101521,1.8462330426403026,21867200
1997-06-23,1.8274905681610107,1.8743493006779597,1.8274905681610107,1.86497755417457,16472000
1997-06-24,1.874348759651184,1.8743487596511839,1.8368617844581603,1.8602914299567237,8475200
1997-06-25,1.8696635961532593,1.9540093093931212,1.8462339453614207,1.8790353420687997,29425600
1997-06-26,1.8392045497894287,1.9024639624792374,1.8321761710506577,1.8766915244195617,14796800
1997-06-27,1.9024641513824463,1.9071503096794395,1.8274901946777193,1.8462336838539013,18193600
1997-06-30,1.9071500301361084,1.9446370029937634,1.9071500301361082,1.916521773350522,21110400
1997-07-01,1.9352648258209229,1.9868091159391439,1.8977778613692409,1.91183518703578,19083200
1997-07-02,2.0313258171081543,2.0383547686705534,1.944637321191583,1.95400906593948,23163200
1997-07-03,2.0289838314056396,2.05709907683847,2.00086858597281,2.0336694196413787,13625600
1997-07-07,2.0430405139923096,2.0617840049463676,2.028983181779741,2.04069772062454,17265600
1997-07-08,1.9680664539337158,2.0570983176146305,1.9446373773898467,2.0524121591023037,18904000
1997-07-09,1.9914958477020264,2.0242966650682637,1.9891524827426998,1.9961814336089823,13179200
1997-07-10,2.0289838314056396,2.036012213759248,1.9868106772533283,2.0055541742085485,17782400
1997-07-11,2.0524113178253174,2.0711548001798867,2.0289822508849498,2.0336678354707485,18129600
1997-07-14,2.1250438690185547,2.1273866628704194,2.0524126835622107,2.0617844309757367,21622400
1997-07-15,2.0758414268493652,2.1320718866465604,2.0477261969507676,2.122700143347028,16964800
1997-07-16,2.012582302093506,2.0992707969108966,1.9493228828458327,2.0758417213411793,36796800
1997-07-17,1.9657227993011475,1.9914952298106665,1.9446365252504823,1.9914952298106665,27273600
1997-07-18,1.9891525506973267,1.9914959157367085,1.9305792928242709,1.954008939177014,17796800
1997-07-21,2.0102388858795166,2.0242962124632062,1.9586940203926395,2.005552729014473,17955200
1997-07-22,1.9352648258209229,2.043039562616667,1.8837199636970186,2.0289822369501276,50656000
1997-07-23,1.7946888208389282,1.8274896307730206,1.7618874388991173,1.7712591805953892,100868800
1997-07-24,1.7314302921295166,1.7993753105958263,1.686914353683587,1.7993753105958263,61756800
1997-07-25,1.733772873878479,1.780631600199519,1.7103437967209274,1.743144619142687,26771200
1997-07-28,1.7900035381317139,1.813433189817065,1.7384592196335378,1.7384592196335378,18680000
1997-07-29,1.7431437969207764,1.8040603984074002,1.7197147308144596,1.7900025011390768,21528000
1997-07-30,1.7361152172088623,1.7618876530069536,1.7150289388312367,1.7525159101718102,26433600
1997-07-31,1.733772873878479,1.743144619142687,1.708000431400423,1.7384590325135514,19920000
1997-08-01,1.775945782661438,1.7900031127270437,1.7244009044072044,1.7384588064786726,18065600
1997-08-04,1.7946888208389282,1.8134323042314722,1.7525156972028455,1.7806309222916612,20814400
1997-08-05,1.7946888208389282,1.8040605625352002,1.7759453374463845,1.8040605625352002,24188800
1997-08-06,1.7946888208389282,1.8181178890767487,1.7806309222916612,1.7946888208389284,16579200
1997-08-07,1.752515435218811,1.8040602928457103,1.752515435218811,1.8040602928457103,15753600
1997-08-08,1.7290871143341064,1.766574091642099,1.7244009561676676,1.7478306029881028,15332800
1997-08-11,1.7009719610214233,1.7572024296170752,1.6962858026354992,1.7431445264652092,16283200
1997-08-12,1.7244017124176025,1.7501741636210284,1.705658215543498,1.7103443757650891,10843200
1997-08-13,1.733772873878479,1.7665742683061754,1.715029383350063,1.752516364406895,11683200
1997-08-14,1.726744294166565,1.7431449949159448,1.7056580057779676,1.7384594072767277,8312000
1997-08-15,1.6892567873001099,1.726743764948966,1.6869139941985276,1.7244009718473836,12275200
1997-08-18,1.6423985958099365,1.705658034029584,1.621312307072077,1.7009724463127571,26033600
1997-08-19,1.7501729726791382,1.771259249312374,1.6705128791675101,1.6705128791675101,29705600
1997-08-20,1.775945782661438,1.7806313686813524,1.7384588064786726,1.7525161365442785,10849600
1997-08-21,1.7548582553863525,1.7829734767223382,1.7431437228311026,1.778287892502495,7676800
1997-08-22,1.733772873878479,1.752516364406895,1.7126865900354953,1.724401128614271,8427200
1997-08-25,1.7431437969207764,1.7572016941890998,1.7290864716581196,1.7384582125017796,9217600
1997-08-26,1.726744294166565,1.7431449949159448,1.719715912707739,1.7337732476314505,5764800
1997-08-27,1.7290871143341064,1.733772700494666,1.7056574675136713,1.7290871143341064,10694400
1997-08-28,1.7150295972824097,1.7290875029352695,1.6962861044159354,1.724401343715647,13148800
1997-08-29,1.733772873878479,1.752516364406895,1.7197155419851353,1.7197155419851353,17182400
1997-09-02,1.799375295639038,1.799375295639038,1.7384592304875923,1.7431448176503181,13928000
1997-09-03,1.8251475095748901,1.8649772834305938,1.780631577144788,1.7946894808620535,31659200
1997-09-04,1.8040605783462524,1.8274896467894086,1.7946888365678453,1.8181179050110015,6673600
1997-09-05,1.8720059394836426,1.87434873239768,1.8134326845976747,1.8181182704257497,17300800
1997-09-08,1.930578351020813,1.9657225174024433,1.8884058089673275,1.8884058089673275,35502400
1997-09-09,1.9048079252243042,1.935266539821734,1.8837216320462298,1.935266539821734,11281600
1997-09-10,1.9118362665176392,1.9446376649363861,1.897778932913895,1.9165224257228914,16352000
1997-09-11,1.9633806943893433,1.9914959269676689,1.9071502292326918,1.916521973425467,24284800
1997-09-12,1.95635187625885,1.9821243175427599,1.9118359453149891,1.9680664142948419,13200000
1997-09-15,1.9024641513824463,1.9774381080871732,1.9024641513824463,1.9680663634990825,14468800
1997-09-16,1.9399505853652954,1.944636742347306,1.9258932584307331,1.9258932584307331,18766400
1997-09-17,1.9376084804534912,1.9493230190569162,1.9024642926372788,1.9493230190569162,11502400
1997-09-18,1.9914958477020264,2.0008675915217866,1.9352653847834633,1.9399509706904194,21300800
1997-09-19,2.0383548736572266,2.05944115742458,1.9821244022736608,1.9914961475042552,38923200
1997-09-22,2.0945851802825928,2.0992707665263586,2.0383547133220654,2.0406975064439483,25875200
1997-09-23,2.099270820617676,2.103956978988078,2.075841744783377,2.0922418690650244,17630400
1997-09-24,2.108642339706421,2.1273858271704778,2.057098035183185,2.0898988522423636,24828800
1997-09-25,2.0711543560028076,2.122699207426474,2.0524108776679406,2.110984104463009,17084800
1997-09-26,2.1016132831573486,2.1180139768646122,2.061783517301835,2.0711552605622976,16816000
1997-09-29,2.3101348876953125,2.3218494232014337,2.1461291025864666,2.1461291025864666,79174400
1997-09-30,2.387451171875,2.4372386891291806,2.2913909692593277,2.3101344513309554,84574400
1997-10-01,2.3241922855377197,2.3757371585182723,2.2773335701034916,2.3663654154314266,38025600
1997-10-02,2.291391134262085,2.3335636859572477,2.26327590913007,2.3335636859572477,16030400
1997-10-03,2.417910099029541,2.427281843599423,2.3241926533307216,2.3335643979006035,30764800
1997-10-06,2.3944804668426514,2.4319674364057007,2.3757369820611265,2.4179095368166763,26235200
1997-10-07,2.4038524627685547,2.4553967653512623,2.3757372326309447,2.3991663050760423,26196800
1997-10-08,2.4272820949554443,2.441339999268974,2.375737780486394,2.4038530171074997,12011200
1997-10-09,2.4624252319335938,2.497569260657629,2.413223591719944,2.4179091762136444,21539200
1997-10-10,2.5303709506988525,2.5444288530945616,2.4507114104760856,2.4647687408659196,24230400
1997-10-13,2.5280277729034424,2.5631718065489553,2.506941352716135,2.5397421647824023,9697600
1997-10-14,2.502255916595459,2.5678581316372875,2.4600833500715296,2.525685565113358,23913600
1997-10-15,2.5069422721862793,2.5444292551572443,2.483512621826443,2.4975705264435377,11347200
1997-10-16,2.42962384223938,2.539742097410414,2.4225956077024717,2.5256847703279868,23556800
1997-10-17,2.305448293685913,2.4225953425792963,2.2960765526546694,2.408537445029592,40542400
1997-10-20,2.3944804668426514,2.399166052035152,2.258589916173717,2.3241921129090533,17443200
1997-10-21,2.3968234062194824,2.4366531708179417,2.3757371275503916,2.4085379419238886,13579200
1997-10-22,2.375737428665161,2.4179099913485382,2.3569939403601334,2.3804230147384837,14211200
1997-10-23,2.300762891769409,2.371050669079171,2.2867049931040224,2.3054484766540555,18308800
1997-10-24,2.2211034297943115,2.333564362948454,2.136757729928705,2.328878776736641,41254400
1997-10-27,2.0617835521698,2.2211031902920118,2.0430400653318928,2.2023597034541043,30124800
1997-10-28,2.225789785385132,2.230475372012442,1.9493230141957474,2.0102396443923327,57156800
1997-10-29,2.148472309112549,2.2492187066842555,2.0898990482941207,2.2445331203816115,29576000
1997-10-30,2.0336689949035645,2.1320726193696466,2.0242972483832715,2.071155980984736,26164800
1997-10-31,2.1133289337158203,2.1367580118781704,2.075841951051291,2.099271029213641,11475200
1997-11-03,2.2164182662963867,2.2304755996187176,2.16487337610052,2.1836168685342905,11739200
1997-11-04,2.3523080348968506,2.3569941934792915,2.1929883671946735,2.2117318575125764,23864000
1997-11-05,2.441340208053589,2.5256859251301926,2.3523083318030618,2.356994490976985,74908800
1997-11-06,2.314819812774658,2.455395914765022,2.314819812774658,2.4483668236626923,17020800
1997-11-07,2.3429362773895264,2.3569941810568267,2.24453323974213,2.272648475070804,19792000
1997-11-10,2.3640224933624268,2.4272819140465853,2.352307955311556,2.4179101692047067,16137600
1997-11-11,2.335907220840454,2.415567479705086,2.328878841327803,2.3991666404956224,13952000
1997-11-12,2.3241922855377197,2.4272814594930217,2.2632762414761247,2.3663654154314266,51224000
1997-11-13,2.4366536140441895,2.455397103382991,2.324192678011381,2.3710514013583843,44881600
1997-11-14,2.6170589923858643,2.6522033152516435,2.4741401951464095,2.4741401951464095,92296000
1997-11-17,2.5889437198638916,2.69671933645781,2.586601070114875,2.6709467571838386,35617600
1997-11-18,2.558486223220825,2.6522036672948484,2.549114478813423,2.586601456443032,30390400
1997-11-19,2.574887275695801,2.595973416360019,2.530371200062113,2.549114690432943,16102400
1997-11-20,2.6615757942199707,2.668604889538676,2.57723008243131,2.5866018281856054,30246400
1997-11-21,2.6100308895111084,2.6803186808019475,2.593630338142565,2.6803186808019475,20224000
1997-11-24,2.5116281509399414,2.605345619258596,2.5116281509399414,2.5866021255948652,20299200
1997-11-25,2.5631723403930664,2.5959731592909168,2.4741404839451335,2.525685363363595,31136000
1997-11-26,2.560828447341919,2.59128718360524,2.5303705690872813,2.5819154407567684,5392000
1997-11-28,2.539743185043335,2.572544582292275,2.5374005345287602,2.5538010901517336,2396800
1997-12-01,2.6568892002105713,2.659232135761019,2.567857363290684,2.5772291054924747,18614400
1997-12-02,2.54911470413208,2.6756335508180733,2.532713863966498,2.6240886660183174,36280000
1997-12-03,2.4577386379241943,2.525684327941163,2.3616785846696193,2.5116264313153094,67547200
1997-12-04,2.417910099029541,2.5116275447283605,2.408538354459659,2.4835123110187145,24408000
1997-12-05,2.5116281509399414,2.5303716446036724,2.3710519484619597,2.375738107880909,23337600
1997-12-08,2.5702006816864014,2.6264311495301063,2.525685466649367,2.5303710529667263,22460800
1997-12-09,2.441340208053589,2.5866019903491835,2.440168167754856,2.5584867513236484,26179200
1997-12-10,2.3429362773895264,2.436653728485107,2.282020220180362,2.436653728485107,69076800
1997-12-11,2.225789785385132,2.324192824618007,2.1601875685612364,2.31482107935745,62568000
1997-12-12,1.900120735168457,2.263275861876283,1.8884062012761291,2.258589705115927,180356800
1997-12-15,1.9071500301361084,1.9938385118679827,1.879034800492867,1.9868095614557195,73518400
1997-12-16,1.9680664539337158,2.0945852976895583,1.9352656323711146,1.9446373773898467,55036800
1997-12-17,1.932922601699829,2.0430407677328044,1.9212080614001141,2.024297274450852,33820800
1997-12-18,1.8415474891662598,1.9680657133044042,1.8368613324174439,1.9586939718124783,40369600
1997-12-19,1.799375295639038,1.855605773627758,1.7384592304875923,1.8040614548077656,52814400
1997-12-22,1.815775990486145,1.8790354210774327,1.7806317988236517,1.846234022990839,36022400
1997-12-23,1.7431437969207764,1.8415473617820406,1.7431437969207764,1.8415473617820406,31073600
1997-12-24,1.7173720598220825,1.7712597344264789,1.705657522040313,1.7712597344264789,17700800
1997-12-26,1.7361152172088623,1.7431441673366668,1.7197150962517025,1.726743474373719,11395200
1997-12-29,1.9118362665176392,1.9118362665176394,1.7853179760599163,1.7993753096636604,33779200
1997-12-30,1.9633806943893433,2.0149250014466715,1.8790349966543662,1.9071502292326918,34825600
1997-12-31,1.8930916786193848,2.043039534351613,1.8930916786193848,1.9797801397131605,38304000
1998-01-02,1.9422935247421265,1.9844666527466852,1.9165216614121061,1.921207246742736,23992000
1998-01-05,1.9633806943893433,2.0149250014466715,1.9446372060037929,1.9727524385821185,24339200
1998-01-06,1.9469796419143677,2.0149246318473124,1.9446368492973822,1.963380334244799,18283200
1998-01-07,1.7946888208389282,1.9071497211941912,1.7759453374463845,1.9024635643431957,77368000
1998-01-08,1.8134328126907349,1.8720060717140645,1.7618879329059716,1.7923459589573976,40539200
1998-01-09,1.7408015727996826,1.8228044749437269,1.719715292021625,1.8134327310417178,33051200
1998-01-12,1.7642308473587036,1.7946894475114592,1.6962858393370157,1.7197154877617569,35160000
1998-01-13,1.8251475095748901,1.8509199517192574,1.7993750674305227,1.804061226004921,27872000
1998-01-14,1.8251475095748901,1.8743490285734612,1.8181185577162573,1.8556055382877266,24870400
1998-01-15,1.7244017124176025,1.7853183632615068,1.7244017124176023,1.7853183632615068,37475200
1998-01-16,1.7244017124176025,1.7712604546028634,1.6869147186693936,1.7337734608546547,48825600
1998-01-20,1.7806323766708374,1.8321772841038755,1.7689178329837598,1.8134337854020772,43787200
1998-01-21,2.0289838314056396,2.04772732836086,1.9071511011967093,1.9352663466295394,117758400
1998-01-22,1.986810326576233,2.071156047987488,1.954009498697094,2.0196117264614037,73201600
1998-01-23,2.0406980514526367,2.05241259219654,2.0008682697197395,2.014925604211215,30686400
1998-01-26,1.944637417793274,2.0383548699277467,1.932922307272015,2.0336687113180565,29942400
1998-01-27,1.9680664539337158,2.014925179027376,1.9446373773898467,1.9540091224085787,35248000
1998-01-28,2.021954298019409,2.0617840746416767,1.9774383624972445,2.0008680129847933,25020800
1998-01-29,2.0172674655914307,2.09458477158016,1.9961811875971307,2.0336681582562317,31752000
1998-01-30,1.944637417793274,2.0430404565315037,1.9399512591835837,2.0289831247142995,37011200
1998-02-02,2.108642339706421,2.115671290506903,1.9914958290589855,2.000867572791014,59187200
1998-02-03,2.099270820617676,2.136757799557277,2.099270820617676,2.1227004684578787,40894400
1998-02-04,2.1391000747680664,2.174244252015447,2.066469499664116,2.0758412421297,36555200
1998-02-05,2.108642339706421,2.190645240363131,2.0945850101112993,2.164872802098592,28372800
1998-02-06,1.7900035381317139,1.8602919211817697,1.729087473360597,1.7337730604940682,242896000
1998-02-09,1.7876598834991455,1.8087461594550929,1.7572018657843635,1.7572018657843635,55147200
1998-02-10,1.738458514213562,1.7900028117964402,1.7337723569756096,1.782973861942395,49556800
1998-02-11,1.7712595462799072,1.8134326786228234,1.7337725717554648,1.7408015224802569,56574400
1998-02-12,1.7853176593780518,1.799374990488289,1.7454873152195856,1.7595452183357276,26593600
1998-02-13,1.745487093925476,1.7782884823672875,1.7431443010384418,1.771259531700352,21105600
1998-02-17,1.752515435218811,1.790002396399962,1.7478298510739838,1.790002396399962,16721600
1998-02-18,1.7782890796661377,1.790003620041869,1.7525166332347095,1.7665745392904064,18508800
1998-02-19,1.7712595462799072,1.7993747771732391,1.7618878026487967,1.7946891913606022,13468800
1998-02-20,1.7478307485580444,1.7853177289881803,1.7384590034505105,1.7853177289881803,22300800
1998-02-23,1.9258933067321777,1.9258933067321777,1.7665736894455688,1.780631016732689,79697600
1998-02-24,1.8813774585723877,1.939950706466678,1.876691301297844,1.9001209436590223,41009600
1998-02-25,1.9071500301361084,1.916521773350522,1.8884065437072808,1.91417840854256,23185600
1998-02-26,1.932922601699829,1.9493233013230427,1.9024645681181618,1.9071507274416601,19755200
1998-02-27,1.9118362665176392,1.9868102377536252,1.8884071865093968,1.9305797593266358,23444800
1998-03-02,1.8579484224319458,1.9305795938425605,1.8274903922296082,1.921207848241383,20929600
1998-03-03,1.8474044799804688,1.8696627960086458,1.827489671434221,1.8579476896233584,15209600
1998-03-04,1.8485771417617798,1.864977843690229,1.836862599815502,1.8415487597976736,11734400
1998-03-05,1.7853176593780518,1.8368619694567951,1.7853176593780518,1.8017177836723446,20108800
1998-03-06,1.8169467449188232,1.8462332976284912,1.761887613980489,1.7876600492077113,19249600
1998-03-09,1.7853176593780518,1.8556054589410482,1.7853176593780518,1.8228046383465577,14668800
1998-03-10,1.7946888208389282,1.8274896307730206,1.7759453374463845,1.8274896307730206,16099200
1998-03-11,1.850919246673584,1.8696627298196167,1.8040605388085023,1.8087461235921547,22347200
1998-03-12,1.8368618488311768,1.8649770812112458,1.8228045186440758,1.8602914951508345,13132800
1998-03-13,1.8017178773880005,1.8509199688478208,1.7993750840820855,1.8509199688478208,16169600
1998-03-16,1.8321764469146729,1.8485765717802831,1.7993750531716033,1.8321764469146729,12332800
1998-03-17,1.799375295639038,1.8368622809648514,1.7806318029761314,1.8321766938021256,13542400
1998-03-18,1.8204617500305176,1.8251479096320828,1.7806319674444577,1.785318127046023,11408000
1998-03-19,1.8204617500305176,1.8274907034298382,1.79937546183861,1.8228051158343272,9052800
1998-03-20,1.7900035381317139,1.8368622694964183,1.7853179509982424,1.8274905232234775,13064000
1998-03-23,1.799375295639038,1.8204615818833076,1.7829745965574944,1.8181187883019447,12537600
1998-03-24,1.7853176593780518,1.7900032457461625,1.7642308047038384,1.780631501004036,21945600
1998-03-25,1.8134328126907349,1.836861887497715,1.7946893240427988,1.7993749102018433,21931200
1998-03-26,1.8438900709152222,1.8696625000755294,1.8040603171256098,1.8064031092295538,29443200
1998-03-27,1.8720059394836426,1.8977783775555703,1.8462335014117148,1.8509196592456283,25132800
1998-03-30,1.8579484224319458,1.883720865836673,1.822804805431998,1.8743491202354956,18193600
1998-03-31,2.0055525302886963,2.007895322486216,1.9165212787319832,1.9258930195277248,70302400
1998-04-01,2.0078964233398438,2.0289832806956363,1.9586949001882832,1.9821245510260599,39075200
1998-04-02,2.0055525302886963,2.0149242710844377,1.9727517235064327,1.9868090486972132,21516800
1998-04-03,2.089899778366089,2.118015022021238,2.05241278682589,2.06178453471094,47384000
1998-04-06,2.045382499694824,2.113328056577916,2.0360107579184383,2.10395631480153,23939200
1998-04-07,2.0008676052093506,2.0430401666838436,1.9540088857899964,2.014924935032231,21644800
1998-04-08,1.9750946760177612,2.014924434631135,1.970408519236694,2.0102388498557784,10835200
1998-04-09,2.021954298019409,2.0242970914663734,1.9586948709095928,1.9680666167034186,13337600
1998-04-13,2.0055525302886963,2.0242960118801796,1.9727517235064327,2.0196104274851407,14697600
1998-04-14,2.0524113178253174,2.0594402667097027,1.9961808707616102,2.0055526119388944,28492800
1998-04-15,2.047725200653076,2.0805260002396713,2.047725200653076,2.0547535757037863,19214400
1998-04-16,2.0945851802825928,2.1367577445000436,2.03366855507241,2.043040299565831,25625600
1998-04-17,2.0875558853149414,2.0992704210021205,2.0688123994131367,2.0945848355295666,17156800
1998-04-20,2.207045555114746,2.237503574001266,2.071155008380994,2.0734978009094007,53422400
1998-04-21,2.23984694480896,2.2703049715590735,2.2164178694645322,2.228132407136746,36958400
1998-04-22,2.164872407913208,2.2257890170824663,2.108641955759618,2.1742441499388065,72723200
1998-04-23,2.115671157836914,2.150815337629653,2.11332836505228,2.1461291800545776,27304000
1998-04-24,2.1250438690185547,2.1414445699937423,2.103957580339638,2.110985961895232,12235200
1998-04-27,2.0500690937042236,2.0945850196352307,2.01023932566346,2.080527117970346,26400000
1998-04-28,2.019610643386841,2.085212835970079,1.9868092610923591,2.066469352374868,23505600
1998-04-29,2.103957176208496,2.1180145086255986,2.0149253068783346,2.0242970524917223,23768000
1998-04-30,2.108642339706421,2.1320719850394134,2.0945850101112993,2.1180140834384495,14924800
1998-05-01,2.0852134227752686,2.122700400514996,2.075841678340337,2.103956911645132,9915200
1998-05-04,2.1414434909820557,2.1461290763248533,2.0852130348338065,2.0852130348338065,13992000
1998-05-05,2.108642339706421,2.141443728771442,2.103956753843328,2.1320719850394134,10004800
1998-05-06,2.089899778366089,2.1250439759365496,2.066470694656513,2.1133294340817614,15372800
1998-05-07,2.0758414268493652,2.11098503521825,2.0617835258971584,2.085213170148898,34908800
1998-05-08,2.103957176208496,2.1180145086255986,2.0711557805586605,2.0852136849817207,5772800
1998-05-11,2.0547544956207275,2.139100182040794,2.0547544956207275,2.118013903437226,8425600
1998-05-12,2.0500690937042236,2.0711553741957047,2.028982813212742,2.057098044536666,7073600
1998-05-13,2.1016132831573486,2.1086422336041495,2.047726188414048,2.0688124677486357,13880000
1998-05-14,2.0758414268493652,2.1180139856943536,2.07349806202012,2.0945849134484305,12857600
1998-05-15,2.1461286544799805,2.1648721361784955,2.0852126249626397,2.1086416910829504,27409600
1998-05-18,2.1016132831573486,2.1555009499064637,2.0852131614558993,2.146129206646001,8753600
1998-05-19,2.108642339706421,2.120356876369996,2.0992705959743923,2.0992705959743923,4124800
1998-05-20,2.068812608718872,2.122700279139928,2.068812608718872,2.103956791341809,6259200
1998-05-21,2.078184127807617,2.089898663412743,2.0758413350877505,2.0758413350877505,6764800
1998-05-22,2.0770137310028076,2.089899597224825,2.0547554027004744,2.0805278501520683,6780800
1998-05-26,2.0055525302886963,2.1086416790418534,2.0055525302886963,2.099269938246112,14219200
1998-05-27,2.0149247646331787,2.0289826652730563,1.9797805850392884,2.0008674359991048,23267200
1998-05-28,1.9914958477020264,2.0242966650682637,1.9868096897892218,2.0196110791613076,7244800
1998-05-29,1.9540092945098877,2.0008680237306766,1.94463754866573,1.9914962778865188,9824000
1998-06-01,1.8860633373260498,1.9493227523384997,1.8673198493227952,1.9399510083368723,14417600
1998-06-02,1.9118362665176392,1.9305797593266358,1.8790354401048985,1.8837210273041447,10470400
1998-06-03,1.8837205171585083,1.925893650560505,1.8837205171585083,1.9141785417230412,7507200
1998-06-04,1.9212077856063843,1.9212077856063845,1.8837208044238207,1.8977787083702513,6278400
1998-06-05,1.944637417793274,1.9727526534336157,1.907150436939485,1.9258939273663795,10364800
1998-06-08,1.9399505853652954,2.0102389360553112,1.9352650003890195,1.9352650003890195,11516800
1998-06-09,1.986810326576233,1.986810326576233,1.9305798456353962,1.9352660050501485,6494400
1998-06-10,1.9352648258209229,1.9774373748262235,1.930578669261621,1.9586938926003825,6075200
1998-06-11,1.8415474891662598,1.8930917813689982,1.8134322646904826,1.8837200398770726,28052800
1998-06-12,1.8368618488311768,1.8462335929578664,1.7759457980106275,1.8368618488311768,18510400
1998-06-15,1.752515435218811,1.8181176172858253,1.7478298510739838,1.7946885525504226,24219200
1998-06-16,1.82280433177948,1.8392044533155296,1.7642305079879586,1.7665738727838014,12230400
1998-06-17,1.834519386291504,1.9094933528116576,1.8321765928392415,1.8462339255587852,15980800
1998-06-18,1.8462331295013428,1.8556048712754611,1.801717213072849,1.8321758028430268,6176000
1998-06-19,1.8462331295013428,1.8649766130495797,1.8228040610689082,1.8556048712754611,7681600
1998-06-22,1.8884068727493286,1.9118359488648144,1.841548148512446,1.8462337349331788,8808000
1998-06-23,1.932922601699829,1.9399515546820665,1.8884072341597078,1.900121774459423,11196800
1998-06-24,2.0875558853149414,2.0969276282658433,1.9446369483151296,1.954008691266032,44129600
1998-06-25,2.1133289337158203,2.1648732488765674,2.0781847444663337,2.115671727130863,35635200
1998-06-26,2.0289838314056396,2.0898999105070386,2.0055541742085485,2.0149259226861584,20230400
1998-06-29,2.0969276428222656,2.0992704355748053,2.026639284199674,2.033668234463093,15329600
1998-06-30,2.106299638748169,2.127385920064522,2.0758416132905624,2.0898989434995086,15051200
1998-07-01,2.103957176208496,2.127386254238986,2.0711557805586605,2.1133289218218834,7776000
1998-07-02,2.0383548736572266,2.1039570902713867,2.028983128426632,2.1039570902713867,12750400
1998-07-06,2.0617835521698,2.0852131967200958,2.045382858185175,2.047726223044281,9779200
1998-07-07,2.0313258171081543,2.0711555892852402,2.0055533760499613,2.0617838445373433,7920000
1998-07-08,2.0535826683044434,2.075840982884762,2.014924378463258,2.014924378463258,9499200
1998-07-09,2.134415626525879,2.1408585599016305,2.052412693268211,2.0594416468631134,18936000
1998-07-10,2.118013620376587,2.1320715189040693,2.080526653644258,2.120356412795928,8278400
1998-07-13,2.0969276428222656,2.183616122718436,2.0945848500697255,2.1461291506546,17758400
1998-07-14,2.1133289337158203,2.1414441707142173,2.0852136967174233,2.0945854423835555,9700800
1998-07-15,2.1601874828338623,2.1789309726111368,2.1133287583906757,2.122700503279313,11440000
1998-07-16,2.1672158241271973,2.1695591893123045,2.1367577967798375,2.1601874445895857,7993600
1998-07-17,2.1461286544799805,2.169558292605958,2.12269958835967,2.169558292605958,11134400
1998-07-20,2.1227009296417236,2.15315896364607,2.1086430234821614,2.136758263795257,7624000
1998-07-21,2.1578431129455566,2.2047018155719837,2.1133277744546866,2.1180133587145056,21814400
1998-07-22,2.5163140296936035,2.5256857754801607,2.2445334018834435,2.246876195328591,181473600
1998-07-23,2.3710505962371826,2.511626718543735,2.349964320892626,2.4835114940824248,53073600
1998-07-24,2.3616790771484375,2.4179095313662575,2.3335638500395275,2.4038522038146826,20987200
1998-07-27,2.35465145111084,2.3616804048410542,2.286706423734989,2.3241934142880214,15926400
1998-07-28,2.286705493927002,2.3616794445475593,2.2820199080161414,2.3569938586366987,13518400
1998-07-29,2.298419237136841,2.3335634073574933,2.2913908606972315,2.305448185582102,8126400
1998-07-30,2.3265349864959717,2.3429356792521823,2.314820451101156,2.3241921938181647,12563200
1998-07-31,2.3370790481567383,2.389795409366361,2.3218503887682354,2.3241931824425786,16291200
1998-08-03,2.2843620777130127,2.3382497330204526,2.237503371359954,2.3335635763823004,12737600
1998-08-04,2.2117316722869873,2.2984201647459175,2.155501206042403,2.28904842037182,18344000
1998-08-05,2.183616876602173,2.2164182744854615,2.1367581453446154,2.202360369105196,13873600
1998-08-06,2.2234456539154053,2.2398463454715483,2.1508150821774317,2.1601868242086932,13064000
1998-08-07,2.202359914779663,2.3241925909164105,2.202359914779663,2.2445330502145535,20220800
1998-08-10,2.2093896865844727,2.2304759761304007,2.183617237136065,2.202360732733799,4147200
1998-08-11,2.1227009296417236,2.169559663496883,2.071156036398034,2.1555017573373205,25340800
1998-08-12,2.0617835521698,2.1695588874906786,2.052411808750846,2.1508154006527715,21444800
1998-08-13,2.0055525302886963,2.1086416790418534,2.0055525302886963,2.0196104274851407,28662400
1998-08-14,2.0430405139923096,2.0617840049463676,2.010239690825683,2.0430405139923096,11040000
1998-08-17,2.0149247646331787,2.0805269662723984,2.0149247646331787,2.033668250815813,13382400
1998-08-18,2.099270820617676,2.108642565352576,2.0430403522082736,2.050069303760925,16048000
1998-08-19,2.0852134227752686,2.1414438893848593,2.0852134227752686,2.108642497859655,10320000
1998-08-20,2.0805282592773438,2.094586168653919,2.043041263614689,2.0805282592773438,9905600
1998-08-21,2.0149247646331787,2.066469637638325,1.9212073337200075,2.0641262728611425,22886400
1998-08-24,2.0242972373962402,2.033668983865667,1.9586950121102509,2.0242972373962402,9830400
1998-08-25,2.0008676052093506,2.0547547035372187,1.9516655208146396,2.0336684227999724,14051200
1998-08-26,1.930578351020813,1.977437048861124,1.9258927672395763,1.9680653092930616,9516800
1998-08-27,1.8392045497894287,1.9118357061367706,1.801717575159296,1.89777837665339,33761600
1998-08-28,1.726744294166565,1.8743494568988655,1.7009724181387502,1.8649777096143711,31979200
1998-08-31,1.6470848321914673,1.7900038442974633,1.6306841304071131,1.7572030127348508,31833600
1998-09-01,1.7829750776290894,1.8134336904289734,1.5369668130534722,1.6564567540210584,31872000
1998-09-02,1.7712595462799072,1.8228044222539341,1.7361153646617833,1.8181182644354603,23657600
1998-09-03,1.6517695188522339,1.761887639310592,1.6494267261631073,1.7572020539323385,35900800
1998-09-04,1.5955392122268677,1.7197152445015855,1.534623164549997,1.6822282699294073,38899200
1998-09-08,1.8368618488311768,1.869663239277524,1.679884991707658,1.7103435891237997,35086400
1998-09-09,1.8556050062179565,1.902463718496188,1.7876600164159626,1.7900028090284328,29355200
1998-09-10,1.6681708097457886,1.7665744300315402,1.574453348524115,1.7525165248452947,71860800
1998-09-11,1.7056573629379272,1.747830495826677,1.6517696933601305,1.6634848020550215,19172800
1998-09-14,1.733772873878479,1.799375090727935,1.7173721766646308,1.724401128614271,15889600
1998-09-15,1.7876598834991455,1.8087461594550929,1.7337722253844154,1.7431439671432503,8011200
1998-09-16,1.7806323766708374,1.8415490334547746,1.7431453792672407,1.804062036051178,15736000
1998-09-17,1.7618882656097412,1.8274904882654233,1.6611418521013046,1.7056577890477282,29329600
1998-09-18,1.8017178773880005,1.8040612426998497,1.7525163579341145,1.7642308964696236,12556800
1998-09-21,1.853262186050415,1.8673195135219918,1.7244005861998057,1.7572019703097455,13676800
1998-09-22,1.8907493352890015,1.9352652585301857,1.8556051552561814,1.888406542488363,19870400
1998-09-23,1.9235491752624512,1.9563505458641075,1.8837194298223148,1.911834645192797,21174400
1998-09-24,1.846895456314087,1.9714590829360998,1.8181500040166991,1.9355271213574343,16096000
1998-09-25,1.954692006111145,1.9786468574236151,1.758264915558143,1.7726373584831463,32470400
1998-09-28,1.8780370950698853,2.016973805231401,1.8660599638848572,1.9786465175769135,15286400
1998-09-29,1.8588730096817017,1.9115733101020709,1.8205457311315634,1.9019914904645365,16905600
1998-09-30,1.8373141288757324,1.8397094376657228,1.7918003377265113,1.8301276176778805,11825600
1998-10-01,1.779823660850525,1.8373145953746763,1.7391010617695917,1.7918007926693826,17176000
1998-10-02,1.8253376483917236,1.8253376483917236,1.7103557677002164,1.7918009741093235,17041600
1998-10-05,1.681609869003296,1.808568850373568,1.6241189433079342,1.7726368756069821,41467200
1998-10-06,1.6935874223709106,1.7630554954124789,1.6840055990262774,1.7319147157494428,20108800
1998-10-07,1.6432819366455078,1.7343089073232032,1.5953728508078502,1.7055634558206085,17353600
1998-10-08,1.4995555877685547,1.5881873040665189,1.4468552690002112,1.58100079062937,46729600
1998-10-09,1.5690228939056396,1.5810000205818915,1.4947636558228792,1.5283003123097172,28046400
1998-10-12,1.612141728401184,1.6959828339117617,1.6025599044807788,1.6408872001624004,16947200
1998-10-13,1.5905827283859253,1.648073670375778,1.5714190810559743,1.609746375715876,14984000
1998-10-14,1.7462862730026245,1.7822182385348715,1.5618364133396991,1.6073501973586928,40408000
1998-10-15,1.8349190950393677,1.8445009164629989,1.7103554165321615,1.7343096776772557,27352000
1998-10-16,1.82054603099823,1.8732463400989985,1.753473282487769,1.8540826976674383,24107200
1998-10-19,1.82054603099823,1.8301278522140103,1.7918005673508897,1.8253372340200977,10051200
1998-10-20,1.8924096822738647,1.9930184966626137,1.8397093815347203,1.8540824034918915,36667200
1998-10-21,1.9834376573562622,1.9906241718870548,1.8972012374712073,1.9043877520019998,22296000
1998-10-22,1.9618779420852661,2.026555378266257,1.916364147378056,1.9786462745818056,19022400
1998-10-23,2.079256296157837,2.103211154195906,1.9618790708076053,1.9642743811629335,27371200
1998-10-26,2.088836669921875,2.10800030909547,2.0265551350216184,2.0936278721292014,14883200
1998-10-27,2.0576958656311035,2.1583046770772674,2.0409275354474614,2.1080002713541854,18417600
1998-10-28,2.119978427886963,2.15111979471509,1.9115741931225483,1.9882287856321617,48809600
1998-10-29,2.098418951034546,2.143932750289095,2.069673485951881,2.1080007727287677,17555200
1998-10-30,2.1319563388824463,2.146328783860277,2.093629039170656,2.1223745139544987,17868800
1998-11-02,2.234959363937378,2.299636795003831,2.155909495316091,2.1607006977196224,42923200
1998-11-03,2.2086105346679688,2.2996375624335945,2.175073861135108,2.258914960139185,34891200
1998-11-04,2.1080007553100586,2.2541233887325114,2.0720687780466425,2.2469374611422115,107624000
1998-11-05,2.1702816486358643,2.2038177127199536,2.141536200209082,2.1463268158663897,44193600
1998-11-06,2.1822595596313477,2.211005018425083,2.1750730487259498,2.1894460705367456,19228800
1998-11-09,2.1702816486358643,2.2014224048913,2.139140307552783,2.1846540804354326,14476800
1998-11-10,2.1798648834228516,2.199028528178973,2.143932903298117,2.1750736798198083,19299200
1998-11-11,2.1008143424987793,2.22777392353872,2.088837211119089,2.22298272009004,24054400
1998-11-12,2.115187168121338,2.1319555013650193,2.0744645743820698,2.1080006560414812,12400000
1998-11-13,2.103210687637329,2.1271649555333227,2.093628863513305,2.112792511761353,7676800
1998-11-16,2.079256296157837,2.1199789115114664,2.0696744699082616,2.1080017749065627,14800000
1998-11-17,2.11039662361145,2.160701639038667,2.038533234873923,2.0816511511508127,14784000
1998-11-18,2.2014241218566895,2.2086106357753024,2.1175830190144755,2.1223742232362515,25854400
1998-11-19,2.1271650791168213,2.237356355359028,2.1175832544361146,2.211006191280044,27828800
1998-11-20,2.12237286567688,2.184654386925362,2.117581664519759,2.1654907519523325,14158400
1998-11-23,2.1702816486358643,2.1822587726067786,2.1319543840668214,2.136744999724129,13398400
1998-11-24,2.105605125427246,2.1918415068287587,2.088836793947757,2.1654913551935464,18131200
1998-11-25,2.1080007553100586,2.1319556017616628,2.0720687780466425,2.1271643985401503,10084800
1998-11-27,2.105605125427246,2.1223734569067347,2.086441485115799,2.1223734569067347,3409600
1998-11-30,2.103210687637329,2.1463286037813707,2.069674010789179,2.108001307285275,12921600
1998-12-01,2.0768606662750244,2.0984196258126318,2.0409286771602306,2.0888378010372315,14590400
1998-12-02,2.0696732997894287,2.0912322504552523,2.040927837292353,2.0648826817872155,13718400
1998-12-03,2.064882516860962,2.098418594681658,2.045718876726883,2.072068443290328,13505600
1998-12-04,2.06727933883667,2.0864429929977786,2.050510995238622,2.0768611659172245,12248000
1998-12-07,2.043323040008545,2.1583048840159833,2.0073916523771462,2.074464394714819,27315200
1998-12-08,1.9355279207229614,2.045719159118697,1.9259460993332438,2.040927956009855,45696000
1998-12-09,1.9642738103866577,1.9834374573172593,1.9475054731153585,1.9642738103866577,20265600
1998-12-10,1.9690643548965454,1.9930186131210716,1.9043869219656906,1.949900714385766,23188800
1998-12-11,2.0002050399780273,2.0026003487336594,1.9307369922695934,1.9690642716711944,16993600
1998-12-14,1.882828950881958,1.9882290284552222,1.8780377458508912,1.9858331335255885,18513600
1998-12-15,1.981041669845581,2.0026006212356275,1.9067824096932529,1.9259460520017277,25577600
1998-12-16,1.9930182695388794,2.0361367456687627,1.9666681221721616,1.9906229610949402,22380800
1998-12-17,2.007392168045044,2.0121827870287055,1.954691850256457,1.985832628134412,9611200
1998-12-18,1.9235501289367676,2.0169730015776604,1.916363619157984,2.0169730015776604,16427200
1998-12-21,1.9738554954528809,1.9930191410398022,1.9259463814855782,1.9403194080897945,19916800
1998-12-22,1.9499019384384155,1.9906245538805056,1.9355289066186994,1.9690655909791948,12780800
1998-12-23,1.9786456823349,1.9930181167243248,1.9522955369885782,1.964272663117724,10888000
1998-12-24,1.9570865631103516,1.978646096448338,1.9451094344744964,1.9642730742230137,3291200
1998-12-28,1.9882285594940186,2.0026010015408064,1.9546918866714091,1.9690649135462595,12704000
1998-12-29,1.981041669845581,1.99301880008139,1.9666686457002491,1.9882281819182468,8430400
1998-12-30,1.966667890548706,1.9882274184883812,1.9451089474367573,1.9882274184883812,10958400
1998-12-31,1.9858320951461792,1.9858320951461792,1.9403188877047237,1.9642731458499219,13241600
1999-01-04,2.1247689723968506,2.1535144356598472,2.002600607322126,2.009787119344862,38713600
1999-01-05,2.1894471645355225,2.20142429881055,2.084047096293352,2.146328662386015,27603200
1999-01-06,2.278078556060791,2.2804738655949466,2.2038192818774696,2.244541883270364,59651200
1999-01-07,2.297241449356079,2.297241449356079,2.218191582003171,2.2229821995019554,32401600
1999-01-08,2.3092191219329834,2.357128232346531,2.285264859140214,2.302032609163949,41897600
1999-01-11,2.3762924671173096,2.3858742915814926,2.309219695868031,2.3235927249783814,32193600
1999-01-12,2.333174705505371,2.4050381013795072,2.2900562001183355,2.388269761238538,26548800
1999-01-13,2.256519317626953,2.32898184471049,2.1798647435220544,2.261309936094515,29102400
1999-01-14,2.3211960792541504,2.4098283654933508,2.2804734846635775,2.2876599968936677,38238400
1999-01-15,2.4481563568115234,2.4888791093504246,2.3283832628124546,2.3505413773127133,50884800
1999-01-19,2.5487639904022217,2.558345809915012,2.395454878197577,2.443363975761528,53657600
1999-01-20,2.3762924671173096,2.591883809975497,2.337965169260579,2.4745058754611056,100614400
1999-01-21,2.280473232269287,2.3930597670441784,2.25172777135833,2.3738961264368736,33467200
1999-01-22,2.261310577392578,2.361920026851664,2.2277744841249856,2.242146928431624,26424000
1999-01-25,2.227773427963257,2.31880042495886,2.2038185857047017,2.2708913252696274,19984000
1999-01-26,2.2996366024017334,2.3331732619340073,2.2134002298116684,2.3331732619340073,21844800
1999-01-27,2.266101360321045,2.349941870301222,2.266101360321045,2.3188010927420692,13889600
1999-01-28,2.4673187732696533,2.4816912098704265,2.299636642350974,2.3092184616941034,29947200
1999-01-29,2.522414207458496,2.558346330354995,2.4529462942729543,2.472109937196962,37928000
1999-02-01,2.4289920330047607,2.5439738905475195,2.366709901088448,2.520019044478793,24654400
1999-02-02,2.4002466201782227,2.4792966489369253,2.357128130259485,2.443364525268978,18457600
1999-02-03,2.5535552501678467,2.5775095070761838,2.352337035860784,2.376291292769121,46507200
1999-02-04,2.5080409049987793,2.5511584968917362,2.4721087986510475,2.548763335043328,33529600
1999-02-05,2.5703227519989014,2.6062548670280994,2.3858730216543997,2.4912730346592125,32184000
1999-02-08,2.673327922821045,2.6805145806189286,2.548764256166301,2.5679278971901076,47929600
1999-02-09,2.60386061668396,2.6733285389928696,2.5775103117888243,2.6685379200466905,44377600
1999-02-10,2.5487639904022217,2.639791568187655,2.4721094342998993,2.596673087966173,30961600
1999-02-11,2.61104679107666,2.644582875709702,2.5583464775887332,2.5631376810094557,24846400
1999-02-12,2.565532684326172,2.6206281511926344,2.534391768271215,2.6062551282917807,21841600
1999-02-16,2.582301139831543,2.6541645073642472,2.567928115428225,2.6014647824839923,16444800
1999-02-17,2.493669033050537,2.630210589589891,2.491273869820498,2.5679284504303594,20990400
1999-02-18,2.4493534564971924,2.553555767145231,2.419410263782239,2.5296009205592767,31611200
1999-02-19,2.4864838123321533,2.4960656370717222,2.4146198343713032,2.491274432287853,15352000
1999-02-22,2.735609769821167,2.749982206710606,2.5200185378567577,2.5272051949223666,56350400
1999-02-23,2.8218460083007812,2.826636625421482,2.692491158452327,2.7404002537984535,57692800
1999-02-24,2.7883102893829346,2.89610549784713,2.747587837020734,2.8266375785840747,65460800
1999-02-25,2.7883102893829346,2.7883102893829346,2.7404011778815094,2.7595648224820795,28604800
1999-02-26,2.797891139984131,2.797891139984131,2.735609609076475,2.797891139984131,27078400
1999-03-01,2.7739381790161133,2.8410109431135724,2.7260290618036422,2.7883106217658087,13780800
1999-03-02,2.8266375064849854,2.874546616764392,2.76435595553576,2.7978920403173415,22120000
1999-03-03,2.802683115005493,2.874546484709234,2.7787282685522596,2.8338240352565096,25624000
1999-03-04,2.8529865741729736,2.8697547555099288,2.7978908287948157,2.8098678087644786,27012800
1999-03-05,2.9344327449798584,2.936828785348601,2.86975603020817,2.874546648875623,44340800
1999-03-08,2.979947805404663,3.008693282627216,2.9320386767004076,2.95120232818211,26275200
1999-03-09,3.0566012859344482,3.0757649303603696,2.9703648860178022,2.9895285304437236,29440000
1999-03-10,3.051809549331665,3.0829504601165403,3.015877729195271,3.032645911925588,20126400
1999-03-11,3.0805561542510986,3.09732375840664,3.037437661593646,3.0518106874221367,18665600
1999-03-12,2.960782766342163,3.090137645635168,2.9176648631297994,3.0661828000954436,24486400
1999-03-15,3.1452348232269287,3.145234823226929,2.9440164304517165,2.9751579570191202,29947200
1999-03-16,3.099719762802124,3.1548146554230496,3.05181065197696,3.1476288736272884,19979200
1999-03-17,3.0709750652313232,3.0997205389238403,3.0398335505696035,3.0973244979546375,8761600
1999-03-18,3.1452348232269287,3.1620033150390547,3.042230754610858,3.063789868122488,16806400
1999-03-19,3.241051197052002,3.2889603099783287,3.075765049870193,3.171583275722847,32552000
1999-03-22,3.358429193496704,3.4590380407727435,3.2410512790302404,3.2674015842202366,33827200
1999-03-23,3.1476292610168457,3.3775930212800644,3.0757652935205475,3.3775930212800644,39398400
1999-03-24,3.3488473892211914,3.351242844941368,3.116487599535985,3.181165196394787,23873600
1999-03-25,3.772843599319458,3.7776339266270695,3.621929574629172,3.655466251993513,151515200
1999-03-26,4.2758870124816895,4.596878577060858,3.74170111608173,3.74170111608173,210268800
1999-03-29,4.405243396759033,4.483095415868228,4.158511163209855,4.455547674867702,60611200
1999-03-30,4.484292984008789,4.644788805230816,4.307029558037846,4.359729290008545,44193600
1999-03-31,4.7669572830200195,4.81965701763781,4.52501566500039,4.599275086413814,48187200
1999-04-01,5.250838279724121,5.303538883782911,4.848401769234316,4.848401769234316,81382400
1999-04-05,5.705973148345947,5.950308920142399,5.289163484571022,5.511940750904856,75632000
1999-04-06,5.593388080596924,5.911983632939275,5.3849834711699724,5.686811421374887,57796800
1999-04-07,5.308328628540039,5.66764748696047,4.9825467271494945,5.634110529930583,84753600
1999-04-08,5.686811447143555,5.835329090396296,5.241256178073521,5.301142560364124,67347200
1999-04-09,5.57901668548584,5.720348580910342,5.5047581388196996,5.6005763730058025,23556800
1999-04-12,6.165901184082031,6.17787787314553,5.444868710996428,5.45684656971558,66414400
1999-04-13,6.506056308746338,6.716856365878031,6.170692581491372,6.232975001380937,92947200
1999-04-14,6.05331563949585,6.783929517630489,6.010197443409216,6.697693125457221,55622400
1999-04-15,6.0461297035217285,6.438984406920129,5.365820339100107,6.4006571187837,98865600
1999-04-16,5.461637496948242,6.220996745427449,5.459242041905721,6.220996745427449,46470400
1999-04-19,4.776538848876953,5.43528885888385,4.757375203715617,5.43528885888385,97537600
1999-04-20,5.389777660369873,5.47122259579426,4.7142583487404135,4.752585652388709,49244800
1999-04-21,7.4762163162231445,7.588802720216251,6.429402304627658,6.678529666654959,196297600
1999-04-22,7.413936138153076,7.607968069393915,7.004313172200192,7.4211230908049215,76785600
1999-04-23,7.315722465515137,7.478613456964619,6.994730809301325,7.229486058277175,44044800
1999-04-26,7.799605846405029,8.374515368253066,7.24385997528526,7.267815123523803,72328000
1999-04-27,7.552872657775879,7.8331415905138515,7.435495315488844,7.727741528052025,44848000
1999-04-28,7.298951625823975,7.7516926357618585,7.205528877741554,7.454656205961342,30510400
1999-04-29,7.598384380340576,7.698994090002813,7.109711488288408,7.243856988067435,41712000
1999-04-30,7.665454387664795,8.01039983510971,7.397163484096527,7.703781659603119,41913600
1999-05-03,8.369723320007324,8.441586410638703,7.933749770725138,7.986450384223501,58996800
1999-05-04,8.043937683105469,8.393673493854934,7.99123709346463,8.21880529606629,32337600
1999-05-05,8.60926628112793,8.628429922076844,7.7397154882430055,8.063102514083853,49744000
1999-05-06,8.281087875366211,8.796110696657427,8.240365140659463,8.623637937899439,46577600
1999-05-07,8.288278579711914,8.614060627931805,7.857096457067941,8.460751428769502,44038400
1999-05-10,8.125388145446777,8.508661171175397,8.053525037950886,8.384097437813596,34020800
1999-05-11,8.393675804138184,8.451166734303513,8.010402936369317,8.37451216074974,28200000
1999-05-12,8.935047149658203,9.03565566824132,8.202037382836235,8.523028916641897,39492800
1999-05-13,8.82006549835205,9.179383147372276,8.815274003739555,9.083564951679454,27896000
1999-05-14,8.585310935974121,8.748201880071845,8.355347250189102,8.527820014527867,23609600
1999-05-17,8.336186408996582,8.585313818920618,7.847513412607127,8.4607501139586,37836000
1999-05-18,7.909791946411133,8.355345932526546,7.8762549960284645,8.07268286482048,32167200
1999-05-19,7.924166679382324,8.087057651026218,7.512148339341889,8.000821254273568,40083200
1999-05-20,7.837932109832764,8.168505625943572,7.818768461642463,8.029568591735766,20312800
1999-05-21,7.689411640167236,8.010402046434479,7.588801938727401,7.996029900317839,14789600
1999-05-24,7.109709739685059,7.809182530786148,6.9659824538423685,7.703782521168176,29304000
1999-05-25,7.018682956695557,7.406746038844728,6.937236910897261,6.975564186648075,37589600
1999-05-26,7.574431419372559,7.612758710122942,6.597085505237783,7.18157668918113,33976000
1999-05-27,7.387581825256348,7.607963643649209,7.071381824953547,7.440282410134585,30551200
1999-05-28,7.454655170440674,7.5600551792772395,7.373210293894784,7.512146084351528,14150400
1999-06-01,7.200740337371826,7.58401324502552,7.1672033731240825,7.579221748851804,16706400
1999-06-02,7.579225063323975,7.5888068902055466,6.9468244891401785,7.033060931074333,22845600
1999-06-03,7.823554992675781,8.225991349233793,7.742108954735091,7.83792713486795,42983200
1999-06-04,8.427215576171875,8.4415877286797,7.914587359692886,7.967287981419747,29068800
1999-06-07,8.398467063903809,8.599685313830326,8.20203913986186,8.355348282663016,22542400
1999-06-08,8.039145469665527,8.546981834257034,8.000818196866168,8.499072743257834,17099200
1999-06-09,8.393675804138184,8.398467299813278,8.125384796699976,8.163712083476863,14969600
1999-06-10,8.489490509033203,8.537399597684633,8.317017789888059,8.345763243078917,18796000
1999-06-11,8.336186408996582,8.709877523882636,8.240368174410413,8.489495584334449,16758400
1999-06-14,7.876257419586182,8.503867324344693,7.876257419586181,8.451166720285903,15163200
1999-06-15,8.714666366577148,8.729038512560257,7.7564843125090635,7.8570928433582985,24366400
1999-06-16,9.078778266906738,9.102732240606562,8.796113891449288,8.796113891449288,32735200
1999-06-17,9.193758964538574,9.198549290799518,8.824858225860787,8.96858555852953,19223200
1999-06-18,9.94593334197998,9.965096990037745,8.949423642976207,8.968587291033971,55141600
1999-06-21,10.00342082977295,10.013002650491122,9.586612213360334,9.888438981154868,29219200
1999-06-22,10.013005256652832,10.540005533318771,9.859696085259104,9.87885973168332,38646400
1999-06-23,10.262128829956055,10.348365206678375,9.926765142702589,9.94113787215631,20480000
1999-06-24,9.792623519897461,10.348369277386748,9.749505899403104,10.333996542279268,21212000
1999-06-25,9.71596622467041,10.060911771108412,9.581820734388964,9.878857177155021,17822400
1999-06-28,10.310039520263672,10.348366804725618,9.59140293660217,9.874066659509028,15676000
1999-06-29,10.501676559448242,10.525631113644064,10.175894622385066,10.314831036720832,20174400
1999-06-30,10.999929428100586,11.186774919257347,10.353156574096415,10.429811134570983,37519200
1999-07-01,10.71247673034668,11.268222392565022,10.69331308682191,11.038258670267778,26896800
1999-07-02,11.057425498962402,11.167616480971127,10.741225289719976,10.961607253737425,20079200
1999-07-06,10.904118537902832,11.517355432828827,10.84662757900352,11.20594607212422,31608800
1999-07-07,10.688523292541504,11.095750759984815,10.626241444579586,11.01909617787784,46773600
1999-07-08,10.904118537902832,10.961609496802144,10.607081916923054,10.664572875822365,22009600
1999-07-09,11.40236759185791,11.776058630582666,11.292176644541636,11.766476809076902,50617600
1999-07-12,11.301763534545898,11.651500176352531,11.210736189418144,11.584427395732082,27400800
1999-07-13,11.067005157470703,11.143659738647989,10.702895896878593,10.961605108351934,21477600
1999-07-14,11.464653968811035,11.565263134437878,11.114917345441539,11.244271986961763,17785600
1999-07-15,11.72575569152832,11.776060261400044,11.498187399251467,11.632332918909402,21162400
1999-07-16,12.130585670471191,12.255149346392301,11.689821894134955,11.761685553320211,37693600
1999-07-19,12.164117813110352,12.604881436113955,11.80959055112919,12.370126897775078,44417600
1999-07-20,12.48990535736084,12.820478226427928,11.996441509333158,12.398878045588743,77368000
1999-07-21,12.006020545959473,12.571347930007047,11.95811144561646,12.571347930007047,100947200
1999-07-22,11.536517143249512,11.996444737000322,11.249062397155255,11.938953787781472,56054400
1999-07-23,11.85750675201416,11.996443194765034,11.57484295469342,11.598797513788398,38781600
1999-07-26,11.69940185546875,11.862292790393376,11.402365444723843,11.63232911755861,28670400
1999-07-27,11.833550453186035,11.938950497708339,11.689823119746528,11.895832297676488,31259200
1999-07-28,12.24556827545166,12.259941008169328,11.732940808521564,11.756895363051008,24476000
1999-07-29,11.986859321594238,12.130586651589374,11.862295635598455,12.025186609592941,24801600
1999-07-30,11.958113670349121,12.111422819968983,11.613168083704435,12.006022779605328,19856000
1999-08-02,11.689825057983398,12.015607067796052,11.507770405441034,11.900625181979821,19630400
1999-08-03,10.731642723083496,11.766479699952262,10.501678950445992,11.761688788022314,71893600
1999-08-04,10.918487548828125,11.134078571073525,10.837042051535418,10.875369344379045,57937600
1999-08-05,10.97597885131836,11.095751645418298,10.415442174930648,11.009515233666342,46039200
1999-08-06,11.325711250305176,11.42272717789345,10.846620249869256,10.884947529904128,28088000
1999-08-09,11.301763534545898,11.493400050604327,11.181990712009378,11.402372705476573,17400000
1999-08-10,11.316130638122559,11.335294280185424,10.808294123456601,11.18677605419821,48811200
1999-08-11,11.479026794433594,11.498190445175553,11.06221739079598,11.3352994138689,22624800
1999-08-12,11.57483959197998,11.795221471628606,11.402366816602795,11.459857741728523,29253600
1999-08-13,12.264729499816895,12.264729499816895,11.708983944356442,11.732938494160772,24576000
1999-08-16,12.39887809753418,12.52823269901541,12.111423427575891,12.293478051882808,20960800
1999-08-17,13.26602840423584,13.313937499231274,12.552182888803864,12.556973798303408,39671200
1999-08-18,12.762989044189453,13.366643931414629,12.753407220582703,13.021698281571672,29160800
1999-08-19,12.628837585449219,12.935455796932054,12.418037565054771,12.456364841490126,21305600
1999-08-20,13.409764289855957,13.41934611500055,12.628845540571742,12.6767546662947,29739200
1999-08-23,14.061322212219238,14.104440406396401,13.472040225131344,13.519949329772636,26557600
1999-08-24,13.721168518066406,14.008623165791262,13.644513945339778,13.931968593064633,29850400
1999-08-25,14.56436824798584,14.61227735406474,13.773867997683977,13.951131690175911,26909600
1999-08-26,14.621861457824707,15.225516288652333,14.272124928853145,14.50687958528611,34950400
1999-08-27,14.085274696350098,15.014711189918776,14.056529237786117,14.794329340928265,31424000
1999-08-30,14.027789115905762,14.415852954153154,13.797825359907305,14.406271130986552,23143200
1999-08-31,14.732047080993652,14.861401640729207,13.951128812960494,14.152347016993577,31839200
1999-09-01,12.93066692352295,14.468549132656284,12.657585035919835,14.372730926479752,194933600
1999-09-02,12.820475578308105,13.251657492376763,12.053929953297157,12.384502754083128,121016800
1999-09-03,12.523433685302734,13.261233527512612,12.283888281987839,13.246860803313718,62366400
1999-09-07,12.710280418395996,12.954616755123547,12.398871361782449,12.533016801554439,42132000
1999-09-08,12.868379592895508,13.17499772169123,12.49468874842572,12.652788721086015,35501600
1999-09-09,12.73423957824707,13.14146695377416,12.438400867202391,13.088766940470654,34472800
1999-09-10,12.700705528259277,12.916296531190875,12.571350926500317,12.897132886485844,24034400
1999-09-13,11.756889343261719,12.264725639262428,11.673048445337074,12.226398371639734,77348000
1999-09-14,13.06960391998291,13.313940356903412,12.125794545995875,12.125794545995875,120692000
1999-09-15,13.328314781188965,13.663678560730025,12.830060023013676,13.35706024800677,61736000
1999-09-16,13.788237571716309,13.922383038015148,13.184582973371537,13.299564801627684,53188800
1999-09-17,14.559576988220215,14.569158809206211,13.816985861805561,13.874476787721534,52569600
1999-09-20,14.41106128692627,14.573952272217324,14.13318842966506,14.391897641597911,21517600
1999-09-21,13.975088119506836,14.315242818336108,13.951133563251254,14.185888214555963,25990400
1999-09-22,14.573952674865723,14.593116320723533,13.840943220804428,14.085279705491526,30475200
1999-09-23,14.305667877197266,15.254268761217714,14.018213063857736,14.65540456676036,52252000
1999-09-24,14.526047706604004,14.794338825195636,14.085283726060611,14.315247541996294,40697600
1999-09-27,14.818292617797852,15.134492848245527,14.746428929059745,14.842247180710554,27277600
1999-09-28,14.842241287231445,15.062623178520228,14.23858654152739,14.305659291050063,38868000
1999-09-29,14.391894340515137,14.909312645700101,14.190676110720984,14.80391262056983,25724000
1999-09-30,14.502086639404297,14.880568583412536,13.898431893264574,14.391895693680379,35874400
1999-10-01,14.320036888122559,14.4446006081263,14.008627588113203,14.363155098893085,21776800
1999-10-04,14.552390098571777,14.564367374373072,14.1331854455265,14.487712809244792,18584800
1999-10-05,14.92847728729248,15.062622782813722,14.617068101261026,14.617068101261026,35221600
1999-10-06,15.661489486694336,15.982480552955737,14.928480036873525,15.08178920284912,53060000
1999-10-07,15.374027252197266,15.98247270593022,15.139272707056204,15.963309069592174,34461600
1999-10-08,16.399290084838867,16.442408288392343,15.426735049132677,15.426735049132677,42052000
1999-10-11,17.055646896362305,17.223328818096203,16.32742826483223,16.337010088931308,40125600
1999-10-12,16.255569458007812,17.0556520101703,16.207660323147785,17.036488356226286,37512800
1999-10-13,15.663878440856934,16.65320124190815,15.455473879860673,16.289092123845716,58283200
1999-10-14,15.639928817749023,15.683047016358227,14.71767845860775,15.297378684353694,71625600
1999-10-15,15.215938568115234,15.580047929316985,14.650610875723043,14.957229285156096,46405600
1999-10-18,15.000346183776855,15.05304621827751,14.48771857545232,14.98597344709486,35796800
1999-10-19,15.177604675292969,15.766886674996579,14.94764096809156,15.397986561360986,41896800
1999-10-20,15.508176803588867,15.512967713939064,15.065017596195611,15.441104058686104,27703200
1999-10-21,16.533435821533203,16.624463141327215,15.153653289918726,15.254262432848948,35216000
1999-10-22,16.538232803344727,17.30477893559709,16.178914303851432,16.883178562858287,39022400
1999-10-25,16.183696746826172,16.840051529039073,16.107042173721016,16.576551433990097,23416800
1999-10-26,15.924992561340332,16.65321123442208,15.896247087402894,16.547811163318144,18317600
1999-10-27,15.953733444213867,16.159742614814828,15.599206034342448,16.159742614814828,20225600
1999-10-28,16.710693359375,16.710693359375,15.982475070778383,16.337002395489893,28864000
1999-10-29,17.074796676635742,17.352669349824538,16.66277857501097,16.94065124819977,35095200
1999-11-01,17.261655807495117,17.597019644998493,16.8640101144554,16.98378291356375,32648000
1999-11-02,17.232908248901367,17.59222660271499,16.8065171357092,17.59222660271499,39400000
1999-11-03,19.968517303466797,19.987680947711965,18.47375305234356,19.077407846066407,113090400
1999-11-04,20.232017517089844,20.62487222615955,19.748135497382037,20.596126759642253,53275200
1999-11-05,22.565202713012695,22.910148486969575,20.77819196737496,20.90754663260879,92534400
1999-11-08,22.181926727294922,22.680181668901543,21.92321743069148,22.574781585100144,47781600
1999-11-09,22.981998443603516,23.456298599100023,22.24898911238164,23.073025746173553,48782400
1999-11-10,24.49593162536621,25.161868354473565,22.857439817058907,23.188012725752486,76672800
1999-11-11,26.48415184020996,26.522479122178428,24.682769587692064,24.994178753685848,72888000
1999-11-12,28.975419998168945,30.316874627713805,26.829092590897172,27.183619885848312,145692000
1999-11-15,28.208887100219727,31.13134313471939,26.829104579013325,29.914451605599858,131190400
1999-11-16,28.017253875732422,28.63049062267048,27.212380645376225,28.131038037761943,71872000
1999-11-17,26.282947540283203,28.247221782265726,25.142710297376276,27.94060336400504,115020800
1999-11-18,27.2746639251709,27.825618843736617,25.296017130669654,26.350017844447553,60215200
1999-11-19,28.13701057434082,28.285528763989138,26.75243777407103,27.341719623320802,41789600
1999-11-22,27.595657348632812,28.055584971110026,27.341738973723515,28.017257669236923,27664800
1999-11-23,27.614803314208984,28.050776093805275,26.426657717067446,27.63396695287256,38456000
1999-11-24,28.76941680908203,28.831698643972633,27.13571637079777,27.57648012540819,34574400
1999-11-26,29.492834091186523,29.92401587614539,29.052070488784125,29.219752294045904,18361600
1999-11-29,28.457996368408203,29.876105278349083,28.362178198817606,29.320359894723605,30764800
1999-11-30,27.772912979125977,28.9754317229177,27.53815832396345,28.43884965397478,33812800
1999-12-01,27.911846160888672,28.228046271877112,27.212373188096063,27.863937053163152,25880800
1999-12-02,28.668821334838867,28.726312286713544,27.787293406093823,28.24722102109124,26660000
1999-12-03,29.46889305114746,30.086920559454732,29.056874712275945,29.205392950706376,31661600
1999-12-06,30.2593936920166,30.767230254928847,29.512011580560838,29.69885710842478,39209600
1999-12-07,30.575592041015625,31.23673771661264,30.316882863608097,30.642664790713873,32708000
1999-12-08,29.837791442871094,31.19841006358005,29.799464157780697,30.364791612864,30504000
1999-12-09,30.278554916381836,30.73369142224517,29.09040909054913,30.661827763424643,24025600
1999-12-10,30.010269165039062,30.728905878761264,29.43056888263649,30.35521478762572,26709600
1999-12-13,32.00806427001953,32.15658245477789,29.895273319102213,30.125236960018384,47453600
1999-12-14,32.29072952270508,33.545947791985306,31.73498402943597,32.1949113342104,47085600
1999-12-15,32.43925857543945,32.58777681732967,31.045103466082953,31.74577420403274,38286400
1999-12-16,33.67051696777344,33.72800789031375,32.50153487612052,33.0764441015236,27794400
1999-12-17,34.87783432006836,34.954488900991585,33.881324768066406,34.7245251582219,40534400
1999-12-20,35.783321380615234,36.75587650717366,34.619129775917216,34.944911788754524,45477600
1999-12-21,38.08774185180664,38.394360150991,36.71754132732655,36.76065952564935,50101600
1999-12-22,37.211002349853516,40.02326685086601,37.17746597590617,39.822048607181976,56937600
1999-12-23,35.75934982299805,36.71753175823379,35.60124980368415,36.69836811952908,43408800
1999-12-27,39.35732650756836,39.869953888738145,35.1269528853915,36.66004411879648,50074400
1999-12-28,38.5572395324707,40.51193060220829,36.02763932457501,40.45563741576364,39803200
1999-12-29,50.515350341796875,50.750104909963426,42.92654960759674,43.14693144710003,118083200
1999-12-30,49.59551239013672,56.733970027434225,48.9774848497264,56.4177698904801,129003200
1999-12-31,54.00314712524414,55.536238597926726,51.28190976123255,52.43172836574448,72674200
2000-01-03,54.980491638183594,61.32365745632189,53.351581987000046,61.09369374086068,91334000
2000-01-04,49.691322326660156,53.75401431788729,49.05892215821442,52.91081409329298,63567400
2000-01-05,47.96658706665039,50.05542365884571,42.61993193616878,49.0205871819783,93778400
2000-01-06,42.945709228515625,47.832436516900934,42.84989104639042,45.53280014589608,58782600
2000-01-07,45.99273681640625,46.1460459391276,40.756272093454996,41.08684488932292,68198600
2000-01-10,48.867305755615234,49.97879741593903,46.7593043308632,49.67217902688419,35360800
2000-01-11,44.287193298339844,48.40737787607375,43.386501785998014,47.83246840011088,30575800
2000-01-12,42.389976501464844,45.22619554405833,41.71924902517584,44.459649856870904,34455600
2000-01-13,43.884742736816406,44.65128846147695,42.1983421425632,44.26801559914668,25146800
2000-01-14,43.06070327758789,45.6669585716475,42.773248649566604,45.26452209241771,26209200
2000-01-18,42.63911819458008,43.30984589651729,41.393481033839535,42.14086333028386,28503000
2000-01-19,44.95790100097656,45.07288284496883,42.00670033850837,42.045027619839125,30728400
2000-01-20,47.71745681762695,47.83243864128388,45.111202148069815,45.7627658154591,39224000
2000-01-21,47.50666809082031,49.193068571656205,46.29935865567643,48.52234110768738,34955000
2000-01-24,42.945709228515625,48.13905469970158,42.811563773540335,47.75578197120077,32170600
2000-01-25,45.68611145019531,45.97356601049436,42.92654767132445,44.038038637814104,39671400
2000-01-26,38.21230697631836,40.128671418460705,36.794197289133024,39.553762085818,136953200
2000-01-27,36.794185638427734,39.24713134765625,35.98931282758713,38.84469494223595,62571000
2000-01-28,33.90047836303711,37.215788005097835,32.386550838627876,37.119969807350415,85675000
2000-01-31,38.94053268432617,39.09384186812273,34.39874811435309,34.532893650175076,80518000
2000-02-01,41.71925735473633,42.926567053104904,40.14304747075513,40.32031119630925,69648400
2000-02-02,43.558956146240234,44.6129564049482,41.700082962700726,41.96837393764457,57368200
2000-02-03,42.67742919921875,45.3795026240458,40.47361044847328,44.497975123747615,52571000
2000-02-04,42.140846252441406,43.501464753543424,41.393464258878325,43.501464753543424,30028800
2000-02-07,40.914398193359375,41.470144117297274,39.93705191333065,41.2210166341527,20868400
2000-02-08,42.63911819458008,42.811591032221074,40.91438981817009,40.93355346679687,21450800
2000-02-09,40.87602615356445,42.92653473229459,40.780207995679866,42.77322567967926,20141200
2000-02-10,41.98754119873047,42.04503212688939,40.78023170739317,41.25932277538416,15072200
2000-02-11,40.473609924316406,41.85339208082719,40.32030079581521,41.41741924665191,12419400
2000-02-14,38.97884750366211,39.860375028327034,38.327283681083685,39.66873860992162,23353600
2000-02-15,38.82554244995117,39.15132439548383,36.813359845190625,38.13086036021242,30036000
2000-02-16,37.369117736816406,40.32031985551883,37.100826635116185,38.442282143617284,30052000
2000-02-17,39.86036682128906,40.16698502760667,37.407421170748194,38.365603065490724,34971600
2000-02-18,41.24015808105469,42.54328575276087,40.396957822891856,40.47840330237349,42991600
2000-02-22,40.032859802246094,41.623442551689095,38.7105681189742,40.626932877339264,24472000
2000-02-23,45.034542083740234,45.22617843303275,40.09032427199344,40.895196939021986,52349200
2000-02-24,42.83074951171875,43.61645901059145,41.393476038171144,41.968385427590185,51715400
2000-02-25,40.95271682739258,43.539809373811856,40.895225881916595,41.77675371254835,23405600
2000-02-28,43.923057556152344,45.226184918202236,42.160002889849544,42.160002889849544,36400800
2000-02-29,43.6739501953125,45.379514726853884,42.38998588505101,44.76627804135586,31323400
2000-03-01,42.61994171142578,43.32899649709248,41.86297781861943,43.07986913996634,20865400
2000-03-02,40.53110122680664,42.65826540466742,40.473610303080676,42.58161083969946,20560800
2000-03-03,40.43528747558594,41.39346964325385,38.63390500037026,40.16699646863892,33932600
2000-03-06,40.85688018798828,42.31331681757886,39.247134439493436,39.70706179620625,23576200
2000-03-07,39.24715042114258,41.31682436913252,39.09384123980999,41.240169778466225,21447000
2000-03-08,39.59208297729492,40.35862863029192,38.32249173951864,40.05201036909312,22876000
2000-03-09,38.94053268432617,39.63042401141069,38.25064135724165,38.99802362824988,17427800
2000-03-10,41.738407135009766,44.61295308094708,37.407424576464216,38.384770198082904,83012800
2000-03-13,39.917877197265625,41.700096390422466,38.97885848259159,39.3621314273565,35140400
2000-03-14,38.3656120300293,41.08684924694446,38.32728474528401,40.5119399757652,24239800
2000-03-15,39.24715042114258,40.78024223446846,38.48060451447964,38.633913695812225,31392000
2000-03-16,40.74190902709961,41.08685463504307,38.78721724875334,39.99452687655545,23705600
2000-03-17,41.77674102783203,42.160013881298376,40.665249752779616,40.703577038126255,31121600
2000-03-20,39.74539566040039,41.68092360721835,39.24714094141755,41.182668888235504,18187800
2000-03-21,41.27849197387695,41.393473845670485,38.557254341430095,39.17049099099559,18525200
2000-03-22,41.35514450073242,41.62343552158982,40.01368939644546,40.99103525814025,19331800
2000-03-23,44.191375732421875,44.3446849283713,40.55028232862302,40.64610057609141,42424400
2000-03-24,44.766258239746094,46.735322038604785,43.65476723893048,43.999712721942224,50165800
2000-03-27,45.66696548461914,47.83245734352051,44.91958333862664,45.28369258923837,37870000
2000-03-28,47.46833419799805,48.139061568579365,45.07287930306476,45.916079426081275,41268000
2000-03-29,48.29237365722656,49.84462852478027,46.66346422831217,48.52233734130859,50245600
2000-03-30,44.53150939941406,48.2157192679616,42.6965908302935,46.567646192824604,41385600
2000-03-31,45.78193664550781,47.06590054473302,44.45964546570872,45.93524576780336,34407000
2000-04-03,43.156524658203125,46.60598044793517,42.332487997322694,45.590307354291845,26965400
2000-04-04,44.95790100097656,45.22619197029186,38.02066308010976,43.50146431040784,42759000
2000-04-05,43.309837341308594,44.45965603178581,42.04503678178365,43.1565281825783,23548800
2000-04-06,42.65829086303711,43.846437329123496,42.00672667195748,43.348182359474364,16193600
2000-04-07,46.68262481689453,46.83593392959369,42.92655155576509,43.501460728386945,31462600
2000-04-10,43.290672302246094,46.54849182034341,43.003217638884564,46.4143463107747,20188800
2000-04-11,42.140846252441406,45.22619243099668,41.06768236424826,41.54677338576305,22864800
2000-04-12,38.3656120300293,43.233177192680365,38.32728474528401,42.29415871642091,31838800
2000-04-13,38.7872200012207,41.58511235308742,37.71405581146361,39.2471475111166,30230600
2000-04-14,32.25242233276367,40.090355032763874,31.581694595599842,37.714062478240585,66002600
2000-04-17,35.83601379394531,36.008486587606015,30.086920671922,30.182738890622392,64758800
2000-04-18,34.398738861083984,37.177467069918066,32.80815650706172,35.419202841224774,44492400
2000-04-19,35.18445587158203,38.59558503560251,34.64787375589342,36.56423845478133,59833800
2000-04-20,33.574703216552734,36.334267864488574,32.65484833390745,35.548558485562396,38979800
2000-04-24,30.546844482421875,31.88829938441029,28.28553479049855,31.58168112109865,64246400
2000-04-25,32.175750732421875,33.2105872658053,31.121750559531343,32.04160525587217,47791400
2000-04-26,29.818620681762695,32.271566341959115,29.741966129881558,32.175748152107694,31038600
2000-04-27,31.735002517700195,31.88831170860696,28.97543708137844,29.090418974558514,41750800
2000-04-28,33.248924255371094,33.7280153829701,32.041614613821594,32.463214806108724,31301200
2000-05-01,33.651363372802734,34.32209100267067,32.88481751009652,33.613036079667424,22545000
2000-05-02,34.85866165161133,36.79418931890805,33.76633415620625,33.977134199179154,52975000
2000-05-03,34.01546096801758,34.954479327134685,33.1530971688284,34.22626100781938,32021800
2000-05-04,32.71233367919922,34.417897649585115,32.40571543733209,33.99150665698864,20103200
2000-05-05,33.651363372802734,34.14961818356177,32.19492623366093,32.290744466499206,15971000
2000-05-08,31.581687927246094,33.02854316905864,31.524196990485333,32.654852080113685,16030200
2000-05-09,32.194923400878906,33.07645106542678,31.275068446568078,32.0416142418271,23062400
2000-05-10,29.837791442871094,31.888301195207127,29.74197323014511,31.351719203941624,34484800
2000-05-11,30.45102882385254,31.045101758742046,29.128737452646856,30.89179261425443,32332200
2000-05-12,30.048593521118164,31.42837587667971,29.895284370500214,31.198412150752787,17078000
2000-05-15,31.984130859375,32.04162180759437,29.627001982380914,30.144420516355225,21605400
2000-05-16,33.3255615234375,33.42137969918056,32.19490704966935,32.305097951773874,23164200
2000-05-17,31.62959098815918,32.57819126317516,31.409209106084756,32.04160928942874,18169600
2000-05-18,29.722808837890625,31.63917304407313,29.43535420696325,31.620009402011306,27271200
2000-05-19,27.34652328491211,29.626997195847316,27.29861416913616,29.12874239177744,50833400
2000-05-22,27.116559982299805,27.63397844132602,23.839576408467106,27.595651148064817,51737000
2000-05-23,24.337825775146484,26.790771995003766,24.299498490461215,26.599135571577417,37273800
2000-05-24,23.532958984375,24.06954111105456,21.396212301347465,23.39881345270511,82046200
2000-05-25,21.156665802001953,25.219358872676242,21.041683922643248,24.395322070605513,60416400
2000-05-26,20.25597381591797,21.463283513555464,19.125318702257456,21.405792575572725,76242600
2000-05-30,23.417966842651367,23.494621398601126,18.397093427942156,19.41755720402332,114359800
2000-05-31,20.351789474487305,22.076517396054026,20.23680761304952,21.693244524594753,109686200
2000-06-01,21.156665802001953,22.0765208368716,20.92670204328454,21.84655707815419,64625400
2000-06-02,22.28731918334961,22.919719469721525,20.945864030439488,22.74724666434737,75612600
2000-06-05,20.620079040527344,21.424952014228225,19.891860635750355,19.949351562443276,59490200
2000-06-06,21.11832618713379,22.344798851359347,20.735053479563305,20.773380750320353,47774000
2000-06-07,22.900550842285156,22.938878124029564,21.61658690384741,21.961532439547103,45259200
2000-06-08,23.74375343322754,24.529462788160817,23.14968050632677,23.9545535040633,43289400
2000-06-09,24.24201774597168,24.836090908125925,24.069544892443027,24.682781704989345,29512400
2000-06-12,25.04686737060547,25.851739925743516,24.529449299445293,25.52595817723526,30566000
2000-06-13,24.951059341430664,25.391823062515844,23.552113617986393,24.81691386110039,38326000
2000-06-14,21.6165828704834,25.14269213304452,21.156655575366727,25.04687394656188,83876600
2000-06-15,18.837867736816406,19.527759129009073,18.392312879358645,19.27863168182839,122278000
2000-06-16,20.1601505279541,20.696732481169608,19.546914009993518,19.7385504218562,55383200
2000-06-19,19.9876766204834,20.313458502121193,19.393603777496836,20.179313021446806,26381800
2000-06-20,19.297788619995117,20.140988917194505,19.163643118167943,20.064334344721836,28998800
2000-06-21,19.77687644958496,20.69673116817031,18.972003570822782,19.08698541064595,38151600
2000-06-22,20.926708221435547,22.65143692100441,19.738561783954772,20.00685291499882,84558800
2000-06-23,20.351789474487305,22.919717713264422,20.083498464465816,21.94237189104328,58846800
2000-06-26,19.853532791137695,20.96023309875179,19.28820536127422,20.9075330841035,34292400
2000-06-27,19.527746200561523,20.69672806340181,19.278618918316873,19.73854620861469,29835800
2000-06-28,19.489423751831055,20.236805783612187,17.630550493298497,18.435423450601252,77099400
2000-06-29,18.85702896118164,19.384029262434176,18.703719782635446,18.972010845091283,23910000
2000-06-30,18.397092819213867,19.04865652322769,17.78385639190674,19.010329246520996,37016200
2000-07-03,18.473752975463867,18.97200772376476,18.24378924547884,18.377934754636772,8696800
2000-07-05,17.918006896972656,19.31695288999833,17.860515965752423,18.703716290315842,20386800
2000-07-06,18.91451644897461,19.20197110625386,17.649715956945915,18.205461627685796,24744200
2000-07-07,17.362253189086914,18.171916762198308,17.18978047528804,17.592216807485418,56752800
2000-07-10,16.825681686401367,17.63055484224289,16.55739063445419,17.151463678051506,35357000
2000-07-11,16.250776290893555,17.13230425006938,15.790848660019208,16.423249152471435,36054000
2000-07-12,18.703712463378906,18.857021581931193,16.538221163827867,16.959821239846654,48357000
2000-07-13,19.010339736938477,19.316958119792325,18.20546648194713,18.895357843368284,32298800
2000-07-14,19.336116790771484,19.89186246662121,18.703716538942487,19.45109865474039,22639000
2000-07-17,21.405786514282227,21.750732044503426,19.815204347151138,19.891858909422513,50497000
2000-07-18,19.968517303466797,21.118335958176978,19.930190014976457,20.98419044846079,27709600
2000-07-19,19.31694984436035,19.911022706637308,19.048658874299793,19.834368143762863,25049400
2000-07-20,19.336116790771484,19.527753230719664,17.496406967268946,18.205461795077216,48041800
2000-07-21,19.259464263916016,19.93019187509717,18.780373113072333,18.79953675910608,19396600
2000-07-24,19.508586883544922,19.91102335167306,19.048659491398478,19.24029590479283,22134400
2000-07-25,20.965036392211914,21.309982146379934,20.140999312810532,20.1793266188292,47747400
2000-07-26,21.060836791992188,21.616582257840932,20.255964048349174,20.696727693677488,32742000
2000-07-27,20.1026611328125,20.581752198894783,19.489424568227182,20.25597027395883,26503600
2000-07-28,19.14447784423828,20.313459974867445,18.70371409006663,19.738550730295724,17759200
2000-07-31,19.91102409362793,20.351787860859346,19.508587610503593,19.93018773568147,23021400
2000-08-01,19.297788619995117,19.93018884289466,19.259461333758782,19.911025199776493,11945000
2000-08-02,18.99117088317871,19.81520756125811,18.857025377444856,19.39360740038028,10719800
2000-08-03,19.70022964477539,19.776884234832885,17.898846778424335,18.397101613798032,32228200
2000-08-04,19.62357521057129,20.811721365898848,19.35528414323926,20.39012111723423,22564600
2000-08-07,19.489423751831055,20.17931485809056,19.10615091502022,19.374441900787804,14546800
2000-08-08,18.722881317138672,19.546918058834642,18.550408510737192,19.316954316966,16626600
2000-08-09,18.837867736816406,19.350495368515126,18.78037678746702,19.20197708269587,14096200
2000-08-10,18.837867736816406,19.508595479225946,18.78037678746702,19.12532248356335,11360400
2000-08-11,18.89535140991211,19.125315118754852,18.05215114415538,18.761205913087174,15463800
2000-08-14,19.20197105407715,19.316952916676414,18.703716316147005,18.91451639757899,11490400
2000-08-15,18.81869125366211,19.125309441094483,18.703709433374968,19.125309441094483,9656000
2000-08-16,18.5504093170166,19.297791510574086,18.416263795096025,19.048664112721593,10482000
2000-08-17,18.569568634033203,19.125314238147716,18.41625950186368,18.47375042642725,11370000
2000-08-18,18.320444107055664,18.818698863105293,18.301280462592217,18.68455335186116,13836400
2000-08-21,18.090484619140625,18.397103002515887,17.573066097194864,18.01383002329681,15207200
2000-08-22,17.362253189086914,18.013816774549337,17.32392591935383,17.803016791017377,22435200
2000-08-23,17.30477523803711,17.4005934840949,16.806520358536595,16.99815685065218,28425200
2000-08-24,18.58872413635254,18.62705140261306,17.43890614853692,17.4963970479277,27267000
2000-08-25,18.05215072631836,18.799532762758293,17.86051430671838,18.49291449139832,15588800
2000-08-28,18.205459594726562,18.722877920050372,17.927586790386002,17.93716861122533,18180800
2000-08-29,18.473752975463867,18.722880349614314,17.975498227162976,18.24378924547884,15618600
2000-08-30,17.879674911499023,18.512074988754616,17.783856717975446,18.435420433935754,19122000
2000-08-31,18.358776092529297,19.02950382033569,17.783866611552387,18.013830403943153,38055400
2000-09-01,18.167129516601562,19.010329620747626,17.937165851834454,18.646220484866372,20437600
2000-09-05,18.205459594726562,18.895350695158307,18.205459594726562,18.722877920050372,19835400
2000-09-06,18.952844619750977,19.60440853994464,18.358771633692047,18.43542621253836,57655800
2000-09-07,19.661890029907227,19.815199113961082,18.588726441530223,19.125308235718723,39563800
2000-09-08,18.876195907592773,19.930196694311153,18.837868606257558,19.527760030291407,32579600
2000-09-11,17.822185516357422,18.742040252685545,17.783858235677084,18.564776579538982,29739400
2000-09-12,18.837867736816406,19.508595479225946,18.550412990069464,18.72288583811763,44940200
2000-09-13,19.62357521057129,19.73855709657073,18.837865656241775,18.857029303908348,24549400
2000-09-14,19.20197105407715,19.96851680473891,19.010334616411708,19.930189517205825,20935800
2000-09-15,20.313461303710938,20.428443160147037,18.89535174099904,19.20197002482864,55480600
2000-09-18,21.405786514282227,21.84655024734265,20.581749969864916,20.77338637554336,75770000
2000-09-19,23.762916564941406,24.146189412763043,21.65491590192241,21.9806978225708,85274000
2000-09-20,23.010746002197266,24.069537354786394,22.268154782055568,23.973719132832628,52449800
2000-09-21,22.057355880737305,23.59044751449837,21.769901199407105,22.536447016287635,32562800
2000-09-22,22.383129119873047,22.42145639576324,21.156656291386852,21.27163811905743,34164000
2000-09-25,21.463285446166992,23.149686445508685,21.290812616688864,23.073031854629516,20946200
2000-09-26,22.498119354248047,22.996374126999708,21.27164606747473,21.884882710861387,37944600
2000-09-27,22.344812393188477,23.188012860855967,22.11484862927916,22.76641262702222,30288200
2000-09-28,22.938875198364258,23.053857028932498,21.942366000106162,22.153166022814606,20885000
2000-09-29,21.84654998779297,22.900550206502277,21.731568145751954,22.900550206502277,13227800
2000-10-02,21.865707397460938,22.67058006239815,21.69323468354582,22.268143729929545,16962400
2000-10-03,22.229825973510742,23.168844484460763,21.904044041140327,22.07651682886584,25109000
2000-10-04,24.050371170043945,24.376153090275615,21.9232068673548,21.96153415208794,39061200
2000-10-05,25.410993576049805,26.67579416128305,23.609610924353966,23.916229248046875,64696200
2000-10-06,23.858728408813477,25.75592849915286,23.70541931060423,25.410983028182063,34240400
2000-10-09,24.337825775146484,24.836080476054995,23.456298227385272,23.724589220182164,20522600
2000-10-10,24.433652877807617,25.71761738197476,24.050379891489065,24.79776221481024,36832000
2000-10-11,21.6165828704834,24.203673905514655,20.35178280891256,23.839564796880627,58025400
2000-10-12,19.738550186157227,22.747241816474396,19.431931930838278,22.287314433495975,45688000
2000-10-13,21.444110870361328,21.482438146269036,19.35527433339137,19.62356526474531,28286400
2000-10-16,23.6096134185791,23.935395421919882,22.32564905247131,22.958049411897534,39924000
2000-10-17,22.747243881225586,24.1078625127058,21.76989810368346,24.031207941918183,23364400
2000-10-18,22.938875198364258,23.532947989633506,20.850038609707862,21.501602316261234,28142400
2000-10-19,23.6096134185791,23.916231774664542,22.478958230514028,23.873113568340028,22504600
2000-10-20,22.919715881347656,23.532952426667997,22.766406745017573,22.867015865734192,19325000
2000-10-23,22.574766159057617,22.93887529065532,21.712402426326214,22.63704798419933,18488000
2000-10-24,21.769901275634766,22.68975625911229,21.616592111721843,22.05735595797149,17440200
2000-10-25,20.1601505279541,22.306478340816135,19.94935047490515,21.698032733152118,19413200
2000-10-26,22.01902961730957,22.402302543633496,20.275137802535706,20.658410728859632,23014800
2000-10-27,22.958053588867188,23.302999302222453,21.731579941381796,22.229834860672735,21752800
2000-10-30,20.888370513916016,22.689752925207856,20.10266116431,21.865716290255204,31944000
2000-10-31,19.96372413635254,21.63575190779171,19.470260352804587,20.42844245678119,38786400
2000-11-01,18.85702896118164,20.04517509491463,18.742047077271994,19.43672929255943,28733200
2000-11-02,19.259464263916016,19.85353729096218,18.703718528937344,19.259464263916016,33365600
2000-11-03,21.6165828704834,22.574764735309788,20.773382829436173,20.7925464667327,55045400
2000-11-06,21.635753631591797,22.148381098062195,21.386626264708987,21.884880998474607,14825800
2000-11-07,22.613100051879883,22.862227425332797,21.4249541169506,21.463281405174126,18673000
2000-11-08,21.175823211669922,23.073023662308223,21.118332288923305,23.03948729070603,18517400
2000-11-09,22.28731918334961,22.363973763515904,20.754227580023755,20.7925548701069,19473800
2000-11-10,22.670589447021484,23.762917087325988,22.268152947961934,22.30648023358665,33861800
2000-11-13,23.015541076660156,23.93539617381227,21.750740318076,21.769903965933338,35406600
2000-11-14,24.644447326660156,24.759429195991384,22.823901062249025,23.532955923124938,28926000
2000-11-15,25.813425064086914,26.4649888741678,24.91273391485745,24.951061197803387,51017600
2000-11-16,27.00157356262207,27.538155578060973,25.200191082220027,25.23851836903709,40047000
2000-11-17,27.231525421142578,27.365670866566926,25.947561872080964,26.709316365740655,32321200
2000-11-20,25.947572708129883,27.059064005819348,25.794263563620994,26.56080928616545,20086600
2000-11-21,26.829097747802734,27.672297962733676,25.18102460043771,25.410988295418875,30790600
2000-11-22,24.20368003845215,26.254189748756488,23.762916268947478,26.254189748756488,37088000
2000-11-24,25.90923500061035,26.29250770771997,24.912725962125336,24.97021686819178,12493800
2000-11-27,27.42317008972168,28.017242956794615,26.618297173042215,26.675788095662178,40959000
2000-11-28,25.593040466308594,27.193204359185245,25.2385131367491,26.829095209907923,33772400
2000-11-29,25.334341049194336,26.350014328776258,24.069540361413075,25.18103187491782,29682400
2000-11-30,24.60611915588379,25.39182856818226,23.07302761969165,24.146191695026147,30656800
2000-12-01,25.449323654174805,27.09739732455058,24.989396118255982,25.257687180875294,28858600
2000-12-04,27.595657348632812,27.633984650505912,26.369183688693575,26.714129405551486,43292600
2000-12-05,30.546844482421875,30.700153614077692,28.13222565884273,28.362189356326457,58903800
2000-12-06,30.47017478942871,33.0572651017387,29.895265831137607,30.125229414454047,68904400
2000-12-07,32.02243423461914,32.194906950424986,29.43534349753142,29.569488943158188,47557800
2000-12-08,31.6583309173584,32.57818556871022,30.20189438605135,32.29073099016277,42941400
2000-12-11,30.50853157043457,31.44755044414769,29.282057939462323,30.048603958819978,36458200
2000-12-12,27.538158416748047,30.431868869725747,27.49983112598013,30.086923252814497,42861200
2000-12-13,27.998090744018555,29.320382504003007,27.92143614923685,28.285545474449957,31667600
2000-12-14,27.00157356262207,28.9754288337009,26.905755345579408,27.92142844623162,21760400
2000-12-15,24.395320892333984,26.522485557729954,24.2228480816262,26.177539936314393,57547800
2000-12-18,26.196706771850586,26.599143379172357,24.912742358014455,24.912742358014455,31734000
2000-12-19,25.58346176147461,28.458008026808837,25.487643552630136,26.445825641074876,37262600
2000-12-20,23.647932052612305,25.75593247869606,22.766404601704554,25.104368710633807,44586200
2000-12-21,23.24550437927246,25.29601465840037,22.766413192560332,23.647940976110647,35720200
2000-12-22,26.062551498413086,26.062551498413086,24.069532854416792,24.107860136032105,32830200
2000-12-26,25.69843292236328,26.407487372868456,24.72108759869398,25.83257835894534,16418600
2000-12-27,27.557315826416016,27.633970390606326,25.755933567943757,25.851751773181643,26665200
2000-12-28,27.403993606567383,27.78726624442147,26.560793803288387,27.499811766030906,20138800
2000-12-29,25.20018768310547,28.132224729124584,24.931896711574307,27.44233365947303,23929400
2001-01-02,21.731571197509766,25.219354229208864,21.559098410227943,25.104372371020983,36380600
2001-01-03,25.775094985961914,26.29251324962063,21.17582153121778,21.194985170612547,47526000
2001-01-04,24.20368003845215,25.257680356832882,23.532952563118954,24.222843680604527,40355600
2001-01-05,22.402297973632812,24.471971353574936,22.24898883437784,24.337825856726834,31656400
2001-01-08,23.877901077270508,23.916228366319096,21.99986391388968,22.383136804375564,23359400
2001-01-09,22.459789276123047,23.39880776974935,21.98069820794636,23.03469855793507,29433000
2001-01-10,22.21067237854004,22.268163333790792,20.773398497271273,21.27165344277778,35403600
2001-01-11,21.635753631591797,22.70891767354852,21.329135333889877,21.539935413559945,25866400
2001-01-12,22.01902961730957,23.01553922575178,21.635756690985644,22.038193263625768,22619600
2001-01-16,21.750736236572266,21.808227169356158,20.98419046612038,21.348299707085026,21852600
2001-01-17,22.383129119873047,22.823892792610273,21.94236544713582,22.383129119873047,26540000
2001-01-18,22.402297973632812,22.689752609735883,21.904043271054153,22.574770755294654,23147800
2001-01-19,21.578262329101562,22.823899142060355,21.463280469443827,22.804735498784066,25167400
2001-01-22,23.130516052246094,23.216752441836075,21.25247912339761,21.597424681757538,33483800
2001-01-23,23.801244735717773,24.491135887477707,23.34131730121115,23.398808230524477,37063200
2001-01-24,22.766408920288086,24.03600032682772,22.344808755097564,24.031209415859646,28724200
2001-01-25,22.670589447021484,23.456298802328234,22.344807519211372,22.728080375458564,31479800
2001-01-26,24.836084365844727,24.951066237908822,23.22633815694738,23.590447418483688,57665400
2001-01-29,26.618314743041992,26.675805703610116,24.376167280885106,24.5869674696349,34226200
2001-01-30,26.27334213256836,26.369160302271382,25.45888769009268,26.292505766508963,22811800
2001-01-31,25.775094985961914,26.56080420114737,25.73676770717238,26.369167807199698,22513800
2001-02-01,26.13920783996582,26.215862408411468,24.8169165342784,25.487644008177817,22344000
2001-02-02,26.618314743041992,27.327369923382204,25.52598649224761,25.79427764156553,44556200
2001-02-05,26.50332260131836,27.130932012159413,26.100886032534785,26.311686139992847,21904200
2001-02-06,25.430160522460938,26.79077951047505,25.08521486352778,26.330851965230842,16467400
2001-02-07,26.560813903808594,26.90575953892299,24.816922081841362,25.008558545793804,28307600
2001-02-08,25.985910415649414,27.40402057107571,25.947583114151406,26.50332898587252,25561800
2001-02-09,24.261171340942383,26.369172010376555,23.83957120705555,25.755935451995704,25314800
2001-02-12,25.410993576049805,26.043393868666428,24.222847571739784,24.24201121697059,26479400
2001-02-13,24.682788848876953,26.714136378365275,24.663625192938387,26.21588132396248,24444800
2001-02-14,25.564292907714844,25.755929286333398,24.452801911727242,25.008547409721043,24141800
2001-02-15,26.254188537597656,26.963243264525474,25.890079353499583,25.918824815402065,25560200
2001-02-16,24.72109031677246,25.56429029656935,24.510290321823238,24.912726675817208,23395000
2001-02-20,23.154468536376953,25.104368949020326,23.11135034543398,24.66360521938104,24447400
2001-02-21,21.84654998779297,23.245495732625326,21.424949900309244,22.306477355957032,32640000
2001-02-22,20.52425765991211,21.61658509839483,19.33611202507126,21.42494870567856,51144600
2001-02-23,18.952844619750977,19.201972001001494,15.369243058685827,18.12880789715311,149932400
2001-02-26,19.336116790771484,19.68106238267821,18.013825355129033,19.27862585878703,53842800
2001-02-27,17.055646896362305,18.933684419781976,16.998155951767824,18.914520771583813,47386000
2001-02-28,16.806514739990234,17.937169665485587,15.982478099374978,17.17062395328535,57997000
2001-03-01,18.761201858520508,18.857020049830624,16.844838032318208,16.902328947104277,55642200
2001-03-02,18.5504093170166,19.85353724424504,18.243790981198146,18.301281919164104,54743000
2001-03-05,19.297788619995117,19.393606835585956,18.243788248495882,18.742042969568246,22659000
2001-03-06,18.109642028808594,20.380533648294115,17.841351035789206,19.891860768151663,41703600
2001-03-07,17.668882369995117,18.799537532500228,17.189791199442105,18.703719298389625,45456400
2001-03-08,17.55389404296875,18.16713051608556,17.534730403183847,17.68803952146305,22061200
2001-03-09,15.924992561340332,17.55390275112845,15.924992561340332,17.132302466712705,33687600
2001-03-12,14.736839294433594,16.557385111041125,14.487711972160984,15.63753038264995,48112000
2001-03-13,16.19327735900879,16.25076828454373,14.5835314440304,14.909313355395076,42182600
2001-03-14,15.733343124389648,16.42323393130564,15.024288683948216,15.297370461685794,40149000
2001-03-15,16.001638412475586,16.90232943689038,15.98247477365825,16.442402105274315,26985600
2001-03-16,15.426736831665039,15.752518851712624,15.100954811617456,15.445900479903132,30580400
2001-03-19,17.841354370117188,18.282118226736625,15.407571335740299,15.4842259195002,44608600
2001-03-20,16.55738639831543,18.24378686481052,16.365749981668262,17.783859464857315,42417400
2001-03-21,17.822185516357422,18.12880376180013,16.59571253458659,16.80651257832845,43807600
2001-03-22,17.43891716003418,18.26295390495887,16.25077115572416,17.860517355111927,59501800
2001-03-23,18.05215072631836,18.37793263963833,17.18978683811844,18.205459861998346,35733800
2001-03-26,17.362253189086914,18.742034899477925,16.90232595228991,18.205453123214756,38035000
2001-03-27,18.358776092529297,18.703721781115444,17.362266325502656,17.496411871063934,43913800
2001-03-28,16.806514739990234,18.013824236705613,16.442405526695122,17.898842379875575,39496800
2001-03-29,16.768186569213867,17.208950330461775,15.944149972098215,16.05913182285854,36864200
2001-03-30,17.362253189086914,17.688034981818124,16.116616922761693,16.844835047690285,29803400
2001-04-02,15.790843963623047,17.63055393996748,15.618371153340757,17.017317281186003,37414800
2001-04-03,14.027789115905762,16.174117505224675,14.008625469572557,15.94415374922622,49397200
2001-04-04,13.452876091003418,14.602694560319948,13.107930550208458,13.759494349487825,62465400
2001-04-05,14.698511123657227,14.87098387478228,13.299565475642915,14.142765592254282,63258000
2001-04-06,13.682839393615723,14.545203220944446,13.395384784506149,14.343984994567744,40943200
2001-04-09,13.871414184570312,14.165767509580618,13.42375052025398,13.708905669375259,23734400
2001-04-10,14.962977409362793,15.539420318206588,13.86221732693257,14.058452912158623,34930600
2001-04-11,15.665128707885742,16.266100284200117,15.23892946580916,16.210908897634923,29363800
2001-04-12,16.263032913208008,16.33662064115318,14.441719686555224,15.024294852791094,36153200
2001-04-16,14.831131935119629,15.950289582196069,14.720749122079539,15.821509243763831,23467800
2001-04-17,15.563944816589355,15.793908547842872,14.68701743725367,14.702348118739367,28842800
2001-04-18,18.013826370239258,18.39709927173371,16.174116443065884,16.551256837777697,51701600
2001-04-19,20.337995529174805,20.390120086758625,17.74093775436084,18.335776926793063,55586000
2001-04-20,19.571447372436523,20.236808546547195,18.783437236282875,19.65423328719327,33502800
2001-04-23,17.845182418823242,19.332280466368594,17.799189213370994,18.80183103319012,27689000
2001-04-24,18.243785858154297,19.203501307271754,18.167131295725078,18.23152084744823,26453200
2001-04-25,19.310819625854492,19.40893738438091,17.832919572187407,18.17019922091497,35864400
2001-04-26,17.799196243286133,18.443095525651064,17.33313617794253,17.33313617794253,62933200
2001-04-27,17.262605667114258,18.550402433627823,17.127694070491195,18.394027655034176,33430000
2001-04-30,17.587627410888672,18.58413697290344,17.385259362004227,18.078216265864274,29310000
2001-05-01,18.933679580688477,18.964340942106556,17.093969823860444,17.391389942170886,27274200
2001-05-02,18.427759170532227,19.298555180264234,18.10274452449145,18.84782707931682,25198200
2001-05-03,18.041412353515625,18.703707523971683,17.69800034615278,18.133397566423742,22814000
2001-05-04,18.88461685180664,19.09311734199241,17.277936810314365,17.5232323302899,30661200
2001-05-07,18.547346115112305,18.872360845727048,18.262190931302886,18.82023628314026,19977000
2001-05-08,19.02566909790039,19.298559252501246,18.52588084113177,18.850896725410937,20837200
2001-05-09,18.176342010498047,18.884631077135502,18.10581990476201,18.76198322476012,17913600
2001-05-10,17.970897674560547,18.795700431118743,17.94330198242595,18.657721970445756,15230200
2001-05-11,17.768537521362305,18.40630322130069,17.52017618220455,17.995434495219218,12634600
2001-05-14,17.45270538330078,17.84824309670799,16.92532293507998,17.820647415082938,18167600
2001-05-15,18.243785858154297,19.120714239489498,17.796123494285045,17.845182367453514,37908200
2001-05-16,19.856595993041992,19.908720527460677,18.357231959218858,18.636254484353753,34841400
2001-05-17,20.344125747680664,20.945097394355276,19.74622093931649,19.82594236020245,31584000
2001-05-18,20.046703338623047,20.500499445735347,19.783011417072053,20.08656521423942,15781000
2001-05-21,21.769901275634766,21.782166289465263,20.160155054549094,20.347192421667835,25088400
2001-05-22,21.435678482055664,21.6656421212974,20.543418438928395,21.6656421212974,21910000
2001-05-23,20.883771896362305,21.769898566354897,20.8776382205543,21.481676625488134,24848400
2001-05-24,21.463285446166992,21.463285446166992,20.5587622095178,20.97269653240281,20010200
2001-05-25,20.70286750793457,21.432620591566636,20.69673617095901,21.208788193309317,14916600
2001-05-29,20.2919921875,20.98801445909785,20.083491721853353,20.653801750260037,17413400
2001-05-30,18.955141067504883,19.71555539475532,18.7190448628623,19.55917942444313,24797400
2001-05-31,18.62400245666504,19.408944825825508,18.519752152053865,18.995010446442066,21987400
2001-06-01,18.88461685180664,19.163639394605873,18.397093818821638,18.780366606713756,14297000
2001-06-04,18.991941452026367,19.362950569354762,18.568808942792344,19.14831747602455,12150200
2001-06-05,19.476394653320312,19.878065049396152,18.979673332351105,19.016467201030604,17964200
2001-06-06,19.15750503540039,19.78913894978729,18.866217510864736,19.577571642768618,12808600
2001-06-07,19.93018341064453,20.09269068570306,18.91834356372755,19.11151336121122,14187000
2001-06-08,18.77730369567871,19.83820147793708,18.70371479495162,19.83820147793708,11969200
2001-06-11,18.329639434814453,18.768103645600355,17.783859299565922,18.71904477018089,19297200
2001-06-12,17.774660110473633,17.96169742784233,17.017312667900637,17.17675429631894,25350000
2001-06-13,16.624832153320312,17.869700770710505,16.618699651552983,17.8666351046544,21186200
2001-06-14,15.790843963623047,16.864008116490634,15.769380774138185,16.58805115217653,23156600
2001-06-15,15.131600379943848,15.484211607177228,14.870975503922685,15.3768957569697,34356600
2001-06-18,15.343172073364258,16.017732218243044,15.162267323187521,15.573135679369159,27066400
2001-06-19,15.425966262817383,16.07599669628553,15.287987801321428,15.999342125416211,21160200
2001-06-20,14.855656623840332,15.524084600384985,14.71154565092798,15.208266961229318,28049800
2001-06-21,16.097461700439453,16.465403916094996,14.717679268973214,14.926179818856152,32745600
2001-06-22,16.56658935546875,16.741361724342347,16.07906612396445,16.158787551315754,22582000
2001-06-25,16.664705276489258,16.955992915335543,16.177182099371475,16.93146405787964,22868600
2001-06-26,16.388744354248047,16.618708022914795,15.913486339601242,16.3458179899085,21046600
2001-06-27,17.035701751708984,17.400576863092674,16.3488767053721,16.419398726749357,25090000
2001-06-28,17.66121482849121,18.136474161947806,17.385259041279326,17.385259041279326,25078800
2001-06-29,17.93104362487793,17.93717613314546,17.348469375338812,17.572300663650072,16127000
2001-07-02,17.74399185180664,18.22844908584034,17.492565064663083,17.642808471446628,12945800
2001-07-03,19.583717346191406,19.608247380209782,18.76504676015871,19.01034125206047,30307800
2001-07-05,18.829431533813477,19.62357305257095,18.780372647968292,19.298557202811548,20964000
2001-07-06,17.839052200317383,19.010333974186732,17.786926482812227,18.728245708907853,20909800
2001-07-09,18.924480438232422,19.258694407081155,18.305111378088167,18.41855981311949,26743200
2001-07-10,18.105802536010742,19.240289988380194,18.01075165277515,19.090046571830484,21977000
2001-07-11,17.3085994720459,18.240719180289737,16.931459186135655,17.8911734124565,30185400
2001-07-12,19.427335739135742,19.485592795251474,18.20392820345738,18.265252097590572,29961200
2001-07-13,20.108036041259766,20.83165568147564,18.936752630120505,19.175915787095033,42109600
2001-07-16,19.657297134399414,20.439174645003195,19.54691437197743,20.058966312522262,24689600
2001-07-17,19.835128784179688,20.098820579156,19.33534087439099,19.68795104353514,21693200
2001-07-18,19.178974151611328,20.022175633981,18.921414736577994,19.694094151333967,18210800
2001-07-19,20.144819259643555,20.66913855619952,19.727818228271815,19.746216915072623,27739600
2001-07-20,19.770751953125,20.144824369725935,19.592912751246185,19.908729272916858,25012400
2001-07-23,18.657718658447266,20.022171173161112,18.627057303587595,19.74314746352184,21318000
2001-07-24,17.707202911376953,17.897305887856962,17.305532606077445,17.78385746943486,37194200
2001-07-25,18.271385192871094,18.397098653550785,17.510971922216388,17.863582277949156,21651000
2001-07-26,18.292844772338867,18.535073470875716,17.679608271530114,18.317374793806003,27929400
2001-07-27,19.372140884399414,19.807538232476734,19.16364038345496,19.384405894962214,34511000
2001-07-30,19.657297134399414,19.939385376450396,19.286289314880072,19.350678869740946,22950600
2001-07-31,19.387474060058594,19.89339352955538,18.93981164375547,19.72475487604572,28376400
2001-08-01,20.043638229370117,20.218410559091417,19.60823965434699,19.68795989418326,18907000
2001-08-02,20.954299926757812,20.966564943237483,20.26440854013705,20.29813675062797,25390600
2001-08-03,20.500507354736328,20.88991171136211,20.328801791413195,20.696742952623584,17544000
2001-08-06,20.635417938232422,20.911372609163575,20.313467703062617,20.331864057308003,13833000
2001-08-07,20.715131759643555,21.116803326482472,20.46677168330242,20.549557595645464,15868400
2001-08-08,19.95778465270996,21.116803828235874,19.635836831157253,20.540359908920838,22618800
2001-08-09,20.15096664428711,20.359467301821876,19.592921110784257,19.976194206303067,22507600
2001-08-10,19.553050994873047,20.10803059184184,19.07166031156632,20.012977319050588,25817000
2001-08-13,20.420778274536133,20.497432849394986,19.822873526361867,20.04363907624528,19800800
2001-08-14,20.215343475341797,20.77338865637603,20.08349752018642,20.617012677165736,15580000
2001-08-15,19.479454040527344,20.28586141067519,19.47025586873742,20.160146824716307,20480200
2001-08-16,19.871929168701172,19.881127342436574,18.550405184315633,19.2065680896407,23959800
2001-08-17,18.875429153442383,19.715564085353744,18.82023774778693,19.433474548708507,18508600
2001-08-20,19.534648895263672,19.534648895263672,18.853957159305228,19.028729472424164,14763600
2001-08-21,19.145240783691406,20.230670707236694,19.132976944119285,19.53771289139073,22653600
2001-08-22,19.546916961669922,19.63583655091888,18.62706204582663,19.497858079611184,27677400
2001-08-23,19.30161476135254,20.065094548014944,19.29548225736324,19.451857015295978,22051200
2001-08-24,20.270540237426758,20.282805252708034,19.47026611999534,19.559185726300214,20919200
2001-08-27,19.92099380493164,20.417714015600623,19.77075147423776,20.172420748655227,14804400
2001-08-28,19.2556209564209,20.074292083403538,19.185098917260753,20.052828904948516,22055000
2001-08-29,19.231103897094727,19.470265843400842,18.88462482308637,19.43347196773595,21390400
2001-08-30,18.271385192871094,19.301622904614906,18.26218701783425,18.97967391210897,28877600
2001-08-31,18.044485092163086,18.443089787072736,17.793058199172755,18.124206499007375,23522600
2001-09-04,16.64937973022461,18.090486517222796,16.55739443949205,18.01383191333626,41623800
2001-09-05,16.315160751342773,16.618713406975093,15.750982987980873,16.502198116265546,47923800
2001-09-06,14.874049186706543,16.85480375675707,14.84032216535936,16.14651525466412,49786000
2001-09-07,15.07949161529541,15.4229038641302,14.5490419725598,14.717681843080513,45528800
2001-09-10,15.496482849121094,15.879755567967646,15.226658527549578,15.475019670438128,36125800
2001-09-17,14.040053367614746,15.465827875562793,14.015523340205775,14.48771584092371,42100800
2001-09-18,14.217889785766602,14.834193203932728,13.892875146809933,14.266948665400962,32045400
2001-09-19,13.797828674316406,14.239358770818216,13.061944010490292,13.994064272761655,41121800
2001-09-20,13.963395118713379,14.104439230298983,13.408415675749447,13.64451186409358,44107600
2001-09-21,13.7640962600708,14.104442783959133,13.123263921578587,13.138594603716895,45258000
2001-09-24,14.595036506652832,14.671691112611422,14.073786121859595,14.276154234804013,30381400
2001-09-25,14.96910285949707,14.978301032699884,14.319072497518773,14.51224232236844,36162000
2001-09-26,14.20562744140625,15.116283063771931,14.128972860789094,15.05495916534699,32100800
2001-09-27,14.582771301269531,14.644094044603293,13.521870764612691,14.079916150475668,31670400
2001-09-28,14.576638221740723,15.09175719921981,14.432527207310171,14.665557833608776,29678400
2001-10-01,13.736496925354004,14.533705051570259,13.669041707884146,14.487711847683562,31600800
2001-10-02,14.064581871032715,14.411060896690893,13.659845786230049,13.825419958100973,32895400
2001-10-03,13.739561080932617,14.733003330141885,13.288831981581716,14.003251733491744,66462200
2001-10-04,12.877970695495605,13.920473552993435,12.8687725192888,13.534133777121106,76788600
2001-10-05,11.792539596557617,12.64800493857504,11.746547553120033,12.577482869579281,77904400
2001-10-08,12.638809204101562,12.831977929216945,11.909057178030341,11.982646099257312,47433600
2001-10-09,12.52535343170166,12.954619394285817,12.280059097220278,12.764516431269701,41547200
2001-10-10,13.767160415649414,13.82541746428555,12.356715710296431,12.378178895039,51378600
2001-10-11,15.232791900634766,15.468888049275199,14.411055050964755,14.555165975764188,68818200
2001-10-12,15.177604675292969,15.312516295775005,14.4417203443861,14.913912770557076,37382800
2001-10-15,15.499564170837402,15.787786295094891,14.613436937017456,14.907790401672312,31874800
2001-10-16,15.284920692443848,15.514884400974031,14.831125781302994,15.36464209974162,34895200
2001-10-17,14.300675392150879,15.63753118662278,14.25774902309724,15.60686982862899,36550200
2001-10-18,14.530640602111816,14.923111639728402,14.165765257431142,14.573566975644136,33358800
2001-10-19,14.809663772583008,15.070290031427064,14.503045470170704,14.515310482984637,28841600
2001-10-22,14.818862915039062,15.11628186895907,14.288412229798588,14.791267221411848,22802400
2001-10-23,15.131600379943848,15.698844477247327,14.803519158275071,14.913901844005697,33173200
2001-10-24,16.324359893798828,16.404080142459307,15.16227617869033,15.192937542869883,40147800
2001-10-25,17.127696990966797,17.161425188287545,15.536347398637735,15.980944130340873,35369800
2001-10-26,16.946794509887695,17.47724405759275,16.747492136105357,16.870139930687728,39769400
2001-10-29,16.036134719848633,16.864004253496923,16.01160586733731,16.848673574470364,26788000
2001-10-30,14.929241180419922,15.579272669422966,14.852586623008257,15.554742649616486,42631400
2001-10-31,15.061092376708984,15.806175028734994,15.024298503795244,15.241997242214397,32084400
2001-11-01,15.830702781677246,15.849099130661838,15.024296344267,15.312517118366587,29547600
2001-11-02,16.410213470458984,16.511396913039984,15.692726517984498,15.806174974713539,32466800
2001-11-05,16.275304794311523,16.58192318603866,15.944156369811171,16.42861399017509,31249600
2001-11-06,16.78122329711914,16.811885835999462,15.922692092626528,16.376487141148964,35199200
2001-11-07,16.897735595703125,17.437383317655122,15.69579118778051,15.824571488826814,91845200
2001-11-08,17.259553909301758,17.799201900360924,16.753632967337772,17.05718576644749,57340600
2001-11-09,16.99279022216797,17.336203653234897,16.802687152236985,16.986658883806335,26454800
2001-11-12,17.24114418029785,17.305533732540404,16.462333539017276,16.940658433510123,23800200
2001-11-13,17.648950576782227,17.76239902547053,17.35766294452022,17.590692348536198,22768400
2001-11-14,17.805328369140625,17.998498266672087,17.3545989981193,17.81452654580433,22871800
2001-11-15,18.078214645385742,18.39709795736416,17.664280409207446,17.69187610292973,27431000
2001-11-16,18.421632766723633,18.516683715607645,18.078219340184898,18.1732714587252,27170200
2001-11-19,19.154447555541992,19.160580062534713,18.433893774255093,18.498284512850578,26054600
2001-11-20,18.157926559448242,19.080846642863488,18.11500020714828,19.010324611277074,28568400
2001-11-21,18.329639434814453,18.458419713825457,17.845183186254218,18.145668944405422,17289000
2001-11-23,18.798770904541016,18.857027968244743,18.366439090591893,18.452291851767107,7164200
2001-11-26,18.519742965698242,18.89994894475252,18.090476943250316,18.84169189770628,29628000
2001-11-27,18.403230667114258,18.90915016473996,17.77772904893295,18.326576091444664,27891400
2001-11-28,17.566158294677734,18.581063865284836,17.547760780202527,18.280578146790646,27288400
2001-11-29,17.912643432617188,17.967834829149787,17.32393676247769,17.553900524811468,20094800
2001-11-30,18.004623413085938,18.412425063747754,17.814519262281653,17.906505669934713,21344400
2001-12-03,17.563100814819336,18.115014846570876,17.492578726241376,17.829859653384688,17876200
2001-12-04,18.369497299194336,18.387894813255837,17.510966527137395,17.68267197975538,19909000
2001-12-05,19.007274627685547,19.086994894927216,18.482956288621015,18.498288143940407,30072400
2001-12-06,18.409358978271484,18.939808380663774,18.295909389981862,18.921410865619468,29728200
2001-12-07,17.468050003051758,18.33577943606964,17.314740808486533,18.32964692792827,33465200
2001-12-10,17.48643684387207,18.01382056052974,17.231944327578315,17.339260237523447,23118800
2001-12-11,17.639755249023438,18.121146018106977,17.446586509345853,17.47724787986906,23313800
2001-12-12,17.682676315307617,17.9157068719332,17.118499781627897,17.75319955167354,22571600
2001-12-13,16.86400604248047,17.477242625843395,16.86400604248047,17.354594841308426,23683200
2001-12-14,17.121564865112305,17.247278313589565,16.787350891893844,16.962123218565743,19307400
2001-12-17,16.410213470458984,17.247281386736528,16.34888956937492,17.139965437081507,30373000
2001-12-18,16.43474006652832,16.802682252721993,16.31515911918797,16.781219065745827,25106000
2001-12-19,16.030006408691406,16.5880516927973,15.974815014029842,16.06986712031501,21482800
2001-12-20,15.196002006530762,15.944150170372104,15.137743786174635,15.925752652945556,30375400
2001-12-21,15.327852249145508,15.668197644415672,15.223601960516312,15.395307492618835,30459600
2001-12-24,15.367706298828125,15.668192042224518,15.346243114989509,15.389169482666738,5218400
2001-12-26,15.51795768737793,15.962554609223409,15.435170577545483,15.441303086013411,12261200
2001-12-27,16.005470275878906,16.017735284597745,15.597667508394586,15.597667508394586,14290200
2001-12-28,15.88282585144043,16.333555074098957,15.80617128539134,16.143452077800852,14839200
2001-12-31,15.484223365783691,15.867496221372397,15.327848555352109,15.790841650254656,14681400
2002-01-02,15.959482192993164,15.959482192993162,15.260392847141146,15.628335039041781,18612800
2002-01-03,15.938023567199707,16.355024759390496,15.83684010802018,15.962553599519786,22240000
2002-01-04,15.456632614135742,16.12199511234315,15.266529544500614,16.08826690312511,38927400
2002-01-07,14.472383499145508,15.459693596025016,14.441720968400213,15.453562259531907,40064600
2002-01-08,14.775936126708984,14.895518251648701,14.245486583986814,14.365067539270488,56385400
2002-01-09,14.168829917907715,15.104015403643421,14.101374694150193,15.070288376592597,45937000
2002-01-10,14.316008567810059,14.453987042156747,13.951133197565293,14.306810392738958,49996800
2002-01-11,14.260817527770996,14.411061019000737,14.119773381493978,14.190295454632487,23483000
2002-01-14,14.457056045532227,14.644092261374741,14.128974496090796,14.168834040472726,26820800
2002-01-15,14.273083686828613,14.496914937708429,14.150437050957347,14.395731492356038,36854000
2002-01-16,13.951135635375977,14.291482208351026,13.93273811236297,14.153503709894082,28107000
2002-01-17,14.49384593963623,14.536772310813667,14.046183540705977,14.162697642571622,23851400
2002-01-18,13.782489776611328,14.322137350841942,13.75182725158612,14.165762567008441,25815400
2002-01-22,12.694002151489258,13.843821144571386,12.651074593236178,13.84075430558227,37067800
2002-01-23,13.350157737731934,13.53412820404992,12.67253174421866,12.877965392618552,33356600
2002-01-24,13.402291297912598,13.797829353428437,13.36856308345918,13.678248352843763,37546000
2002-01-25,14.119769096374512,14.214821167665436,12.825840975912167,12.82890664352865,56492200
2002-01-28,13.917407035827637,14.365069556289702,13.537200928189462,14.288414967046627,29880400
2002-01-29,13.23978042602539,14.116709092809455,13.178456522189324,14.036987666925715,28530400
2002-01-30,13.702767372131348,13.721164885791683,13.18458301874955,13.386950990390643,31119400
2002-01-31,13.506534576416016,13.705836920026963,13.310299070516184,13.644513032019296,19762400
2002-02-01,13.019015312194824,13.488142199345225,12.91476502278987,13.442148977386248,19889400
2002-02-04,12.506957054138184,13.199913693398281,12.448698845716697,13.000612558890527,24413600
2002-02-05,12.206474304199219,12.644938543786916,11.988774433672734,12.243268170766767,33471400
2002-02-06,12.448701858520508,12.602011000471038,11.896789181429794,12.322988408907312,26281600
2002-02-07,11.991842269897461,12.510026791798834,11.97344475025404,12.418041532893788,25089800
2002-02-08,11.485926628112793,12.307664151361381,10.605932021597853,12.11142853440468,113367200
2002-02-11,12.65720272064209,12.666402064768995,11.878393147828506,11.899856334698017,52587400
2002-02-12,12.418042182922363,12.64494025844419,12.35365261528393,12.470166736823165,25137800
2002-02-13,12.847310066223145,12.908632803998675,12.510029160176492,12.556022383164386,21881000
2002-02-14,12.280059814453125,12.877965593811217,12.273927309525957,12.877965593811217,19634800
2002-02-15,11.467524528503418,12.464033972275699,11.240626478965108,12.289261640325037,40053600
2002-02-19,11.442996978759766,11.682158922701804,11.007599473669778,11.317283499295847,35042400
2002-02-20,11.010664939880371,11.676027369907953,10.559935589528017,11.639232325627958,46179400
2002-02-21,9.965091705322266,10.961600875854492,9.958959200837237,10.943203362399407,53571600
2002-02-22,10.02641773223877,10.29010963340648,9.514365194406091,10.032550238039866,59226400
2002-02-25,11.010664939880371,11.02292995464037,10.517009207524207,10.71017909619753,53386400
2002-02-26,10.661115646362305,11.268219581410214,10.455680830806795,11.222226380562592,44648000
2002-02-27,10.29317569732666,10.937073625677819,10.29317569732666,10.872684066773889,27107800
2002-02-28,10.195055961608887,10.694843994899626,10.133732082795888,10.437284639609594,23921600
2002-03-01,11.029058456420898,11.056654144780435,10.265578524910914,10.36369626804354,29224800
2002-03-04,11.918248176574707,11.939711355327594,11.114908882758854,11.117974549871187,33465400
2002-03-05,11.915188789367676,12.126755021290275,11.559511564445781,11.620835465912894,30854400
2002-03-06,12.249402046203613,12.402711205305897,11.927453046020032,11.988775773936098,31665800
2002-03-07,12.706265449523926,12.733861150951926,12.20034581621901,12.439507782157467,29273200
2002-03-08,13.429884910583496,13.52187019134069,13.003685546338652,13.061942617898405,35033400
2002-03-11,13.383891105651855,13.690509447869253,12.923963592325759,13.340963555230253,23977800
2002-03-12,13.055805206298828,13.092599067554813,12.709326267975666,12.767583312435622,23590400
2002-03-13,12.562159538269043,12.893306889459266,12.448709858169634,12.838115469318115,21610000
2002-03-14,12.393511772155762,12.844241070997363,12.387380435132657,12.693998751154197,22304400
2002-03-15,12.874905586242676,12.874905586242676,12.393513679904062,12.454837586479242,25970600
2002-03-18,13.402291297912598,13.49121092335225,13.065011492691387,13.101805376796714,28936400
2002-03-19,13.196853637695312,13.46054559730779,13.08033834096177,13.454413090147483,20375200
2002-03-20,12.329117774963379,12.87796464408333,12.31378709860393,12.721589873767938,22534600
2002-03-21,12.807445526123047,12.81664370011118,11.96424526730447,12.148215765002528,30621000
2002-03-22,12.40884017944336,12.779847958133837,12.326053116737466,12.697060895427944,17770000
2002-03-25,12.102226257324219,12.559086929038871,12.102226257324219,12.402712090245785,18076000
2002-03-26,12.224874496459961,12.556022908656981,11.829337674766363,11.970381849003035,23613000
2002-03-27,11.61163330078125,11.896788379151843,11.513515550122106,11.783339949262679,30071200
2002-03-28,11.541111946105957,11.768009989410398,11.384737136951216,11.731214953422054,20250200
2002-04-01,12.062358856201172,12.142079065763427,11.283548423579582,11.3755336406608,25126800
2002-04-02,11.427665710449219,12.0960937874614,11.421533203269934,11.80480612955416,20257600
2002-04-03,11.541111946105957,11.829333879735053,11.360207112958985,11.774142495408457,24533600
2002-04-04,11.222227096557617,11.452190776156385,10.98306524406474,11.268220300339674,31288200
2002-04-05,11.010664939880371,11.40620289346892,10.912547161112757,11.234496195797503,18313200
2002-04-08,11.075054168701172,11.13331240217255,10.590597797298788,10.71017876335203,22611000
2002-04-09,10.731642723083496,11.40620335675142,10.71631203883891,11.283555543482258,20154800
2002-04-10,10.823628425598145,11.12718113211473,10.713245623228477,10.869621649804266,19937800
2002-04-11,10.621258735656738,10.731641521306582,10.492479598835988,10.700980156251005,15160400
2002-04-12,10.949339866638184,11.081185837090056,10.455684186991322,10.679516588665289,22892400
2002-04-15,11.099579811096191,11.17623436618711,10.56299792545976,11.035190265537185,24249600
2002-04-16,12.14821720123291,12.154349707835317,11.44299531714054,11.45832599881854,29353600
2002-04-17,12.20340633392334,12.372046140502729,11.927450605790476,12.270862724417425,27450400
2002-04-18,11.774142265319824,12.111421901030466,11.559509238205827,11.666825166934876,21469600
2002-04-19,11.424598693847656,11.918254402347419,11.424598693847656,11.918254402347419,14485000
2002-04-22,10.740839004516602,11.0535898204786,10.584464181363618,11.038259138939056,28149000
2002-04-23,9.88843822479248,10.826690458825608,9.735129105028257,10.636586308165823,51037600
2002-04-24,10.20732307434082,10.391293579027979,9.594086499175702,10.311573338905129,61125800
2002-04-25,9.934432983398438,10.179727379480486,9.750461309094945,9.75966006825851,34710400
2002-04-26,9.39785099029541,10.256382600583107,9.379454055631733,10.008021350897433,27146800
2002-04-29,8.95938777923584,9.670742826832136,8.757019719476885,9.403984610880014,34277600
2002-04-30,9.247607231140137,9.428512062209416,8.968584644540664,9.0268422811972,29371800
2002-05-01,9.131088256835938,9.321191172740923,8.81527136773226,9.124955753786697,26505600
2002-05-02,8.71716022491455,9.106565689466208,8.66196882555093,9.103499435631772,25236800
2002-05-03,8.229635238647461,8.711025877236759,8.03646538167759,8.674232008651638,40977600
2002-05-06,8.110054016113281,8.416672306554949,8.060995136428852,8.171377323304828,21685600
2002-05-07,7.604132175445557,8.343082092635047,7.552007050859133,8.20817048709315,41761600
2002-05-08,9.023778915405273,9.060572793087378,7.935283327759958,8.165247110171599,44238200
2002-05-09,8.68956470489502,8.974719884284076,8.306291740087824,8.870469591070268,38446000
2002-05-10,8.21737003326416,8.901129272354533,8.131517285359491,8.76315080632491,37510600
2002-05-13,8.919526100158691,8.96858497975745,8.352282146866555,8.76928320828399,34209600
2002-05-14,9.4070463180542,9.578752343536763,9.183215176018095,9.361053705760558,36657600
2002-05-15,9.83324909210205,10.191993122438534,9.143357895726382,9.22921123292455,43400200
2002-05-16,9.916033744812012,9.980423293302593,9.581819822613038,9.762724627650202,28697800
2002-05-17,9.962027549743652,10.412755586067137,9.637011780646606,10.271711470473551,31691000
2002-05-20,9.778059959411621,9.91910413361465,9.6216845152986,9.762729274329777,19849600
2002-05-21,10.001888275146484,10.259447685091095,9.897638009939,10.017218955689007,33245600
2002-05-22,9.618617057800293,9.998823708455808,9.28440303866726,9.86084522906032,29454200
2002-05-23,9.710600852966309,9.88537376205749,9.400916323113165,9.532762275754676,24982800
2002-05-24,9.508235931396484,9.646213850010973,9.459177037912024,9.572625509784283,11827800
2002-05-28,9.630884170532227,9.756597671313642,9.324265761830587,9.633950424798627,20174000
2002-05-29,9.54809284210205,9.627813663328425,9.324261642982584,9.336526654630308,20171800
2002-05-30,9.560358047485352,9.661542056317739,9.290533634047016,9.35492377684651,19351600
2002-05-31,9.701400756835938,10.103071065289214,9.652341886079913,9.735128949791157,30388000
2002-06-03,9.557293891906738,10.152133648373278,9.511301256858335,9.952831255116717,25463200
2002-06-04,9.946698188781738,10.01108892692106,9.394785429564244,9.394785429564244,29882800
2002-06-05,10.069347381591797,10.078545558460263,9.701405101321729,9.931368880283488,22340600
2002-06-06,9.43157958984375,9.949764714201347,9.35185875649427,9.90990400511259,31421000
2002-06-07,9.465307235717773,9.61248388025147,8.803011165660145,8.845938125603473,37571600
2002-06-10,9.655409812927246,9.903770462300734,9.13722474277814,9.431578603185361,33652400
2002-06-11,9.600217819213867,9.989623745242616,9.508232572631158,9.722865009600126,30480400
2002-06-12,10.118402481079102,10.170527023334714,9.293599205990839,9.382518781238932,46934000
2002-06-13,9.931367874145508,10.4250235901166,9.9221696982089,9.983493600317287,42372200
2002-06-14,9.170954704284668,9.305866940603272,8.49332843870102,8.695696500764884,83128200
2002-06-17,8.95938777923584,9.256807946478608,8.864336256580106,9.216947234352343,42778400
2002-06-18,8.855138778686523,9.097367585666113,8.821411153725588,8.898065750643966,26764400
2002-06-19,8.625178337097168,9.008451470514412,8.576119422806032,8.827547089583591,30120400
2002-06-20,8.073260307312012,8.554650974058823,8.036465851746714,8.471863887657923,43284200
2002-06-21,8.008870124816895,8.508657688473168,7.892354845182779,8.340017860110299,59071600
2002-06-24,8.21737003326416,8.496392633610302,7.7727738585104555,7.923016752171609,42759400
2002-06-25,8.08245849609375,8.447333848448897,7.972075722028401,8.401341220864332,35010800
2002-06-26,8.30322551727295,8.370681348793408,7.509083884433333,7.628664862755826,43684000
2002-06-27,8.419737815856934,8.554650024856132,7.987406081282288,8.465731026417272,33418400
2002-06-28,8.428936004638672,8.60064206867507,8.303222563222818,8.45039918953973,21931600
2002-07-01,8.103922843933105,8.582247292007297,8.097790336756086,8.355349789910205,23074000
2002-07-02,7.604132175445557,7.883154729164681,7.432426123501761,7.818765178996214,37663800
2002-07-03,8.088589668273926,8.16831048828859,7.518280086365841,7.518280086365841,26193400
2002-07-05,8.750885009765625,8.775414446019456,8.064059625002573,8.340016513893037,14726600
2002-07-08,8.327750205993652,8.86126580002039,8.235764980578898,8.7079567011106,27555200
2002-07-09,8.441202163696289,8.671165892896022,8.355348827590307,8.41360646940608,23528600
2002-07-10,8.097789764404297,8.55465098989604,8.09472351103251,8.536254054493346,23689800
2002-07-11,8.557716369628906,8.609841501971884,7.999671179149947,8.021134365733296,30485400
2002-07-12,8.619043350219727,8.821411446002996,8.364550103411787,8.612910841904311,29567800
2002-07-15,9.008445739746094,9.04217394117553,8.244966213849711,8.487194960791994,31238000
2002-07-16,9.149489402770996,9.321195473581886,8.81220918220007,8.818341688078874,36736400
2002-07-17,9.189351081848145,9.624749131106748,9.06977012104415,9.535830120075792,41099800
2002-07-18,9.31200122833252,9.566494481394338,9.201618415255231,9.247611059094702,33492400
2002-07-19,9.19548225402832,9.440777231779588,9.063636298521557,9.167886561720952,26307000
2002-07-22,9.036040306091309,9.434644412387403,8.842871051183623,9.1310923919165,37770000
2002-07-23,8.591443061828613,9.121892466585662,8.573045546702291,8.996179037361804,32794600
2002-07-24,8.922591209411621,8.947120646066466,8.254163329532203,8.530119638106191,42608800
2002-07-25,7.864756107330322,8.389073493060483,7.7267782788533665,8.208168722206638,60369200
2002-07-26,7.9690117835998535,8.48106451171831,7.831033860768367,8.46266757230641,46448200
2002-07-29,8.625178337097168,8.665039070476459,8.186714363723688,8.324692340856862,32944400
2002-07-30,8.45652961730957,8.56384610027389,8.16217643700172,8.548514839948826,36436800
2002-07-31,8.425869941711426,8.432002447486486,8.202038744373217,8.39520799766407,19353000
2002-08-01,7.852489948272705,8.082453529719245,7.6807833863833945,7.895416296331217,39902600
2002-08-02,7.834096431732178,7.904619077105614,7.631728423749809,7.806500741113862,23451000
2002-08-05,7.28218412399292,7.827964870981822,7.11660997266682,7.745177795318773,29918800
2002-08-06,7.7206501960754395,7.999672849578218,7.389502399345323,7.404833083012384,30236600
2002-08-07,7.668524742126465,7.972076828093742,7.162604598847668,7.9475473843235,30726600
2002-08-08,7.984341144561768,8.024201267894112,7.460023525659578,7.55507503885826,25655600
2002-08-09,7.941412925720215,8.15604594458884,7.6961185482942955,7.806500725721996,21595600
2002-08-12,7.916884899139404,7.978208796840654,7.696119920105359,7.754377564438744,18501000
2002-08-13,8.070194244384766,8.3860113306104,7.86475994263179,7.901554399065357,33673600
2002-08-14,8.508660316467285,8.594513676144555,7.85556340355473,8.033402046235514,31037000
2002-08-15,8.729424476623535,8.787682128628328,8.340019604875991,8.530122660092315,30105600
2002-08-16,8.919526100158691,8.980849992071128,8.523988225462215,8.652767930615955,19193400
2002-08-19,9.167887687683105,9.238409761206292,8.824475495414012,8.888865062153954,19819800
2002-08-20,8.980846405029297,9.09429479947849,8.873529929459815,9.054434695035521,19372000
2002-08-21,8.96245288848877,9.072835665109785,8.569981833530495,8.879665806023008,28561800
2002-08-22,9.2752046585083,9.407050636482726,8.959387562077188,9.054439667257116,22731400
2002-08-23,9.039107322692871,9.256806619298905,8.894996932564931,9.13109316337649,17544000
2002-08-26,9.167887687683105,9.269071710294469,8.845938684327326,9.164821434291484,16346400
2002-08-27,8.76314926147461,9.272135492255924,8.594509463681575,9.244539803914826,19649400
2002-08-28,8.373743057250977,8.84286912381734,8.340015452212901,8.677295011560572,18235800
2002-08-29,8.701826095581055,8.830605790158817,8.217369260708123,8.278693147584363,22263600
2002-08-30,8.496395111083984,8.747822676366239,8.450402470605724,8.59144723087763,14370200
2002-09-03,8.244965553283691,8.462664841243411,8.079391982354018,8.398274696839449,20643600
2002-09-04,8.315486907958984,8.474927947941493,8.048728782417452,8.220434832690552,26485000
2002-09-05,8.205106735229492,8.392144107190637,8.04873131381038,8.177511038224468,21889600
2002-09-06,8.72635269165039,9.01457393038549,8.355344992867883,8.355344992867883,36641000
2002-09-09,9.155620574951172,9.226142627800638,8.695693227941481,8.738619593184135,34339400
2002-09-10,9.066701889038086,9.210812846074894,8.876598894620228,9.029908025202078,32763200
2002-09-11,8.956321716308594,9.526632034041343,8.916461588161766,9.170954795084686,28566000
2002-09-12,8.634373664855957,8.96858775090677,8.588381024124631,8.901131916822703,29638800
2002-09-13,8.76314926147461,8.8459363264979,8.554648765043154,8.600641384002357,22273400
2002-09-16,8.379876136779785,8.723288809010505,8.312420337246902,8.640501747201155,26239000
2002-09-17,8.266426086425781,8.600639958886559,8.217367223021244,8.554647347548277,27689800
2002-09-18,7.9690117835998535,8.51479272133026,7.919952888616015,8.180578633735259,29700800
2002-09-19,7.886220932006836,8.508656170514005,7.696117950475542,7.757441247654589,36628400
2002-09-20,8.609842300415039,8.619041060444376,8.202039963029497,8.336952185986316,65288800
2002-09-23,8.413607597351074,8.554651756118128,8.352283694078737,8.41973951981584,26904600
2002-09-24,8.444270133972168,8.615976256270496,8.272563426845714,8.281762188422244,29343200
2002-09-25,8.69262981414795,8.827542043746725,8.523989380942464,8.65890161054124,34427000
2002-09-26,8.827539443969727,9.029907436354963,8.588377005319954,8.876598315770519,34016600
2002-09-27,8.772348403930664,9.026841530482747,8.720223277536723,8.738620208961672,22914200
2002-09-30,8.468791007995605,8.70182021711676,8.435062834515753,8.585305612556184,24364000
2002-10-01,9.128026008605957,9.137224182386197,8.539318908725278,8.646635419842244,33711000
2002-10-02,8.827539443969727,9.22001041837606,8.714090437412969,9.026841183763928,42211200
2002-10-03,8.922591209411621,9.152554897361261,8.8643335780459,8.894995520071433,30012600
2002-10-04,8.971651077270508,9.158688418015101,8.849003880400268,9.0697688347667,30755400
2002-10-07,9.042173385620117,9.180151851328514,8.796878985280724,8.904195504739702,30279800
2002-10-08,8.799947738647461,9.180154459612616,8.37988030078436,9.121896803669234,45208000
2002-10-09,8.557716369628906,8.830606458750866,8.523988170810517,8.606775248913124,31630600
2002-10-10,9.170954704284668,9.183219718871852,8.591446216086156,8.640505104778724,37961800
2002-10-11,9.618617057800293,9.738198016724354,9.29053496066303,9.318130656542126,43647400
2002-10-14,10.041749954223633,10.087743169967998,9.400917620282355,9.46837343997111,33496200
2002-10-15,10.83588981628418,10.857353001825032,10.391293086434155,10.412756271975008,52726200
2002-10-16,10.474077224731445,10.700975197837828,10.308503122977239,10.428084028803424,34709000
2002-10-17,11.035194396972656,11.16090786760105,10.86042086984916,10.921744770811916,40691400
2002-10-18,11.099579811096191,11.114910488183238,10.584461107312762,10.72857204517351,34668200
2002-10-21,11.311152458190918,11.360211354837945,10.719378859454451,11.019864747624538,33349000
2002-10-22,11.332609176635742,11.375535540465654,10.99226276390474,11.090380501131879,25275600
2002-10-23,11.197696685791016,11.280483739273091,10.8174896071684,11.191564181497277,37240000
2002-10-24,10.851217269897461,11.191563638938845,10.783760895592167,10.848151602727011,31911400
2002-10-25,11.197696685791016,11.237557378872518,10.897210993331404,10.918674173531691,27650400
2002-10-28,10.851217269897461,11.222224989265502,10.759232049261948,11.114909093466661,29605200
2002-10-29,10.329972267150879,10.471017603598805,9.824052668096453,10.348369790076148,56098000
2002-10-30,10.314635276794434,10.458746194129725,10.124532334748562,10.394356657741602,36887600
2002-10-31,10.584457397460938,10.789890971665413,10.409685166683756,10.431148341013918,34936800
2002-11-01,10.937074661254883,11.035193597480315,10.271713483602683,10.440353321790324,27855400
2002-11-04,10.94627571105957,11.237563387659495,10.82362789891553,11.019863462621016,34441400
2002-11-05,10.924811363220215,10.946274552625558,10.817494246537395,10.823626753461221,27863400
2002-11-06,10.992262840270996,11.041321709225391,10.612056898288362,11.041321709225391,27287200
2002-11-07,10.713240623474121,10.85121906204315,10.54766766684702,10.805227028957296,30577600
2002-11-08,10.6519193649292,11.087316753045277,10.621256835702502,11.065853567414536,49730800
2002-11-11,10.11227035522461,10.569132089958673,10.087741501964564,10.532337055584797,34366600
2002-11-12,10.572198867797852,10.743905537266343,10.241051711262324,10.253315554351792,32656800
2002-11-13,10.77149772644043,10.891078637661185,10.348364281643011,10.480210201618615,36637200
2002-11-14,11.712820053100586,11.718952559856785,10.952406760172925,10.958539266929124,46916000
2002-11-15,12.093026161193848,12.206475782135263,11.495121370868334,11.504319546209937,58749600
2002-11-18,11.771076202392578,12.264731846353252,11.749613015233937,12.237136152912719,35818800
2002-11-19,11.347947120666504,11.669897394869933,11.252896159791133,11.651499868737714,36166600
2002-11-20,12.00411319732666,12.093031661939227,11.375544417529827,11.38780943666832,37288400
2002-11-21,12.460968017578125,12.500828725657946,12.132886517177829,12.181945400331443,44574800
2002-11-22,12.47323226928711,12.47323226928711,12.218738524326113,12.295393097677358,32546400
2002-11-25,12.847310066223145,12.87797143511091,12.28926473094084,12.46710277587112,30382800
2002-11-26,12.36591911315918,12.779853434407217,12.329124067530204,12.60508106146638,27549800
2002-11-27,12.789050102233887,12.871837190648165,12.448703573082776,12.644940284318151,21725800
2002-11-29,12.638809204101562,12.838110436790545,12.556022106342304,12.801316561005171,8551200
2002-12-02,13.0895357131958,13.150859611377527,12.70932964985002,12.877969492607717,29784200
2002-12-03,12.513093948364258,12.825844772325873,12.427240024165975,12.816645427442023,26763600
2002-12-04,12.258600234985352,12.418041900986374,12.028636496078196,12.2953941057068,30910200
2002-12-05,12.13595199584961,12.414974581840468,11.915186461560259,12.40270957001197,24688600
2002-12-06,12.718524932861328,12.902496585569276,12.356715302490416,12.362847807879595,41959600
2002-12-09,12.01636791229248,12.485494595641368,11.982640889784895,12.479362090733886,30479200
2002-12-10,12.145148277282715,12.304589897239271,11.829331874676765,11.948912797230252,26046000
2002-12-11,12.123690605163574,12.329124351198953,11.927455035918959,12.007175297303489,21406600
2002-12-12,11.807868003845215,12.093023062938299,11.672956398223363,12.016368502314474,26806000
2002-12-13,11.531917572021484,11.737351327200848,11.40926975095634,11.617770344973302,25384200
2002-12-16,12.0776948928833,12.0776948928833,11.574841057909797,11.620834271697673,24684600
2002-12-17,12.123690605163574,12.243271582068498,11.896792497189328,12.047036012823881,21147000
2002-12-18,11.758810043334961,11.988773743032432,11.57483955143933,11.936649199202487,26603800
2002-12-19,11.541111946105957,12.031701899047263,11.375537793126169,11.80786952391389,28300400
2002-12-20,11.55337905883789,11.804806002195274,10.986135601919534,11.513518347430656,31139200
2002-12-23,11.955048561096191,11.98570992459168,11.562576324348885,11.57790700609663,19391800
2002-12-24,11.792539596557617,12.016370816323983,11.771076409022212,11.835465971628427,7738400
2002-12-26,11.672965049743652,12.1390252641198,11.452199377234782,11.866135013188913,14171200
2002-12-27,11.427665710449219,11.709754022759459,11.351011125192374,11.559511690663484,12862800
2002-12-30,11.283552169799805,11.584037935844805,11.145573713540397,11.412332452193882,17673400
