Price,Close,High,Low,Open,Volume
Ticker,GOOGL,GOOGL,GOOGL,GOOGL,GOOGL
Date,,,,,
2022-01-03,143.71714782714844,144.56909064299023,142.44988137611608,143.78008160886833,28646000
2022-01-04,143.13031005859375,145.19747465174785,142.4533145996278,144.11804191094802,28400000
2022-01-05,136.56402587890625,143.22942368535695,136.47780012085803,143.15062414151706,54618000
2022-01-06,136.53677368164062,138.71000766618633,135.3582289281207,135.79436399283284,37348000
2022-01-07,135.81271362304688,137.23163499485634,134.57320114440378,136.93128920152486,29760000
2022-01-10,137.45068359375,137.59937427004354,131.99407910389132,133.89075867659383,44408000
2022-01-11,138.50778198242188,138.9835739089438,135.49104518795912,136.79399029235495,28730000
2022-01-12,140.18743896484375,141.35459515725228,139.45791529880384,139.90940202922133,26108000
2022-01-13,137.36891174316406,141.59444309970127,137.19246729901857,140.29594448293275,31436000
2022-01-14,138.25457763671875,139.50499514618633,135.79439774836212,135.87418041718718,29662000
2022-01-18,134.80267333984375,135.92620981691346,134.24809688423744,134.9781195690153,34872000
2022-01-19,133.9289093017578,136.74692336638395,133.82879908705206,135.32354033179294,28648000
2022-01-20,132.13580322265625,136.41635808899423,131.795815685325,135.05244527519218,29908000
2022-01-21,129.205810546875,133.6801282847316,128.943140301046,131.42810942176132,55652000
2022-01-24,129.65431213378906,130.0498072200361,123.4057196661227,124.87072578658847,76622000
2022-01-25,125.81932067871094,128.26166818247938,125.38864558275658,127.6084637559973,46960000
2022-01-26,128.09713745117188,131.8310265621683,126.02451243511305,129.96656245343323,49130000
2022-01-27,127.87112426757812,131.48655634744904,127.7992518215496,130.14991337232922,31950000
2022-01-28,132.17893981933594,132.18439982716436,127.3557110756648,128.51938847818633,34362000
2022-01-31,134.11427307128906,134.28229308420728,131.04747300112987,132.9828112703711,39986000
2022-02-01,136.4342041015625,136.58189655421876,133.1874959638718,136.38513965543686,68644000
2022-02-02,146.69918823242188,150.21451067811546,144.24347030048295,149.92062310914736,123200000
2022-02-03,141.8323211669922,148.3594496248234,141.41155275115443,144.4248414458833,71518000
2022-02-04,142.03355407714844,143.6016501301799,139.27997087416557,142.18372697506842,57998000
2022-02-07,137.97752380371094,142.9821426046324,137.67915934204296,142.9821426046324,54974000
2022-02-08,138.17381286621094,138.76952857119244,135.80978027079303,137.80458921906825,54284000
2022-02-09,140.3474884033203,141.27180258476253,138.95483870196645,139.72451821989904,40144000
2022-02-10,137.401611328125,140.24093608556134,136.74444425283198,138.47559928783693,39330000
2022-02-11,133.1022491455078,137.9334029746626,132.22749846188867,137.38180608982287,39958000
2022-02-14,134.3348388671875,135.10203810058192,132.08528518005716,132.08528518005716,34302000
2022-02-15,135.40782165527344,136.8946378100411,134.62773623845976,136.36135685706915,26680000
2022-02-16,136.52737426757812,136.87230757588372,133.73809706927898,135.44546098409901,25022000
2022-02-17,131.3740692138672,135.90835577846806,131.3140998808297,135.04550824241358,38950000
2022-02-18,129.25686645507812,132.89164396954067,129.05218420049687,132.293931857016,45620000
2022-02-22,128.6725311279297,131.01871597493778,127.09649469482315,128.69680623013534,44990000
2022-02-23,126.46658325195312,130.89035389025435,126.40661391799688,130.49139522919555,32786000
2022-02-24,131.5247344970703,131.8310242930199,123.85524617381691,123.85524617381691,54456000
2022-02-25,133.27772521972656,134.08258496199525,130.5935183573774,132.37820011756196,36406000
2022-02-28,133.8699493408203,134.5583337933557,131.427102602085,131.88058572904305,38864000
2022-03-01,132.88319396972656,135.0579106140199,132.04761612674722,133.69301448970344,26496000
2022-03-02,133.38870239257812,134.07362324299785,131.90188646501582,133.44470905944584,23520000
2022-03-03,132.72262573242188,135.24029431326773,131.8562994539406,134.81456495195397,24604000
2022-03-04,130.74713134765625,132.6750434625872,129.19192148220066,131.75916874799498,30430000
2022-03-07,125.2677230834961,130.57714191731998,125.18495329978524,130.3323188037654,45112000
2022-03-08,125.98735046386719,130.0964149357728,124.56991874531153,125.14036103345764,40428000
2022-03-09,132.24732971191406,132.56006261647792,128.75876292905036,130.0964043089668,37026000
2022-03-10,131.2655487060547,132.10064255507427,129.76188368845354,130.11227705245972,27102000
2022-03-11,128.72903442382812,132.61953964393146,128.49213662745805,132.31523116771578,31526000
2022-03-14,124.84397888183594,129.26279649048794,124.17392551133625,129.10519737260148,38812000
2022-03-15,128.0624542236328,128.71319344700177,124.61551767245045,125.85998364963604,30920000
2022-03-16,132.10906982421875,132.16109871004574,127.60302044405091,129.58395977320907,35576000
2022-03-17,132.66262817382812,132.90200635942412,131.02315909036002,131.9786905006967,28264000
2022-03-18,134.9290771484375,135.04653539310593,131.09606040496163,132.25181262828625,44566000
2022-03-21,134.90528869628906,135.84545378656605,132.91394338144454,134.96674026176896,26832000
2022-03-22,138.63868713378906,139.8103052333626,134.9052963546293,134.9052963546293,35496000
2022-03-23,137.06016540527344,138.36162868482575,136.62354624695533,137.48341434965386,25154000
2022-03-24,140.3277130126953,140.37429702016314,136.53979796909434,137.97655160721126,26396000
2022-03-25,140.42779541015625,140.78661319393285,138.50930604145182,140.6686558555551,24126000
2022-03-28,140.21221923828125,140.75440862104264,138.5826564041628,139.66208940065627,35050000
2022-03-29,141.2529754638672,142.52966445696305,140.79008476675781,141.39374081978931,34318000
2022-03-30,140.6909637451172,141.46608819585558,140.3554379628545,141.20787975036384,19884000
2022-03-31,137.84519958496094,140.85897258818176,137.80257825062185,140.80444813456486,37524000
2022-04-01,138.91867065429688,139.23634932313234,137.0918670617453,138.27389064424523,25942000
2022-04-04,141.7148895263672,142.4488900673313,139.07728210128434,139.12486433293225,25942000
2022-04-05,139.35531616210938,141.73371683584432,139.14865258935774,141.6132941655978,21418000
2022-04-06,135.34786987304688,138.13565052488772,134.3259256288868,137.53051215748238,32468000
2022-04-07,134.69415283203125,135.95893878121728,133.0477410449295,134.81457550647184,26234000
2022-04-08,132.11599731445312,134.4775488545769,131.7968213100517,134.39180707525873,25142000
2022-04-11,127.69122314453125,130.9314878851211,127.5375867080851,130.66485501072566,36884000
2022-04-12,126.59197998046875,130.4433348003117,125.67461550166297,130.4433348003117,32710000
2022-04-13,128.7523193359375,129.18845446203287,126.61824282890016,126.87496906105243,27928000
2022-04-14,125.61613464355469,129.33268319605867,125.48826307957773,129.33268319605867,31598000
2022-04-18,126.55430603027344,127.08559046617161,125.07294248805825,125.88375359295895,20808000
2022-04-19,128.8663330078125,129.1874752778057,125.88327780821626,126.56919704178952,26490000
2022-04-20,126.91461944580078,130.24410511069215,126.3793722886123,129.7415575029072,31696000
2022-04-21,123.71747589111328,128.9550302257485,123.43200519213937,128.11399236207833,36446000
2022-04-22,118.583984375,124.2998031690539,117.8797341417918,123.90133604882998,56884000
2022-04-25,121.99226379394531,122.19397402288331,117.46937340165847,118.05418408752932,46128000
2022-04-26,117.6071548461914,121.43322887611035,117.46937661496328,121.21962308439458,73054000
2022-04-27,113.28993225097656,116.2115203098223,111.74562732959535,113.46338958402451,91820000
2022-04-28,117.48077392578125,118.59786733984906,113.11201138291597,115.39179910794181,48884000
2022-04-29,113.1065673828125,116.88357727541786,112.81416200788513,115.7084957674143,42676000
2022-05-02,115.55831146240234,115.71938168066022,111.61031774703048,112.40824262327081,35534000
2022-05-03,116.3027114868164,117.40097459460361,115.01463371515267,115.40714926550513,24968000
2022-05-04,121.1864242553711,121.77470610616302,114.10421890918515,116.00288759831987,49916000
2022-05-05,115.48149871826172,119.97515308141593,113.99468267182898,119.1474930563822,45840000
2022-05-06,114.72917175292969,116.5381358862753,113.01339074570949,114.17211482737774,39710000
2022-05-09,111.52210998535156,114.06555854767906,111.0160988528587,112.25461312851758,40802000
2022-05-10,113.38954162597656,115.22824075207245,111.90817806145773,114.4922665247754,39900000
2022-05-11,112.60401153564453,115.34173644656327,112.24123109079025,112.24123109079025,37534000
2022-05-12,111.8521957397461,113.29043907288383,108.85923393706668,110.39858573493113,53836000
2022-05-13,115.0304946899414,116.83895961506994,112.60649331317624,113.52633065893913,35038000
2022-05-16,113.43910217285156,115.1489390261491,112.8884884094621,113.94511327209501,25990000
2022-05-17,115.44927978515625,115.87252867662438,113.8603722292567,115.81355000837539,23054000
2022-05-18,110.91598510742188,114.38572183997256,110.57500685562273,113.9892360282762,35126000
2022-05-19,109.41380310058594,112.01672181932308,109.03317553495751,110.45209689987173,34144000
2022-05-20,107.95077514648438,111.19749090818948,104.86662695851531,110.96702866649967,48962000
2022-05-23,110.50808715820312,111.16179067471498,107.78522998648482,108.62429393997432,37184000
2022-05-24,105.0385971069336,105.52280600519344,100.98900326705386,104.8423393279953,76780000
2022-05-25,104.87505340576172,105.56394457254443,102.94367769195411,104.0627524475445,40258000
2022-05-26,106.84508514404297,107.69454740943145,104.3001467738534,104.74817746889774,37948000
2022-05-27,111.32931518554688,111.33080496604357,108.17924616749293,108.52072351941294,37914000
2022-05-31,112.76212310791016,114.71778157634024,111.09341756221775,111.755545645054,50012000
2022-06-01,112.89098358154297,116.07227792652175,112.25462791461338,113.84552464427594,36606000
2022-06-02,116.58868408203125,116.86324988341372,111.95378769453289,112.9980255582533,37992000
2022-06-03,113.53426361083984,115.2991165371884,112.52075159132542,115.04239030742981,26136000
2022-06-06,115.79373931884766,118.2980302082557,115.14300770312117,115.6787539707655,33542000
2022-06-07,116.11982727050781,116.65657169657148,114.04076691423668,114.46549800566815,31590000
2022-06-08,116.16394805908203,117.52835256429877,115.57516714354193,115.73524670504767,26108000
2022-06-09,113.826171875,117.25923088930595,113.76719320854649,115.3050549411603,25798000
2022-06-10,110.1844711303711,112.28336016383942,109.39596129686058,111.45669077399432,41452000
2022-06-13,105.45738983154297,107.83529887701552,105.18629514776413,105.84792407779678,47252000
2022-06-14,105.77754974365234,106.97592316690826,104.87009945591228,105.5986399557648,33706000
2022-06-15,108.79974365234375,110.44415871481102,106.72315615329451,107.59095701448112,39698000
2022-06-16,105.10154724121094,107.69356127238406,104.21391782028991,106.27861002380959,51684000
2022-06-17,106.2017822265625,107.74410579485648,104.12271420584322,105.10153777233351,51376000
2022-06-21,110.56360626220703,111.50079919576064,107.64548168742688,107.97208392269314,47416000
2022-06-22,110.50760650634766,112.35026079420923,109.41231534981758,109.58478958192295,30774000
2022-06-23,111.2554702758789,111.7515747494861,109.529283524712,111.24506449929154,28362000
2022-06-24,116.93807983398438,117.0411696178319,111.95972504269348,112.00185482451673,41164000
2022-06-27,114.81541442871094,117.53727377160598,114.16715569950595,117.23347197127057,36420000
2022-06-28,111.0230484008789,116.27845023617719,110.86495015012957,114.78469174208396,35792000
2022-06-29,110.71971893310547,112.16589494206592,109.8980029257133,110.57153493394433,24716000
2022-06-30,108.00528717041016,109.9133707611735,105.81174046866552,109.03317519019397,43170000
2022-07-01,107.78177642822266,108.28976888662308,105.79241280402681,106.98434306481707,35476000
2022-07-05,112.26750183105469,112.38049828174634,104.80219643466671,106.15916719622534,39342000
2022-07-06,113.56497955322266,114.5735381544072,110.4961908679349,112.3061454177475,37432000
2022-07-07,117.73897552490234,118.14190442135235,113.82419547258564,114.06852703009027,40936000
2022-07-08,118.3044662475586,118.63304981056329,115.87401417090683,116.21945418412874,38238000
2022-07-11,114.65977478027344,116.96087291799587,114.31681523707087,116.96087291799587,31196000
2022-07-12,113.01834869384766,115.94588857717979,112.69075577017246,115.19355693473877,29960000
2022-07-13,110.3747787475586,113.19229389367698,110.22411430080437,110.71922052622219,43722000
2022-07-14,109.39744567871094,110.11657102778943,107.42047675216378,109.241827899975,37004000
2022-07-15,110.79505157470703,112.14607830712104,109.92526931854086,111.01609870201857,46770000
2022-07-18,108.07169342041016,112.68082434708725,107.41749833919559,111.64996438782659,43164600
2022-07-19,112.8096923828125,113.01784573162385,108.59704671976239,109.87570948732167,36530900
2022-07-20,112.89891052246094,114.38572670784276,111.49139301526064,112.17532331814631,35600400
2022-07-21,113.33502960205078,113.54319050720274,110.13342322528176,113.27555937905743,32676200
2022-07-22,106.9516372680664,111.35260768410927,105.56394075969678,110.02438896081073,48901200
2022-07-25,106.5650634765625,108.90432131164432,105.36569944827403,107.45715461067633,34690900
2022-07-26,104.09695434570312,106.25779418092783,103.15530711554915,105.66306921649698,47991000
2022-07-27,112.06627655029297,112.90881167432437,107.06066717650027,108.29968052085549,59858500
2022-07-28,113.21609497070312,113.33503542279847,110.4803511374403,111.38235656496596,32816600
2022-07-29,115.29763793945312,115.68420953971332,112.06628867044458,112.08611712100763,37223400
2022-08-01,113.85045623779297,115.69410865783321,113.33502246319186,114.28659134517281,26034300
2022-08-02,114.11808776855469,115.32736606008014,112.72048458212805,112.9980223744773,20236000
2022-08-03,117.04215240478516,117.57740704971904,114.4650062924766,114.6929805012981,28499000
2022-08-04,117.15119934082031,117.73601004530308,115.86262235872188,116.44744062554241,21602900
2022-08-05,116.4375228881836,117.07189713527843,114.98044193983411,115.20842372972953,19159500
2022-08-08,116.2690200805664,119.09396911037126,115.85270583222336,117.34943613172396,19138300
2022-08-09,115.60491180419922,116.28884966977363,114.6929996916588,116.11043142494283,19086500
2022-08-10,118.64791107177734,119.8571892675323,117.36925599576715,117.73599909418206,30930400
2022-08-11,117.79548645019531,120.42219655162552,117.51794863944885,120.21404319356567,24293700
2022-08-12,120.61051940917969,120.61051940917969,118.41003042457679,119.20300201694565,19096300
2022-08-15,121.00699615478516,121.22506370449337,119.54991531113217,120.06534151398492,19494800
2022-08-16,120.63033294677734,121.35392004790616,119.57965207888614,120.451914727481,19041200
2022-08-17,118.49923706054688,120.22394148614529,118.33072550149306,119.06422683250173,22847000
2022-08-18,119.11378479003906,119.75807324012199,117.67653233875487,118.38029100928513,17987700
2022-08-19,116.17980194091797,118.10275306426914,115.73376016351709,118.0135401713866,21809500
2022-08-22,113.23590850830078,114.61369077944998,112.84933693940785,114.18746987498629,21456600
2022-08-23,112.85926055908203,113.999154474037,112.43303961913671,112.48260318331054,15870400
2022-08-24,112.69075012207031,113.77116618601146,111.8779576273456,112.5024176637424,17734600
2022-08-25,115.6247329711914,115.69411741968042,113.10705681377382,113.23591148601406,16956800
2022-08-26,109.37019348144531,114.10818734688105,109.22151791479679,113.71170152369614,37245700
2022-08-29,108.4582748413086,109.97482602837435,107.8437290366526,109.02326464751619,21191200
2022-08-30,107.98250579833984,109.52879220958579,106.8525261036081,109.2016908341797,27513300
2022-08-31,107.26882934570312,109.875710914492,107.17961644514644,109.67747178800279,28627000
2022-09-01,108.77545928955078,109.47921797382328,106.4163805635808,107.32829258582089,28360900
2022-09-02,106.90208435058594,109.76668298662089,106.31727360258343,109.61799985264689,24160700
2022-09-06,105.87120819091797,107.08048640627771,104.85026242093507,106.35690685927537,25068300
2022-09-07,108.48802185058594,109.0133699405841,105.96043878239212,106.119028582092,23167000
2022-09-08,107.42740631103516,108.63668450034882,106.21813568405852,107.09039832376389,24238300
2022-09-09,109.67745971679688,110.01446770720469,108.06178152061504,108.11134507795128,23197700
2022-09-12,109.8856201171875,110.6389423756241,108.96379385270278,110.01447478728238,22966800
2022-09-13,103.4030990600586,107.34812094062124,103.17511727352941,106.85251559475012,38172900
2022-09-14,104.07713317871094,104.35467099054672,102.74891434711448,103.65091223558079,26395100
2022-09-15,102.00550842285156,104.34475898480173,101.45042522503401,103.11565969380993,34188300
2022-09-16,101.8964614868164,102.22355526563086,100.05280900693545,101.17287435902635,42797200
2022-09-19,102.1640853881836,102.42180228471612,100.65744846869414,100.85568758151153,23036800
2022-09-20,100.25105285644531,101.4702453845617,99.6364994799985,101.18279336472388,26517100
2022-09-21,98.40740966796875,101.97576713173589,98.39749544224667,100.77640293887092,31487300
2022-09-22,99.25983428955078,100.35016449651606,97.92170141907806,97.95143652872501,34298600
2022-09-23,97.87214660644531,98.7840662370101,96.6133122907774,98.75432356236846,31625400
2022-09-26,97.30715942382812,99.00212893213987,96.94041627902087,97.23777497245881,27072700
2022-09-27,96.64305877685547,99.12108592497997,96.01859865797003,98.55609603770112,30072800
2022-09-28,99.1706314086914,99.81491229984545,96.25646959395841,96.79172426782799,32466300
2022-09-29,96.5637435913086,97.77302184291314,95.11657689159186,97.77302184291314,31047200
2022-09-30,94.80931091308594,98.03074589010642,94.72009801207578,96.19700749257774,32941500
2022-10-03,97.77301788330078,98.4173063180856,95.67164858345502,95.90954458427032,27982000
2022-10-04,100.74665832519531,100.94489744691543,99.49773068381286,99.5572084701991,28850800
2022-10-05,100.53850555419922,101.03411092367425,97.93162403320214,98.95256988434666,22176900
2022-10-06,100.5285873413086,102.02531761520133,99.70588064565636,99.79509354103838,22324000
2022-10-07,97.81266021728516,99.64639827557549,97.43600291978692,98.97237477950624,27502800
2022-10-10,96.99987030029297,98.22896933164492,96.15734279946571,98.12984978372467,18225100
2022-10-11,96.32585906982422,98.37766497898305,95.4635030120505,96.57366175239092,26507100
2022-10-12,96.7025146484375,97.88205781573463,95.88972216704339,96.44480530818547,21876400
2022-10-13,98.18933868408203,98.90301166464873,93.55047187273668,94.31370841786314,34574500
2022-10-14,95.71131134033203,99.80501673770523,95.52298643286228,99.11116464818762,25410700
2022-10-17,99.09133911132812,100.04290051639435,97.96135947016587,97.99109458245891,28419200
2022-10-18,99.88430786132812,102.56058152852803,99.09134376768007,102.22356592791553,24060700
2022-10-19,98.75431823730469,100.13210049023245,98.0505595554906,99.1309831390766,23811100
2022-10-20,99.09133911132812,101.42068284311566,98.51643506587006,99.12107422362116,25323200
2022-10-21,100.24114227294922,100.41956051373178,96.861117485556,96.98997216298973,32458700
2022-10-24,101.61890411376953,101.84688587185966,99.10123592566191,100.9052388571031,27176400
2022-10-25,103.56169128417969,103.89869927280016,101.81715843544772,101.99557665364006,40611400
2022-10-26,94.09562683105469,97.44591608866746,93.85773839371232,95.58244279853433,88114100
2022-10-27,91.40946197509766,94.59124776308492,90.99315525046492,93.68924229737569,60710900
2022-10-28,95.44367980957031,95.70139671064247,91.32023964176592,91.45900853564996,43697300
2022-10-31,93.67932891845703,95.18596591202643,93.15398843755676,94.58132675716521,31675000
2022-11-01,89.6748275756836,95.18595629968785,89.57570802441086,94.61105231503412,47161400
2022-11-02,86.20560455322266,90.3786011169974,86.11639164873716,90.14071264226654,57038300
2022-11-03,82.69670104980469,85.75953818830197,82.6074881629696,85.56129909230341,61288000
2022-11-04,85.81902313232422,85.87849335362182,82.97424573696946,84.64939421866777,51124900
2022-11-07,87.71224212646484,88.11864218694443,86.08665700922309,86.51287795839856,34078900
2022-11-08,88.11864471435547,89.52616228462122,86.82015337855162,88.11864471435547,30429000
2022-11-09,86.55252075195312,88.6538902246859,86.51287141522182,87.67258615584599,31769100
2022-11-10,93.11433410644531,93.56037588946144,90.80481139698212,91.43918562996998,51620100
2022-11-11,95.56262969970703,96.07805594966968,93.09450954770053,93.85774604143894,33090500
2022-11-14,94.8588638305664,95.93928745861939,93.67932820432442,94.25422468031444,30179500
2022-11-15,97.57478332519531,99.25983848330503,95.85998549384487,97.39636509743826,41640800
2022-11-16,97.98118591308594,98.7642433513322,96.78182175445707,97.03953867950554,29105200
2022-11-17,97.4954833984375,98.40739541196346,95.93928292840438,96.11770115386271,26052600
2022-11-18,96.57366943359375,98.03075053295224,95.52298839589072,97.90188828787205,28342300
2022-11-21,94.75973510742188,97.53512790783459,94.5218466726924,96.43488349899745,21647400
2022-11-22,96.1969985961914,96.36550259521411,93.22336658471515,95.10666080878029,23438500
2022-11-23,97.59461212158203,97.8919783793907,96.23665063568495,96.23665063568495,18868100
2022-11-25,96.60338592529297,97.77301475705663,96.54391570815923,97.37652899737903,9701400
2022-11-28,95.20579528808594,96.72234652124172,94.7696601393946,96.18709181030358,26237500
2022-11-29,94.35334777832031,95.27517402033777,93.28283842068635,94.8886024571373,20061700
2022-11-30,100.10237884521484,100.15194241127442,93.59012404398783,93.98660988544916,43647500
2022-12-01,100.10237884521484,101.35130659899957,99.36888495403137,100.13211395991522,28687100
2022-12-02,99.55720520019531,99.88429898405619,98.03073981360708,98.17942293118247,21480700
2022-12-05,98.60564422607422,100.48893851504042,98.1298597604134,98.52634555474117,24405100
2022-12-06,96.12760925292969,98.90299445146697,95.57252616335273,98.42721758878601,24910700
2022-12-07,94.10555267333984,96.02849641963317,93.88748509454602,95.56263371133674,31045400
2022-12-08,92.8863525390625,94.73991924555087,92.62863564307744,94.54167257081721,32213300
2022-12-09,92.01409912109375,93.43153084821046,91.93480044321662,92.94583211796659,28225400
2022-12-12,92.48986053466797,92.73766318967445,90.80480550555872,91.89513567511982,29420000
2022-12-13,94.78948211669922,98.6552055874712,94.19475717404306,96.90076587228482,40593700
2022-12-14,94.23440551757812,96.01858788905928,92.77732450792483,94.36326019238705,28733600
2022-12-15,90.06140899658203,92.81697366079501,89.21888137485573,92.31145406282408,40107000
2022-12-16,89.4666748046875,90.52726989079738,88.73317348357445,89.96228012646478,58011800
2022-12-19,87.66268157958984,89.76404353999254,87.43469977854382,89.4666848509379,29493000
2022-12-20,88.2375717163086,88.39616905558795,86.67146458378042,87.33557392675367,23453800
2022-12-21,88.79265594482422,89.42703018514993,87.54372835066033,88.29705059692365,24745600
2022-12-22,86.9886474609375,87.76179054640475,85.56130172632905,87.3851332274773,27658300
2022-12-23,88.44573211669922,88.76291923113465,86.30471342250716,86.34436275710375,23003000
2022-12-27,86.62190246582031,88.15828207571641,86.24524512227134,88.01951318270693,20097300
2022-12-28,85.2639389038086,87.26618870145985,85.18464779721495,86.21550780630535,19523200
2022-12-29,87.6725845336914,88.06907033133078,85.84876045182291,85.85867467640674,23333500
2022-12-30,87.45452880859375,87.52391325940049,85.80911531469404,86.21551535680346,23986300
2023-01-03,88.3366928100586,90.24972960120895,87.74196039065848,88.80255544716131,28131200
2023-01-04,87.30585479736328,89.85326641772139,86.50296885438544,89.55590013330904,34854800
2023-01-05,85.44237518310547,86.80033681674256,85.1450164552836,86.70121724080192,27194400
2023-01-06,86.57234954833984,86.9192793858496,84.11415094512147,86.02718813373873,41381500
2023-01-09,87.2463607788086,89.25852481278592,87.08777100232832,87.58337634262733,29003900
2023-01-10,87.64286041259766,87.89066312190425,85.07562797410377,85.22431111215543,30467800
2023-01-11,90.71561431884766,90.79491300238085,88.22768051228752,88.39618454304156,26862000
2023-01-12,90.32902526855469,91.06252660626463,88.96115727194007,90.67595505151839,30258100
2023-01-13,91.31033325195312,91.37971769910212,89.33781849580512,90.05149141638756,26329200
2023-01-17,90.48762512207031,91.43918648040213,89.25852597951722,91.2508540286788,32602400
2023-01-18,90.31912231445312,91.98435660415667,89.84333784782173,91.3301539078307,29116700
2023-01-19,92.2321548461914,92.78723039529136,89.83341930400117,89.92263219572776,37000400
2023-01-20,97.1584701538086,97.43601550407813,94.18483803338714,94.26413670489272,63191100
2023-01-23,98.91291046142578,99.16071312089554,96.64303719320243,97.08907895531317,40005100
2023-01-24,96.84127807617188,98.73449405924738,96.34567274812117,97.23776385107986,33078500
2023-01-25,94.38308715820312,95.31482766669704,92.9359203962401,94.73000940210903,42330000
2023-01-26,96.6628646850586,96.71242824527482,94.54167438000948,95.65183309275027,30114000
2023-01-27,98.4966049194336,99.4382520111048,96.45470583998284,96.45470583998284,33879800
2023-01-30,96.08797454833984,97.42610757655028,95.55271982458807,96.62322927209162,27226200
2023-01-31,97.97126007080078,98.0109094055175,95.96901782279963,96.01858138177985,29870700
2023-02-01,99.54728698730469,100.3006092071235,96.72233811590564,97.84240344040079,35531100
2023-02-02,106.79304504394531,106.9020788324088,104.68176884997912,104.87010131411388,69883800
2023-02-03,103.85905456542969,106.86242173682118,101.67839407914221,102.02531630709647,65309300
2023-02-06,101.9955825805664,103.44274929562647,100.98454343127975,101.49997723038128,31999600
2023-02-07,106.69392395019531,107.22917865979215,102.2136547117616,102.31277427376001,49010200
2023-02-08,98.4966049194336,102.23346573895768,97.17829294122423,101.15304976140519,94743500
2023-02-09,94.1749267578125,99.15080093480049,92.80705120953134,99.12106582502693,119455000
2023-02-10,93.73880004882812,95.89963977995525,93.42161291225615,94.61106278381658,54980700
2023-02-13,93.7784423828125,94.36325304999363,93.01520592965052,93.90729704786835,50076100
2023-02-14,93.84783935546875,94.01634337742144,91.44911102142065,93.60003665412482,54726100
2023-02-15,96.08797454833984,96.26639278959044,93.32249559012467,93.65950362229911,50169000
2023-02-16,94.67053985595703,96.8214653459122,93.90730335156145,94.53177095740106,42462600
2023-02-17,93.52073669433594,94.72010084493942,92.39075699666527,94.01634209023845,34284100
2023-02-21,90.98323059082031,92.28171418116946,90.91384614467198,92.18259462414863,33629300
2023-02-22,90.8444595336914,91.30041553499177,89.81359952809775,90.89401552985218,30884000
2023-02-23,90.09114837646484,91.13192273411576,88.97108290274596,91.11209428334512,41206400
2023-02-24,88.34661102294922,89.09993330697509,87.80144965033324,88.6538914964404,36585100
2023-02-27,89.08011627197266,89.3675683080764,88.55476820178005,89.08011627197266,27502300
2023-02-28,89.26842498779297,90.42814714719488,88.53493125490608,88.54484547844608,30142000
2023-03-01,89.56580352783203,90.22991291205538,88.88186569379845,89.18914616715412,31111200
2023-03-02,91.19139099121094,91.46892879729705,88.80256940162761,88.87196141548718,32204400
2023-03-03,92.82687377929688,92.90617244189619,91.63741652731721,91.66715919754449,35160100
2023-03-06,94.29386138916016,95.12648222322294,93.17379613676579,93.19361702128163,32639300
2023-03-07,93.03504180908203,94.8291308506661,92.70794044588578,94.14520057401873,27835500
2023-03-08,93.42161560058594,95.11658511938656,93.17381290668519,93.29276092219925,34103300
2023-03-09,91.50856018066406,94.69034522585847,91.0922535532188,93.2233578065742,28813500
2023-03-10,89.83343505859375,91.97445408746843,89.60546080194823,91.35990064866066,35941000
2023-03-13,90.30921173095703,91.75637851356447,88.63406314919474,89.29817253447952,37335600
2023-03-14,93.14407348632812,93.53064506595086,91.62752227975622,91.74646272743232,36050200
2023-03-15,95.2652587890625,96.07805124185921,91.82575652926289,92.40066053699009,50622100
2023-03-16,99.4382553100586,100.30061132579071,94.66062012558537,95.35446457801073,65492000
2023-03-17,100.72684478759766,101.9361156180665,99.22020012817495,99.37879748699346,61028500
2023-03-20,100.3303451538086,100.85568559854943,98.9922122627572,99.2400149300755,32960400
2023-03-21,103.99783325195312,104.17625149489693,100.3303563898546,100.36009150328888,42110300
2023-03-22,102.46144104003906,105.65313277592884,102.42179170910212,103.35352451794222,43427400
2023-03-23,104.6718521118164,105.36570416377398,103.541872478814,104.13659740739351,40797800
2023-03-24,104.51325988769531,104.56281588589015,102.9273166987092,104.06721052991638,30393300
2023-03-27,101.5594482421875,103.83923589570183,101.03410777688019,103.70046700155793,31120900
2023-03-28,100.14201354980469,101.54953089706174,98.86335086819658,101.53962423516843,32057900
2023-03-29,100.49886322021484,101.58919359656976,99.76536933973438,101.38104023436605,28779600
2023-03-30,100.00325775146484,100.27088890436659,98.90301315028726,100.02308620252188,33086200
2023-03-31,102.81829071044922,102.9768804923042,100.1519314693277,100.40964837247186,36863400
2023-04-03,103.4427490234375,103.61125302709605,101.03410672538214,101.49006273887221,25035400
2023-04-04,103.7995834350586,104.65202522333027,103.12555987136325,103.41301187553275,24420100
2023-04-05,103.5517807006836,105.16745138275883,102.7489024717613,104.85026426841469,28290500
2023-04-06,107.4670639038086,108.21047194004801,103.41301570943838,104.33484197686876,48711500
2023-04-10,105.50446319580078,106.64434938467814,104.19606545034118,106.03971785017113,27067400
2023-04-11,104.42404174804688,105.79191730174914,103.75993241934815,105.6134990800635,26311800
2023-04-12,103.72029113769531,105.81174640224904,103.42292489102086,105.64324239155782,24370300
2023-04-13,106.48577880859375,106.54524903790885,104.90974967069793,104.90974967069793,24843600
2023-04-14,107.9131088256836,107.98249327038609,105.90094480463668,105.95050836328302,26578000
2023-04-17,105.0385971069336,105.22692955632782,103.60133708165166,103.7401135343835,37571200
2023-04-18,103.58151245117188,105.60358307540247,103.15529157112812,105.55401951819435,26596400
2023-04-19,103.26432800292969,104.05729956463124,102.16408355317898,102.66960311282216,20905700
2023-04-20,104.36457061767578,105.31613193758433,102.95705330462381,102.99670263824548,27820800
2023-04-21,104.4835205078125,105.06833117404804,103.85905294490108,104.54299072815176,25800100
2023-04-24,105.0385971069336,105.69279222417367,103.77975530677848,104.56281265248298,23542800
2023-04-25,102.93721771240234,105.7522597054686,102.92730348910072,104.89981799760842,46664100
2023-04-26,102.7984619140625,105.41525758570141,101.72795253139088,103.99782596670221,53347600
2023-04-27,106.64436340332031,107.41751415837903,102.62996431134651,103.53196218207461,50089200
2023-04-28,106.39656066894531,106.40647489412298,104.16633643126642,106.09920197465762,36139800
2023-05-01,106.25778198242188,107.040839327923,105.88112464606859,105.90094553226093,26681700
2023-05-02,104.3943099975586,106.25778337997941,102.79846017510972,106.19831315828286,30997200
2023-05-03,104.4835205078125,106.545232957059,104.03747116825616,104.60246094849104,21795400
2023-05-04,103.76985168457031,104.67184949855658,103.05617876315749,104.5628157154331,23419500
2023-05-05,104.6421127319336,104.94938562732777,103.19494602522195,103.89870471094449,26639300
2023-05-08,106.8227767944336,107.0111092526405,104.2357237525446,104.25554463966958,26511400
2023-05-09,106.4064712524414,109.18186434483572,106.24788146671654,107.43733132783537,36360100
2023-05-10,110.7677993774414,111.94734256928349,106.98137468108189,107.02102401786978,63153400
2023-05-11,115.5454330444336,116.88356600068316,113.40442182690181,114.38571831983981,78900000
2023-05-12,116.47716522216797,116.99259143107231,115.08946880418954,115.65445857036839,41102300
2023-05-15,115.48596954345703,117.4386559807011,114.99036415582506,115.08948372088383,36266800
2023-05-16,118.45960235595703,119.6887016048796,115.40667134063953,115.46614156745153,45035600
2023-05-17,119.77790069580078,120.60060741468727,117.8450428018749,118.55871573573606,33323600
2023-05-18,121.75041198730469,122.22618888797108,119.7679905890739,119.88693103307176,35234200
2023-05-19,121.68102264404297,124.8628079526781,121.07638353692812,122.464079972312,41353400
2023-05-22,123.95091247558594,125.31878064512259,121.6612104053191,121.85945710097975,35253000
2023-05-23,121.48277282714844,123.5345785360901,121.1358506178756,123.0687158906877,34046300
2023-05-24,119.8373794555664,120.83850441605266,118.80651938298395,120.05544702738894,34182600
2023-05-25,122.39469146728516,124.21851538982,120.88804708034714,123.42554386381715,42317000
2023-05-26,123.51476287841797,124.15905132995717,121.37374418942687,122.08741708575724,35635900
2023-05-30,122.58301544189453,124.55553001866956,120.92769552305617,124.53570157138007,35076700
2023-05-31,121.79007720947266,122.96961295289324,121.42332648051821,121.67112918762132,37325800
2023-06-01,122.63259887695312,123.32644339782199,121.54226853172855,121.74050766273734,30772700
2023-06-02,123.57423400878906,125.04122914675051,122.67223621986325,122.90021044199662,26980100
2023-06-05,124.90245819091797,126.30997552224953,122.75152529744679,122.92003685811163,32305500
2023-06-06,126.19103240966797,127.16241466547471,124.25817456021957,124.90246303081489,26638300
2023-06-07,121.4233169555664,127.90582861001033,121.04665959275812,125.85403022098032,52539000
2023-06-08,121.06647491455078,122.14689851551302,120.17438376750341,121.15568781042428,29389200
2023-06-09,121.15569305419922,122.67224428864927,120.83850591733605,121.17551394173034,23778300
2023-06-12,122.55329895019531,122.95969899565966,120.59070586126717,121.71077130849028,28306400
2023-06-13,122.74163055419922,124.05994268348793,122.09734204600761,123.881524443717,22278300
2023-06-14,122.58301544189453,122.95968031702589,120.38252665764863,122.01802569153439,30592300
2023-06-15,123.99055480957031,124.35730552643699,121.32420291141162,122.05769678280674,35246300
2023-06-16,122.44425201416016,125.001577340157,122.1964493483621,124.82315911828891,45535600
2023-06-20,122.0180435180664,123.47512455090713,121.06648209224629,121.8495395031722,26097500
2023-06-21,119.4904556274414,121.58191085699323,119.04440626489465,121.32419395167761,30306300
2023-06-22,122.0676040649414,122.15680940156187,117.78557397338955,118.94528872348243,26952200
2023-06-23,121.26470947265625,121.71075881058304,119.99596102780514,120.31314813901791,34913600
2023-06-26,117.29987335205078,120.927708228838,117.23048890392118,119.69860904954042,33969900
2023-06-27,117.28997039794922,118.03337846384325,115.07956708792895,116.0509569547925,39535900
2023-06-28,119.12370300292969,119.33185634380241,115.82296953551025,116.0608579876023,27091400
2023-06-29,118.05320739746094,119.00476887917876,117.26024327719865,118.19197630756531,24090900
2023-06-30,118.64791107177734,120.01578660050734,118.63800441021921,119.11378128447019,29532200
2023-07-03,118.8461685180664,119.13362053840451,117.77565911039436,118.19196580370979,14467900
2023-07-05,120.67991638183594,121.53235828529019,118.18206846259355,118.19197512583165,27584800
2023-07-06,119.05430603027344,119.24263846463137,117.35933680806241,118.74703316355199,24745200
2023-07-07,118.42984771728516,119.9860480817826,118.35054905305088,119.0443934592586,21709500
2023-07-10,115.4264907836914,117.27014341516231,115.11921786589225,117.2602367523764,35315200
2023-07-11,116.11042022705078,116.67541002080333,114.33615217521867,115.26789264862505,23078800
2023-07-12,117.88468170166016,119.27237810993883,117.36925549635855,117.75582704091902,30404400
2023-07-13,123.44538879394531,123.73284082144414,119.39133285851337,119.86711735011022,44297900
2023-07-14,124.31765747070312,125.66570477181922,122.40462031267353,123.70311161089374,33283100
2023-07-17,123.5544204711914,125.98288376353565,123.10837110000271,124.83308323552517,25716200
2023-07-18,122.6722412109375,123.58415326124799,121.87926960750545,123.50485458843724,26193600
2023-07-19,120.95744323730469,124.07975852514653,120.72946900607533,123.50485449122769,37224000
2023-07-20,118.1523208618164,122.9993409263446,117.18093854128094,120.35280998310415,37906800
2023-07-21,118.96511840820312,119.92659410645891,117.68646311472756,119.5598509456707,72937900
2023-07-24,120.46183776855469,121.9189187390688,119.91667640915657,120.59070000224004,29686100
2023-07-25,121.1358642578125,122.06760477820553,119.95632105113091,120.29333663689901,52509600
2023-07-26,128.1337890625,129.82875059388394,127.19214208676755,128.9267605090487,61682100
2023-07-27,128.2626495361328,132.0689098519843,127.65801044654415,130.51270190226427,44952100
2023-07-28,131.41470336914062,132.56451129686621,129.42237550489725,129.6305212614067,36591200
2023-07-31,131.55348205566406,132.35636028283042,130.62174160079337,131.5633887175357,28055500
2023-08-01,130.3937530517578,131.46426227856932,129.53138957410042,129.63051668062243,23166800
2023-08-02,127.25164794921875,128.94660995546266,126.43884782950762,128.31223564543208,26273300
2023-08-03,127.32101440429688,128.25275490430315,126.30006856910073,126.8452374919422,20089500
2023-08-04,126.98401641845703,130.35412709457032,126.78577728304035,128.143731241555,26147200
2023-08-07,130.3739471435547,130.45324581754625,127.8860136363558,128.02478253467217,22746300
2023-08-08,130.24510192871094,130.3541357291139,128.4014491103284,129.47195866209995,23535200
2023-08-09,128.52040100097656,130.87947251276492,127.86619821738373,130.50282267876545,24912900
2023-08-10,128.5501251220703,130.889383106786,128.31222909619765,130.16580349118593,20857800
2023-08-11,128.4212646484375,128.78800779260496,127.04348228626603,127.52918100734196,19591100
2023-08-14,130.17568969726562,130.21533146634363,127.8265254190536,128.25273871650413,24695600
2023-08-15,128.6393280029297,130.26491300365356,128.14372263533488,129.9477334332242,19770700
2023-08-16,127.56883239746094,129.1349473434819,126.74613314561068,127.56883239746094,25216100
2023-08-17,128.77810668945312,130.82992032710072,128.15363903892097,128.65916623208574,33446300
2023-08-18,126.33971405029297,128.1139820986366,125.26920468665479,127.38048074077112,30504800
2023-08-21,127.24171447753906,127.59855093945741,125.4476255056934,126.0621788706278,25248700
2023-08-22,127.94547271728516,129.13492247421263,127.19215806698841,127.3804753860569,22054900
2023-08-23,131.20655822753906,132.23742584663677,128.72853142638633,129.03580432978123,27819700
2023-08-24,128.6393280029297,133.07004119920114,128.43118221835817,132.77267495370916,28500700
2023-08-25,128.7384490966797,129.61070421801392,126.13156014533209,128.40142596774677,26762900
2023-08-28,129.85850524902344,131.3750563736932,128.99615680059247,130.15587147682967,20543300
2023-08-29,133.38722229003906,135.36964355822954,131.0776996976363,131.0776996976363,43075600
2023-08-30,134.6857147216797,135.08219295170898,132.89162577508347,133.59537690208668,28315800
2023-08-31,134.97317504882812,136.78709265772878,134.59651009871462,134.81457768828804,30053800
2023-09-01,134.46763610839844,136.25181824627185,133.66475792752385,136.25181824627185,21543700
2023-09-05,134.57666015625,135.22094096171622,133.39711718576547,134.2495588608883,19403100
2023-09-06,133.27821350097656,135.33001203337403,132.49514848342264,134.8244999600997,18684500
2023-09-07,134.07118225097656,134.388377002044,131.7814874686669,132.4158618461236,18844300
2023-09-08,135.18133544921875,135.4588732667458,133.66478411606147,133.72425434486345,23558300
2023-09-11,135.716552734375,136.27162824714438,134.5964799231039,135.3398878687072,20763400
2023-09-12,134.1504669189453,135.66701824288407,134.00179134784412,135.0623790459448,18405500
2023-09-13,135.5084228515625,135.69674018178068,132.9709107286248,133.90265121619703,20749500
2023-09-14,136.88619995117188,137.48091727999335,135.04254749494362,136.3905946148167,24751000
2023-09-15,136.1923065185547,137.30247248074448,135.280394741354,136.76721038074726,38919600
2023-09-18,136.99525451660156,137.9369017736187,135.40931114975817,135.40931114975817,21861300
2023-09-19,136.82669067382812,137.19344884336027,135.41917357972812,136.21214500413328,20353700
2023-09-20,132.56451416015625,136.8663646339005,132.44555860062232,136.8663646339005,29927500
2023-09-21,129.29351806640625,131.06777845392287,128.92677497016894,130.28472870460357,31503900
2023-09-22,129.105224609375,130.8695788681507,128.46094354987144,129.6107367426157,26397300
2023-09-25,129.95762634277344,130.0170965606432,127.82652953751189,128.6888779459716,20094600
2023-09-26,127.4399642944336,129.2142247554818,126.10182382754034,128.62941408463055,25718700
2023-09-27,129.3926544189453,129.74949092087255,127.43998300872549,127.43998300872549,22746500
2023-09-28,131.1470947265625,132.12839883500152,128.64923934805705,128.69880291155567,22513100
2023-09-29,129.7098388671875,132.87180356786632,129.21423349403221,132.10856705829798,30859800
2023-10-02,132.99073791503906,133.2385405902459,130.01710581255713,130.05676271040824,22288000
2023-10-03,131.2660369873047,133.0799545386721,130.68122625412332,132.76277495232893,22989400
2023-10-04,134.0513458251953,134.37844718411898,131.36515806688755,131.6228674142173,26752300
2023-10-05,133.88282775878906,134.2991344106199,132.27705624495698,133.88282775878906,19832600
2023-10-06,136.3707733154297,136.9456773507009,132.832143768504,132.832143768504,27597600
2023-10-09,137.20338439941406,137.718818202532,134.41808472961787,135.73639678634393,19278100
2023-10-10,136.84654235839844,138.49195569665042,136.1229628059091,137.2826774721206,27786600
2023-10-11,139.31466674804688,139.86974231945385,137.36198046134194,137.36198046134194,25884300
2023-10-12,137.74856567382812,139.97878996715525,137.04479935307614,139.8102859466206,24765500
2023-10-13,136.15267944335938,138.76947464598243,135.41917820391996,138.15492895530255,23420500
2023-10-16,137.8773956298828,138.40273601931523,136.77715129783755,136.95556193967968,28501900
2023-10-17,138.49197387695312,138.67038456071032,135.97428998075208,137.41155773728624,23515800
2023-10-18,136.74742126464844,139.48315708044316,136.17251730070473,138.2243153813824,23375000
2023-10-19,136.5392608642578,138.43247675008314,136.17251778023484,137.2826688181467,26066000
2023-10-20,134.40818786621094,136.6582254478533,133.8927540255162,136.12297828131832,26335700
2023-10-23,135.30026245117188,136.4500705092504,132.77267210572043,133.8530881539799,26317900
2023-10-24,137.5899658203125,138.13513477372655,136.21218344241674,136.6185834917505,44814300
2023-10-25,124.5059814453125,127.18224741384032,123.97072673913938,127.03357185296261,84366200
2023-10-26,121.20524597167969,123.23723097831568,120.20412102421639,122.18654246977827,57061100
2023-10-27,121.0962142944336,122.22619393308011,119.15344215145646,121.79997301237394,44566500
2023-10-30,123.36609649658203,124.29783707786582,121.67112691907994,122.12708298416779,28940100
2023-10-31,122.98943328857422,124.26809608033074,121.61165093298484,123.96081560140948,26292300
2023-11-01,125.33860778808594,125.37825712919663,122.63260642774407,122.97952870953937,30082400
2023-11-02,126.36945343017578,127.8463552955118,125.81437784316901,127.29127970850502,27124600
2023-11-03,127.96532440185547,128.39153779957329,126.73621752586052,126.89481488882961,26393100
2023-11-06,129.105224609375,129.19442996382713,127.53910951316357,127.91577450931072,19052700
2023-11-07,129.8188934326172,130.75063410322832,128.73847717613327,129.56118404221164,29757300
2023-11-08,130.68124389648438,131.04800222119866,129.6305627425707,129.81889523707943,26425800
2023-11-09,129.0952911376953,131.38498550790692,128.92678712827234,130.80017480614322,23747800
2023-11-10,131.4246368408203,131.63279776446794,128.27259374470339,128.95653161924707,26913300
2023-11-13,130.9290313720703,131.42463677369796,130.09641792725824,130.6217584430094,18324800
2023-11-14,132.44557189941406,134.50729201715737,132.1482207824069,133.01056927107837,32395200
2023-11-15,133.43679809570312,133.84319816897428,132.39603881613726,133.68460080506208,23861500
2023-11-16,135.72647094726562,136.01393051384863,133.1394255960663,134.00177404646607,28013200
2023-11-17,134.12071228027344,134.86412027691202,132.47529895112487,134.80465005712884,37240600
2023-11-20,135.0524444580078,135.45884443455537,132.44555573609716,132.5149477380473,27815500
2023-11-21,135.76614379882812,135.9742895959558,134.76502634077858,135.09211259340776,22635300
2023-11-22,137.27279663085938,138.19461546533844,136.26175732475545,136.26175732475545,17813900
2023-11-24,135.48858642578125,136.9159321844401,134.7947419943983,136.81680506938213,12514300
2023-11-27,135.2110595703125,137.2033876965765,134.80465954030564,134.83439465228903,23436500
2023-11-28,135.99411010742188,136.0436736692128,134.2297562053289,134.8839589217478,18730000
2023-11-29,133.80352783203125,137.07451079768657,133.65483716334538,136.360853061755,23967200
2023-11-30,131.3651580810547,134.35861874891418,130.1261446568203,133.8630133792204,38988300
2023-12-01,130.7010498046875,130.94885249162763,129.52150659490437,130.7010498046875,31442300
2023-12-04,128.1337890625,128.88710361815149,126.77582791804458,128.73842808896774,36669900
2023-12-05,129.8386993408203,130.97858563372688,127.1227764879299,127.81662097598935,27384800
2023-12-06,128.87722778320312,130.68122350903377,128.73845888121613,130.28474525326413,23576200
2023-12-07,135.72647094726562,137.34214919311776,133.51607536911783,133.85308336988615,56767100
2023-12-08,133.80352783203125,135.20112331976583,132.85195897633275,133.02046296777098,32260100
2023-12-11,132.11846923828125,132.16803279885028,130.20543982265264,131.21647898449544,31138000
2023-12-12,131.3552703857422,131.8310473744394,130.10633499398003,130.6515040042986,29032800
2023-12-13,131.40480041503906,132.3266190406473,130.4135897855211,132.20767860500078,30104800
2023-12-14,130.78033447265625,132.5446882047304,128.55011052905618,132.20768021650815,38722400
2023-12-15,131.43455505371094,132.33654536584615,130.0270224409382,130.4631576026789,50847100
2023-12-18,134.60641479492188,135.94454015229283,131.26602448315583,131.46427872099582,32258000
2023-12-19,135.44895935058594,136.26175952392094,134.8839770194559,135.63729183585517,25476800
2023-12-20,137.12408447265625,140.45455302635412,136.85646847368653,137.74855205293554,49107200
2023-12-21,139.18580627441406,139.4534374013907,137.9566995474428,138.26398757269197,27488300
2023-12-22,140.24639892578125,140.74200424587772,139.4732558364047,139.53272605486842,26532200
2023-12-26,140.27615356445312,141.42594657240042,139.94905219268907,140.34553045409487,16780300
2023-12-27,139.13624572753906,140.83122273553664,138.6604688106895,140.34552403156647,19628600
2023-12-28,138.99746704101562,139.8994723742898,138.5216901576727,139.54263593061398,16045700
2023-12-29,138.46221923828125,139.12632856419143,137.56021390956434,138.40274901874815,18733000
2024-01-02,136.95558166503906,138.2243301608941,135.28043314911363,137.3322465738531,23711200
2024-01-03,137.6990203857422,138.40278679990462,135.87519590704642,136.0436999499465,24212100
2024-01-04,135.1912384033203,137.93689651353586,135.15159662676552,137.20339508752366,27137700
2024-01-05,134.53700256347656,135.95444150265752,133.96209863444332,135.54804155071932,22513900
2024-01-08,137.6197052001953,137.78820922289705,135.06237949599685,135.09211461031617,21404000
2024-01-09,139.71116638183594,140.24642871103555,136.93577297492843,137.28270282254584,24759600
2024-01-10,141.0294647216797,141.74313767378752,139.67151083001588,139.7607161678604,21320200
2024-01-11,140.83120727539062,143.94360802981913,139.40386155685738,142.22881788517725,24008700
2024-01-12,141.39617919921875,141.94134802777754,140.57348775073416,141.416007645168,18785500
2024-01-16,141.23760986328125,143.08126226290798,140.20674232549314,140.75191120368166,22670500
2024-01-17,140.22659301757812,140.59333617350276,137.6791740029759,140.10765256153263,20968600
2024-01-18,142.21890258789062,142.94249726620274,140.7420083705122,140.80147859071877,25746400
2024-01-19,145.0934295654297,145.16280645077472,143.11100813182492,143.4678445948608,34271900
2024-01-22,144.7068634033203,147.0857631627537,144.55817271543333,145.80710794511032,32200400
2024-01-23,145.74761962890625,145.88638852663772,144.22116175386006,144.60773333501743,21636100
2024-01-24,147.3930206298828,148.53292195218594,146.79830331468807,147.2344232959612,25233500
2024-01-25,150.53515625,151.7047926793007,148.22563362553456,148.7509891835985,29149100
2024-01-26,150.85235595703125,151.19927062056652,149.68271948865382,149.77193994469403,26115500
2024-01-29,152.16075134277344,152.42838247060587,150.0990312415879,150.7234988316385,27784300
2024-01-30,150.12879943847656,152.26980334325071,149.8611682786259,151.45701832492836,36331800
2024-01-31,138.86862182617188,142.7343374146145,138.64063248081334,142.35767251765228,71910000
2024-02-01,139.9193115234375,141.80260587734793,139.5525532652903,140.87086536289783,40466500
2024-02-02,141.12857055664062,141.36645142167342,135.30024736856095,138.03598318915266,62499600
2024-02-05,142.41712951660156,144.19140493261733,141.52504604044913,141.5647029336449,38505400
2024-02-06,142.83348083496094,144.08240098500607,141.93147538647906,143.3786346695141,29128200
2024-02-07,144.26080322265625,144.34010189614554,142.66495333978824,143.48766006197988,25208900
2024-02-08,144.62759399414062,145.04390078004937,143.82471554098242,144.54829530282294,22563800
2024-02-09,147.69041442871094,148.12654961609974,144.89519261390646,145.39079803145248,26829500
2024-02-12,146.23330688476562,148.0273957523625,146.07470954986746,147.1154837637095,21564100
2024-02-13,143.8643341064453,145.38088541203197,142.42708147937856,143.64626652168468,27837700
2024-02-14,144.65728759765625,145.23219160120888,142.82354180831294,144.79605648646725,22704200
2024-02-15,141.51515197753906,142.25855998207064,139.22545774352974,141.88189508654546,37590700
2024-02-16,139.28494262695312,141.93147358673406,138.9082776917751,141.73323445625792,31468900
2024-02-20,139.87965393066406,140.83122289008293,138.26399071915645,138.43249472896153,25144700
2024-02-21,141.29710388183594,141.4358727901422,139.44352938378043,140.2067659418033,23223300
2024-02-22,142.8235321044922,143.72553738281633,141.5448770819428,143.65614538078825,27191900
2024-02-23,142.69468688964844,143.40834461824574,142.1693313486327,142.40722734128093,19493800
2024-02-26,136.36090087890625,141.18809347976506,136.18247503885007,140.89072716279085,53641800
2024-02-27,137.6593475341797,138.02609065509074,135.8850719026194,136.8069057229925,33099200
2024-02-28,135.18133544921875,136.79699878882042,134.21985975111554,136.6879649944579,37328600
2024-02-29,137.24305725097656,137.6395355304316,135.20115025022022,136.07342061463353,42133000
2024-03-01,135.93463134765625,137.6494215802847,135.71656378920932,137.21328646339086,31151100
2024-03-04,132.17796325683594,134.46765773338637,130.7506173169925,134.46765773338637,55999400
2024-03-05,131.50393676757812,132.06893419092674,129.52151514124904,130.7208868800359,40194800
2024-03-06,130.24510192871094,132.40594948451212,129.69994805137367,131.94998583064222,35318600
2024-03-07,133.1988983154297,133.75397388585452,130.45324044956945,131.62286181229678,37738200
2024-03-08,134.2198486328125,136.87628613042892,132.82223787303235,133.03039878127268,39370400
2024-03-11,136.45997619628906,137.8774153719074,134.93351836260592,134.93351836260592,32437800
2024-03-12,137.2826690673828,138.1549392414249,135.8255882651414,135.8255882651414,27563400
2024-03-13,138.56134033203125,139.84991729704038,137.7683838532644,137.7782905156126,23347200
2024-03-14,141.84228515625,142.32796881511524,139.225488997849,139.9490687164518,42753400
2024-03-15,139.9391326904297,141.92155427918553,138.79924632676565,141.24753819885322,49475400
2024-03-18,146.3820037841797,150.81271727318136,145.8764917207178,147.30383769364138,69273700
2024-03-19,145.7377166748047,147.4822421656298,144.79606947876087,146.8577896722865,24070400
2024-03-20,147.4326934814453,147.55163393242162,145.45027196690233,146.6991920761811,21311500
2024-03-21,146.30270385742188,149.04834657827197,145.60884427485487,148.15626300736415,24755600
2024-03-22,149.44482421875,150.2477023731003,147.67054880079294,147.80931767778344,29211800
2024-03-25,148.75100708007812,149.05827999793414,146.5207828540801,148.62214484045748,19229300
2024-03-26,149.34573364257812,150.921755229205,148.6617957512971,148.8996917949052,22149100
2024-03-27,149.54397583007812,150.3072124181122,147.5912892491233,149.85124877307598,22879200
2024-03-28,149.60342407226562,150.09902942352818,148.85010938322958,149.52414052577765,24485400
2024-04-01,154.12335205078125,154.3711547175217,149.28623915611158,149.36553782442945,31730800
2024-04-02,153.20150756835938,153.3402764470575,150.8126863978592,152.15082675469168,24586000
2024-04-03,153.558349609375,153.716946940742,151.3875959008957,152.2499594372824,24705000
2024-04-04,149.20692443847656,153.40966265921364,149.12762577868838,152.15082101266947,34724700
2024-04-05,151.15965270996094,152.07156486544667,148.2851473312489,148.71136073150413,23459200
2024-04-08,153.48898315429688,153.9052898339039,151.26866573838439,151.4371697426533,20702000
2024-04-09,155.22361755371094,157.16638225469364,153.82600669377314,154.71809036518897,31079500
2024-04-10,154.76763916015625,155.23350940234246,153.3204648733208,154.8370311694787,22838600
2024-04-11,158.00888061523438,158.27649657940643,155.08481245826903,155.53085418989542,27166400
2024-04-12,156.3436737060547,158.8117940185791,155.75886296974886,156.57166307757163,25353700
2024-04-15,153.4989013671875,157.8404094057048,153.23127022277416,157.4637444709509,27136500
2024-04-16,153.04290771484375,154.28192094156586,152.08143224093357,152.83476196257143,20779500
2024-04-17,154.10350036621094,155.69934990437812,153.2213236106199,154.25217589396755,21763100
2024-04-18,154.63877868652344,155.5606125191913,153.26099639334586,153.97466932035476,19883000
2024-04-19,152.73565673828125,154.98570931530094,150.96139619825826,154.82711196963538,32615600
2024-04-22,154.90643310546875,156.25448048975585,152.70594377046075,152.95374648724382,26446200
2024-04-23,156.86898803710938,157.572754235579,154.90639523489975,155.58042632459905,21151600
2024-04-24,157.73135375976562,158.16748886069595,155.78857425325978,156.10576891745424,22779100
2024-04-25,154.6288604736328,155.11455913410575,149.5439450297003,149.99990858082532,57109700
2024-04-26,170.43865966796875,173.1744106041274,168.1588722627277,172.83738750533027,64665300
2024-04-29,164.6896514892578,168.05977693862212,163.75792613748897,167.57407825152322,45610000
2024-04-30,161.34930419921875,166.62255328715653,161.1708935024744,164.15443277611652,33562900
2024-05-01,162.41978454589844,165.65112595593658,161.6565480783854,162.85591967019158,33493200
2024-05-02,165.155517578125,165.26455135719664,162.4495166743879,163.34160023066508,24294500
2024-05-03,165.7700958251953,166.48376879475936,161.61692024874446,166.08727540907034,34662400
2024-05-06,166.62252807617188,166.6621698501134,164.5707146259979,165.98815382038057,21871300
2024-05-07,169.7448272705078,170.25033926742327,166.90996414876957,167.01899792747776,28039700
2024-05-08,167.89126586914062,168.65448718502228,167.25689165384944,167.51460097970468,19569100
2024-05-09,168.46617126464844,169.18975081513116,166.70180236639047,167.90117392580035,15346700
2024-05-10,167.16766357421875,168.35712840771933,164.72929393982457,166.55311783500412,29799900
2024-05-13,167.6533660888672,167.79213497268913,162.55854403329832,162.81625335334653,31327600
2024-05-14,168.8428192138672,169.74482453915033,167.31636146118933,168.2778370057792,25127100
2024-05-15,170.9937286376953,171.13249751141433,169.0113075133248,169.1302630655646,26948400
2024-05-16,172.64907836914062,173.58081887894542,171.17218405543662,171.7669014209654,27867900
2024-05-17,174.51255798339844,174.72071889069628,172.1633934028928,172.64907697879545,24479300
2024-05-20,175.364990234375,177.1987360270171,174.53237690001112,174.64141067889267,22554400
2024-05-21,176.2868194580078,176.58417055209722,174.26474127015484,175.34515724447746,16989400
2024-05-22,174.82972717285156,175.5929484307021,173.6700126076697,175.08743647911203,17880000
2024-05-23,172.02462768554688,176.68331515847908,171.42989518914035,175.5136937401354,21024900
2024-05-24,173.45196533203125,174.22510846580246,172.12373150315187,173.44204354526818,16579400
2024-05-28,174.8495635986328,175.7119272031069,172.83740706265183,172.9167057345963,20572200
2024-05-29,174.35394287109375,175.2856832784532,173.18432159354813,173.88807266741404,23388700
2024-05-30,170.59727478027344,173.67994067307137,170.28008009531703,173.66011222409284,22931500
2024-05-31,170.98385620117188,171.53893180715215,167.95075369372532,170.34948191938355,37638900
2024-06-03,171.64796447753906,172.9960117081414,169.65563630662328,171.0234968625416,27459100
2024-06-04,172.26251220703125,172.3219975576634,170.37921780326457,171.7570001617278,26879600
2024-06-05,173.8682861328125,175.09737781727256,172.40128329216327,173.6601252146541,22068500
2024-06-06,175.17665100097656,175.59295765203206,174.20526881518043,174.3539443603167,23251000
2024-06-07,172.92662048339844,176.3066373799981,172.7680231459644,175.4938524938292,19661400
2024-06-10,173.67088317871094,175.70520037025813,171.43809934111798,173.63119590631558,23726700
2024-06-11,175.2685546875,175.48687252833415,172.440371072749,174.8716214180017,21540600
2024-06-12,176.42962646484375,179.0295897328755,174.762488316215,176.8861134200364,27864700
2024-06-13,173.8197479248047,175.38766020073976,173.54189158649058,174.76247586851568,20913300
2024-06-14,175.43727111816406,175.7052094322638,172.81747188595338,172.8869435437714,18063600
2024-06-17,175.88381958007812,176.99524483970762,173.47240531751984,174.1174408030097,19618500
2024-06-18,173.75025939941406,176.03266350713454,172.7678442779151,175.78457643329608,21869900
2024-06-20,174.95101928710938,175.93343447480135,173.65104535533175,174.02812743639052,20160100
2024-06-21,178.25555419921875,179.46622050110986,175.25865768617388,175.6456729700876,57759000
2024-06-24,177.84864807128906,179.5058677711299,177.30285352534577,178.7814578148954,18298000
2024-06-25,182.62184143066406,182.87984651633045,178.04711553791142,178.24558215319573,23130200
2024-06-26,182.47300720214844,183.0981763241254,181.0837105201297,181.23257184786374,19839000
2024-06-27,183.9912872314453,184.62638948700294,182.6119238103733,182.7706880177386,18848900
2024-06-28,180.75625610351562,183.71346525578238,180.56772262567728,182.90966546961494,29156600
2024-07-01,181.58981323242188,182.4730025766031,179.91274225321607,181.62950050025836,16006100
2024-07-02,183.82261657714844,184.15009335463083,180.17076672022137,180.65702287018632,17372500
2024-07-03,184.39816284179688,184.6660859724945,182.59208172180752,183.43558380831382,10242100
2024-07-05,189.14158630371094,189.3995914027585,184.37831157968466,184.43785005315465,20967500
2024-07-08,187.5836181640625,188.71489474236242,186.3431826553111,188.44695643270228,21035900
2024-07-09,187.53399658203125,189.89579062187278,187.2759914489027,188.8538217724112,15121400
2024-07-10,189.71714782714844,190.28279364749721,187.5836049591009,187.7026819141074,15952500
2024-07-11,184.15008544921875,189.39960141202818,183.66382932012837,188.39733505757295,25625800
2024-07-12,183.65391540527344,185.67829936578423,183.07835154835516,183.66383343758727,22898400
2024-07-15,185.1027374267578,186.79965977611926,183.50505596969933,183.50505596969933,16474000
2024-07-16,182.51272583007812,187.23629901966027,181.96693115200853,185.92640693432898,18290700
2024-07-17,179.63490295410156,182.14554307379208,178.52346250305996,181.56997921247492,20734100
2024-07-18,176.33035278320312,181.10354516735464,175.11968677674923,180.53789942934162,25315700
2024-07-19,176.30059814453125,178.91046381081307,175.77465477022162,177.51126425121495,18881900
2024-07-22,180.2799072265625,181.30202472668176,178.85092330428975,179.20816928485795,24100300
2024-07-23,180.3990020751953,182.205083362309,180.15091498468195,180.65702234023118,36352700
2024-07-24,171.30908203125,174.84183935353695,170.50528237716065,172.27166103830413,49585200
2024-07-25,166.0000457763672,172.09306459024975,165.91073805088556,171.1999570513624,44852000
2024-07-26,165.72219848632812,166.8038547106232,162.80469149144778,165.8710447036031,41336900
2024-07-29,168.23281860351562,169.12592608314606,166.70460877031735,167.5381777702437,20293800
2024-07-30,168.9869842529297,169.91979407162952,167.15114899500833,168.9373789518768,18959700
2024-07-31,170.2274169921875,172.91668748879763,168.70912533779483,171.9144211788754,25729100
2024-08-01,169.4534149169922,172.71824977865398,167.58781013807817,168.9473226614739,24531400
2024-08-02,165.38475036621094,167.22058540348354,163.4099720481834,165.16643255649808,29130100
2024-08-05,158.03147888183594,163.17183620146415,153.7445266292353,154.3101724717456,53630700
2024-08-06,157.0788116455078,159.34137978517677,155.2132070680051,158.11086239581772,49004600
2024-08-07,157.72384643554688,161.7329270375027,157.2574415077753,160.01616866155442,25138600
2024-08-08,160.79019165039062,162.4374934400702,158.9841256428161,159.28181801513983,25578800
2024-08-09,162.4176483154297,162.53672526881738,157.84292193770273,158.78564981676743,28602300
2024-08-12,161.04820251464844,163.638232240746,160.60164879815585,163.09245277727376,15895300
2024-08-13,162.9038848876953,163.46951549041373,161.72298810159427,162.1596237343071,18551700
2024-08-14,159.1428985595703,161.97109738750262,156.50326348113867,161.1573644799167,40591100
2024-08-15,160.0657958984375,160.40319071181239,158.388724722145,159.27191417011724,31524300
2024-08-16,161.71307373046875,163.79699592189854,159.89707465805918,160.23446942114322,24208600
2024-08-19,165.39468383789062,165.41453504299912,163.00312088041883,164.0153203524916,22416200
2024-08-20,165.90077209472656,167.34960719285812,165.5435412633864,165.62291579788476,18341500
2024-08-21,164.58099365234375,165.57334208523812,163.41001462767,163.8863376356894,22902000
2024-08-22,162.54666137695312,166.3076549289941,162.06040523845343,165.9801781592332,22493300
2024-08-23,164.35272216796875,164.9084347985432,162.57642535652303,163.4596147462646,13955700
2024-08-26,164.88858032226562,166.267943712712,163.20159141296193,165.10689813733183,14190400
2024-08-27,163.4198760986328,165.16641842692331,163.2015734496267,164.57100351645516,11821900
2024-08-28,161.6039276123047,164.33288545251102,160.2940205808296,163.77715768210635,16407400
2024-08-29,160.54212951660156,164.70007190564058,159.02383761377362,163.0527698600771,19699800
2024-08-30,162.12986755371094,162.4077238619854,160.45279653031872,161.37567316665184,22123800
2024-09-03,156.1559295654297,160.61157889702227,155.28265821334085,160.48256877218185,38945300
2024-09-04,155.2528839111328,157.78337502963737,154.76664294942685,155.4612837104589,19353800
2024-09-05,156.036865234375,158.22994668183233,154.78649658056972,155.1040553313884,18688700
2024-09-06,149.7652130126953,156.62234382988387,149.39804896411633,156.09640040925774,37912100
2024-09-09,147.7679443359375,152.4282209390493,146.2873778721235,151.54385960268255,39260500
2024-09-10,147.71826171875,150.31172831197244,147.40028159964342,149.4969156283568,31118800
2024-09-11,150.20242309570312,150.54026559740743,146.5854826673726,148.97027288921362,29607700
2024-09-12,153.71006774902344,153.83924907315188,151.682982309114,152.82570635319718,29621500
2024-09-13,156.46250915527344,157.37667920350046,154.2267627397466,154.44535510677574,29591200
2024-09-16,157.05870056152344,157.2474993531957,155.60795803142506,156.313451749423,18379800
2024-09-17,158.3107452392578,159.53294917671778,157.37669753536267,158.01264265003823,20715600
2024-09-18,158.79762268066406,159.48325404924594,157.59529635899653,158.84730896980255,23677300
2024-09-19,161.1128692626953,162.7524107202581,160.31793409819053,162.67293084972206,26587700
2024-09-20,162.5536651611328,162.6927776644467,161.03335881701463,162.46423894374368,40896400
2024-09-23,160.82470703125,164.4416474906759,160.64583942390462,163.3088698512438,24150900
2024-09-24,161.26190185546875,162.18601827960998,159.67204679818846,161.9972194853163,23332100
2024-09-25,160.46697998046875,161.77861000791742,160.27818118844277,160.44710243338025,18869200
2024-09-26,161.69911193847656,163.0405658423745,161.25196569121914,162.60335078741144,20319300
2024-09-27,162.91139221191406,164.65030615932238,161.59976214731748,161.7786145898017,21101300
2024-09-30,164.79937744140625,165.09746486800793,162.22577308210086,162.28540572954867,20413900
2024-10-01,165.93212890625,168.08838020304094,163.53739254376728,166.62769139519463,28338100
2024-10-02,164.80929565429688,166.4587833748385,163.68644922877587,165.36574568962988,17760200
2024-10-03,164.80929565429688,165.5843532266716,162.88158291608877,163.3684842780683,15073100
2024-10-04,166.00167846679688,167.16426473931182,164.43168589066445,166.99534350266865,19047400
2024-10-07,161.94754028320312,167.4126985535878,161.71900154638254,166.65751850550026,22463100
2024-10-08,163.33868408203125,163.68645779124333,161.8382399845631,162.901468985077,23072700
2024-10-09,160.83465576171875,163.79577392063888,158.72809031254272,162.41457984860077,31181800
2024-10-10,161.05323791503906,162.03697180217182,159.38387269706766,159.85089649743236,14144100
2024-10-11,162.2058868408203,162.86169424502742,160.21855675772235,161.10291803821593,15344300
2024-10-14,163.91497802734375,165.17692160638396,162.3648479577735,162.60333300588982,19016100
2024-10-15,164.41184997558594,166.61777276120088,163.5871060435806,164.73974614754195,20247200
2024-10-16,164.11370849609375,164.74965346425518,162.70270607180197,163.48769471917151,16406000
2024-10-17,161.89784240722656,165.31605267037628,161.72892116495908,164.6801076327293,21453400
2024-10-18,162.384765625,163.66660222742627,162.04692309495266,162.1562268737477,19757700
2024-10-21,163.0306396484375,163.45790836208016,161.58981312891888,161.9177244301946,20946500
2024-10-22,164.09385681152344,164.71987068710104,161.9475365199372,161.9475365199372,16568100
2024-10-23,161.7488250732422,164.76957586597575,160.9042035621243,163.71627798503206,18280500
2024-10-24,161.68919372558594,162.29533007096418,159.9900196550578,161.79849749810091,22412500
2024-10-25,164.22303771972656,164.54100267206263,162.38475119304076,162.63316747166715,19828900
2024-10-28,165.66387939453125,167.68101873283592,162.9114222786761,167.68101873283592,32138600
2024-10-29,168.60508728027344,169.30066498158368,166.03149830422933,166.66744336321563,42169000
2024-10-30,173.3548126220703,180.86691803166593,172.95733750175077,179.5353953312524,68890800
2024-10-31,170.02603149414062,175.69986574053596,169.91672772946706,172.03323918990733,44769000
2024-11-01,170.20489501953125,171.22838406204764,167.8101735573136,168.9926374988831,31796500
2024-11-04,168.1678924560547,169.64844379948434,166.9456734265419,168.8535086611848,21492700
2024-11-05,168.66473388671875,169.4497227111904,167.77042612333224,168.35668494331603,18242100
2024-11-06,175.39183044433594,175.81911434381482,172.4009037964916,172.69900637438644,33695500
2024-11-07,179.60496520996094,179.93287650946746,176.06751991171046,176.2861274447148,25352900
2024-11-08,177.2201690673828,179.75400283427035,176.9518752564666,179.50558656989898,22006200
2024-11-11,179.20753479003906,179.40626480859777,177.33943925890452,177.4487430434311,17450400
2024-11-12,180.4694366455078,181.3339355258592,178.25356788936566,178.6808517336083,25134900
2024-11-13,177.74679565429688,179.8136206226171,177.40893803944098,179.3167881349091,23184000
2024-11-14,174.4677276611328,177.68720818344102,173.21571503907634,177.15062051532624,31007500
2024-11-15,171.39732360839844,173.03686519817956,170.13536450155812,172.6294588087237,32504600
2024-11-18,174.18948364257812,174.32859614097288,171.80467846165004,172.3213885251699,20135300
2024-11-19,176.9916229248047,177.73687175049812,172.46051249052883,172.61950254558704,23434900
2024-11-20,174.86517333984375,176.5544009125721,172.67911323618793,176.21655843045156,18997100
2024-11-21,166.568115234375,173.02693953483558,162.66300281148182,172.7983856043942,59734400
2024-11-22,163.7162628173828,165.40550568311707,162.8617101914929,164.79936934193785,38604600
2024-11-25,166.5879364013672,167.56173904858872,164.56086640923021,165.0378213787698,33135300
2024-11-26,168.04864501953125,168.74422275300518,166.5184073625678,166.5680936524055,20486700
2024-11-27,168.157958984375,168.40637528649307,166.95563257291508,167.92942023182215,19266500
2024-11-29,167.87973022460938,168.3566852687276,166.10107621213314,167.43258392311557,14257200
2024-12-02,170.4036407470703,170.98989954223964,167.50214035040204,167.7008703464783,23789100
2024-12-03,170.25457763671875,171.5860852555961,169.7676914327812,170.40363650165742,22248700
2024-12-04,173.26539611816406,173.80198381709815,169.97636673123043,170.06579296034354,31615100
2024-12-05,171.54635620117188,174.94468929994056,171.23832242107443,174.24912670582898,21356200
2024-12-06,173.60324096679688,173.97089221181594,170.77128929069295,170.9402105427862,21462400
2024-12-09,174.45877075195312,175.34414569527965,172.74770667593938,173.05610866341627,25389600
2024-12-10,184.20785522460938,185.39167441568316,180.109267593904,181.89991783336416,54813000
2024-12-11,194.38467407226562,194.59358956818772,183.88950517431252,184.3471064632806,67894100
2024-12-12,190.9625701904297,194.16582489848338,190.71386920648584,193.98676747620544,34817500
2024-12-13,188.83370971679688,191.72857792999457,188.65463709667358,190.01751377084074,25143500
2024-12-16,195.63815307617188,197.96599073113543,191.61913652261555,191.86783751599637,44934900
2024-12-17,194.40457153320312,200.37339478634232,193.96685539925252,196.22506444695088,43504000
2024-12-18,187.42105102539062,195.97637074387896,186.76449197962535,194.20562099415744,34166100
2024-12-19,187.53048706054688,192.02700516266594,187.40117286917095,190.63428570513082,32265200
2024-12-20,190.41542053222656,191.88772607244653,184.25758188521124,184.8146696474835,63462900
2024-12-23,193.61868286132812,194.0862418964859,189.16195057639908,191.6191173596315,25675000
2024-12-24,195.09100341796875,195.09100341796875,192.7731083908338,193.82759815006608,10403300
2024-12-26,194.5836639404297,195.7276824419866,193.37000187433253,194.1359900072514,12046600
2024-12-27,191.75839233398438,194.3051030426647,189.65935551931798,193.9370152813754,18891400
2024-12-30,190.24632263183594,191.54951344453465,188.13732782747584,188.81380244155494,14264700
2024-12-31,188.31637573242188,190.96255767118524,187.53047217416017,190.0871254076539,17466900
2025-01-02,188.4456787109375,191.002331792445,186.52571464105958,189.65934057522878,20370800
2025-01-03,190.79345703125,192.2060921029038,188.9928641770284,190.37564116282604,18596200
2025-01-06,195.8470458984375,197.19003728298551,192.8427489428689,192.9720631324044,29563600
2025-01-07,194.47421264648438,199.95557646710608,193.58883781557628,196.08579004713673,26487200
2025-01-08,192.94223022460938,195.2700679108895,191.3803958585084,191.56941104474132,24864800
2025-01-10,191.04212951660156,195.49886180679007,189.32112306274666,193.29039598946073,26665200
2025-01-13,190.0175018310547,190.18661668529174,186.38647339351533,189.08239884518588,21823700
2025-01-14,188.67453002929688,190.9824674128502,187.33153855930155,190.2463221687232,17174900
2025-01-15,194.53390502929688,195.33969375687735,190.8630762218721,192.08668076451275,21776000
2025-01-16,191.90760803222656,194.46424594926418,191.80812157869914,193.1312124772056,17815400
2025-01-17,194.98158264160156,196.20518730281572,192.74327365719543,195.508827543568,27735100
2025-01-21,197.0209197998047,201.23887871445535,196.84184720049228,198.03562405056638,29971300
2025-01-22,197.33924865722656,199.43828553458843,196.5036170079127,198.02566579041408,26200600
2025-01-23,196.95127868652344,199.25923110054313,194.18572496319172,197.11045095911172,26951400
2025-01-24,199.1697235107422,199.85612554750062,196.97119990354366,197.07068637933736,23877500
2025-01-27,190.81333923339844,195.85700244066396,189.73894916830926,191.41022766272687,41728900
2025-01-28,194.2852020263672,194.4642594397363,189.6891977496922,191.7484490804529,24157900
2025-01-29,194.39463806152344,195.7674571519655,192.4249153665142,194.54385257803781,18218300
2025-01-30,199.8262481689453,200.35349300478669,196.64287882627042,196.97116592435128,24354700
2025-01-31,202.95989990234375,204.41230512426117,200.75143398674038,200.95039173473552,32001100
2025-02-03,200.18438720703125,202.6912973186069,199.06026910715457,199.6471997728737,27838300
2025-02-04,205.30764770507812,205.97416454187623,201.75619025433605,202.33317837712485,43856400
2025-02-05,190.33583068847656,191.74845039513906,187.05297480534406,190.0771871408914,70373900
2025-02-06,190.6044464111328,191.10184839531686,187.73940612479137,188.5153520057582,29297400
2025-02-07,184.376953125,190.18660431911357,182.28787402069702,190.05729013281342,49315000
2025-02-10,185.5010986328125,187.22210526115876,184.8942676002274,186.37653098919859,23105600
2025-02-11,184.35707092285156,185.96864842614565,183.3224663388948,184.0685692836796,21239500
2025-02-12,182.65594482421875,184.14815067534644,180.88519509524076,182.26797191010567,22072600
2025-02-13,185.1728057861328,185.3120777313061,182.18839394998832,183.36227049888035,21402500
2025-02-14,184.2675323486328,185.43145115453234,183.36227228593566,184.0984174978102,20448400
2025-02-18,182.81512451171875,184.99374757151398,180.79567372558517,184.63561754552705,29916700
2025-02-19,184.30734252929688,184.49635771924724,182.63606390508187,183.11358075743158,19549400
2025-02-20,183.60101318359375,184.34711614040583,181.77057757262898,183.83977159439488,20441500
2025-02-21,178.72647094726562,184.37694976979722,178.14948286814752,184.18793460152546,35199200
2025-02-24,178.31861877441406,182.16850543528213,177.9604887236702,181.04438722615922,29854200
2025-02-25,174.50851440429688,177.81127094293745,173.7823117406095,177.11489600513676,41913400
2025-02-26,171.8324737548828,175.16507289862997,170.68845533929954,174.16032642215686,35431300
2025-02-27,167.62448120117188,173.65299127143683,167.06739336596,173.0859608604194,39991000
2025-02-28,169.3952178955078,169.72350502540073,165.9034614440167,167.80352548017922,48130600
2025-03-03,166.1422119140625,172.46916601222185,165.0678217638651,171.03664581195866,40770500
2025-03-04,170.0319061279297,172.38958686515363,164.93851425765493,165.37623046766387,45388000
2025-03-05,172.1209716796875,172.87701716435777,168.18154163334694,169.63396197807168,30954900
2025-03-06,171.4544677734375,173.9016770030345,169.61407438427003,169.64391728856972,28302000
2025-03-07,172.95660400390625,174.06083692312112,169.38526170085638,170.37010783184354,27385800
2025-03-10,165.1981658935547,167.77768707285077,163.02700292073365,167.57848498247546,43604000
2025-03-11,163.3755645751953,166.0745946593306,160.71638098509786,164.24205105519363,39587400
2025-03-12,166.4331512451172,166.96100335852913,162.86764957538162,165.90529913170525,28372400
2025-03-13,162.1007537841797,165.45711431897539,161.4533926135524,165.36746730396223,31756200
2025-03-14,164.8197021484375,165.8156517325666,161.79200690237369,162.60869285591215,31995900
2025-03-17,163.62457275390625,165.62644141646544,163.0070887907617,164.36158101735924,31184300
2025-03-18,160.0192108154297,163.58471199332098,156.08521317066442,163.01701346080097,42074800
2025-03-19,163.2261962890625,165.19817244671944,160.34790225399752,161.10481855769754,34275600
2025-03-20,162.14059448242188,164.22212545502225,160.3080509045436,160.91558075554488,28138500
2025-03-21,163.32577514648438,163.57476253851374,160.23832540652674,160.5570365628768,36625800
2025-03-24,167.00083923339844,167.63826163368083,164.47113366947016,166.3933245024789,30879100
2025-03-25,169.86915588378906,169.93887964810042,167.6382385775755,168.29555374273664,24174400
2025-03-26,164.3914337158203,168.92300730211159,164.17232359449744,168.31547745607713,28901600
2025-03-27,161.5828857421875,164.7499985121227,161.34385234187698,163.96320493120362,24508300
2025-03-28,153.70492553710938,161.16459457709033,153.00776375696793,159.83997959632808,48669300
2025-03-31,154.01365661621094,154.91000524190235,150.04978117819655,152.489854834344,54603500
2025-04-01,156.43382263183594,157.45964958057314,152.99778409802235,152.99778409802235,30672900
2025-04-02,156.4039306640625,157.7683920561543,154.07341206604673,154.52158638151343,25041700
2025-04-03,150.1095428466797,152.16119683607278,149.78087761580798,150.49796262916686,46883400
2025-04-04,145.01026916503906,150.45811474262314,144.79115903527634,147.41049617328275,62259500
2025-04-07,146.15560913085938,152.23090799124293,139.96080117715204,140.9766740613606,76794100
2025-04-08,144.11392211914062,151.62339155340192,142.4506879025941,150.60751857909074,52200200
2025-04-09,158.06716918945312,158.90376321404577,143.32711193141117,143.8350407612742,70406200
2025-04-10,152.20103454589844,157.0811818078422,149.322725435418,155.90595330498695,48022000
2025-04-11,156.50352478027344,157.03137687020202,152.2010302665367,152.28069286385934,33636200
2025-04-14,158.4257354736328,161.06499625643693,156.92184161132906,159.3519614550363,30333000
2025-04-15,155.67689514160156,159.00336349160088,154.58135959003184,158.48548058954378,27551500
2025-04-16,152.70896911621094,155.2585979132132,150.8963333701315,152.47990494067977,28187400
2025-04-17,150.54776000976562,154.0534920051937,147.89853016558348,153.66507223082013,33046600
2025-04-21,147.07186889648438,148.34668311054725,145.50823599827558,148.27697454416065,26049100
2025-04-22,150.8564910888672,151.5735760354548,147.93835078181212,148.2869392297591,26971800
2025-04-23,154.72079467773438,156.8919577671247,153.18702360261742,154.9797361333446,31128800
2025-04-24,158.63485717773438,158.94359913409957,155.15898746904153,155.51752994672043,45894000
2025-04-25,161.30401611328125,165.42724716152773,160.38772903857225,164.4014202116321,56034000
2025-04-28,159.95947265625,162.48917806099573,157.9576193461597,161.7720931027873,29745800
2025-04-29,159.5113067626953,160.0889594093041,156.88200017636458,159.6706623611363,26809000
2025-04-30,158.15679931640625,158.62489684356424,154.7705615625615,157.34011335090173,34981100
2025-05-01,160.64666748046875,161.29402861733962,158.2663486338276,159.80010427349828,30203200
2025-05-02,163.36563110351562,164.3018262703875,161.21437606436152,162.7481471411051,25715000
2025-05-05,163.54490661621094,164.72011996544808,162.06093609508568,162.33980079480253,21341800
2025-05-06,162.56884765625,164.13249581033162,160.53711717512775,161.51314352018753,21277200
2025-05-07,150.76686096191406,164.33169015930102,147.24119073545722,163.41541831659652,127490100
2025-05-08,153.65513610839844,155.29844722291963,152.28072050186123,154.37222119033194,57498700
2025-05-09,152.1313018798828,154.42198900650553,151.58352655875794,153.5455484927057,32435300
2025-05-12,157.8181915283203,158.45559870977985,155.61713606908535,156.85211913184455,44138800
2025-05-13,158.8838348388672,159.919630909492,155.52748962665564,158.1468266808066,42382100
2025-05-14,164.70018005371094,166.3235827604559,158.96351584378579,159.31210428165852,48755900
2025-05-15,163.2958984375,165.53678497348048,161.71232706903228,165.16827329805872,33146700
2025-05-16,165.51686096191406,168.66406524073284,164.94916241420358,167.05061660833445,42846900
2025-05-19,165.86544799804688,165.96504904182535,163.55485271284547,163.84367142462605,30426100
2025-05-20,163.31582641601562,167.817523283891,162.24019892385144,165.75590012466307,46607700
2025-05-21,167.8772735595703,172.43872486137178,162.89752522096424,163.02700354080346,73416000
2025-05-22,170.1779022216797,176.05401394301808,170.0185618363875,171.15394376538748,74864400
2025-05-23,167.78762817382812,169.2715985296926,167.2099755896054,168.3752347830085,35211400
2025-05-27,172.19969177246094,172.46860243837372,169.3114438097941,169.47079940418584,37995700
2025-05-28,171.661865234375,174.5600820753336,171.2136909757797,172.4586279146467,34784000
2025-05-29,171.1638946533203,173.71352313508294,169.93888093061088,173.29522613701107,29317300
2025-05-30,171.0443878173828,171.5124853397844,166.76180154699824,170.6559680857075,52639900
2025-06-02,168.34536743164062,169.18196148692468,166.7120106202351,167.16018492149544,38612300
2025-06-03,165.50692749023438,167.79761502839838,164.6105787651643,166.81163447021882,45084900
2025-06-04,167.36935424804688,167.53866387757995,165.6861967820594,166.06466254041968,26900800
2025-06-05,167.5286865234375,170.23765541573877,166.9111874462575,169.6500488073603,36379100
2025-06-06,172.97653198242188,173.79321800916722,170.1380845314093,170.1380845314093,35731800
2025-06-09,175.58908081054688,175.96800471005412,173.87397240224888,174.04348698482235,28935900
2025-06-10,178.09194946289062,180.5948038838724,174.41244383100403,175.6987675223273,61766100
2025-06-11,176.8455047607422,179.8569029175766,176.24720547354727,179.2586188457646,31646800
2025-06-12,175.2001953125,176.2172980493167,174.25290075490625,175.6788256293735,20941900
2025-06-13,174.1731414794922,176.6261505932867,171.89962825957767,171.94948907539901,27663100
2025-06-16,176.2671661376953,176.43668073159893,174.15318632141427,174.23296058008373,27389200
2025-06-17,175.44949340820312,176.8554862045177,174.08339534937244,175.2002045527736,24973000
2025-06-18,172.8269805908203,176.0577543370001,172.70731159680278,175.50931582595604,28707500
2025-06-20,166.16595458984375,173.84404717223623,164.98931866750593,173.4551572231979,75659900
2025-06-23,164.72010803222656,166.86398612208345,161.53917977382372,165.7970377232315,57671000
2025-06-24,166.2956085205078,167.74148079179992,165.65742968002243,166.4451757427373,40524300
2025-06-25,170.1944580078125,171.86968681108624,167.0733722889804,167.15314653822034,35479000
2025-06-26,173.0463409423828,173.19592338119924,169.4565906415466,171.9394978428303,31796700
2025-06-27,178.0221405029297,178.17170771682706,171.241481190895,173.046329910377,108140200
2025-06-30,175.72869873046875,180.71447592478233,174.08339834249907,180.265759020371,63378900
2025-07-01,175.3397979736328,175.58908681807281,173.0363714854685,175.24009156508697,35904500
2025-07-02,178.1318359375,178.35121133766924,174.57199915363273,175.04064818266679,29128900
2025-07-03,179.01931762695312,179.158918782044,176.54637635874988,177.99224872548783,21689700
2025-07-07,176.28709411621094,178.78996387462078,175.18025102838192,178.5506411042797,34175600
2025-07-08,173.864013671875,177.44379785510552,172.3184197808512,177.3440914457585,40442500
2025-07-09,176.11756896972656,178.92955429499338,172.27853009035698,174.75147104078385,43025600
2025-07-10,177.11471557617188,177.92240891673904,173.8839422139032,175.1303863111691,29252400
2025-07-11,179.6774139404297,180.91387676081473,175.97796112386152,176.28707682895777,34282900
2025-07-14,181.04351806640625,183.14751640721383,179.16886118965368,180.49507959550706,32536600
2025-07-15,181.48226928710938,183.69595532751242,181.08341324296114,182.28996266650833,33448300
2025-07-16,182.4495086669922,183.80564050002502,181.51218023918355,182.71874486155866,33104200
2025-07-17,183.05776977539062,183.53640005379035,179.96658229342344,181.6218637248093,31992600
2025-07-18,184.5335693359375,185.88970124039062,183.1874187229756,184.87259850820493,34014500
2025-07-21,189.55923461914062,189.74868135121883,185.62045888710102,185.720180506412,45803100
2025-07-22,190.79571533203125,191.1048310792618,186.92676263021804,190.95526385169356,44660200
2025-07-23,189.6888427734375,191.9823029377756,188.64182669674165,190.95523422678895,58681900
2025-07-24,191.6233367919922,197.38689334762466,190.45666688872916,196.46951227536783,74881700
2025-07-25,192.63046264648438,193.77720042486192,190.71592620592727,191.43387927305906,39785900
2025-07-28,192.0321807861328,193.49800038051387,190.29712498462092,193.0991291078416,38139500
2025-07-29,195.1931610107422,195.36267559548023,191.53360267868564,191.88259792418754,41389200
2025-07-30,195.970947265625,197.0379108346005,194.13618500265545,195.04360005779435,32445400
2025-07-31,191.35411071777344,195.43248777249184,190.54641729704366,195.15328548422434,51329200
2025-08-01,188.59201049804688,190.28717167835873,187.2857393250735,188.49228886934085,34832200
2025-08-04,194.4851837158203,194.7145404143055,189.57918094353215,189.7486955367273,31547400
2025-08-05,194.11622619628906,197.2971541323202,193.33844625639603,194.1561209300893,31602300
2025-08-06,195.53219604492188,196.0706684741306,193.11908183595835,193.94672263242092,21562900
2025-08-07,195.96096801757812,196.9780554903085,193.77719542929833,196.49942519635405,26321800
2025-08-08,200.84701538085938,202.03363260270996,196.60910542589713,196.65896623314958,39161800
2025-08-11,200.42822265625,200.90685295750995,198.50372015999918,200.36839577051538,25832400
2025-08-12,202.7615509033203,203.91825467935456,200.01937388440479,200.79715378526663,30397900
2025-08-13,201.385498046875,203.94817934449617,196.94814463612107,203.5493232968563,28342900
2025-08-14,202.3627166748047,203.85844975532365,200.65757426824428,200.9268104830451,25230400
2025-08-15,203.31996154785156,205.85274455493158,200.70741950553764,203.270115954676,34931400
2025-08-18,202.92111206054688,204.68608127587706,201.91399064284568,203.61911775674488,18526600
2025-08-19,200.99661254882812,202.86128819689205,199.39119181596234,202.45245084896237,24240200
2025-08-20,198.7530059814453,200.70742189093835,196.04074228977996,200.15898342104597,28955500
2025-08-21,199.18179321289062,201.90402322277677,198.8626961782015,199.18179321289062,19774600
2025-08-22,205.5037384033203,207.9467659198768,200.7273710651735,202.15329588435108,42827000
2025-08-25,207.8969268798828,209.92115104730735,204.69605147341804,205.84277405344866,29928900
2025-08-26,206.5507354736328,207.2587223876649,205.11482949587528,206.9196780429189,28464100
2025-08-27,206.88978576660156,208.31572581537765,205.0649896678173,205.11485047791405,23022900
2025-08-28,211.03794860839844,211.61630051242363,206.31142697470574,206.66043741838072,32339300
2025-08-29,212.30435180664062,214.03939239893296,209.60205408045064,209.91116980825524,39728400
2025-09-02,210.74879455566406,211.0778424398192,205.61343524607918,207.84706876322787,47523000
2025-09-03,230.00384521484375,230.6519900738744,224.1505332557257,225.5665071716633,103336100
2025-09-04,231.63917541503906,231.70896837288984,225.46678177531555,228.99670478436465,51684200
2025-09-05,234.33152770996094,235.08936036459093,231.2403397689098,231.5394894431058,46588900
2025-09-08,233.5829620361328,237.66498669397225,233.21368944217105,235.01017746372742,32474700
2025-09-09,239.1620330810547,240.00038899582756,232.77452245999913,233.71268917705035,38061000
2025-09-10,238.70294189453125,241.1880848518513,237.38552753776509,238.4334648921733,35141100
2025-09-11,239.9005889892578,241.77692250779666,235.78863959738683,239.41155563146188,30599300
2025-09-12,240.32977294921875,241.60727216892423,237.53523769524105,239.90060472674395,26771600
2025-09-15,251.11866760253906,251.91710844331666,244.18224230445617,244.18224230445617,58383800
2025-09-16,250.66954040527344,252.54585880051692,248.98283818718852,251.58774200911427,34109700
2025-09-17,249.042724609375,251.10868968975305,245.7990711050268,250.72942686827483,34108000
2025-09-18,251.537841796875,253.49402106561863,249.31220074129322,251.18851917528045,31239500
2025-09-19,254.2225799560547,255.50007913340238,251.3182589953225,252.75544937708653,55571400
2025-09-22,252.036865234375,255.28051872493555,249.81122418035432,253.93314887572123,32290500
2025-09-23,251.16856384277344,253.8632882566711,249.9908602190898,252.54585863312587,26628000
2025-09-24,246.6573944091797,251.85722723296598,245.95876438662486,251.16857220037895,28201000
2025-09-25,245.3100128173828,246.0086580355356,240.26988667693965,243.92272782855147,31020400
2025-09-26,246.0585479736328,248.93292875938775,245.4896689933639,246.58752699597628,18503200
2025-09-29,243.5734100341797,250.65953566268354,242.295910900337,247.3659922504587,32505800
2025-09-30,242.6252899169922,242.8149061000678,238.78280195485732,242.33584768941728,34724300
2025-10-01,244.4217529296875,245.81902814560354,238.1440427490887,240.2798631456683,31658200
2025-10-02,245.210205078125,246.32801300536266,241.82682587144092,244.6712510924991,25483300
2025-10-03,244.8708953857422,245.8190372139174,241.18809864914257,244.0125741538274,30249600
2025-10-06,249.94094848632812,250.82922509816828,244.10238160883648,244.30198799944458,28894700
2025-10-07,245.2800750732422,249.95094390133718,245.04055349112926,247.78518329877946,23181300
2025-10-08,244.14230346679688,245.52958847857047,243.3438778825467,244.4816510919942,21307100
2025-10-09,241.05833435058594,244.28202248032238,238.68297718710045,243.99259549865826,27892100
2025-10-10,236.10801696777344,243.61332042411627,235.37943159764913,240.9585114020794,33180300
2025-10-13,243.6732177734375,244.02254038501275,239.2419009980627,239.74092459803205,24995000
2025-10-14,244.97068786621094,246.63742490132327,240.04033214741565,240.75892736637323,22111600
2025-10-15,250.53977966308594,251.61767243328853,245.5096286311317,246.76716258187247,27007700
2025-10-16,250.96896362304688,256.4582081692579,249.61161877856424,251.27835582828322,27997200
2025-10-17,252.80535888671875,253.72356048353365,247.32607427452788,250.27031046967195,29671600
2025-10-20,256.04901123046875,256.82748687148535,253.73354951664797,254.19265795496185,22350200
2025-10-21,249.97091674804688,254.3822836916651,243.67322591369708,254.2425576881656,47312100
2025-10-22,251.19850158691406,255.85936494298178,248.8031791754094,253.87326076642051,35029400
2025-10-23,252.58578491210938,254.54194887812838,251.35819113136333,252.48597410141812,19901400
2025-10-24,259.4124450683594,261.16898745224296,254.82142179583195,256.07894057309267,28655100
2025-10-27,268.7441711425781,269.61249783187736,263.76392512831256,264.30287916974333,35235200
2025-10-28,266.9476623535156,270.2013056862688,265.9795554362353,269.1633281612099,29738600
2025-10-29,274.0338134765625,274.80229881772505,267.14729422835535,267.22712459889897,43580300
2025-10-30,280.9303283691406,291.02057063774566,279.5130879862653,291.02057063774566,74876000
2025-10-31,280.6408996582031,285.44150434001006,276.48901957648127,282.6569440736325,39267900
2025-11-03,283.1659240722656,284.972386884343,279.2535660437013,281.6289230119746,29786000
2025-11-04,276.9980163574219,280.7207127582489,275.72051721535576,276.20955057551157,30078400
2025-11-05,283.75482177734375,285.8607173914154,276.79843096748175,278.32544209852534,31010300
2025-11-06,284.19390869140625,287.78688430464956,280.59097331869594,284.772762601716,37173600
2025-11-07,278.2854919433594,283.225837847663,274.65261591386644,282.6569436244069,34479600
2025-11-10,289.5334777832031,290.2320924976737,282.30759586857965,283.8645774088431,29557300
2025-11-11,290.7411193847656,291.34994399814246,286.75892091303916,287.18807388729897,19842100
2025-11-12,286.15008544921875,291.43975353768866,283.1359940674285,291.11038092678234,24829900
2025-11-13,278.0260314941406,282.2876823136169,276.69861158680555,281.7886586854728,29494000
2025-11-14,275.8702087402344,278.01600396166356,270.1713681999226,270.8799731285475,31647200
2025-11-17,284.4634094238281,293.3759943011471,283.01625922074476,285.2219350622342,52670200
2025-11-18,283.7248229980469,288.23598483976616,277.65671014644306,287.3577289930973,49158700
2025-11-19,292.2381896972656,303.21670857801746,286.07026549054086,286.5992292728396,68198900
2025-11-20,288.884765625,305.8216273232207,288.1062900504894,303.94529376978943,62025200
2025-11-21,299.0747985839844,303.32648898994427,293.2761473513388,295.84113571634185,74137700
2025-11-24,317.9578552246094,318.85612204740676,308.9954110970811,310.52242205466104,85165100
2025-11-25,322.8083801269531,328.187838552192,317.0296784660599,325.5729598317621,88632100
2025-11-26,319.3252258300781,323.86632857763385,316.1713929045335,320.053780820363,51373400
2025-11-28,319.55474853515625,326.2117368304371,316.1713843298485,322.73852157316225,26018600
2025-12-01,314.2751159667969,319.2254218425781,313.27706870792247,317.0796263275952,41183000
2025-12-02,315.1932678222656,317.75825630619534,313.29698432996054,316.1214443613123,35854700
2025-12-03,319.0058288574219,320.9520026070636,313.4866291038915,315.2731421058358,41838300
2025-12-04,316.999755859375,321.73048997615604,314.0854750084747,321.6007694211511,31240900
2025-12-05,320.64263916015625,322.5289631420099,318.5467642354111,318.8661162174194,28851700
2025-12-08,313.3121643066406,320.02342950621124,310.8154143139121,319.63392187795114,33909400
2025-12-09,316.66778564453125,317.57660631064704,311.4945269093235,311.96391713296777,30194000
2025-12-10,319.7937316894531,320.8923078304596,314.27092168020465,315.4194206321133,33428900
2025-12-11,312.02386474609375,320.70257104825845,308.19885677560706,319.66391441105065,42353700
2025-12-12,308.887939453125,314.46067218572114,305.1627773855729,313.29221022339095,35940200
2025-12-15,307.8193359375,311.0151883437652,304.4836813703359,310.91531224146183,29151900
2025-12-16,306.1714782714844,310.3660001485481,302.1966411442108,304.55358908476643,30585000
2025-12-17,296.3342590332031,307.6894729197007,295.7350329501308,307.60959033164653,43930400
2025-12-18,302.0668029785156,303.56485302569047,298.8410213827925,301.32777470817274,33518000
2025-12-19,306.7607116699219,306.85059101726483,300.5787559089981,301.33777770154796,59943200
2025-12-22,309.3773193359375,309.7268704705607,304.90313186415943,309.4771954426739,26429900
2025-12-23,313.94134521484375,314.5305745464577,308.91788552805923,309.2274800840275,25478700
2025-12-24,313.6816711425781,314.67037436380235,311.5145092668577,314.360779810128,10097400
2025-12-26,313.10247802734375,314.6804107746781,311.8740659325972,314.0712183432231,10899000
2025-12-29,313.15240478515625,313.6117983030154,310.2162240166622,310.9652491009125,19621800
2025-12-30,313.4420166015625,316.5379928503015,312.0538089034933,312.09376543928346,17380900
2025-12-31,312.5931091308594,314.17104176667254,311.03513952358344,312.4433102220648,16377700
2026-01-02,314.74029541015625,322.0807464242433,309.9265541489014,316.4880203907529,32009400
2026-01-05,316.1285095214844,318.60526603903236,314.2209888461081,317.2470486555906,30195600
2026-01-06,313.9313659667969,320.5227923064431,311.3746963103618,315.9886856047422,31212100
2026-01-07,321.56146240234375,325.72602466406613,313.78158025326775,313.9513421990662,35104400
2026-01-08,325.0169372558594,329.8905982345552,321.08205673508803,328.54234711069296,31896100
2026-01-09,328.14288330078125,330.3999246926398,325.37646465172014,326.6647962522232,26214200
2026-01-12,331.4285888671875,333.6057781716088,324.5775210522192,325.37646891287716,33923900
2026-01-13,335.5332336425781,340.04734658205444,333.18628259299794,334.5145706345901,33517600
2026-01-14,335.4034118652344,336.08252056576845,330.05039437456895,334.62442706687915,28525600
2026-01-15,332.347412109375,337.25103316994193,330.3100554080323,337.2110766328429,28442400
2026-01-16,329.5710144042969,334.2149635116852,327.27401649506595,333.97528525413946,40341600
2026-01-20,321.5814208984375,327.30398324237245,320.01345448184367,320.4528849486331,35361000
2026-01-21,327.953125,332.0478012719212,318.9348648307384,320.50283121296127,35386600
2026-01-22,330.11029052734375,334.7142826747097,328.3226090802118,334.0152109953496,26253600
2026-01-23,327.5036926269531,333.2562145369407,327.0243361197249,332.05776231305794,27280000
2026-01-26,332.8267822265625,335.4034148973675,326.5749102768944,327.3838548641184,26042100
2026-01-27,334.1150817871094,337.4707297257924,333.04649592160257,334.93402312381306,21636200
2026-01-28,335.57318115234375,337.10119086219134,331.5084650266126,335.6231039588608,27434400
2026-01-29,337.810302734375,341.8450595994438,326.11553330804276,339.857625711299,39785600
2026-01-30,337.56060791015625,339.5580079569619,331.8580393103398,339.5580079569619,31024000
2026-02-02,343.2431945800781,344.38169669555197,335.193675272949,335.7829045969607,32006100
2026-02-03,339.26837158203125,348.5463032010534,337.0312933144156,346.8884575284791,36506700
2026-02-04,332.6070861816406,342.8637251238478,328.0929422734009,342.51417399710857,70618400
2026-02-05,330.81939697265625,332.2575275064077,306.06161379445837,311.81413592946416,88205800
2026-02-06,322.4402770996094,329.95052083207565,319.50412705068965,326.75466854448496,56380500
2026-02-09,323.8984069824219,327.2740180221729,316.84758707958963,320.5127991892576,39640100
2026-02-10,318.16583251953125,321.25184233940706,314.2009923012897,320.5527401483992,39170000
2026-02-11,310.55572509765625,320.6426005966259,309.25742736560915,318.5553213774315,45406400
2026-02-12,308.59832763671875,315.82890653132813,306.80067966689137,311.684307255737,47761300
2026-02-13,305.32257080078125,308.2287915112591,303.31517401115394,307.32996759040856,38499700
2026-02-17,301.6273498535156,304.0442171582303,295.86486207725466,299.6499434457439,39247600
2026-02-18,302.9356689453125,304.983022308801,300.8583862777236,301.6972906518214,28482100
2026-02-19,302.456298828125,305.0728879320441,299.64995428739604,301.42763905495286,25834400
2026-02-20,314.570556640625,316.0885697634931,303.5049428811186,303.9244103176242,53210800
2026-02-23,311.0850524902344,319.1046122516075,309.4671633706354,318.6352220336332,31423000
2026-02-24,310.495849609375,311.8640638461802,305.53230897934316,310.11633870149166,25615600
2026-02-25,312.4932556152344,313.23231441520727,309.03776179839537,311.65435118745364,29963600
2026-02-26,306.98040771484375,312.73292940852764,301.95694798569707,312.2335794136705,36431200
2026-02-27,311.354736328125,311.9639287272481,303.4050620118916,303.7446468483449,44640600
2026-03-02,306.12152099609375,308.0889612664211,300.908305641281,302.83581985466094,34790200
2026-03-03,303.1853332519531,303.5448811012492,296.3242691134317,298.2018299939976,35497000
2026-03-04,302.7359619140625,305.07291645770977,300.3590508331652,302.49628364637806,29536200
2026-03-05,300.4888916015625,302.90572878105803,297.60263367704704,302.6460874794852,35752300
2026-03-06,298.1319274902344,300.1393243405422,294.7962729857715,295.7050936872067,25576900
2026-03-09,306.1770935058594,306.6168332730834,293.9044256827884,294.1842573074437,29312100
2026-03-10,306.8567199707031,309.3252467158022,305.3875962722132,305.98724420005084,23239700
2026-03-11,308.5157470703125,311.23412470378855,305.7374076911934,306.56689883882945,24125700
2026-03-12,303.3687744140625,308.7555713296518,300.8502897843219,306.636841807898,24928300
2026-03-13,302.09954833984375,307.50632242162294,300.26065041451466,306.8267356773544,23693100
2026-03-16,305.3775939941406,306.3070315122431,302.8391017033621,304.16832484157635,23519700
2026-03-17,310.7344055175781,311.2341070358109,305.3176276402165,305.67739809365116,21955200
2026-03-18,307.5063171386719,312.28346234614037,306.74676108497374,309.0853604878573,20009800
2026-03-19,306.9466552734375,307.8760927647981,302.16951004441273,303.8285227221892,25075800
2026-03-20,300.8203125,305.8173276578073,298.0919312440676,305.2776414809433,44364100
2026-03-23,301.87969970703125,305.7973733016039,300.75036931754545,301.92965766257777,29326900
2026-03-24,290.2666320800781,299.7409842283802,290.15668188195673,299.02141279307426,36864300
2026-03-25,290.7563171386719,295.82329783701033,289.0673235725591,293.2648285118823,29460700
2026-03-26,280.7523193359375,287.7781215852462,278.33375052565475,287.7381369232671,39080600
2026-03-27,274.1762390136719,279.203235317384,273.7864876697142,277.1144865271076,35890600
2026-03-30,273.33673095703125,276.9245842043685,271.9475460941929,276.2550012483934,35141200
2026-03-31,287.3883361816406,287.9080147834651,276.9245851168754,277.87403020607053,43875400
2026-04-01,297.2124938964844,300.34059988895723,290.23664948178913,290.6663854824321,37684500
2026-04-02,295.59344482421875,297.90206355243157,289.2772403921399,290.5164904801884,21666500
2026-04-06,299.8109130859375,300.4405418912755,295.0037868253031,295.69337737406744,16945500
2026-04-07,305.27764892578125,305.4475608650088,297.5422790326475,302.54929810267237,23205400
2026-04-08,317.1305847167969,321.88772251879675,314.8319393907938,320.25872115869026,33547100
2026-04-09,318.29986572265625,319.3492572184689,310.8743084256086,315.72141928886384,23739200
2026-04-10,317.0506286621094,321.6378852163977,316.1311948927162,319.8289680511782,19152600
2026-04-13,321.1181945800781,321.43801087893695,315.28168437302884,316.9507009019676,18866400
2026-04-14,332.7112731933594,333.09105123243734,323.5567375910905,324.59612530340485,27721400
2026-04-15,336.91876220703125,337.278563176308,330.70247381548376,332.69130668872015,24918800
2026-04-16,335.81939697265625,339.67710854893676,334.3202924195682,338.5477782390461,20541500
2026-04-17,341.4760437011719,342.1156763245155,336.0392884001999,337.4484504303517,25581900
2026-04-20,337.2185974121094,341.1962021124509,336.40905286572576,340.55660000710446,18784200
2026-04-21,332.0916442871094,339.13742351057505,331.1522029907326,337.48841459650436,23123800
2026-04-22,339.1174621582031,339.6171637007564,334.96994545488326,336.818816762841,20293000
2026-04-23,338.6877136230469,341.7558578013153,335.97930940305434,340.9763246437424,18650300
2026-04-24,344.19439697265625,345.06387272769797,335.1897964239415,338.5277988797623,26426100
2026-04-27,350.130859375,352.9691603649003,342.5254168368208,345.77347673538645,28576900
2026-04-28,349.5711975097656,352.20963620070955,345.91337868788094,348.34192077884484,27824100
2026-04-29,349.7311096191406,355.5776236260777,344.0045190996302,347.36252924438134,35376300
2026-04-30,384.5702819824219,385.6096696957082,365.60163158627074,373.8467067603946,72040000
2026-05-01,385.45977783203125,386.52914645154755,378.82372671588394,381.4022037517389,30105200
2026-05-04,383.0212097167969,387.14874909409923,379.56328378663693,385.39979379858875,26298600
2026-05-05,388.1981201171875,392.58551415458055,383.79074899852696,385.99945170269467,23878600
2026-05-06,397.8023986816406,399.61131576273664,392.52555179602564,394.0146525811788,31308500
2026-05-07,397.7524108886719,399.8611671879692,392.4455831227277,399.6812819584635,24433500
2026-05-08,400.56072998046875,401.76002583943523,396.1233780013978,396.7630105926761,21461800
2026-05-11,388.40802001953125,397.2027547509894,388.23810807955056,393.41500861238904,30753700
2026-05-12,387.1187744140625,388.28805889354703,382.541491402114,387.10877062384725,26017500
2026-05-13,402.3796691894531,403.4590416115898,384.77019153718186,385.3698394939953,28144600
2026-05-14,400.8305969238281,402.6894719958145,395.6037078837972,397.04285074569174,21136700
2026-05-15,396.54315185546875,399.30151410906007,392.9452946767326,396.0834349796574,20309700
2026-05-18,396.70306396484375,408.36608091552193,394.29449886421145,395.4538101055549,26837200
2026-05-19,387.4285888671875,396.91291402359946,385.8794958446922,396.72302500471704,39545700
2026-05-20,388.6778564453125,393.62488340369265,382.6714341601505,387.4685872554011,31744400
2026-05-21,387.4285888671875,392.2656959548347,382.7913440893277,385.46976743485186,24852800
2026-05-22,382.74139404296875,388.5079387636157,381.54209816202837,387.1187843592316,20442100
2026-05-26,388.6478576660156,389.0276356997364,382.3716078175452,384.2804712769477,27747400
2026-05-27,388.5978698730469,393.64487351491664,385.66962629134815,386.4391861502527,23087300
2026-05-28,389.8971252441406,391.6360768291116,384.9300907577927,387.76839182151133,24357500
2026-05-29,380.1129455566406,385.0100143138995,378.2340629764561,385.0100143138995,44415800
2026-06-01,376.14532470703125,378.3340198477676,373.2970198869562,376.2952290661171,28672100
2026-06-02,361.6340026855469,373.31702687507857,358.2260345973877,366.371163421305,50412300
2026-06-03,358.77569580078125,366.2312646097652,357.8662353535933,361.81388965190393,55441600
2026-06-04,371.96783447265625,373.0271992966173,357.99616844622375,358.68575901079333,44055500
2026-06-05,368.30999755859375,371.8578661166277,363.90262653478294,366.1213024821565,37471200
2026-06-08,363.30999755859375,366.20001220703125,360.5299987792969,365.17999267578125,27942500
2026-06-09,364.260009765625,372.0799865722656,357.29998779296875,367.0899963378906,29535100
2026-06-10,356.3800048828125,368.55999755859375,355.20001220703125,363.19000244140625,32357100
2026-06-11,357.7699890136719,358.79998779296875,346.3599853515625,355.92999267578125,35538200
2026-06-12,359.67999267578125,366.57000732421875,354.94000244140625,362.6199951171875,24704600
2026-06-15,369.3500061035156,372.989990234375,366.54998779296875,367.92999267578125,27727500
2026-06-16,373.25,376.0,367.05999755859375,369.6000061035156,24876100
2026-06-17,363.7900085449219,372.3299865722656,362.0199890136719,369.1300048828125,24543600
2026-06-18,368.0299987792969,369.4800109863281,358.6700134277344,365.75,44470100
2026-06-22,349.67999267578125,358.9200134277344,341.7200012207031,357.95001220703125,52814800
2026-06-23,346.1300048828125,349.2900085449219,340.20001220703125,340.69000244140625,34007700
2026-06-24,345.2900085449219,353.4800109863281,341.92999267578125,349.0400085449219,44997300
2026-06-25,343.7099914550781,345.57000732421875,335.8399963378906,336.7300109863281,44491400
2026-06-26,337.3900146484375,346.3599853515625,330.20001220703125,342.54998779296875,114706300
2026-06-29,353.6499938964844,354.3500061035156,340.6700134277344,341.8299865722656,34213900
2026-06-30,357.3699951171875,358.6199951171875,350.3999938964844,353.8699951171875,35237200
