Price,Close,High,Low,Open,Volume
Ticker,META,META,META,META,META
Date,,,,,
2022-01-03,335.593017578125,338.1108850952971,334.25476327850777,335.355086206954,14537900
2022-01-04,333.6004333496094,340.1033247300431,328.9809960134747,336.99067483088044,15998000
2022-01-05,321.34808349609375,332.8371878445383,321.0209392355223,330.1210192265055,20564500
2022-01-06,329.5659484863281,336.21756014673855,319.9107442441867,320.0098798009654,27962800
2022-01-07,328.9017028808594,334.06634020398093,326.01703144649423,329.84341476886055,14722000
2022-01-10,325.2140808105469,325.48171950640443,312.6841004601609,322.47809757856305,24942400
2022-01-11,331.4592590332031,331.71700537861085,322.4483923442952,323.9353346411827,16226800
2022-01-12,330.3589172363281,333.4418295668102,327.15702411733304,332.2621863257024,14104900
2022-01-13,323.63800048828125,332.70834363177676,322.9242668826204,332.0640079361479,14797100
2022-01-14,329.0107727050781,329.8335644167679,318.4138277573684,318.9887957429694,16868500
2022-01-18,315.38043212890625,321.38767615026325,314.8748923561218,320.47570188239416,22645600
2022-01-19,316.80792236328125,324.25255648211686,316.5501760176956,316.7979997340146,20814700
2022-01-20,313.8043212890625,324.96631190525255,313.2293835392829,321.08042246053043,16925000
2022-01-21,300.5308532714844,315.5390405849981,300.40198010913116,312.0695088375882,28710700
2022-01-24,306.02264404296875,306.8355131318804,286.4941524130444,295.24727318173785,38878100
2022-01-25,297.5372009277344,303.5642917266394,294.9895654082896,297.33896007040755,25108500
2022-01-26,292.0652160644531,304.83309899106166,288.3181226187675,304.33745154982324,28348800
2022-01-27,292.07513427734375,299.08356599902004,291.69843738739166,295.15804679430795,21629900
2022-01-28,299.0835876464844,299.27193610509295,290.47915483437316,293.046605096765,21871600
2022-01-31,310.5329895019531,311.0583744864284,296.71433887037983,298.06248515057547,21579500
2022-02-01,316.2230224609375,316.8772806203968,309.40290980078396,311.82167138960386,18023800
2022-02-02,320.188232421875,325.1447066079721,314.1115902294131,324.96628079773285,58458300
2022-02-03,235.69024658203125,245.84111079571545,233.697749476169,242.5202671599868,188119900
2022-02-04,235.02609252929688,240.49804434059385,228.10685870647143,232.92455228605658,89342200
2022-02-07,222.9521484375,236.22558707024265,222.05997391651653,235.63080405625365,88613800
2022-02-08,218.26329040527344,223.80464005138572,214.26837341391084,218.927471258292,94729700
2022-02-09,229.9804229736328,231.33849218278192,220.27565229753864,222.24831952087897,86563300
2022-02-10,226.0846405029297,232.9543070635339,224.72655617184256,226.28289646247256,49310400
2022-02-11,217.63880920410156,228.41418046566048,216.8656003535109,226.47125083503389,46156900
2022-02-14,215.8048858642578,219.0761618951234,212.9103067167767,217.4008711781249,38184000
2022-02-15,219.076171875,219.22486005892043,213.18787777639622,218.55078679053494,42685500
2022-02-16,214.65499877929688,215.56700343123342,210.51139320740756,210.5609609793981,45817500
2022-02-17,205.90184020996094,215.60660920568276,205.35662506953668,212.15690769365995,38747500
2022-02-18,204.36538696289062,208.91542751919894,203.39390694304603,207.56726567370444,37128400
2022-02-22,200.3208770751953,205.67386353473034,198.31845712325313,200.57860830625324,39852400
2022-02-23,196.72247314453125,205.13857243054682,196.32596122833482,202.38277377288952,44481400
2022-02-24,205.7928009033203,206.5362719829913,188.5640929101041,189.39677688910578,49957200
2022-02-25,208.6477508544922,209.48045008433152,201.41129490191867,203.15598364447717,37627600
2022-02-28,209.19296264648438,211.29450300532383,205.02952706959343,205.87211866348667,34239800
2022-03-01,201.7185821533203,209.90667166894585,200.4596335354331,208.04303262444745,27094900
2022-03-02,206.29835510253906,207.32929500748185,200.26137358602065,202.99734170471942,29452100
2022-03-03,201.203125,207.25993738193364,199.66661489556296,207.20046210869705,27263500
2022-03-04,198.31845092773438,204.09770188319834,197.05950219705525,200.60833967639832,32130900
2022-03-07,185.8380584716797,199.14123438340457,185.64971001813566,199.04209884176245,38560600
2022-03-08,188.63351440429688,194.9877188332705,184.48990866339375,186.21476736768085,37508100
2022-03-09,196.77203369140625,197.36681666982452,192.23190132562794,194.03606526779308,31894700
2022-03-10,193.5106964111328,194.57137415619934,189.40673586874723,193.14390698911552,24853000
2022-03-11,185.97683715820312,191.87503879956054,185.04501753022495,190.96304930488995,34694500
2022-03-14,185.00538635253906,190.61610442525557,184.20243984151935,185.40189829285765,31010500
2022-03-15,190.35833740234375,190.60616109995925,184.2916181250228,189.13904904534374,31721700
2022-03-16,201.8573760986328,201.95649650852528,192.8266793674669,193.0051051808488,40640300
2022-03-17,206.0307159423828,206.22897188521705,199.3593059035766,199.94416622902315,29499700
2022-03-18,214.60540771484375,214.91270666982817,204.20672025274516,204.90062355850955,52128000
2022-03-21,209.6489715576172,212.84094246310048,205.82257249783686,212.632763871021,30142300
2022-03-22,214.7640380859375,217.54958951329053,208.3503587518727,209.53000212527914,31998800
2022-03-23,211.60179138183594,214.91271233225916,210.31310513662962,211.47291821952788,23717300
2022-03-24,217.65863037109375,218.74904569512475,212.9202267914641,213.12840537772053,31502300
2022-03-25,219.8890380859375,223.53699599289988,216.98453621485453,218.59042908411953,40039000
2022-03-28,221.64361572265625,222.08969538769563,217.6288684853834,220.19633368710993,26224100
2022-03-29,227.85906982421875,228.8801024664683,223.32884440343514,224.10206842108136,31417900
2022-03-30,225.86654663085938,229.1378076655561,224.73647106182824,226.9173167936126,25588000
2022-03-31,220.42434692382812,226.5009898417312,220.32521137788765,226.46132957297078,24192300
2022-04-01,222.89266967773438,225.30150908222552,220.76137651588385,222.59527817538776,19544800
2022-04-04,231.85397338867188,232.3099757174328,223.89387621416836,224.01282676690582,28054800
2022-04-05,229.82180786132812,234.7981125352081,229.00895390219355,232.04231390079502,29727200
2022-04-06,221.3561553955078,226.99662582724713,219.4826086293868,224.9347306089512,28995100
2022-04-07,221.00918579101562,223.5568208391309,216.6574019650015,221.98065051757655,21037200
2022-04-08,220.3945770263672,223.17020552086805,218.11459593710012,220.44414479208226,18375700
2022-04-11,214.57571411132812,218.68958215288694,213.3465029132089,216.51864376614157,20516600
2022-04-12,212.27589416503906,220.09721050095476,211.27469173834876,218.32279924455113,20128800
2022-04-13,213.11849975585938,214.72439268188097,209.49035672762682,209.97609668254103,19231800
2022-04-14,208.35037231445312,213.11851388958831,208.17194647793335,213.01937834088108,18379500
2022-04-18,208.9352569580078,211.52253758205444,206.48675703262433,208.1719555523798,16580800
2022-04-19,215.4182891845703,216.52853461621248,207.1806311048147,208.68740356630022,20089900
2022-04-20,198.67532348632812,212.29572095663042,197.18838112552498,211.7505057324773,43036500
2022-04-21,186.43283081054688,201.20311811315037,183.96450117399772,199.8450490008672,49954100
2022-04-22,182.50729370117188,191.04234288346137,181.67460966532872,188.71279395775377,36426800
2022-04-25,185.36224365234375,185.55057698247137,180.0786398818122,181.13931758710004,29281100
2022-04-26,179.37478637695312,185.5604712136734,177.93741197946932,185.00534856024166,31747400
2022-04-27,173.42703247070312,179.6325479655742,167.52883108777505,172.91155490901065,71062900
2022-04-28,203.9390869140625,206.7147155418311,191.22077206999722,201.1535507830585,100890600
2022-04-29,198.72488403320312,210.6303299905901,198.15983869617668,202.68015601451035,49193400
2022-05-02,209.2921142578125,210.03558549384303,199.24038375171799,199.418809587904,49915300
2022-05-03,210.1842498779297,213.02926131184137,206.27854567365722,208.61800216969073,41556300
2022-05-04,221.46519470214844,222.34744654800306,205.15839680914934,208.81626224243902,41375900
2022-05-05,206.4669189453125,218.2534157507195,204.36537841050279,216.83587117796495,41129200
2022-05-06,201.9961395263672,207.55730379133124,199.27007890875655,205.5350539899128,34747200
2022-05-09,194.50198364257812,200.80661996260716,193.87746300031426,198.10037393010384,36303200
2022-05-10,195.92941284179688,201.19320098052617,192.4995412750609,197.7732217905714,34452500
2022-05-11,187.0970001220703,198.92314071841457,186.6310903208202,194.62092459185249,31153400
2022-05-12,189.57522583007812,196.32594109879756,183.17145467096796,185.43160563866368,38262200
2022-05-13,196.8909912109375,198.14993998847334,189.61489016381347,190.90357657872764,24549800
2022-05-16,198.29859924316406,203.5822021852509,194.2243771312112,195.334637559866,27112600
2022-05-17,200.85618591308594,203.67147517872874,196.63327470356344,200.36053841838304,24872700
2022-05-18,190.5665283203125,199.25026580247822,189.96183785388354,198.25897094773953,23960000
2022-05-19,189.624755859375,193.58993464582062,187.94948052790534,189.5355429669096,24446900
2022-05-20,191.8551788330078,196.1871471665272,186.23453942811966,193.27273818785392,31465600
2022-05-23,194.5218048095703,195.27519865608267,189.57525266409456,193.4908647116595,25059200
2022-05-24,179.7019500732422,182.08105193923015,174.57695691850554,178.97830898394798,50406300
2022-05-25,182.229736328125,183.8356291645361,177.75900194507628,178.82958708537754,28030200
2022-05-26,189.9618377685547,191.15138856851496,180.67339469817318,181.28800779348728,23056500
2022-05-27,193.43138122558594,193.62963718300583,188.1477775238642,189.69419516808324,22562700
2022-05-31,191.95436096191406,195.87989577167042,190.3385452904036,193.19347969749913,26131100
2022-06-01,186.99786376953125,197.79306430443702,183.38955104588305,194.79934956020318,36623500
2022-06-02,197.12890625,199.19080147626636,186.0957890702157,186.80952261492175,31951600
2022-06-03,189.11923217773438,194.89848302655813,188.12793731775005,194.27396242446108,19465000
2022-06-06,192.55902099609375,195.20577638077057,186.75994018212134,192.30128978527938,30574200
2022-06-07,193.9468231201172,194.81916739139774,189.8230482148781,190.25920522456,18828700
2022-06-08,194.92822265625,200.27130140118285,192.7176393311409,192.97537055202793,22267200
2022-06-09,182.3982696533203,197.71377350934452,182.08104801085352,192.58878046517898,23501600
2022-06-10,174.04164123535156,181.50609012398724,173.49642605155532,181.44659972815228,27450800
2022-06-13,162.830078125,171.07765810739633,162.60208455665708,169.10497601341515,31749300
2022-06-14,162.3046875,165.29840192301938,159.95532374925665,164.58466848275043,27244300
2022-06-15,167.8758087158203,170.6613451530027,162.55254445725058,165.74451546114324,30008300
2022-06-16,159.4696044921875,163.6429626444072,158.2205783731708,162.29480098577153,26944100
2022-06-17,162.3146209716797,164.45580630957073,158.5080373272939,160.27254091529267,31374200
2022-06-21,155.682861328125,166.2996208450085,154.61226106049688,164.4855494298019,50724900
2022-06-22,154.4933319091797,159.39031650682068,154.08689732866276,157.00130705086892,47267800
2022-06-23,157.36805725097656,158.3593520998016,152.90723043126386,154.90965026115896,40499200
2022-06-24,168.67872619628906,168.7679390977407,159.89585369459297,160.32210319661192,68736000
2022-06-27,168.01458740234375,170.25490855575194,166.54745997795482,169.82865898547666,29174600
2022-06-28,159.28126525878906,169.80882791035233,159.2118824778089,168.42100590518334,27744500
2022-06-29,162.5128936767578,164.8820879607232,158.92441086091708,162.1461193919892,28595200
2022-06-30,159.8463134765625,163.7916632111336,157.11034481217,160.73847289674504,35250600
2022-07-01,158.6369171142578,159.2217774583534,153.6507051194892,158.9144784682679,31423900
2022-07-05,166.72589111328125,166.7853663869358,155.65312893111812,156.76337437522923,28618600
2022-07-06,168.2921600341797,170.09630910779737,164.0196809116976,166.7358195899737,23085900
2022-07-07,170.69107055664062,171.21645564142614,166.31945643519762,167.97491709634667,24083400
2022-07-08,169.3925018310547,170.89925940610374,166.6862554722866,168.50032721655154,19249200
2022-07-11,161.4621124267578,166.0319823587457,160.50055519777845,165.61564033062461,21885600
2022-07-12,161.84872436523438,164.46574232541377,160.68891113440077,163.3654043690906,16639700
2022-07-13,162.06680297851562,163.54382264724677,158.2205740607195,158.7657892618441,16555100
2022-07-14,156.67416381835938,161.17463606202577,155.91086250108654,159.81656687331278,23765200
2022-07-15,163.26626586914062,163.54382722913314,158.42875707644262,159.14247548359506,23342800
2022-07-18,165.77423095703125,170.19541257482624,164.198075800227,165.29841367168555,23574300
2022-07-19,174.2498016357422,174.95362761088478,168.0343789009671,168.88689304820255,25933700
2022-07-20,181.4961700439453,182.00174009691054,175.16179657187416,175.9449279721321,24784300
2022-07-21,181.5754852294922,182.24957362777684,177.31291412933265,179.05760283598016,27195800
2022-07-22,167.7965087890625,174.07140795058012,166.94399448451284,171.563432812095,42583900
2022-07-25,165.19927978515625,169.08516888643103,163.37530090151066,167.52882872010937,26166300
2022-07-26,157.76458740234375,164.55496395320677,156.57503647124767,164.49548867554608,28468400
2022-07-27,168.10379028320312,169.38255404365438,160.60960328940018,161.17463351463593,43846600
2022-07-28,159.3209228515625,160.1040391932578,153.50202643480458,159.6579594985726,73214300
2022-07-29,157.71502685546875,158.74596691052585,153.81922997825376,156.3172973966075,42065400
2022-08-01,158.5377960205078,163.75201720151597,153.8787127240558,155.88113278266974,40596700
2022-08-02,158.79551696777344,160.8276743398196,156.63448643098596,156.9318778971807,27374500
2022-08-03,167.33058166503906,168.06413020831988,160.16352379387357,161.2737692383806,31721900
2022-08-04,169.08517456054688,170.65140715656858,165.34798863611059,166.83493095275554,23938200
2022-08-05,165.65528869628906,170.1161156749895,164.3566948181987,165.53633815049744,25832700
2022-08-08,168.76797485351562,175.9647711552269,165.67513927360025,166.5375610889317,27299100
2022-08-09,167.0629425048828,168.05423748924738,165.14975044552054,167.4792845832006,18655100
2022-08-10,176.78753662109375,178.90890719547573,172.4357524234894,174.4580025790822,30262100
2022-08-11,175.94493103027344,181.50609582783787,174.8346704958459,178.14560684060112,24079100
2022-08-12,178.9287109375,179.88036059846178,177.35255583980407,179.23600990455236,21274000
2022-08-15,179.31533813476562,179.86055336796744,176.64875236998225,177.40214619257392,15878700
2022-08-16,177.90768432617188,179.41445670283701,175.49883002409837,177.87794669135258,21156700
2022-08-17,173.3279266357422,176.5892803390604,172.65383820977354,175.22128847897727,20118100
2022-08-18,173.1395721435547,174.22998746603588,170.36394337785367,172.82235051275006,18844500
2022-08-19,166.4978790283203,170.81992490333863,165.59579714220007,168.71836966989872,26240800
2022-08-22,161.63063049316406,164.0493923798729,160.84749908058643,164.0493923798729,19499700
2022-08-23,159.70751953125,163.61322379839797,159.30108499815987,161.06558868342577,18111800
2022-08-24,161.83880615234375,164.01966711697898,158.3791964989149,159.20197311267086,20891500
2022-08-25,167.3107452392578,167.40988077562878,162.5921871516085,163.742077693332,15550500
2022-08-26,160.3717041015625,169.4321398084809,160.26266104638015,167.01337758513512,24023600
2022-08-29,157.784423828125,161.63065328045607,157.62581299739847,159.26145882808834,20052700
2022-08-30,155.79193115234375,160.25275880473308,154.55281236001338,158.95416473052475,19567900
2022-08-31,161.5116729736328,166.3789346284713,160.72855664749912,165.61564843587365,40953000
2022-09-01,163.92050170898438,165.90309122402968,158.95412041914062,162.15599825067065,30145700
2022-09-02,158.92440795898438,166.46814773768705,157.83397750261,165.99233041397824,22634200
2022-09-06,157.15988159179688,160.2824694990789,156.31729003024532,158.70631429044778,19339800
2022-09-07,158.99380493164062,159.55885034383166,155.4449670056623,156.38669423335267,16831200
2022-09-08,160.64923095703125,160.81774925591185,156.36684533746566,157.32840249210523,22530800
2022-09-09,167.67750549316406,168.06410985118802,161.60087879529817,161.82887235875899,22086800
2022-09-12,167.48919677734375,169.89803617879264,165.8238134418822,165.93285648840623,23220400
2022-09-13,151.79698181152344,160.2229878472796,151.34097953534305,160.13375981705477,44444100
2022-09-14,150.15145874023438,152.2034315777608,147.75252659335743,151.99526809291984,43064200
2022-09-15,148.24813842773438,152.85765313710925,147.40553180836312,148.49596212449558,34606300
2022-09-16,145.01654052734375,147.28661457344126,143.0339505050214,146.76122942760276,40122800
2022-09-19,146.73146057128906,147.28658323928715,143.83688156961458,143.97566223661408,22169500
2022-09-20,144.81825256347656,147.54431324204933,143.955830934562,144.51095359804532,23217400
2022-09-21,140.88282775878906,148.29772457574842,140.76387720990476,145.11566125945427,38338600
2022-09-22,141.57676696777344,143.32144081863817,139.64372951040622,140.31781801307898,34418500
2022-09-23,139.18771362304688,141.37846677265173,137.68094121464907,140.188915976952,31710700
2022-09-26,135.18287658691406,141.00178775969545,135.0044507707675,138.90023234956038,30497000
2022-09-27,133.23001098632812,138.20631496508062,132.9524496609116,136.71937281065303,30826500
2022-09-28,140.3772735595703,140.79361560887784,133.10117251155577,133.44811665633205,32658500
2022-09-29,135.2225341796875,138.6226682562599,134.0230607552248,138.14685096331397,38985400
2022-09-30,134.49888610839844,139.76267478552438,134.32046028508566,134.8656755106968,33166400
2022-10-03,137.4033966064453,138.40459908232745,134.91525167329377,135.94619178824445,27723100
2022-10-04,139.05886840820312,141.150501568806,138.1270486410205,139.26704702413284,34670700
2022-10-05,137.77017211914062,138.98947583553354,133.60673622730505,137.03662351437458,27979300
2022-10-06,137.859375,140.21864633669762,135.41087563563656,136.52112097055306,36231100
2022-10-07,132.2882843017578,137.08614736813666,131.28708202735578,135.5694675770126,33214800
2022-10-10,132.6253204345703,134.92513155816465,130.72203629398763,132.3874193707211,24024000
2022-10-11,127.42103576660156,131.50518091127628,125.88453325791248,130.4742257772965,38481400
2022-10-12,126.39009094238281,128.54119891036558,125.150972403732,127.20295996419793,34605200
2022-10-13,129.15579223632812,129.99839886279543,121.46335006942364,122.4546448648166,34325700
2022-10-14,125.65653991699219,130.6427443431372,125.41862370269885,129.8596280507722,23559400
2022-10-17,132.87315368652344,133.61662481645823,129.0467549994207,129.1657206658623,29612200
2022-10-18,131.64398193359375,136.64010218854972,130.2561598273559,135.89663092212427,25445000
2022-10-19,132.07022094726562,135.80740711556882,131.06901850073749,131.73318429706333,30691000
2022-10-20,130.38502502441406,135.57941606596407,130.1669389228935,131.7728319195805,26356300
2022-10-21,128.8782196044922,128.98726262746356,124.34801065222379,125.21043220829755,46348600
2022-10-24,128.59078979492188,132.3180535839191,123.48561898528632,126.14228991228431,63563400
2022-10-25,136.31295776367188,137.1456569846256,129.45319879479754,129.74068278951964,38433200
2022-10-26,128.68991088867188,134.37002641761245,127.411132000014,130.53370487759855,82791500
2022-10-27,97.08741760253906,101.60771958540467,95.54099253236453,97.12707030310553,232316600
2022-10-28,98.33645629882812,99.97209448364832,96.66117297131608,98.7131532212235,95928300
2022-10-31,92.34902954101562,98.45540173117791,91.79389929610683,97.36497893611102,121361400
2022-11-01,94.37127685546875,96.64134321393725,92.73564622724912,93.50885508342138,110189600
2022-11-02,89.75184631347656,94.37127688030247,89.69237103621083,93.38989699051638,71821100
2022-11-03,88.13602447509766,89.67252688039356,87.64037707410301,89.29583757831013,60664000
2022-11-04,89.99964904785156,90.59442437063615,87.32314875085312,89.56347694841955,55638100
2022-11-07,95.87804412841797,96.0366473799833,92.28955386062118,93.95492959844655,81987300
2022-11-08,95.63021087646484,96.94863477985906,93.96483530454036,95.08499570950359,52088300
2022-11-09,100.5866928100586,103.98683455524989,99.86304421903829,100.83451653036997,107677300
2022-11-10,110.89615631103516,111.76849304628479,103.69935366554259,106.18750582793226,80671000
2022-11-11,112.03614044189453,113.89977959725059,107.86279003756002,108.27913962176521,59961700
2022-11-14,113.22570037841797,115.25785030828123,109.83547376457382,110.02381464557875,53395000
2022-11-15,116.06079864501953,117.70634410360653,113.41404330659984,115.05958876518682,50670500
2022-11-16,112.24432373046875,115.0695126545756,111.67928594564738,113.50326491314802,33287800
2022-11-17,110.47981262207031,111.35215696681517,108.84418210163332,109.44887259042972,35093800
2022-11-18,111.07459259033203,113.32482860499377,109.65704063160446,112.80935860317447,33357700
2022-11-21,108.9036636352539,111.39181607334933,108.23949783494731,110.54920931683293,24351100
2022-11-22,110.46991729736328,110.64835070000723,107.37707417252861,108.90366938115325,29029000
2022-11-23,111.26293182373047,111.68918891166292,109.76608204588022,110.74746182954631,21343100
2022-11-25,110.4401626586914,111.74867155568367,110.05355070998553,110.33111962036043,12007600
2022-11-28,107.83305358886719,111.06467694794803,107.4365341325355,109.81564330754605,23309400
2022-11-29,108.50713348388672,109.97425319109101,107.59514403607353,108.58643888708252,23899200
2022-11-30,117.0719223022461,117.1314051371035,108.42782985029449,108.55670302333583,43348600
2022-12-01,119.39154815673828,120.14492675954844,117.36930585676437,118.1623371591402,36551400
2022-12-02,122.41500854492188,122.960223780531,116.58619709077205,116.80428318501569,39950500
2022-12-05,121.36422729492188,123.58472561396967,120.29362705497797,120.69014650269564,35474900
2022-12-06,113.1265640258789,119.50058982068353,112.7498671658105,118.86616176085984,43689200
2022-12-07,112.93822479248047,114.87124676294755,111.89736215424148,112.7697064797689,29461100
2022-12-08,114.32603454589844,116.3185317086247,113.59247092643747,115.3768046454245,30619400
2022-12-09,114.89107513427734,116.5167980904086,112.8787477899795,114.29629973425023,26033400
2022-12-12,113.71144104003906,114.71265104161625,112.15510829524132,114.17735086937637,24747100
2022-12-13,119.10408020019531,122.22666055478824,117.6072228281434,121.06683980846766,44701100
2022-12-14,120.53153228759766,123.05933707765865,118.35068673133345,118.35068673133345,36922000
2022-12-15,115.1388931274414,117.59730000887403,113.01752284952003,117.29991610512512,34531000
2022-12-16,118.39035034179688,122.2365718354215,117.78565984708287,119.1833892878749,67064000
2022-12-19,113.48344421386719,116.77454300063903,113.33474846530926,115.81298573134167,29769900
2022-12-20,116.07071685791016,116.30863308058215,111.48102416799355,112.27406311760701,28742500
2022-12-21,118.71747589111328,119.29242116853779,114.61351572943319,115.68410844245172,20392800
2022-12-22,116.10044860839844,117.5873907944349,113.38429543656028,116.17974644378964,23618100
2022-12-23,117.012451171875,117.15123185315484,114.53421391619223,115.01994630067168,17796600
2022-12-27,115.862548828125,117.56757731975019,115.0397797831497,116.90341153100645,21392300
2022-12-28,114.61351776123047,117.12149261971926,114.50447471842836,115.23803081847723,19612500
2022-12-29,119.213134765625,119.97642856196946,114.76221492156402,115.38673559064442,22366200
2022-12-30,119.29242706298828,119.37173247171707,116.71506178314314,117.13141139747924,19583800
2023-01-03,123.65412139892578,125.26993689605494,121.21553689802785,121.75083704158786,35528500
2023-01-04,126.26123046875,127.92660615490277,124.75445802924148,126.27113797211675,32397100
2023-01-05,125.83497619628906,127.40122394307504,123.45586693938299,125.03202218975811,25447100
2023-01-06,128.88815307617188,129.19545204150296,124.9427964767583,127.84729051950087,27584500
2023-01-09,128.3429412841797,131.79264301521917,128.15459284862445,130.01823194659175,26649100
2023-01-10,131.83229064941406,132.27837024954658,126.04312553468338,126.16207606113016,28684400
2023-01-11,131.73316955566406,132.68481924934517,129.20536471009615,129.8199777912905,25423000
2023-01-12,135.51992797851562,136.48147008401705,130.6130062840878,132.27838952682893,30757700
2023-01-13,135.78756713867188,136.19400166584558,133.66619672063948,133.79506989412366,22423800
2023-01-17,134.18170166015625,135.5596012063191,133.0813635243023,134.99455575435732,21147600
2023-01-18,131.86204528808594,136.05521827168238,131.6439592108342,134.6277512663834,20215500
2023-01-19,134.9647979736328,136.25348440118418,130.98971077016242,131.3366700442586,28625200
2023-01-20,138.15673828125,138.72178352390978,133.43818092786725,134.70703694097787,28688600
2023-01-23,142.02281188964844,142.5085366667069,137.4529422032484,138.07744764888903,27470100
2023-01-24,141.89393615722656,143.73774507844354,140.1294326346161,140.45656173163377,21970200
2023-01-25,140.26821899414062,141.9236795516066,139.088575721669,139.9906576507307,26622000
2023-01-26,146.01773071289062,146.2258941555542,142.05255141383566,143.1429666455006,25482100
2023-01-27,150.41908264160156,151.85645711696716,146.10694408954603,146.94955074370452,35771900
2023-01-30,145.77981567382812,149.80447027435721,145.67077263719494,148.1093645810106,28040100
2023-01-31,147.67320251464844,148.5752845041938,146.23582793433843,146.66207748102659,29842100
2023-02-01,151.78707885742188,152.24308119270972,145.77983384283002,146.74139116044864,55661000
2023-02-02,187.1267547607422,195.44371891127255,178.59170450785547,181.7836755049325,150475700
2023-02-03,184.90621948242188,195.05708377026508,181.29790698329094,181.8728597875318,76809700
2023-02-06,184.44032287597656,189.03993051222616,183.90503029642124,184.90623267945966,42483800
2023-02-07,189.95191955566406,192.09312012094964,182.79476933118949,183.96450515195008,47080700
2023-02-08,181.83322143554688,189.16881298045985,181.3276664674653,188.34603637486495,36139100
2023-02-09,176.3712158203125,185.02521748633177,175.72688007965073,184.50975494418725,37118800
2023-02-10,172.63400268554688,177.33274600863183,171.84097885758246,174.81486359032888,33433600
2023-02-13,177.86802673339844,179.42436690011945,174.28946686476417,176.66856844178548,31463200
2023-02-14,177.9176025390625,179.92992995474845,174.34895001230046,175.61780626083268,24034600
2023-02-15,175.61781311035156,176.63884567632195,173.80374157662817,174.88424941813702,25308900
2023-02-16,170.93887329101562,174.31919210142203,170.29452261218145,171.2461722508784,25827500
2023-02-17,171.3750762939453,171.6724526790404,168.2227504782921,168.7382280890579,24171300
2023-02-21,170.58200073242188,176.61898207084855,170.38374480954582,172.79258376810682,34592600
2023-02-22,169.63038635253906,171.25610945926005,168.2128418399416,169.58083370599772,22433200
2023-02-23,170.54237365722656,172.17801937262993,167.90554063056828,170.50272851531994,20017800
2023-02-24,168.90673828125,169.2338674150604,166.20050742549483,167.17197219726032,19791300
2023-02-27,168.06411743164062,171.61295470878045,167.5883001524476,170.3837588103686,19277000
2023-02-28,173.41714477539062,176.00442525665616,170.37386195170444,170.4035995907796,46051100
2023-03-01,171.91033935546875,176.30178310717199,171.54356512627285,173.0701524358075,30998400
2023-03-02,173.01071166992188,173.48652902510946,169.9376911811716,170.87943351305253,17352000
2023-03-03,183.6373748779297,184.99544401107892,175.50875995980698,177.36247652852418,45877700
2023-03-06,183.29043579101562,188.00900957744497,183.03270454150618,186.3634562800606,33209400
2023-03-07,182.90380859375,188.7028895567601,182.4081611653204,187.35472794639318,36701500
2023-03-08,183.3597869873047,183.647255802908,179.76138228555416,181.2780620088136,19432400
2023-03-09,180.10838317871094,187.28534898762197,178.73048379335697,184.72782130910593,26582800
2023-03-10,177.9473419189453,183.16156276961232,177.2435310110156,179.4342842678197,25665000
2023-03-13,179.32525634765625,182.18019073857934,173.29819616275796,176.4108618038768,24728000
2023-03-14,192.33103942871094,192.62843092188572,184.93597286944848,185.94709789585886,41642600
2023-03-15,196.028564453125,196.05830208974152,189.1787131345453,191.2703459570102,42123600
2023-03-16,203.1460418701172,203.96881839258782,194.38299921959626,196.53410718154342,50447100
2023-03-17,193.90721130371094,200.1424500615832,193.7287703421233,198.81411842093698,50141100
2023-03-20,196.08804321289062,197.62455334455456,191.95434526414255,196.75220898573428,25186300
2023-03-21,200.40017700195312,201.77807628307767,196.22681889275694,201.4311170239478,31827000
2023-03-22,198.0706329345703,205.56482001084692,197.93185225263778,200.7372186543796,28477800
2023-03-23,202.50173950195312,206.07040751906615,200.39027633133117,201.07427229510793,27389700
2023-03-24,204.21664428710938,205.77298444441905,201.7780674543026,203.3938677558255,27716400
2023-03-27,201.07423400878906,204.06794854611732,199.6071219370876,203.02708597881872,18527200
2023-03-28,198.93304443359375,199.2800036835634,196.17724594410166,198.40765937001166,19127300
2023-03-29,203.5624237060547,203.92919799665844,200.7768721952202,201.7879972778657,18851100
2023-03-30,206.0307159423828,206.2785396524153,201.05442673562075,201.60954942594012,22608300
2023-03-31,210.09503173828125,210.3230253172204,204.9700392079461,205.43594899488193,25440300
2023-04-03,211.21522521972656,211.63156728945143,206.38760845985527,207.02203663171613,17924600
2023-04-04,212.85081481933594,214.35758710921513,210.6897843491984,211.5323909564364,21026400
2023-04-05,209.63902282714844,213.31673323896115,208.11243547048335,212.2857781628593,19396600
2023-04-06,214.21884155273438,215.0515256680938,206.83368218453202,207.42846519605177,26104400
2023-04-10,212.88055419921875,213.78263608007165,208.82616217554968,212.84090906340407,16106100
2023-04-11,211.98841857910156,214.1395266783531,211.5522464067262,213.60421896645255,16710100
2023-04-12,212.13710021972656,214.95237399428152,210.7294633324491,212.96978427260183,18972200
2023-04-13,218.43182373046875,219.224847500562,213.81238615247736,213.85203129059846,23310400
2023-04-14,219.56190490722656,220.17650288269624,215.656200722299,215.98332984258553,21591200
2023-04-17,216.95480346679688,219.0563438246389,215.23986751678353,217.87670046778837,15481900
2023-04-18,215.99325561523438,218.52106075783294,214.32788736305116,217.99567564546845,12281000
2023-04-19,213.82229614257812,215.4381115885571,211.07640517251718,211.61171286211123,15898100
2023-04-20,211.21522521972656,214.86318342643628,210.91783370536288,211.6216446591975,16475400
2023-04-21,211.0367431640625,211.55222068017963,207.75555989265803,208.38008043860845,17717200
2023-04-24,210.9376220703125,212.05779007834377,208.8757421166724,211.81987387171196,15750900
2023-04-25,205.74327087402344,209.42096668543763,205.32692880816302,208.98480961117474,19198200
2023-04-26,207.57716369628906,212.2461697285354,207.06170119505998,210.65018419851057,41992700
2023-04-27,236.48330688476562,239.58606473531918,234.7088956844878,237.80173090551267,71196500
2023-04-28,238.22799682617188,238.3370247438833,233.69777188796778,236.92938780573903,39554000
2023-05-01,241.0630645751953,241.87593357965255,234.40157736953907,236.54276266287647,29143900
2023-05-02,237.15740966796875,242.78795773263934,236.90958593006684,241.06309907149617,24350100
2023-05-03,234.96664428710938,239.6455577308559,230.7239030480112,237.3854064212788,34463900
2023-05-04,231.48716735839844,236.1264197905397,230.90229192706437,234.00504951049967,17889400
2023-05-05,230.75360107421875,232.6370551335535,227.84911458653457,230.2183085405626,27000500
2023-05-08,231.23936462402344,233.56889855403585,228.26547993603842,229.40546301604877,16400500
2023-05-09,231.33847045898438,233.82663017174102,229.06841194563827,229.44510882268386,16865600
2023-05-10,231.051025390625,234.68907598893915,228.71156873771375,234.1141231112111,19119000
2023-05-11,233.7374267578125,236.13637381843506,230.27781710507037,231.0212883085138,20449000
2023-05-12,231.774658203125,234.89724621443213,229.43520163353872,234.67916012630428,16161400
2023-05-15,236.78070068359375,238.16850749476043,233.2814308927608,234.8575861552915,20653200
2023-05-16,236.74105834960938,237.55391231265511,233.46978211198044,233.73742084776137,18163800
2023-05-17,240.3791046142578,241.71734364737938,236.06696576918233,236.37426476658152,21193100
2023-05-18,244.70115661621094,244.93905771597244,239.09042374878152,239.19946679482555,22943300
2023-05-19,243.5016632080078,246.52511548669978,241.29107995629087,245.315734575223,21733600
2023-05-22,246.15835571289062,251.36265391430516,242.98619994649877,243.2736839367334,27738500
2023-05-23,244.5921173095703,249.41971879486397,244.50288926983555,244.66150008940815,17748100
2023-05-24,247.0406036376953,247.41728540634753,242.81767776935007,243.14480689478242,17724300
2023-05-25,250.49032592773438,253.39481290082904,247.00096343235742,251.19413687897952,22371400
2023-05-26,259.7589111328125,260.0265498517954,250.51012836120594,250.7281993124649,25727200
2023-05-30,260.2347412109375,266.31138413742116,259.015467775104,262.94098733413506,23816500
2023-05-31,262.41558837890625,262.6931497421419,256.2001802172078,257.7366752187053,25473700
2023-06-01,270.23687744140625,271.6147918186333,263.5754050196668,263.5852973969688,25609500
2023-06-02,270.23687744140625,272.9530459308971,268.7598577796487,270.2864603355899,19416900
2023-06-05,269.0274963378906,273.17110112649306,267.2134100069179,267.9469584402539,20742900
2023-06-06,268.75982666015625,274.16239512591744,267.3422824340207,267.7883771704285,19419000
2023-06-07,261.30535888671875,271.8626442161029,260.5123047633767,269.3051165166383,26163600
2023-06-08,262.2767639160156,265.32004620136956,256.6264017277857,258.35124499287787,20899400
2023-06-09,262.6435546875,265.6174389213562,259.4218467674891,260.1950554582151,16949800
2023-06-12,268.6904602050781,269.38437870914413,263.0202523851898,264.8442615526915,15442500
2023-06-13,268.95819091796875,273.31988326096797,266.7475919779013,272.4871990160984,16164000
2023-06-14,270.970458984375,272.59616684149415,265.9842469943128,269.5231769435399,19175100
2023-06-15,279.37664794921875,281.5178487136144,269.0572939381977,269.9296080997618,25973500
2023-06-16,278.5538330078125,285.3442082969982,277.69141139005217,282.2711884305146,43127700
2023-06-20,281.8548889160156,282.3207987676239,273.8155011330665,276.30366121845566,20701600
2023-06-21,279.18829345703125,281.52773476017416,275.93681733767835,281.06182497496616,20556200
2023-06-22,282.40008544921875,282.77678233751567,275.3718084998464,276.6505570919048,17563100
2023-06-23,286.2165832519531,287.1484028647073,276.5217204794401,279.05943296679476,51092000
2023-06-26,276.0458984375,287.26736422711815,275.183476694736,286.18685639120184,24232700
2023-06-27,284.5511779785156,286.8311743118034,278.2068969133884,279.555073656432,26108300
2023-06-28,282.8065490722656,287.02944505240964,281.5872453744649,282.340639228578,16722100
2023-06-29,279.07928466796875,284.0754200195691,278.2466004846892,282.0234320758143,15395700
2023-06-30,284.4818420410156,286.5337996422137,281.9441293320843,282.2811659924353,19694900
2023-07-03,283.5301818847656,286.88076378814935,282.3703836886234,284.2042854687981,8629300
2023-07-05,291.8074645996094,295.52482034373986,283.8671830495328,285.14596189605084,33865500
2023-07-06,289.4481506347656,295.52479242405417,288.7740774506401,293.31422444494905,47600500
2023-07-07,288.00091552734375,293.6215711054286,286.1471988438877,289.6365461155744,25586000
2023-07-10,291.5398864746094,295.5348044012533,284.5512380718708,292.97724617661714,37058300
2023-07-11,295.693359375,297.56689097448395,289.35897054625923,291.3415603139649,27585900
2023-07-12,306.6471252441406,306.7561834015163,297.48757110889034,299.12320145419704,36677100
2023-07-13,310.6817321777344,313.4870833791565,307.58889699038366,310.88989563213556,30281000
2023-07-14,306.1812438964844,312.13893578938223,304.68437895121997,309.0758382489042,23054100
2023-07-17,307.916015625,308.9965234309528,302.05745916188715,304.8628406574557,25323100
2023-07-18,309.3335876464844,311.46489606355357,304.9421581279669,308.17378945631805,20731900
2023-07-19,313.25909423828125,315.90583453833557,307.81686495769065,310.3050247039344,21763700
2023-07-20,299.886474609375,312.79315151790587,299.58909828739195,310.7709017726767,23836900
2023-07-21,291.69842529296875,302.800909197342,288.66506554438087,301.9186725328554,42139300
2023-07-24,289.0714416503906,294.92999713402884,285.79025851474313,293.2051539847039,24915700
2023-07-25,291.9065856933594,295.7032315280009,289.3192904924628,292.6203191709946,19585600
2023-07-26,295.9709777832031,299.1431038718337,289.3590263225532,298.5681660392196,47256900
2023-07-27,308.9964599609375,322.51773408021745,307.1427437272747,322.2897254103774,64229200
2023-07-28,322.64666748046875,323.3604010020382,311.51441512024616,314.12152548725567,39220300
2023-07-31,315.82659912109375,322.82513953546345,314.82538147123347,320.8722871378495,25799600
2023-08-01,319.9007568359375,321.31833148178566,311.92084528786495,314.7757793342165,22817900
2023-08-02,311.57391357421875,315.61841391466794,307.94577042396213,315.2317943629233,20461100
2023-08-03,310.463623046875,313.1996063950057,307.23199229520856,307.23199229520856,15180200
2023-08-04,308.0251159667969,315.63825454672553,307.49973081028435,312.21827458796827,17612800
2023-08-07,313.8043212890625,314.30989138505396,307.75741615279827,310.50332247597623,16236500
2023-08-08,309.91845703125,315.1227553397813,307.4104518521526,311.66311551194724,15183500
2023-08-09,302.5531311035156,310.89984811087686,300.21368948147176,310.156376879002,19955800
2023-08-10,303.0785217285156,309.621074738082,301.22480493038836,305.2593828156786,14358900
2023-08-11,299.0141906738281,302.0673654764671,297.745304234176,299.93608761646493,14046300
2023-08-14,303.5245666503906,303.5443816563155,295.65368327400716,298.35992905267074,15641900
2023-08-15,299.3215026855469,304.5555384693023,297.4182031951271,303.4750306746695,11623600
2023-08-16,291.7281494140625,298.45901919205147,291.71822678564473,297.58670519685023,18547700
2023-08-17,282.6082458496094,293.47282896172703,282.4694803012663,290.49894440443103,23950100
2023-08-18,280.7843322753906,283.2030946981994,271.99154972899885,276.6010658148206,35347900
2023-08-21,287.37640380859375,287.97118683695453,279.39649145484435,280.98256944649927,20181500
2023-08-22,285.0964660644531,290.35031779565327,284.2538592108278,290.0033584733458,12980200
2023-08-23,291.6785583496094,294.8110533983258,285.1657748159202,285.98853614980663,18287000
2023-08-24,284.2538146972656,296.8531644997961,284.144786778373,295.90152985922856,18360900
2023-08-25,283.0146484375,285.8795047587146,273.6270860340675,283.639168964376,23701400
2023-08-28,287.7333068847656,288.91295039798416,283.31210924197865,285.49297042236344,14239300
2023-08-29,295.3959655761719,296.54587132156684,285.67136476377044,286.0678766841328,20844500
2023-08-30,292.5311584472656,295.6933918946849,290.87568249832157,294.58314634297454,17717000
2023-08-31,293.3143005371094,298.4789391656425,293.086291789836,293.22505736284154,17229900
2023-09-01,293.8000183105469,299.1133450144046,291.90664122148576,296.7639806937551,12842300
2023-09-05,297.5372009277344,298.7664273516259,292.93760766197164,294.43444260469624,14956000
2023-09-06,296.5657043457031,300.65972681313633,293.08624961534355,299.0835715746785,15418100
2023-09-07,296.0700988769531,304.3771257874454,289.67623385522955,295.4059178983488,33748700
2023-09-08,295.296875,302.5927915043755,294.19652184534834,296.6152840075846,17548000
2023-09-11,304.8826599121094,306.34978726869906,298.65732909121135,298.78620226973936,19489300
2023-09-12,299.0340270996094,305.97309149092956,297.61648263441475,303.6633574024578,13480400
2023-09-13,302.4044189453125,304.5059592872475,298.69698571008445,299.7279106218778,13210900
2023-09-14,309.0064697265625,310.146452893405,302.3747039470629,304.0698098777926,19343100
2023-09-15,297.6957702636719,309.2840101140606,296.14935263325515,308.89739058049656,28131100
2023-09-18,299.9162292480469,300.9571069378391,295.2075789541885,295.5941984466041,14234200
2023-09-19,302.4143371582031,303.50476757967397,297.2001163940275,299.84688704196486,15924400
2023-09-20,297.06134033203125,305.3782883735429,296.8234089972703,302.39448120124234,19379500
2023-09-21,293.1556091308594,297.64617316620246,290.71700224931874,293.12587149825106,21319600
2023-09-22,296.4764709472656,302.7216470856656,295.6735244833445,296.6945570394368,25369600
2023-09-25,298.2112121582031,298.33019295011604,291.14330539019653,293.0664197919008,18987000
2023-09-26,296.35748291015625,297.6858143028395,293.43318142131056,295.0688117797383,19417200
2023-09-27,295.1481628417969,298.67717061234566,284.29350077154777,297.8345940661036,36429800
2023-09-28,301.3139953613281,303.6633594810206,294.1172148146599,296.3377057544672,22167100
2023-09-29,297.5966491699219,307.93587851423496,296.754042410053,304.70424728900844,25373700
2023-10-02,304.14910888671875,304.50596053027635,299.0042859286593,300.1046087482149,16265600
2023-10-03,298.3202819824219,304.0995177904984,297.03161074620874,301.61138822655596,17362300
2023-10-04,302.919921875,304.22843857470934,295.90156637533585,296.1295751228669,16880500
2023-10-05,302.1367492675781,303.5443709364718,296.8927913275171,301.97813847002794,19130000
2023-10-06,312.6841125488281,313.55645681605097,298.290522895401,298.8159079310807,21803900
2023-10-09,315.5885925292969,317.54144446147717,309.10554643120525,309.77961962304516,22503700
2023-10-10,319.038330078125,321.83378880843856,315.3903722999116,316.34200688294163,19038000
2023-10-11,324.9662780761719,325.97738791097737,320.13867709965075,320.19815236923245,22036300
2023-10-12,321.3381652832031,327.662631720703,319.8809605389769,325.1447341503426,20530500
2023-10-13,311.9505920410156,322.22039260310345,309.65078063069194,320.71363525767725,21341000
2023-10-16,318.3543701171875,319.01855105073963,312.77337465622486,315.86624034074185,16536100
2023-10-17,321.1795654296875,321.57607736131524,314.5378771302187,315.4102215309524,16387800
2023-10-18,314.210693359375,323.10260834229825,312.8129641528115,318.5922293988665,16851000
2023-10-19,310.08697509765625,319.08795030688776,309.03620485654955,317.09543774973184,18709200
2023-10-20,305.963134765625,312.55523915239206,303.80211935646275,311.40536380308697,22312300
2023-10-23,311.27655029296875,314.5973643164918,304.5853090932191,306.80580019592827,17796800
2023-10-24,309.8292236328125,315.5787524774694,307.9259542753489,314.02241214997355,19525500
2023-10-25,296.9225769042969,308.17378070314754,296.2385809646329,307.3014363017255,42192500
2023-10-26,285.83990478515625,292.4320101500182,276.9678028849212,292.4320101500182,66684100
2023-10-27,294.14691162109375,296.704438848398,290.41963355930477,291.91649836108155,29596300
2023-10-30,300.02532958984375,306.7066477918955,296.4467391323724,296.4863994004334,28435100
2023-10-31,298.6474304199219,301.0364549734393,294.2758158885733,300.669680667848,19434200
2023-11-01,309.13531494140625,310.0175516552152,299.222366123352,299.222366123352,20434600
2023-11-02,308.163818359375,316.0446243432361,305.64592102556026,314.53783684335446,21631800
2023-11-03,311.86138916015625,312.8031011868626,308.31253639094047,309.82921641467783,16764300
2023-11-06,313.0509033203125,315.5588780950848,311.7126794666905,313.2293593857912,12887700
2023-11-07,316.04461669921875,318.20563211166666,312.37681382333324,314.29992816341377,14055600
2023-11-08,316.9963073730469,318.53280249069024,312.1389680232896,315.37059933746826,13609700
2023-11-09,317.7595520019531,321.35795714702647,316.0247860148068,316.63941423329265,16103100
2023-11-10,325.9079895019531,326.23513373605715,316.67903707934255,317.1548694871678,19096200
2023-11-13,326.32440185546875,329.4370524090673,322.86479200320247,323.36043950075,16908900
2023-11-14,333.3824157714844,335.1568422746801,330.4283458096643,331.6278345293252,17179400
2023-11-15,329.8136901855469,335.45416011600383,327.14710470691955,334.9882503418072,14531200
2023-11-16,331.2807922363281,331.66738145469753,323.5387827217606,326.50274431961327,18932600
2023-11-17,332.1235046386719,332.5794918947249,326.483033339588,327.3851154724246,14494400
2023-11-20,337.0105895996094,338.8940442014587,331.28090524657347,331.97482390342986,16960500
2023-11-21,334.0465393066406,336.94110323972745,332.97592396005564,335.38476311199616,12027900
2023-11-22,338.51727294921875,339.9348475941971,335.6326012688178,336.25712187256374,10702700
2023-11-24,335.28564453125,338.8840191731996,333.83833237020224,337.16909856399684,5467500
2023-11-27,331.78643798828125,336.94115367224947,331.290790504135,333.25353518012435,15684500
2023-11-28,336.0390319824219,336.42565149537353,330.4976973935413,330.4976973935413,12637200
2023-11-29,329.3081970214844,336.94115004399055,327.90054487082136,336.7329865734287,16024500
2023-11-30,324.3020935058594,330.59682164758357,319.593443122573,329.00085151227404,23146400
2023-12-01,321.9924011230469,324.0146208399716,317.96774644363103,322.64665935567007,15276400
2023-12-04,317.23419189453125,318.0668760036283,310.92957067483053,314.52797610294596,19037100
2023-12-05,315.5192565917969,319.078001589407,312.644507483201,316.2032524808111,16952100
2023-12-06,314.68658447265625,319.4447879881586,314.2801499252027,319.12756635327975,11294300
2023-12-07,323.7469482421875,325.38257852662645,315.0037213010435,315.0037213010435,15905100
2023-12-08,329.85333251953125,330.2696896309997,320.18820857643453,320.27742147491017,14087400
2023-12-11,322.4483947753906,327.0182798666103,317.2143590609615,326.5325248079935,25802500
2023-12-12,331.3105773925781,331.55840111361704,321.73466518140424,321.77432544730783,18485500
2023-12-13,331.8260192871094,335.4244243340028,329.74432436086573,331.02307290083434,16353300
2023-12-14,330.26971435546875,331.7863942469266,325.77914995119795,330.9437875845794,19607300
2023-12-15,332.00445556640625,335.71188830199964,328.33665283998147,329.0999389173344,31776900
2023-12-18,341.6200256347656,344.5344349076749,334.0861787405234,334.5421961519274,18993900
2023-12-19,347.31005859375,350.5218745666176,342.11568311875016,342.57167029164464,17729400
2023-12-20,346.2394714355469,351.87001904403724,344.7624517579326,345.61495082632456,16369900
2023-12-21,351.0075988769531,353.30741024884486,346.17007504363573,349.90727608593943,15289600
2023-12-22,350.3137512207031,354.0905827144297,348.16262778042943,352.4846594181729,11772800
2023-12-26,351.7411193847656,353.872427399098,350.3731579769973,351.89973018245973,9898600
2023-12-27,354.7150573730469,355.8748857712245,352.2170049987148,352.9703988386223,13207900
2023-12-28,355.2007751464844,358.7495973710055,354.6952050963075,356.5687668691386,11798800
2023-12-29,350.8786926269531,356.86612158180657,348.757337524102,355.86490417120007,14987100
2024-01-02,343.2755432128906,350.0857348081717,337.05021201896517,348.2617556958284,19042200
2024-01-03,341.4712829589844,344.9209993697074,340.19250433878085,341.97685293132577,15451100
2024-01-04,344.0982666015625,345.11929909621364,340.41064851615806,341.5010789113967,12099900
2024-01-05,348.88623046875,350.42272536747254,343.24576041821206,343.96938628900244,13920700
2024-01-08,355.537841796875,355.85506343366256,348.9853666048785,351.61232236037006,13890200
2024-01-09,354.31854248046875,357.500621013295,352.266554698049,353.2975099042569,13463900
2024-01-10,367.2449951171875,369.69349454560995,355.9541325367698,357.0346705179699,22117200
2024-01-11,366.4519958496094,369.5349084412359,359.7706477096314,368.8905728121484,17205400
2024-01-12,371.2300720214844,373.7777075496553,366.32317969592276,366.93777778401164,19310000
2024-01-16,364.26116943359375,372.3402157968574,364.03319099664327,370.39728650901986,15306900
2024-01-17,365.1632995605469,365.33183300535507,355.48825160061466,363.1113118453537,12724800
2024-01-18,372.8557434082031,373.5694769229854,367.7208432542545,368.25612070140227,16354300
2024-01-19,380.11199951171875,381.0140511493726,374.67969316917856,375.7007255933001,21670800
2024-01-22,378.45654296875,386.9519470116833,377.8419450079911,384.5728454450382,17680500
2024-01-23,381.8468017578125,384.9991122312808,378.75393630536456,381.2718337835055,15506100
2024-01-24,387.2989196777344,392.70145859414,384.4340629686961,386.60500116462015,15698500
2024-01-25,389.75738525390625,392.04727442719087,382.30285727764743,386.77360768831005,15091100
2024-01-26,390.7090148925781,393.33594051871705,388.18119456212906,390.91717836621734,13163700
2024-01-29,397.5290832519531,399.42246020474215,389.6780443214767,391.5515760143711,18742400
2024-01-30,396.5774841308594,402.82263066947263,396.09175925063397,400.0767543488809,18614700
2024-01-31,386.7438049316406,394.53536828693876,383.7302599797155,385.6137142301989,20180800
2024-02-01,391.3433837890625,397.01359160077834,389.6284327898342,390.51069973653455,29727100
2024-02-02,470.8551330566406,481.72963881592403,449.0664915252919,455.59912098341835,84707600
2024-02-05,455.4107971191406,467.79206083413476,455.22244866654785,465.7896560115249,40832400
2024-02-06,450.7615661621094,463.053615454366,449.0565379206343,459.9607805632987,21655200
2024-02-07,465.50213623046875,467.415327994543,452.2088689116338,454.01303276517825,23066000
2024-02-08,465.90863037109375,466.49349076622264,460.9818932185822,464.2432621017178,18815100
2024-02-09,464.0350341796875,469.4673410411531,463.4006211841716,468.8329280456372,18413100
2024-02-12,464.81817626953125,474.9789490756288,462.5183648227148,464.1143653554513,19382000
2024-02-13,456.1145935058594,463.8169740536251,451.1283814896447,452.892885158852,20916600
2024-02-14,469.1600341796875,469.982795609744,462.03262165462274,463.85660058253393,16858400
2024-02-15,479.8164367675781,484.366476420445,468.10924721096126,471.1426069795392,24212300
2024-02-16,469.19964599609375,474.7905327464401,465.12540877603436,473.9479261447908,23324600
2024-02-20,467.6434020996094,472.034831556268,462.49857878513245,465.63107452057716,18015500
2024-02-21,464.4480285644531,465.41060608263723,458.25579479701133,462.9297393124739,12921800
2024-02-22,482.40948486328125,486.23992842019754,472.41654676636847,476.5645485214587,21625800
2024-02-23,480.3255615234375,490.57648938610384,478.65842637192833,484.31478426826664,18374300
2024-02-26,478.05303955078125,482.419388801166,476.92178017882867,479.7698100644105,12101400
2024-02-27,483.3223876953125,483.54070515337867,476.2469820474711,476.306520419306,10809600
2024-02-28,480.31561279296875,487.29180850441577,479.0553434545367,481.2881234084936,12715500
2024-02-29,486.3788757324219,487.93686726454155,478.91640943030325,484.70180744595217,17732000
2024-03-01,498.45574951171875,500.3908377455122,488.08574437139015,488.34373392761546,16273600
2024-03-04,494.37713623046875,500.55946621503625,492.6206937176718,499.150320771788,12324100
2024-03-05,486.4681701660156,491.7871336101802,484.15601582408954,491.2115858850194,15325300
2024-03-06,492.2932434082031,499.120593170195,490.50703156108455,493.8214657207925,11757900
2024-03-07,508.27001953125,515.8713680175964,497.542754953555,499.4282074814689,18586400
2024-03-08,502.0777587890625,519.5629004925313,495.52826537568694,510.2546848282023,18597100
2024-03-11,479.8888854980469,493.5138151285209,472.3569784877546,493.206190107269,20428300
2024-03-12,495.92523193359375,498.46563690206807,481.0201963453091,489.48491194914317,15448200
2024-03-13,491.7772216796875,497.14582052729384,487.27195954593,491.5986065562737,12090700
2024-03-14,488.0658264160156,497.5129856516663,484.4239312675284,496.43133146634375,12620000
2024-03-15,480.39508056640625,488.06590176707334,477.6164914217597,485.26750687316405,29153600
2024-03-18,493.1764831542969,493.61311813323977,483.0843037003027,488.14527802239974,11755300
2024-03-19,492.44207763671875,492.82910735533255,477.59658066238825,484.4338634191074,10903100
2024-03-20,501.6510925292969,504.31060469928195,491.3803284187274,495.6771763017406,11711100
2024-03-21,503.8739318847656,511.09818381772453,502.13732529141583,510.7707530405325,9712500
2024-03-22,505.679931640625,506.06696132381046,500.48004551216826,503.11969091713655,8120600
2024-03-25,499.1702575683594,503.33812608444947,496.41153477998205,501.9190774822453,8380600
2024-03-26,492.09478759765625,506.09678408775653,491.4199688696871,501.26406081847875,11205400
2024-03-27,490.0802917480469,496.0641709946274,484.3346265696149,495.47865983348026,9989700
2024-03-28,481.8636779785156,489.1177599265289,481.4369761827551,489.06812442310434,15212800
2024-04-01,487.5895080566406,493.6229620607857,478.0927438247273,483.4712757226848,9247000
2024-04-02,493.5634460449219,493.7222251422253,480.94079550745505,481.3873636113719,11081000
2024-04-03,502.8617248535156,503.3578981717305,494.9328849193272,495.11150004572073,12099200
2024-04-04,507.0097961425781,525.943758109554,506.67237161008114,512.4676727823381,26476300
2024-04-05,523.3040161132812,526.6382857287307,510.4729229079318,512.9041838822052,19263300
2024-04-08,515.2760009765625,527.4223143515474,514.9187707168354,525.2292670059732,13260600
2024-04-09,512.9439697265625,521.845289446962,502.86169458913326,518.2331333714253,10863800
2024-04-10,515.8515625,518.5606494016819,501.928910292975,505.3922206037786,11418500
2024-04-11,519.1560668945312,519.8507216900733,513.3309966786047,517.1217682967572,10369500
2024-04-12,507.9822082519531,516.2087698797866,505.43187027315577,513.7874418018332,11984500
2024-04-15,496.40155029296875,514.5615112314049,493.4741157112928,512.7653057412805,13512900
2024-04-16,495.93524169921875,500.9068785263699,493.3054984772405,494.29784526771664,9847900
2024-04-17,490.387939453125,499.30912582005857,483.4117439696621,499.2495874459534,12193700
2024-04-18,497.95953369140625,508.28989617034574,495.22067754794534,495.994706718665,14808700
2024-04-19,477.38818359375,498.9518557154104,472.0890564119866,498.9518557154104,25215400
2024-04-22,478.0431823730469,488.24450514549414,469.7769174777012,485.97202274350616,17271100
2024-04-23,492.30322265625,494.9428686127563,485.22778557062543,487.49033492134237,15079200
2024-04-24,489.7230529785156,506.0967720750617,480.8713078752949,504.17161722523144,37772700
2024-04-25,438.0019836425781,442.35836983181287,411.32769996695043,418.17488602057387,82890700
2024-04-26,439.8973388671875,443.02322464354364,428.65403477490287,438.0813276050655,32691400
2024-04-29,429.30902099609375,436.3943909124522,425.2800958497785,436.19590946046895,21502600
2024-04-30,426.87774658203125,436.25540370111094,426.4311785022593,427.7509861439616,18429500
2024-05-01,435.8287658691406,446.5163293249573,423.8412003264866,425.3198175578289,20344900
2024-05-02,438.29962158203125,440.56217052865486,428.97156996995193,435.4813609842379,15221300
2024-05-03,448.50103759765625,450.69414576340074,440.45311983093706,442.51718778714474,16489100
2024-05-06,462.1159362792969,462.5922735277511,449.8703834295792,452.0932300210053,15094600
2024-05-07,464.6564025878906,467.92123166453916,457.779447321688,462.72134472049225,13406800
2024-05-08,468.9830322265625,471.9402058578811,459.4564983423583,459.9526716667021,11683900
2024-05-09,471.7814636230469,472.4363857703792,464.05107464244514,466.4029313871889,9437700
2024-05-10,472.5555114746094,473.8455500732435,466.00601718642696,473.4386842914545,10750000
2024-05-13,464.4281311035156,469.72725818959685,459.3076191330967,469.1318441867083,14668800
2024-05-14,468.23876953125,468.9234911376046,456.55883016199584,459.82365909681533,10478600
2024-05-15,477.8545837402344,478.80722798374535,467.5937236699598,471.3447925555496,13100500
2024-05-16,469.60821533203125,474.0340729044409,469.1318780385458,471.36465799748123,16608200
2024-05-17,468.29833984375,469.1815126685142,464.83505951456476,467.2265884372279,10807300
2024-05-20,465.2518005371094,469.5784476860999,463.4655886777014,466.3533210681569,11745100
2024-05-21,461.0740661621094,467.09761808342193,458.7321121308233,463.54499982976347,11742200
2024-05-22,464.199951171875,470.0944931584009,462.0862477959769,464.28925874330497,10078600
2024-05-23,462.2152099609375,470.72953068178265,458.0076699601858,469.26087705798136,11747900
2024-05-24,474.56005859375,476.17758862327844,462.73127214344584,464.04117710669794,12024300
2024-05-28,476.2470703125,477.1798484054614,471.2059318134076,472.9326054846614,10175800
2024-05-29,470.72955322265625,476.17755705003367,470.07463106847433,471.0272753949379,9226200
2024-05-30,463.4754943847656,468.1196997588506,461.1534068397315,468.06016138210737,10719600
2024-05-31,463.2571716308594,465.52965393072293,450.9818484598858,462.2350557963907,16919800
2024-06-03,473.8355407714844,475.9294077233338,464.6563352556057,467.2562783508773,11279400
2024-06-04,473.3394470214844,475.224929995745,469.60824398888354,473.34938017945996,7088700
2024-06-05,491.2711486816406,492.84897628065335,480.2064891730306,480.7423648637953,15690500
2024-06-06,489.9811096191406,498.9717681761462,487.13307947431673,489.20708041502814,10667300
2024-06-07,489.187255859375,495.0917312617214,486.41863017217537,492.1146909480718,9380700
2024-06-10,498.75341796875,498.8129563433123,489.6337500954303,490.0802879046476,11220900
2024-06-11,503.5861511230469,503.71516103182034,494.4565499121785,496.332099600009,9673700
2024-06-12,504.9456481933594,510.07609352042476,500.60909832909755,510.05622720634506,11983200
2024-06-13,500.241943359375,505.4616660517263,497.52289299395886,501.83960690092306,9954600
2024-06-14,500.7982482910156,503.76830117284993,497.41098264470133,499.29830731982713,10243300
2024-06-17,503.2517395019531,507.3442620321648,492.70255969673593,498.3248218231231,11266600
2024-06-18,496.1593322753906,502.6259325307895,491.71913754817786,501.19553219490325,13060400
2024-06-20,498.35467529296875,500.31154054069196,493.45752550637565,498.6526627665969,11801200
2024-06-21,491.48077392578125,500.09297514636967,489.1067263628177,500.09297514636967,22359200
2024-06-24,495.5832214355469,504.4139262555408,490.9940329117928,495.8712961742398,13525300
2024-06-25,507.19537353515625,507.30462551479263,492.19605284477797,493.7357054656797,12063200
2024-06-26,509.69842529296875,510.38382668285755,501.3147021974166,503.2715671209678,8882300
2024-06-27,516.095458984375,519.3933277808096,510.47322776643625,510.8208696393797,10121200
2024-06-28,500.8577880859375,518.4000322459863,500.48031713157917,513.7015919827431,15855100
2024-07-01,501.3147277832031,503.2020522993896,489.8814984155555,501.58294679281164,10328200
2024-07-02,506.1026306152344,507.0959625693369,496.11965660213826,497.4209190368857,7739500
2024-07-03,506.5595397949219,507.87074521081,502.6458095867641,502.9934818232005,6005600
2024-07-05,536.3097534179688,537.2633737862543,508.18856248198745,508.18856248198745,21354100
2024-07-08,525.7903442382812,539.1903792094863,523.1381655675032,538.7334248000303,14917500
2024-07-09,526.4659423828125,533.8960460931625,524.6680139481037,530.1909372581625,8753200
2024-07-10,531.1246948242188,535.2867583710278,524.8368862253591,527.2506757341519,10983300
2024-07-11,509.28125,531.8894925345625,504.9801061273009,527.3499587191284,16458300
2024-07-12,495.54345703125,504.7019779354112,490.93441299316135,494.44087322434433,19750500
2024-07-15,492.8515319824219,503.3013720814987,490.0801276462005,495.30506285278,12539200
2024-07-16,486.5240783691406,500.5896628261979,482.5507504540652,498.15598735257976,14075800
2024-07-17,458.9093933105469,475.9748583365877,456.0585356169319,475.9748583365877,28076600
2024-07-18,472.677001953125,476.04438141112735,461.4424203212603,471.83266375516723,19267200
2024-07-19,473.61077880859375,483.46461539838543,472.53796325902186,472.88563552627363,15149400
2024-07-22,484.1500244140625,488.77895530251675,480.6733623158493,483.33548487567145,12023100
2024-07-23,485.431396484375,491.91785295092694,484.4678632735356,486.5737221720912,9455500
2024-07-24,458.1941833496094,473.1239602274661,457.5087819303117,469.16057574428834,17649700
2024-07-25,450.38665771484375,460.4590282516497,439.6983958852032,460.17098380293606,18240500
2024-07-26,462.5946960449219,466.63753399730916,456.3565726815499,461.1046981366571,14222400
2024-07-29,462.6045837402344,470.7995717926328,461.91918231436165,466.7467910394615,11339600
2024-07-30,460.1014404296875,469.57783596951856,453.6547256053789,463.88603283345884,11390400
2024-07-31,471.66375732421875,473.32263488120134,463.6376491727193,467.8791653340308,24285800
2024-08-01,494.4209899902344,523.6547393365818,488.81861406662085,517.525898740057,43083100
2024-08-02,484.885009765625,497.8082361462427,472.9749406155104,485.73926058112306,24044700
2024-08-05,472.5577697753906,480.25609157805803,447.79398382823655,448.3403345317139,21396200
2024-08-06,490.7953796386719,499.2089024694643,475.4583319023931,475.80600414778166,20955000
2024-08-07,485.65985107421875,506.7482681354804,483.61355944940226,499.77508903606014,20105300
2024-08-08,506.23175048828125,506.55953668319745,491.4211679453795,494.18262946631637,16156800
2024-08-09,514.3175048828125,514.8837113715979,502.3279809305961,504.3245575432351,13696600
2024-08-12,512.5097045898438,514.5659092940476,505.70537370217875,513.4136101164537,9767400
2024-08-13,525.015625,527.9559092747828,514.6949525499102,516.5425353486345,13743800
2024-08-14,523.2474975585938,530.4392104871642,519.6416980752537,524.538816844259,11444200
2024-08-15,533.7470703125,536.1708026803833,523.1879469001557,528.2439725420813,13482100
2024-08-16,523.903076171875,530.1014573197285,521.1614705192093,528.3532441619528,14776700
2024-08-19,525.7507934570312,528.1148678543794,519.2742493741875,523.3568293697928,9879700
2024-08-20,523.2177734375,527.5487472706451,522.3734654428142,524.8269665148338,7944400
2024-08-21,531.591552734375,535.8033315503418,523.4164493710769,523.6350139485368,13423300
2024-08-22,528.3829345703125,540.6009026012845,525.0652405771165,533.41913366634,15708300
2024-08-23,524.479248046875,536.2700929585844,521.55884980876,533.3397517008707,11323900
2024-08-26,517.6452026367188,524.4793321175962,511.51636075055256,524.0819750389632,9584000
2024-08-27,515.6386108398438,520.5159048538387,511.87390443058763,515.5194158515097,6282700
2024-08-28,513.3341674804688,517.6154262040186,509.03302271484114,514.2181869302751,9106100
2024-08-29,514.7644653320312,523.6846276660798,512.2414239497651,515.5889478445253,8317400
2024-08-30,517.8339233398438,520.0490343879956,511.7646791262931,517.8736347952997,9157500
2024-09-03,508.3475646972656,521.9859928695383,505.22848784642304,516.1750252560046,12459100
2024-09-04,509.3210144042969,513.1453787891634,500.70884337263965,502.6955072728807,8335200
2024-09-05,513.41357421875,518.1517873635855,507.74165686241577,508.3078633902029,8640900
2024-09-06,496.93414306640625,521.0820696565472,494.9276235238455,518.4000613773472,14744500
2024-09-09,501.4239807128906,507.9203490259209,498.7320296394815,502.78484046365617,11047800
2024-09-10,501.4239807128906,510.75135079158616,496.695711522714,504.7715041147782,9899000
2024-09-11,508.41705322265625,509.69845986206315,492.29529588084,503.6292165016286,10782500
2024-09-12,522.09521484375,523.1978593142228,511.7844250205015,513.6022393471186,11970500
2024-09-13,521.121826171875,524.0621107021185,513.6618931917054,516.8703967615143,10321400
2024-09-16,530.2294921875,531.0447481141917,514.4403261539426,521.5394368849483,9527600
2024-09-17,533.2520141601562,538.9989183875797,527.5349067624319,534.5246604241431,11690800
2024-09-18,534.8727416992188,541.0869894169668,530.8459213153205,533.9977707656788,10323500
2024-09-19,555.9016723632812,558.8547141847413,543.3936793129712,546.8537527288971,15647000
2024-09-20,558.1388549804688,561.2708601396214,553.1177549056164,556.7966017328396,22066800
2024-09-23,561.1812744140625,570.6965366558616,559.1927153838685,566.2421838477487,12830700
2024-09-24,560.1074829101562,564.5021812702805,551.0197537936696,563.4382949321094,12993000
2024-09-25,565.0590209960938,573.580004208347,560.4952510598988,560.8233803106601,16543400
2024-09-26,564.5916137695312,574.0969219443159,559.1329691524778,572.4364317330649,14400800
2024-09-27,564.114501953125,567.5746364892888,561.2808291532298,566.8388185533927,9398400
2024-09-30,569.1654052734375,571.392581823153,561.5690947166503,564.4525297734127,12792300
2024-10-01,573.1723022460938,579.7047261626475,566.8387463764593,574.6736740742251,15259300
2024-10-02,569.5332641601562,572.705018338464,566.0831432657689,571.5715250916941,6524700
2024-10-03,579.4364013671875,580.0229924072113,565.4766755117405,566.8885963825447,11581000
2024-10-04,592.5309448242188,593.4357124935896,578.1039391514795,580.3907699305325,14169500
2024-10-07,581.434814453125,599.5008565761534,580.698996622439,594.7978731184487,12014200
2024-10-08,589.4983520507812,590.1645022838451,582.6178946285061,586.3166457039373,7857400
2024-10-09,587.1320190429688,590.9898285010107,578.2829068901802,590.5920924118491,9529700
2024-10-10,580.490234375,586.8535869486327,579.1877306195246,584.2088301034865,7740400
2024-10-11,586.5751953125,587.8279971754954,579.3766215385939,581.4844891955055,8587100
2024-10-14,587.04248046875,596.6670986656153,586.585150741633,590.8207303998246,8252000
2024-10-15,582.916259765625,587.2313987957768,576.8213215978997,586.7839608852024,9564200
2024-10-16,573.490478515625,578.7502561624128,570.7463179400054,578.074153352245,11268400
2024-10-17,573.629638671875,581.6236236428501,571.9095546343025,579.9930514580655,8701200
2024-10-18,573.1723022460938,580.6293988605148,571.9593103260983,577.7758214109436,7694300
2024-10-21,571.869873046875,573.9379917697427,565.8544931305977,572.7349521980965,8171900
2024-10-22,578.6806640625,580.1919884331684,568.8472245196812,571.0047942012734,8544500
2024-10-23,560.4654541015625,581.6535493433651,559.2822589840049,576.6522939692993,14248400
2024-10-24,564.5320434570312,565.6257266322763,558.3078440792799,563.885737507838,7184700
2024-10-25,569.9707641601562,577.9647500652169,568.4494872870167,570.6468669862153,11337900
2024-10-28,574.8526000976562,580.410649118249,570.8357328269512,578.67066002025,10925100
2024-10-29,589.8861694335938,590.2738923162734,572.1084471625843,576.8312747759295,13019100
2024-10-30,588.4146728515625,597.7609256472491,586.0085331392311,597.5421525719394,26864900
2024-10-31,564.3331909179688,586.5255172425846,559.7893261973286,581.6535232859577,26838400
2024-11-01,563.9155883789062,570.3883582518947,559.3419265164682,564.3630263338429,15303200
2024-11-04,557.47265625,565.4368452329544,554.6986381254013,560.87307535209,12064600
2024-11-05,569.1554565429688,570.1994379718212,563.4283964137084,564.0547974082218,9775400
2024-11-06,568.777587890625,569.7221655728422,551.9941447200907,559.5308004818795,18305400
2024-11-07,588.315185546875,591.39742768716,571.9195264894807,573.5899087480227,14653700
2024-11-08,585.9686889648438,589.7071287920577,581.1762546419226,588.156055247851,9415700
2024-11-11,579.8339233398438,583.6420305825735,573.212048979197,583.0056771770936,10209100
2024-11-12,581.4745483398438,596.2296222338206,577.059944903041,585.1732389751623,16287700
2024-11-13,576.68212890625,582.2898800347385,571.8797417717248,579.2771839216865,10757600
2024-11-14,573.8582763671875,577.437718647261,569.7320532359627,573.6992183637616,11053700
2024-11-15,550.9104614257812,569.2946816423462,548.3452030486293,567.9523677618081,17712900
2024-11-18,551.2286987304688,556.6972371675329,546.9433555826829,553.853551058886,14327300
2024-11-19,557.88037109375,558.2183921757821,547.4503270456743,548.7031290595829,9522400
2024-11-20,562.2850341796875,563.110242576314,551.0297815177419,559.709823243458,9797300
2024-11-21,559.8688354492188,566.739279664007,545.9091133005595,566.2620449532839,11154700
2024-11-22,555.9414672851562,560.6046406773982,551.4175075908335,560.32621328156,9164000
2024-11-25,561.8773193359375,569.3145718667378,553.207230520728,558.8845280879963,13599800
2024-11-26,570.259033203125,574.1964018053228,561.9667762936829,562.7621877433986,10356600
2024-11-27,565.94384765625,571.6907510420818,560.872986295341,571.6012998800768,7200200
2024-11-29,571.03466796875,575.1510000832634,563.6571303183109,565.7450932068846,7130500
2024-12-02,589.4387817382812,591.0992116485587,572.2775064388576,574.196458750282,12522400
2024-12-03,610.1396484375,610.6864900333547,587.8677630350062,591.5963112149323,14907200
2024-12-04,610.268798828125,614.2459161646224,601.6384008042504,609.4534824918237,14697000
2024-12-05,605.4466552734375,616.353933785045,603.5774048146206,613.5500580968196,8081200
2024-12-06,620.2017822265625,626.1873039273537,605.0489714012239,606.6099369109293,16935500
2024-12-09,610.06005859375,622.8166811211822,602.7023662786942,620.3508267816162,11426000
2024-12-10,615.7772216796875,622.0113739130567,609.234845211511,614.0272799520044,10938900
2024-12-11,629.060791015625,634.7481017123007,617.9746102226054,619.804050647096,10837200
2024-12-12,627.1815795898438,633.0179957315453,623.6221024715439,627.8875399219128,7474700
2024-12-13,616.8013916015625,627.4700541179118,613.3612226564097,623.632088329768,8453300
2024-12-16,621.1697387695312,628.0457867533739,615.5376035416824,626.8814975325155,10885600
2024-12-17,616.3932495117188,629.2596452404018,613.5074890422593,623.0901281665253,12897800
2024-12-18,594.2528076171875,624.2744037203172,593.387091448316,617.945699059959,17075500
2024-12-19,592.6406860351562,608.5122478337648,592.0734823017316,607.3878008993366,14958100
2024-12-20,582.3714599609375,600.143601343373,577.1472819775203,587.6752614717944,48989400
2024-12-23,596.899658203125,598.1336103729398,583.3665730831542,586.7000720639313,10205800
2024-12-24,604.7608032226562,604.9996130735921,596.3324917694366,599.7555139461255,4726100
2024-12-26,600.3825073242188,603.318010427164,595.9942238388753,602.5020361613814,6081400
2024-12-27,596.8599243164062,598.8898690255031,586.8991472446073,596.4618673609139,8084200
2024-12-30,588.3319702148438,594.0039468527602,582.6998357068834,585.8542270232425,7025900
2024-12-31,582.6301879882812,591.048538740922,580.9783186606066,589.3569487521584,6019500
2025-01-02,596.2926025390625,601.934697394125,584.9287893065956,586.8194076338101,12682300
2025-01-03,601.6561279296875,606.5021699414652,593.4765264756181,601.7854933825649,11436800
2025-01-06,627.1004028320312,627.8864953892827,602.641281410124,608.8207596792694,14560800
2025-01-07,614.8509521484375,628.9910220723464,605.2384303850833,628.5930258941997,12071500
2025-01-08,607.7161254882812,613.4080230721381,599.82513672869,610.382997271492,10085800
2025-01-10,612.8309326171875,626.811816790901,594.4020628949343,607.0296506844576,19256600
2025-01-13,605.3380737304688,605.9748798663779,595.5066615755659,604.1140819272282,10785000
2025-01-14,591.3272705078125,602.5119785361296,585.6552929558646,602.0940612489228,13598000
2025-01-15,614.0847778320312,619.3985405217896,603.5170156565779,607.2087904116609,15524300
2025-01-16,608.2933349609375,613.2190007447427,606.7111893194766,608.4923634164871,8355300
2025-01-17,609.7561645507812,621.8961113451103,600.7008856525179,620.9806532892833,17280600
2025-01-21,613.4280395507812,618.443229069153,606.0146693079478,614.7912965163201,11674000
2025-01-22,620.433349609375,630.5831936184607,616.3833603918935,620.2343211513619,12274000
2025-01-23,633.3196411132812,633.468866899262,618.0949061109532,624.2743234364817,9910200
2025-01-24,644.3053588867188,648.7931865048288,631.0807466276091,633.2699382382675,19065300
2025-01-27,656.6343994140625,660.6047649681485,622.0254349357211,623.5280177511174,28399200
2025-01-28,671.0133056640625,679.2227278037134,656.2263488394118,662.724260000907,20950100
2025-01-29,673.1627197265625,677.7002892439266,662.3959298804792,671.6800579089199,21377800
2025-01-30,683.6210327148438,707.294001197109,672.774619401076,693.3927409364592,29322900
2025-01-31,685.790283203125,701.8309926464267,682.2080139805101,687.6013388802664,19303900
2025-02-03,694.0296020507812,700.5374135449807,671.9288188867163,672.5855459885331,21415700
2025-02-04,700.7265014648438,704.2292080677055,688.2083581609453,699.0448111623289,13826300
2025-02-05,701.4031982421875,714.6079511816394,695.5720343457091,700.0896831751202,17778200
2025-02-06,708.4881591796875,715.364207246352,700.0399258686745,702.4082250040422,13080700
2025-02-07,711.005615234375,721.4440099000519,708.249220189881,713.2743693522815,16427100
2025-02-10,713.8715209960938,717.652818700605,707.8313687608933,715.0257888589608,12904300
2025-02-11,716.2597045898438,720.1007048878689,706.5476987131067,709.8115954275665,12998000
2025-02-12,721.8123168945312,723.5238281436095,709.0951445232752,711.7818770685368,12016500
2025-02-13,724.9766235351562,725.4144618537392,714.5083460221898,717.9712711727863,12569100
2025-02-14,733.0467529296875,737.2658892402018,722.0511132817282,722.5685751543255,16901200
2025-02-18,712.8464965820312,733.3750318437257,702.9653450286946,732.3799503893923,21938700
2025-02-19,700.30859375,703.5226878675882,691.9698051227019,700.6369269472729,17535500
2025-02-20,691.4224853515625,702.1593933249234,690.228375354197,693.8504867433877,12587400
2025-02-21,680.18798828125,700.4080528713276,679.0038387952945,693.1539301625503,15660400
2025-02-24,664.8438110351562,683.8896856241412,659.1917553729045,682.9045646514273,15677000
2025-02-25,654.26611328125,664.7144694629277,638.703023401866,662.6944247816905,20579700
2025-02-26,670.3864135742188,679.650619839028,654.7636219966097,656.4055307530449,14488700
2025-02-27,655.0025024414062,685.2629678985895,654.3358147754243,679.0934498337167,12500000
2025-02-28,664.9135131835938,666.3364725318584,639.4393887052988,654.8034504822056,17534200
2025-03-03,651.828125,677.8992724698688,647.638870751695,670.3664982200642,10843800
2025-03-04,636.8521118164062,646.5541557073593,620.5825548163266,642.3350201841677,21495200
2025-03-05,653.2412719726562,656.2563987573362,634.5237871228655,637.8473868134231,13770000
2025-03-06,624.8414916992188,647.3601899188754,621.0402732471497,644.8127838196035,13446500
2025-03-07,622.5827026367188,631.6678021460568,597.6559216844704,622.294150848658,21375700
2025-03-10,595.048828125,607.109212093194,583.9835257431913,605.0792675215534,21999900
2025-03-11,602.7308959960938,611.9055191678449,590.4117809661785,592.1232921602733,17401500
2025-03-12,616.5128173828125,630.2151118661235,606.3530113322171,626.8019889135747,15747000
2025-03-13,587.7349853515625,617.4481060645986,583.6252936627146,617.1993356753703,16480300
2025-03-14,605.1494140625,606.4043419789234,592.381172955088,600.3687854957838,12364500
2025-03-17,602.4603881835938,610.6272679434014,595.5881924170304,605.01006095703,15473900
2025-03-18,580.01123046875,597.8290917063831,572.34227369431,597.6298861819188,20297700
2025-03-19,581.7044067382812,589.9311027976759,572.4518964146898,581.9235510596104,20537500
2025-03-20,583.6365966796875,607.7390075399582,577.1727812993547,580.4096736870833,24336500
2025-03-21,593.84521484375,595.1299901540924,578.6069346961235,581.0669435562578,25015900
2025-03-24,616.3540649414062,620.0291850741187,609.7309218178737,612.4897086743648,15741300
2025-03-25,623.7840576171875,631.3235347184631,618.6747423038911,624.2322549021957,15312500
2025-03-26,608.5158081054688,624.2222248223229,604.163437823038,622.3697410659778,12609800
2025-03-27,600.1497192382812,611.7726353131792,597.67968012305,599.5720414465346,10436500
2025-03-28,574.4138793945312,599.3230186538527,571.605245739065,597.8888240380612,17602800
2025-03-31,574.0355224609375,576.3661119756351,551.0685259953154,561.2274014987903,21124700
2025-04-01,583.6365966796875,587.5308004666896,567.7011264631773,568.5377653967017,12836600
2025-04-02,581.5748901367188,590.2696609066593,571.0475136953103,572.5912500878843,13470800
2025-04-03,529.4758911132812,550.3314393515183,528.1612075786397,544.016982785148,34777500
2025-04-04,502.6943664550781,515.9108358048159,492.2068365877987,504.5767280238223,38589800
2025-04-07,514.1678466796875,537.1945936136326,479.9563819403582,483.14348777248983,36606100
2025-04-08,508.39129638671875,545.2221314563009,500.8318811641039,541.0589972717423,28034200
2025-04-09,583.4075317382812,585.5189766353849,500.0849095170737,507.21603593950647,39216600
2025-04-10,544.0867309570312,578.9555415344041,533.141064552052,573.1689763297147,28173500
2025-04-11,541.3777465820312,545.1923169106578,526.4581815568449,533.3502556297472,17642300
2025-04-14,529.3364868164062,555.5204964254532,526.1494412576809,553.926912857093,14130900
2025-04-15,519.4166259765625,535.7703838427552,515.4128199804695,529.9638803667925,15558700
2025-04-16,500.28411865234375,511.2995098605443,493.6310672206579,506.4591254364096,18735100
2025-04-17,499.4574890136719,505.25399323772916,496.00148267523775,503.212273262548,14593500
2025-04-21,482.705322265625,491.50966603004946,477.8649073178194,489.34840447960073,16166000
2025-04-22,498.2623291015625,504.8357168469179,484.3984562132767,489.8862436640875,17399400
2025-04-23,518.171630859375,533.1808567980303,514.4367556161823,526.3983257879518,18173900
2025-04-24,530.9996948242188,531.7466698835482,515.4127909372843,516.637810582109,13910000
2025-04-25,545.062744140625,547.6422639879924,534.0871710746434,544.5946081566364,17098900
2025-04-28,547.5228271484375,556.2375374162976,538.409766598872,553.3990561017924,15179000
2025-04-29,552.2039184570312,554.3253329246786,541.9255322333729,543.7979549633997,11835000
2025-04-30,546.7857666015625,546.8853389647652,527.3644142359332,536.2285429645594,29244000
2025-05-01,569.9022216796875,590.5585647326062,568.1990964565776,589.6920784232152,31159000
2025-05-02,594.6122436523438,601.9027294588711,575.9976178073379,581.1069334308099,24739300
2025-05-05,596.8531494140625,600.7772617327329,585.6783683283057,588.8355666226496,13887700
2025-05-06,584.9413452148438,593.6262086030198,584.2143087960085,590.1403242884969,10600700
2025-05-07,594.4030151367188,600.6477471780503,584.3038959778277,587.9790163444538,13139100
2025-05-08,595.5982055664062,608.8345844494372,594.2137969163823,603.8447803031055,14622800
2025-05-09,590.1004028320312,604.5219836999701,589.3235802814015,601.2850913628599,10427300
2025-05-12,636.8510131835938,637.8071631499196,618.5252614130806,628.3753263945498,21965100
2025-05-13,653.3842163085938,658.2544484118764,640.2374406337076,642.9364721174845,18570800
2025-05-14,656.7006225585938,659.9972700738914,651.6710026222435,658.5431975219208,12348200
2025-05-15,641.2831420898438,654.6589696292252,636.0045299274248,651.6412216753015,14341800
2025-05-16,637.7574462890625,637.8570186595293,623.6246741050281,635.3870402976211,18519000
2025-05-19,637.8471069335938,640.4067492915384,625.2680394833011,625.7162367689098,9592400
2025-05-20,634.530517578125,636.7714432087338,629.7100715967877,633.4449476478025,6743500
2025-05-21,632.9369506835938,644.0021281038256,627.6284302053292,629.2418916838421,11464600
2025-05-22,634.0026245117188,640.6556757699244,628.1662733645643,631.492768599171,8228400
2025-05-23,624.531005859375,629.8992820739184,620.1388185495641,621.4833495575277,8454100
2025-05-27,639.7293701171875,640.4863145733809,630.1979610255678,632.8472058332585,9508400
2025-05-28,640.984375,648.2549209907568,639.958499945528,640.0082861312126,9042900
2025-05-29,642.4484252929688,650.6850908623647,636.9208212538034,649.0218431897822,8858800
2025-05-30,644.8785400390625,646.7907792932219,630.227907169861,639.9086753837215,16241000
2025-06-02,668.1942749023438,670.5447423988156,641.6616998186762,641.7911803899141,15766300
2025-06-03,664.1604614257812,672.8552932556931,662.3478552754221,668.7419453527419,11585000
2025-06-04,685.1754150390625,686.2211680866209,665.8735723856402,666.6205475323237,14031900
2025-06-05,681.8588256835938,691.5794719470881,679.4983890924821,688.8704104821669,13083100
2025-06-06,694.8960571289062,699.9754637799698,689.0795839414949,693.3622292653906,11728000
2025-06-09,691.2607421875,702.3458579741853,691.1412310298801,695.6430205968694,12773200
2025-06-10,699.567138671875,700.3937473880201,688.7708312874433,698.5213248498013,10850100
2025-06-11,691.3403930664062,706.0109642368116,689.199040180601,700.871802415462,9582500
2025-06-12,690.5635375976562,692.575410020333,684.2292032313352,690.5037820202001,7322700
2025-06-13,680.1159057617188,691.768730540237,678.2634219344503,685.1754345871889,9274400
2025-06-16,699.8262939453125,704.839891030923,691.2444358848513,697.0454302800655,13720300
2025-06-17,694.9522705078125,703.6637089538638,693.7861096962511,699.7067073456836,10066100
2025-06-18,693.4970703125,699.2980647722242,692.6299173050131,695.8991705300261,10068300
2025-06-20,680.120849609375,699.5272759324512,676.4528788689065,698.4607641474819,22538600
2025-06-23,696.248046875,696.7663067524254,676.5326356722177,681.4564999402276,11080100
2025-06-24,709.8734130859375,710.860169242287,699.8163481052391,702.5872956643889,13823200
2025-06-25,706.3648681640625,714.2390846812559,703.0756608117819,710.9897247556078,9320400
2025-06-26,723.718017578125,725.84100327131,708.7271116959034,712.0262960706955,13964800
2025-06-27,731.2334594726562,733.0275672546455,723.4888222247378,724.1467002741234,18775700
2025-06-30,735.6788330078125,745.4567832484664,731.851350759088,742.1176905331245,15402100
2025-07-01,716.8704223632812,735.3399177465482,713.0330238804761,734.4727647300622,13431200
2025-07-02,711.2388916015625,717.946886332231,710.4713875973353,712.9931517050737,9336700
2025-07-03,716.6610717773438,726.6483568484324,712.0860401073405,724.2362189587787,8601700
2025-07-07,716.0032348632812,724.6250009558648,711.1790804792781,715.2556849998467,9457100
2025-07-08,718.315673828125,720.5483463866185,712.4748320749653,719.2127580119818,7770700
2025-07-09,730.3861694335938,735.1206520424314,720.3589752323313,720.3589752323313,11418000
2025-07-10,724.8642578125,733.3962917497249,717.2492014044612,729.1601755610233,9913600
2025-07-11,715.166015625,722.7909877576628,707.3815321195434,720.1397043336653,10873900
2025-07-14,718.5648193359375,725.6217068153527,714.2091004956787,715.2556580979717,8939400
2025-07-15,708.0692749023438,722.1032338104419,707.5011297082585,721.5351494521201,11529500
2025-07-16,700.6136474609375,711.6375132851348,696.985585155631,711.0394977501286,13067600
2025-07-17,699.1185913085938,703.5939743779064,694.8326508122145,702.0888975460598,11803300
2025-07-18,701.9793090820312,702.4078970710398,689.3905635084973,699.896109861645,12779800
2025-07-21,710.6408081054688,714.6576719200774,703.4544009949688,704.4909815749821,9404400
2025-07-22,702.5075073242188,714.258969568067,699.1185901916039,713.8503357336546,8921100
2025-07-23,711.2489013671875,712.2954590710364,702.6271347622425,704.062433018762,8771600
2025-07-24,712.4649047851562,721.256099225235,711.6675303636672,714.7075545657141,10920800
2025-07-25,710.3517456054688,718.2957401275581,709.5743254141869,714.5778842585692,8271700
2025-07-28,715.28564453125,722.3724029167645,710.3518030699777,712.8635901780652,8715700
2025-07-29,697.7132568359375,722.1032896273051,697.6235240780348,717.6479213169642,13267000
2025-07-30,692.9389038085938,706.1854660197899,688.9419939778502,705.7768321791035,27077300
2025-07-31,770.913330078125,782.1863801577031,763.0092430876867,772.667590247117,38831100
2025-08-01,747.5598754882812,763.497629588928,742.8752172910131,758.2448261685668,19028700
2025-08-04,773.8338012695312,774.3122137700193,755.9324499017634,757.5172825632864,15801700
2025-08-05,760.9658813476562,780.5716045689521,760.5073622166124,773.9134347006891,11640300
2025-08-06,769.468017578125,771.1126516160077,757.9757159507556,767.4845283360178,9733900
2025-08-07,759.3412475585938,772.4682063669705,757.0686667309535,770.9631295472946,9019700
2025-08-08,766.786865234375,767.3849416766147,756.101914160301,760.2582747146965,7320800
2025-08-11,763.3681030273438,770.9333352985195,762.1720109386977,767.5643719861222,7612000
2025-08-12,787.419189453125,791.077183084039,769.9065806861354,770.4747258826147,14563100
2025-08-13,777.5316162109375,792.8613769942957,775.6876233736197,788.5654595317508,8811800
2025-08-14,779.5748901367188,785.2363270315518,769.986322264654,775.3387743217048,8116200
2025-08-15,782.664794921875,793.6488143059948,778.269228256533,781.5883668624648,13375400
2025-08-18,764.8631591796875,773.2755899130946,754.0884756033142,772.5579712024165,16513700
2025-08-19,749.0250854492188,764.663832621222,746.9120158198551,764.6140081257292,12286700
2025-08-20,745.27734375,747.7492835360712,728.611993296026,745.1278702665168,11898200
2025-08-21,736.6854858398438,743.0646026719377,730.7150636889187,742.2772053426181,8876300
2025-08-22,752.32421875,754.4273720053774,731.9908982789533,736.81505282597,10612700
2025-08-25,750.8390502929688,756.40083816002,747.679423323267,752.3541041091971,6861200
2025-08-26,751.636474609375,752.4039786334924,745.4966249237331,748.3472672479323,7601800
2025-08-27,744.9384155273438,751.6863183207686,740.4132689939565,749.8423255190061,8315400
2025-08-28,748.6563110351562,750.5899760103364,738.3799934657852,741.5695520935569,7468000
2025-08-29,736.286865234375,744.69929631257,732.9477723395529,742.845387064901,9070500
2025-09-02,732.70849609375,733.5956032036421,719.3722015925617,723.6681190637612,9350900
2025-09-03,734.6422119140625,737.8317704037993,731.5922106765231,733.5956541941185,7699300
2025-09-04,746.204345703125,758.6734271200463,743.3835736708148,746.1245900119145,11439100
2025-09-05,749.9918823242188,755.4739147328357,742.596139272426,750.1613099282893,9663400
2025-09-08,749.8423461914062,764.0059463353695,749.5632925404257,753.5302710608411,13087800
2025-09-09,763.1985473632812,763.7965628893893,750.9686127504068,755.0153467057662,10999000
2025-09-10,749.5233764648438,763.1985869501963,748.5465974429485,762.6304417530438,12478300
2025-09-11,748.4469604492188,754.6266574243845,745.9251963321232,752.1847098305358,7923300
2025-09-12,753.1216430664062,755.095155276553,741.330272625368,746.2840072815898,8248600
2025-09-15,762.2018432617188,771.5412279036273,749.5333431691193,754.9954213012545,10533800
2025-09-16,776.4551391601562,778.8074148399552,762.6005237676653,764.494341124313,11782500
2025-09-17,773.1858520507812,780.7311297077449,763.8066193659058,777.4419223006557,9400900
2025-09-18,777.7011108398438,786.203274581819,770.8336042127465,778.1994774600552,10955000
2025-09-19,775.837158203125,788.2165669565625,766.6771780735046,783.8508708699721,23696800
2025-09-22,763.175048828125,783.6916948825968,762.4868363426395,779.8217552362186,11706900
2025-09-23,753.4404907226562,768.6010126974617,749.1217058463387,767.2545389947088,10872600
2025-09-24,758.6867065429688,759.1355513505183,750.5778529948334,755.5349308449814,8828200
2025-09-25,746.9672241210938,754.8068807440363,742.6185490172081,751.4954858581857,10591100
2025-09-26,741.8206787109375,749.9794521140951,735.4372562509625,748.0544659269957,9696300
2025-09-29,741.4716186523438,748.832479543402,737.2326433015477,746.7777648139662,9246800
2025-09-30,732.4749755859375,741.0426584785586,724.4159185837501,740.3245554260684,16226800
2025-10-01,715.4791870117188,719.9774365591268,708.3576941566364,719.618385039583,20419600
2025-10-02,725.1640014648438,725.8821654223162,716.2771410193245,720.7056259804448,11415300
2025-10-03,708.7167358398438,729.1037149276121,708.3377167266436,727.7372737109582,16154300
2025-10-06,713.8035278320312,715.0203947681905,688.718804278428,703.3607165744016,21654700
2025-10-07,711.230224609375,716.636147605649,703.9192222306009,715.8581417735932,12062900
2025-10-08,715.9779663085938,717.783268775081,705.9739546774089,711.5993392573523,10790600
2025-10-09,731.6072387695312,731.6072387695312,710.5918883665408,716.4167658258609,12717200
2025-10-10,703.4703979492188,733.3626856542741,702.6824691715568,729.0239332852144,16980100
2025-10-13,713.8433837890625,718.072374881022,705.8042950194317,711.1603595995662,9251800
2025-10-14,706.8117065429688,713.6937706407739,697.5158763660478,705.9439682909708,8829800
2025-10-15,715.6885986328125,722.0221626881838,707.6694770310874,715.1998794771447,10246800
2025-10-16,710.2228393554688,723.6080097298942,702.0540824517458,715.6886043056783,9017000
2025-10-17,715.0602416992188,716.6760344343375,704.2882698394852,705.2458014471516,12232400
2025-10-20,730.2706298828125,731.866515781436,718.3117433877071,719.3191330444083,8900200
2025-10-21,731.367919921875,736.5843338414116,726.859625303898,734.1107864324557,7647300
2025-10-22,731.5075073242188,738.6788588958609,722.1518950553793,731.9264616753367,8734500
2025-10-23,732.095947265625,740.4841042897723,731.1982575844598,732.7941435868839,9856000
2025-10-24,736.444580078125,739.2872233202683,729.2533227506186,734.8786455644157,9151300
2025-10-27,748.872314453125,753.7895182960361,746.069606274355,747.7851152228061,11321100
2025-10-28,749.4906616210938,756.4326283200122,743.5860359773924,750.677577029167,12193800
2025-10-29,749.7200317382812,757.1905917498632,740.5838210171188,752.7920587752158,26818600
2025-10-30,664.7410888671875,679.1935516668058,648.4833846789722,667.414190282622,88440100
2025-10-31,646.6681518554688,673.139345897249,643.8953948481166,672.7603267493847,56953200
2025-11-03,636.0557250976562,657.619635334369,634.5296648817072,654.298256711345,33003600
2025-11-04,625.6926879882812,640.0752642850032,624.3860886703497,626.410791028598,27356600
2025-11-05,634.30029296875,640.5639703518489,624.9146693781357,630.6697208898194,20219900
2025-11-06,617.3344116210938,634.3501538797125,616.3968476378337,634.2005186436334,23628800
2025-11-07,620.0972900390625,620.516183502649,599.6404837711106,614.8907991985972,29946800
2025-11-10,630.1212158203125,633.3528014765299,616.5065997528014,629.4529708548182,19245000
2025-11-11,625.4533081054688,627.9268552540688,617.7832543081277,626.3709044869131,13302200
2025-11-12,607.43017578125,627.3583261459861,606.1934022078184,626.5005716840028,24493300
2025-11-13,608.3079223632812,616.0478021853295,601.4357808374693,611.4796659420805,20973800
2025-11-14,607.8790283203125,612.088052043071,593.6560102918138,600.2288811530552,20724100
2025-11-17,600.4483642578125,610.1032465254069,593.855525554584,607.4600964135232,16501300
2025-11-18,596.1395874023438,602.0940719298206,582.2656968950795,590.065358149623,25500600
2025-11-19,588.7886962890625,593.7857099116716,579.7422168855177,592.1798400423816,24744700
2025-11-20,587.6217041015625,605.1460720070379,581.8367012414765,601.9344542639864,20603000
2025-11-21,592.70849609375,596.5684523172222,580.3506215479276,586.9734117815261,21052600
2025-11-24,611.4596557617188,615.1002115339802,596.0796743085915,597.1668126146857,23554900
2025-11-25,634.5695190429688,635.3973829418613,616.6960233021972,622.3812488080194,25213000
2025-11-26,631.9663696289062,636.7040478933542,629.9915253276793,636.0358029520913,15209500
2025-11-28,646.2691650390625,646.3688812783262,633.8514494094911,634.4299618769652,11033200
2025-12-01,639.2074584960938,643.6459265392308,636.1055410281542,637.8908755177382,13029900
2025-12-02,645.4213256835938,646.1893476978298,636.4147821721649,640.6737247939117,11640900
2025-12-03,637.9407958984375,647.1668005690203,635.8961259576193,642.7383158920676,11134300
2025-12-04,659.81396484375,674.3461154685141,658.3377626918029,674.2463992276428,29874600
2025-12-05,671.673095703125,672.9398207362489,660.6717397649775,662.2775487290173,21207900
2025-12-08,665.0702514648438,674.9545781663558,663.344758713728,667.603701448277,13161000
2025-12-09,655.2557983398438,662.7562492699393,651.6451938720459,662.0481300460407,12997100
2025-12-10,648.4435424804688,652.812185461044,641.7310198416047,648.2640167126568,16910900
2025-12-11,651.016845703125,653.5801862453618,639.1377070000864,641.6212380225077,13056700
2025-12-12,642.5587158203125,709.1555202318053,636.9533001226623,648.1142734035774,14016900
2025-12-15,646.3570556640625,651.8372704406642,637.5627451568915,644.5502809809109,15549100
2025-12-16,655.9798583984375,661.3602142938313,642.054686531657,642.3541401459643,14309100
2025-12-17,648.343505859375,660.0526000253047,648.0440522221027,654.4426118233187,15598500
2025-12-18,663.2669067382812,669.366012780715,655.2911433094866,655.8601356908653,20260300
2025-12-19,657.5969848632812,669.8051880946751,657.0080086354003,665.2333263832898,49977100
2025-12-22,660.3220825195312,672.380589007267,655.4807431709672,660.4718397886508,15659400
2025-12-23,663.7559814453125,664.8140915262984,657.0778915122911,658.8746741689592,8486800
2025-12-24,666.3613891601562,666.9902722948509,661.0209394131572,661.3503688947783,5627500
2025-12-26,662.10888671875,667.7588423243637,660.1424238558649,666.8704124858896,7133800
2025-12-29,657.5171508789062,659.0743707339258,653.2248195668056,656.8383689858442,8506500
2025-12-30,664.7642211914062,671.0230153954109,656.6686764849229,657.5171386037911,9187500
2025-12-31,658.9146728515625,663.8159033150052,658.2658058687088,663.5663484641349,7940400
2026-01-02,649.2518920898438,663.2070415689074,642.3542224297569,661.5499631466852,13726500
2026-01-05,657.616943359375,663.3567049684374,646.5966230035071,649.8508280292294,12213700
2026-01-06,659.4437255859375,664.3350252422523,650.7392812609531,658.3956073528642,11074400
2026-01-07,647.5349731445312,657.9763704555172,643.6618768302103,654.4726104611178,12846300
2026-01-08,644.9096069335938,645.9477331499952,634.5879917891143,644.7299347572825,11921700
2026-01-09,651.8970947265625,653.7837438291153,641.7052537227476,644.2906685217797,11634900
2026-01-12,640.826904296875,652.8055375702352,640.0882316599212,651.3681600668523,14797200
2026-01-13,629.96630859375,641.1263941859123,622.9887038024194,641.1263941859123,18030400
2026-01-14,614.4240112304688,627.3309804807691,613.7252454803604,625.3844405077801,15527900
2026-01-15,619.694580078125,623.0585745209008,613.1362714280776,617.378703801015,13076100
2026-01-16,619.1455688476562,627.9598630097294,618.9758886129073,623.0685636897582,17012500
2026-01-20,603.0443115234375,610.3113781504126,598.9316523845154,606.7976262932837,15169600
2026-01-21,611.8685913085938,617.169133937088,599.0115204374271,605.659634898437,14494700
2026-01-22,646.476806640625,659.3937675491238,625.4343255489129,628.2293275614567,21394700
2026-01-23,657.5870361328125,665.3032527677875,643.3025186421843,643.6219561683764,22797700
2026-01-26,671.1627807617188,674.0776252750454,660.1124846991261,663.9456740004919,16327400
2026-01-27,671.7716674804688,675.6148486525956,663.4764668627315,673.3888389297905,13297400
2026-01-28,667.5392456054688,676.4733214975852,664.9139236867763,673.2989910894674,25709600
2026-01-29,736.995361328125,742.6752321400184,711.2812198864386,736.1169233837337,59852900
2026-01-30,715.2241821289062,730.8662626744616,712.3193905555435,726.2045952530067,23744600
2026-02-02,705.152099609375,720.0156002559207,702.2672920108814,713.3275184694113,14365200
2026-02-03,690.4683227539062,715.7232596178901,685.1877035052055,706.1104025957663,13760700
2026-02-04,667.7987670898438,687.603466213174,666.2715231343633,686.5053883494637,16882800
2026-02-05,669.0166015625,680.2864759062725,652.3363345630947,662.3984025060512,17131800
2026-02-06,660.2822265625,670.7934451675868,645.3488423980709,664.3050190645899,18159300
2026-02-09,676.0140991210938,682.0932819515241,657.6069922476072,661.9991209626965,14837500
2026-02-10,669.5256958007812,679.4380681924739,668.597359057372,676.3934502400131,10455800
2026-02-11,667.4993286132812,678.0605068549233,655.9299390360635,672.7998711552045,14323800
2026-02-12,648.6529541015625,674.7963229561075,644.1310518439949,668.7770306530766,14960100
2026-02-13,638.630859375,650.2700710327099,633.4401061931457,643.9513250294082,12336400
2026-02-17,638.151611328125,641.4557148619026,627.6803003409905,638.3612593202278,12674700
2026-02-18,642.0746459960938,643.8515057528024,627.0315334227189,632.67143641335,14649200
2026-02-19,643.6318969726562,646.0375787806976,635.5861905818066,637.432932921519,10035700
2026-02-20,654.4924926757812,662.1688021543367,637.6426055733327,638.5509584025834,14183500
2026-02-23,636.1152954101562,656.5288937722072,634.8675211939732,651.3780476889771,8605900
2026-02-24,638.16162109375,639.9683956881865,627.8599900449855,631.9527259539814,10135600
2026-02-25,652.5260620117188,652.7157261405878,640.9966397738364,641.3859599741169,11330700
2026-02-26,655.8401489257812,659.823034651462,646.3470725216666,649.3916295582877,10637700
2026-02-27,647.02587890625,648.2836451675449,636.983793627941,642.3043203814821,15703000
2026-03-02,652.396240234375,658.764884603327,633.3701817354564,636.0254184162494,9816100
2026-03-03,653.91357421875,657.866484005116,637.7025010942567,647.1356255764312,12263800
2026-03-04,666.541015625,671.5720803574089,656.4989309709863,656.788453587829,10810100
2026-03-05,659.393798828125,669.5057662619517,649.1520579976961,660.751362594833,13341400
2026-03-06,643.7117309570312,648.3135076492586,634.9773114336934,646.7463568472266,13159400
2026-03-09,646.2373046875,646.596649067328,625.6640164348609,633.6497720389343,13489700
2026-03-10,652.9053344726562,659.1242214972237,647.8443550809549,652.3962328583322,9859300
2026-03-11,653.6939086914062,657.9463328691638,647.2054829186618,653.5941111270305,8977200
2026-03-12,637.0436401367188,652.336368433984,635.7659510050273,647.5948263527883,11617500
2026-03-13,612.6171875,628.0496188589474,608.4645611002024,622.7790526456299,18957600
2026-03-16,626.8690185546875,634.1622468505053,622.5230098937741,631.4147932406764,15134900
2026-03-17,622.0834350585938,635.9605885584036,621.1243629754691,627.4085169382369,10348800
2026-03-18,615.1099243164062,622.0735023862151,614.04090772979,615.769347359454,11726300
2026-03-19,606.1382446289062,612.4323990135786,601.7023533616688,611.5832104537112,13247700
2026-03-20,593.1102905273438,603.400802317344,586.7062525156723,602.9712077810872,21214900
2026-03-23,603.5006713867188,608.0764476338709,598.4553596033379,605.2290499891692,13638000
2026-03-24,592.3709716796875,600.443507118967,590.4527665679026,598.5452420228083,10739700
2026-03-25,594.3391723632812,603.1110107561809,592.850561795072,598.1855830392399,12585000
2026-03-26,547.032958984375,582.460145169462,542.8468364624507,581.9506076701073,35780100
2026-03-27,525.233154296875,543.0966023049141,519.7782492802263,539.599843303006,30133000
2026-03-30,535.8833618164062,539.0504095872608,528.0505941707193,535.8833618164062,22795200
2026-03-31,571.6002197265625,573.1587727471259,546.2637174010383,549.4707059552647,32898300
2026-04-01,578.6936645507812,592.0013387220274,573.2887005646345,579.5928556215499,23608100
2026-04-02,573.9281005859375,577.9643377947169,559.1817578546791,565.5158531822124,13518500
2026-04-06,572.4894409179688,582.2503530791108,571.4703658572956,577.1550997330287,9515700
2026-04-07,574.5175170898438,574.6973431004155,564.2370671243236,571.9498894780604,9580800
2026-04-08,611.8529052734375,629.3667024291958,591.2820049792073,605.4388670235439,32036600
2026-04-09,627.8081665039062,636.9097166035551,622.4231426572783,626.3894374266143,19012900
2026-04-10,629.2767333984375,637.9886903650855,623.7518859014353,633.882449891805,13294800
2026-04-13,633.9425048828125,634.4120404303904,623.8218795800174,628.9171329935918,9538900
2026-04-14,661.8765258789062,665.6430543798978,638.7779398291946,642.624350345733,17818000
2026-04-15,670.9581909179688,677.8717665104965,663.6049593103575,666.3824145357423,14952600
2026-04-16,676.2432250976562,676.9525896021297,667.131674939706,675.3640350842893,9544800
2026-04-17,687.9124145507812,690.8796961433965,674.5048580761284,677.9716157075654,16283500
2026-04-20,670.2887573242188,682.7472426832454,667.381478611767,680.7290935491282,12534000
2026-04-21,668.220703125,675.5738733736962,666.7120915784461,670.3786762058809,8660100
2026-04-22,674.09521484375,677.7518600207422,669.1298460769134,673.7355628200382,9215600
2026-04-23,658.5396728515625,668.9400066983026,652.4452846667049,663.0854475032797,11667000
2026-04-24,674.4049682617188,680.0396994180859,653.2345872360809,659.7085674039201,13348300
2026-04-27,677.9916381835938,681.8680504402118,670.2188736545023,670.3786986745525,12805200
2026-04-28,670.7183837890625,677.5520159823654,665.0136491453696,673.6156618787633,10606800
2026-04-29,668.5004272460938,673.6256820299297,663.1953464496755,668.290599742094,18947500
2026-04-30,611.3433837890625,620.2751083620838,599.4444385151393,618.7465567527638,52765000
2026-05-01,608.1863403320312,618.3069655430758,605.548770151405,614.120842749119,21404000
2026-05-04,609.8447875976562,613.4314904063681,602.1919069095087,607.3771038685389,16203900
2026-05-05,604.3998413085938,613.7811000159977,599.8040642277598,612.7420849871345,17171300
2026-05-06,612.3125,619.3759607512419,597.5461564796674,600.4934370812971,19915500
2026-05-07,616.2388305664062,624.4012480600104,612.9718390781961,614.150739078972,12307400
2026-05-08,609.0654907226562,616.1988937552933,605.4987892063378,614.6303402495529,13557000
2026-05-11,598.3054809570312,604.3498668649182,597.5262348938886,604.010215830275,15940600
2026-05-12,602.441650390625,603.1909559259367,592.0512559095129,594.2692320029287,11351600
2026-05-13,616.0590209960938,619.3260125714435,596.1074810052941,598.275515544453,14634400
2026-05-14,617.8573608398438,623.152441138389,614.4305441468357,615.429618202359,10651200
2026-05-15,613.6612548828125,620.6248329546977,608.7458274653094,613.421486859321,13272600
2026-05-18,610.64404296875,615.0199919776213,603.1309869574205,608.5459509764945,13772400
2026-05-19,602.052001953125,613.361527578881,599.9939118379299,608.3561568042173,11749900
2026-05-20,604.499755859375,607.4370360716302,597.2564688338498,600.2037495434126,11329700
2026-05-21,606.8175659179688,609.0354809096541,594.2591985256718,599.4443949814065,13476100
2026-05-22,609.6949462890625,614.2407210713809,606.3880135859368,607.3171451453314,11688600
2026-05-26,611.7730102539062,613.9009818092591,604.7394901495815,608.3261927003538,12234200
2026-05-27,634.6718139648438,637.908804248614,608.4361186960156,608.8357727220844,23143600
2026-05-28,634.7017211914062,642.4046039468743,628.7272779804616,638.9078448274123,16772400
2026-05-29,631.92431640625,633.9124639439917,622.7727642602187,632.9133899267435,19806500
2026-06-01,599.9139404296875,635.1613007084701,598.974869401479,629.8162791560948,29138800
2026-06-02,597.0765991210938,608.3161816139932,596.1274666259658,602.68138962268,18252000
2026-06-03,622.4031372070312,623.5720977596394,599.7142043737263,602.4416570391962,23020100
2026-06-04,626.9888916015625,641.8051764288737,621.8536364911718,623.0924785224576,21469200
2026-06-05,592.450927734375,628.567480013855,582.3702434655938,622.8827460758752,30091600
2026-06-08,584.8479614257812,591.4518261333767,578.6836307521693,591.4518261333767,19512400
2026-06-09,584.0487060546875,597.0766092757164,580.4720040020986,590.4527436689563,16977400
2026-06-10,570.4512939453125,590.7724873942649,570.0716409197756,580.192266144374,17064000
2026-06-11,567.9036254882812,571.6401524850257,556.4942175026772,565.3060574843756,17628000
2026-06-12,566.4549560546875,575.5365655300229,560.3806300495169,572.4194595335534,14326400
2026-06-15,593.47998046875,601.27001953125,579.2999877929688,579.9000244140625,17653300
2026-06-16,600.2100219726562,605.8099975585938,592.0,593.6500244140625,11344400
2026-06-17,567.5800170898438,593.8099975585938,566.1900024414062,592.0,20478300
2026-06-18,577.219970703125,580.219970703125,563.0999755859375,572.8200073242188,28824600
2026-06-22,563.8499755859375,575.8099975585938,559.8099975585938,572.02001953125,15405500
2026-06-23,562.2000122070312,572.2000122070312,561.02001953125,562.25,13103300
2026-06-24,557.6699829101562,569.0399780273438,555.5499877929688,561.8900146484375,13963600
2026-06-25,542.8699951171875,556.3400268554688,540.1799926757812,555.5499877929688,16968600
2026-06-26,550.25,556.8499755859375,540.4000244140625,543.3400268554688,18867700
2026-06-29,562.5999755859375,570.9000244140625,558.0,560.0,15011400
2026-06-30,563.2899780273438,565.5399780273438,551.4299926757812,560.9400024414062,18111100
